{
  "objective": "binary",
  "metric": "binary_logloss",
  "boosting_type": "gbdt",
  "learning_rate": 0.01,
  "num_leaves": 63,
  "max_depth": 10,
  "min_child_samples": 15,
  "feature_fraction": 0.9,
  "bagging_fraction": 0.9,
  "bagging_freq": 5,
  "scale_pos_weight": 43.21688500727802,
  "lambda_l2": 0.5,
  "verbose": -1,
  "seed": 42,
  "best_iteration": 105,
  "best_val_loss": 0.10595301347810343,
  "best_threshold": 0.22,
  "best_threshold_calibrated": 0.22,
  "default_threshold": 0.5,
  "raw_default_val_metrics": {
    "accuracy": 0.9745007680491552,
    "precision": 0.717391304347826,
    "recall": 0.43805309734513276,
    "f1": 0.543956043956044,
    "auc_roc": 0.8671918568298193
  },
  "calibrated_default_val_metrics": {
    "accuracy": 0.976036866359447,
    "precision": 0.7734375,
    "recall": 0.43805309734513276,
    "f1": 0.559322033898305,
    "auc_roc": 0.8801521492989641
  },
  "calibration_method": "isotonic",
  "calibration_model": {
    "method": "isotonic",
    "out_of_bounds": "clip",
    "x_thresholds": [
      0.008191475021531447,
      0.009227961838419611,
      0.009239096672116724,
      0.013788315663008907,
      0.013801006990598809,
      0.028124924337735203,
      0.028151541587738672,
      0.033947609745643384,
      0.03419807556741419,
      0.059079468568687066,
      0.059955317893519995,
      0.18509539649329548,
      0.18526653874172375,
      0.3157918059113694,
      0.31633710511646157,
      0.32328596637162943,
      0.32457837346065027,
      0.565553129550275,
      0.5718554002836405,
      0.6560639272140815,
      0.6565427702681704,
      0.6566558853945947,
      0.6590108780232992,
      0.6594788608901131,
      0.6599413093325274
    ],
    "y_thresholds": [
      0.0,
      0.0,
      0.004905968928863451,
      0.004905968928863451,
      0.013537906137184115,
      0.013537906137184115,
      0.02030456852791878,
      0.02030456852791878,
      0.04121863799283154,
      0.04121863799283154,
      0.05057471264367816,
      0.05057471264367816,
      0.061946902654867256,
      0.061946902654867256,
      0.2,
      0.2,
      0.32558139534883723,
      0.32558139534883723,
      0.5405405405405406,
      0.5405405405405406,
      0.6666666666666666,
      0.7857142857142857,
      0.7857142857142857,
      0.9565217391304348,
      0.9565217391304348
    ]
  },
  "val_metrics": {
    "accuracy": 0.9737327188940093,
    "precision": 0.6608187134502924,
    "recall": 0.5,
    "f1": 0.5692695214105793,
    "auc_roc": 0.8801521492989641
  },
  "val_confusion": {
    "tp": 113,
    "tn": 6226,
    "fp": 58,
    "fn": 113
  }
}