id_candidato,t_inicio,t_fin,duracion_min,delta_w_total,peso_inicio_g,peso_fin_g,peso_max_g,peso_min_g,rango_g,n_lecturas,direction,hora_inicio_stgo,fecha_inicio_stgo,etiqueta_audit_ref,monotonicity,r2_lineal,zcr,sim_alimentacion,sim_servido,d1_mean,d1_std,d1_max,d1_min,d1_energy,d1_rms,d2_mean,d2_std,d2_max,d2_min,d2_energy,d2_rms,d3_mean,d3_std,d3_max,d3_min,d3_energy,d3_rms,d1_n_sign_changes,d2_n_sign_changes,d1_frac_pos,d1_frac_neg,curvature_mean,curvature_max,curvature_min,curvature_std,curvature_integral,arc_length,arc_length_per_min,arc_vs_displacement,arc_per_n,tortuosity,straightness,energy_signal,energy_d1,energy_d2,rms_signal,rms_d1,energy_ratio_d1_signal,entropy_shannon,entropy_permutation,entropy_sample,fractal_higuchi,fractal_katz,lempel_ziv,freq_dominant_hz,freq_centroid_hz,power_ratio_low,autocorr_lag1,autocorr_lag3,autocorr_lag5,spectral_entropy,stat_median,stat_mad,stat_iqr,stat_skewness,stat_kurtosis,stat_trimmed_mean,stat_cv,n_maxima,n_minima,n_plateaus,peak_prominence_mean,peak_width_mean,peak_density,peak_height_max,valley_depth_min,tpl_ramp_down,tpl_exp_decay,tpl_alim_lenta,tpl_alim_escalonada,tpl_ramp_up,tpl_exp_rise,tpl_sigmoide,tpl_serv_brusco,tpl_plateau,tpl_triangular,tpl_parabola_down,tpl_doble_rampa,time_to_max_s,time_to_min_s,time_to_25pct_s,time_to_50pct_s,time_to_75pct_s,rise_time_s,fall_time_s,settling_time_s,overshoot_g,undershoot_g,initial_slope_g_min,final_slope_g_min,idx_arc_per_delta,idx_energy_per_min,idx_complexity,idx_linearity,idx_template_max,idx_shape_noise,id_ciclo,horas_desde_servido,fraccion_ciclo,horas_hasta_fin_ciclo
0,2026-05-25T03:01:00+00:00,2026-05-25T03:06:30+00:00,5.5,-5.0,523.0,518.0,523.0,518.0,5.0,12,bajada,23:01,2026-05-24,,-0.1818,0.4101,0.0909,0.9121,-0.9121,-0.0152,0.0329,0.0,-0.1,0.0144,0.0362,0.0002,0.0011,0.0033,-0.0011,0.0,0.0011,0.0,0.0001,0.0001,-0.0001,0.0,0.0001,1,2,0.0,0.1818,0.000254,0.001384,0.0,0.00043,0.083,330.216,60.039,66.043,27.518,1.0005,0.9995,3228210.0,0.0144,0.0,518.669,0.0362,0.0,0.8167,0.3567,0.2877,0.8115,1.0,1.7925,0.002778,0.006387,0.6263,0.4778,-0.062,-0.1329,2.1834,518.0,0.0,0.0,2.0563,2.6106,518.3,0.003,0,0,1,0.0,0.0,0.0,523.0,518.0,0.9121,0.9771,0.9726,0.8999,-0.9121,-0.9771,-0.876,-0.9946,0.0,0.8794,0.9163,0.7424,0.0,60.0,30.0,30.0,60.0,60.0,60.0,60.0,0.0,5.0,-4.0,0.0,66.0432,0.0026,0.2335,0.0746,0.9946,1.4546,,,,
1,2026-05-25T05:31:00+00:00,2026-05-25T05:36:00+00:00,5.0,-4.0,518.0,514.0,518.0,514.0,4.0,11,bajada,01:31,2026-05-25,,-0.1,0.25,0.1,0.8864,-0.8864,-0.0133,0.04,0.0,-0.1333,0.0178,0.0422,0.0005,0.0014,0.0044,0.0,0.0,0.0015,-0.0,0.0,0.0,-0.0001,0.0,0.0001,1,1,0.0,0.1,0.000498,0.002207,0.0,0.000856,0.132,300.265,60.053,75.066,27.297,1.0008,0.9992,2910284.0,0.0178,0.0,514.365,0.0422,0.0,0.4395,0.1947,0.2877,1.0,1.0,1.887,0.00303,0.009091,0.4,-0.01,-0.0375,-0.0833,2.3219,514.0,0.0,0.0,2.846,6.1,514.0,0.0022,0,0,1,0.0,0.0,0.0,518.0,514.0,0.8864,0.958,0.9581,0.8696,-0.8864,-0.958,-0.8472,-0.9878,0.0,0.8575,0.9038,0.7483,0.0,30.0,0.0,0.0,30.0,30.0,30.0,30.0,0.0,4.0,-8.0,-0.0,75.0662,0.0036,0.2877,0.025,0.9878,1.887,,,,
2,2026-05-25T12:15:30+00:00,2026-05-25T12:26:30+00:00,11.0,-9.0,512.0,503.0,512.0,503.0,9.0,23,bajada,08:15,2026-05-25,,-0.0909,0.3187,0.0909,0.9045,-0.9045,-0.0136,0.0434,0.0,-0.1667,0.0456,0.0455,0.0,0.0016,0.0044,-0.0056,0.0001,0.0016,0.0,0.0001,0.0002,-0.0001,0.0,0.0001,2,2,0.0,0.0909,0.000396,0.002778,0.0,0.000877,0.2318,660.679,60.062,73.409,28.725,1.0009,0.9991,5841517.0,0.0456,0.0001,503.963,0.0455,0.0,0.6784,0.3165,0.1178,0.4841,1.0,1.5734,0.001449,0.004382,0.8933,0.6904,-0.0201,-0.0372,2.7096,503.0,0.0,0.0,2.5644,4.9116,503.211,0.0052,0,0,1,0.0,0.0,0.0,512.0,503.0,0.9045,0.9707,0.9669,0.9022,-0.9045,-0.9707,-0.8646,-0.989,0.0,0.8855,0.9274,0.7562,0.0,90.0,0.0,60.0,60.0,90.0,90.0,90.0,0.0,9.0,-6.4,0.0,73.4088,0.0041,0.057,0.029,0.989,0.7617,,,,
3,2026-05-25T12:42:30+00:00,2026-05-25T12:54:00+00:00,11.5,-16.0,503.0,487.0,503.0,487.0,16.0,24,bajada,08:42,2026-05-25,,-0.087,0.3183,0.087,0.9048,-0.9048,-0.0232,0.0758,0.0,-0.3,0.1444,0.0792,0.0,0.0027,0.01,-0.0078,0.0002,0.0027,0.0,0.0001,0.0004,-0.0003,0.0,0.0001,2,2,0.0,0.087,0.000648,0.004355,0.0,0.001429,0.408,692.127,60.185,43.258,28.839,1.0028,0.9972,5732583.0,0.1444,0.0002,488.731,0.0792,0.0,0.6584,0.3059,0.1112,0.4182,1.0,1.5283,0.001389,0.004333,0.8872,0.7071,-0.0191,-0.0352,2.7546,487.0,0.0,0.0,2.5075,4.5859,487.45,0.0096,0,0,1,0.0,0.0,0.0,503.0,487.0,0.9048,0.9707,0.9668,0.9076,-0.9048,-0.9707,-0.8648,-0.9853,0.0,0.8869,0.9278,0.7403,0.0,90.0,60.0,60.0,90.0,90.0,90.0,90.0,0.0,16.0,-11.0,0.0,43.2579,0.0126,0.0465,0.0277,0.9853,0.6391,,,,
4,2026-05-25T13:53:00+00:00,2026-05-25T14:04:00+00:00,11.0,-10.0,487.0,477.0,487.0,477.0,10.0,23,bajada,09:53,2026-05-25,,-0.0455,0.3371,0.1818,0.9072,-0.9072,-0.0152,0.077,0.1333,-0.3,0.1356,0.0785,0.0,0.0046,0.0144,-0.01,0.0004,0.0046,0.0,0.0003,0.0008,-0.0008,0.0,0.0003,4,4,0.0455,0.0909,0.000444,0.005,0.0,0.001125,0.2312,662.0,60.182,66.2,28.783,1.0029,0.9971,5258197.0,0.1356,0.0004,478.139,0.0785,0.0,0.9274,0.3454,0.1252,0.7772,0.8421,1.5734,0.001449,0.005401,0.732,0.5085,0.237,-0.0415,3.0031,477.0,0.0,0.0,2.4808,4.5167,477.316,0.0061,0,0,1,0.0,0.0,0.0,487.0,477.0,0.9072,0.9712,0.9676,0.8979,-0.9072,-0.9712,-0.8686,-0.9881,0.0,0.8849,0.9252,0.7609,0.0,120.0,0.0,90.0,60.0,60.0,60.0,120.0,0.0,10.0,-4.8,-0.0,66.2,0.0123,0.0973,0.0153,0.9881,1.2228,,,,
5,2026-05-25T14:42:30+00:00,2026-05-25T14:53:30+00:00,11.0,-7.0,477.0,470.0,477.0,470.0,7.0,23,bajada,10:42,2026-05-25,,-0.0909,0.3522,0.1818,0.9091,-0.9091,-0.0106,0.0368,0.0,-0.1667,0.0322,0.0383,0.0,0.0018,0.0056,-0.0056,0.0001,0.0018,0.0,0.0001,0.0004,-0.0003,0.0,0.0001,4,4,0.0,0.0909,0.000301,0.002778,0.0,0.000643,0.1659,660.48,60.044,94.354,28.717,1.0007,0.9993,5097726.0,0.0322,0.0001,470.787,0.0383,0.0,0.8405,0.3454,0.1252,0.4399,1.0,1.5734,0.001449,0.004535,0.8435,0.6572,0.1326,-0.0426,2.7877,470.0,0.0,0.0,2.5862,5.1678,470.211,0.0042,0,0,1,0.0,0.0,0.0,477.0,470.0,0.9091,0.9739,0.9701,0.903,-0.9091,-0.9739,-0.8699,-0.9915,0.0,0.8878,0.9287,0.7616,0.0,120.0,0.0,60.0,60.0,120.0,120.0,120.0,0.0,7.0,-4.0,0.0,94.3543,0.0029,0.0551,0.032,0.9915,0.6921,,,,
6,2026-05-25T17:58:30+00:00,2026-05-25T18:09:00+00:00,10.5,-7.0,468.0,461.0,468.0,461.0,7.0,22,bajada,13:58,2026-05-25,,-0.1429,0.3041,0.0476,0.9001,-0.9001,-0.0111,0.0279,0.0,-0.1,0.0189,0.03,0.0002,0.0005,0.0022,0.0,0.0,0.0006,-0.0,0.0,0.0001,-0.0001,0.0,0.0,1,3,0.0,0.1429,0.000163,0.001109,0.0,0.000319,0.0995,630.283,60.027,90.04,28.649,1.0004,0.9996,4687517.0,0.0189,0.0,461.594,0.03,0.0,0.7908,0.2892,0.1252,0.6592,1.0,1.6216,0.001515,0.00559,0.7976,0.5485,-0.0198,-0.0368,3.0172,461.0,0.0,0.0,2.9477,7.6995,461.111,0.0036,0,0,1,0.0,0.0,0.0,468.0,461.0,0.9001,0.9686,0.9677,0.8977,-0.9001,-0.9686,-0.8592,-0.9855,0.0,0.884,0.9269,0.7427,0.0,90.0,30.0,30.0,60.0,90.0,90.0,90.0,0.0,7.0,-4.6,-0.0,90.0404,0.0018,0.0825,0.0435,0.9855,1.069,,,,
7,2026-05-25T22:33:30+00:00,2026-05-25T22:44:30+00:00,11.0,-6.0,454.0,448.0,454.0,448.0,6.0,23,bajada,18:33,2026-05-25,,-0.0455,0.2386,0.0909,0.8927,-0.8927,-0.0091,0.0417,0.0,-0.2,0.04,0.0426,0.0,0.0021,0.0067,-0.0067,0.0001,0.0021,0.0,0.0001,0.0004,-0.0002,0.0,0.0001,2,2,0.0,0.0455,0.00036,0.003333,0.0,0.000842,0.1985,660.594,60.054,110.099,28.721,1.0009,0.9991,4627016.0,0.04,0.0001,448.525,0.0426,0.0,0.4262,0.2124,0.1112,0.6381,1.0,1.5734,0.001449,0.005405,0.7775,0.5184,-0.0143,-0.0265,3.0029,448.0,0.0,0.0,2.9318,6.5952,448.0,0.0038,0,0,1,0.0,0.0,0.0,454.0,448.0,0.8927,0.9612,0.9595,0.8872,-0.8927,-0.9612,-0.8514,-0.9801,0.0,0.8773,0.9214,0.7436,0.0,60.0,0.0,0.0,60.0,60.0,60.0,60.0,0.0,6.0,-4.8,0.0,110.099,0.0036,0.071,0.0109,0.9801,1.004,,,,
8,2026-05-25T23:38:00+00:00,2026-05-25T23:48:30+00:00,10.5,-6.0,448.0,442.0,448.0,442.0,6.0,22,bajada,19:38,2026-05-25,,-0.0952,0.2288,0.0476,0.8902,-0.8902,-0.0095,0.0294,0.0,-0.1,0.02,0.0309,0.0002,0.0007,0.0033,0.0,0.0,0.0007,0.0,0.0,0.0001,-0.0001,0.0,0.0,1,2,0.0,0.0952,0.000151,0.00166,0.0,0.000406,0.0994,630.299,60.029,105.05,28.65,1.0004,0.9996,4306009.0,0.02,0.0,442.411,0.0309,0.0,0.5304,0.2201,0.1178,0.8379,1.0,1.6216,0.001515,0.006217,0.7265,0.421,-0.0141,-0.0262,3.1729,442.0,0.0,0.0,3.3693,10.1792,442.0,0.0031,0,0,1,0.0,0.0,0.0,448.0,442.0,0.8902,0.9604,0.9613,0.8852,-0.8902,-0.9604,-0.8482,-0.9775,0.0,0.8769,0.9215,0.7324,0.0,60.0,0.0,30.0,30.0,60.0,60.0,60.0,0.0,6.0,-4.2,0.0,105.0498,0.0019,0.0987,0.0218,0.9775,1.3587,,,,
9,2026-05-26T01:12:30+00:00,2026-05-26T01:18:30+00:00,6.0,-5.0,437.0,432.0,437.0,432.0,5.0,13,bajada,21:12,2026-05-25,,-0.0833,0.3929,0.1667,0.9106,-0.9106,-0.0139,0.0461,0.0,-0.1667,0.0278,0.0481,0.0,0.0024,0.0056,-0.0056,0.0001,0.0024,0.0,0.0001,0.0004,-0.0002,0.0,0.0001,2,2,0.0,0.0833,0.000532,0.002778,0.0,0.000866,0.1658,360.414,60.069,72.083,27.724,1.0011,0.9989,2434802.0,0.0278,0.0001,432.773,0.0481,0.0,0.6194,0.335,0.2513,0.6643,1.0,1.7079,0.002564,0.005779,0.8316,0.5265,-0.0545,-0.1136,2.1195,432.0,0.0,0.0,1.9188,1.6818,432.455,0.0042,0,0,1,0.0,0.0,0.0,437.0,432.0,0.9106,0.9718,0.9644,0.9113,-0.9106,-0.9718,-0.8761,-0.9899,0.0,0.8734,0.9104,0.76,0.0,60.0,0.0,0.0,60.0,60.0,60.0,60.0,0.0,5.0,-0.0,0.0,72.0828,0.0046,0.1669,0.0327,0.9899,1.1346,,,,
10,2026-05-26T01:45:00+00:00,2026-05-26T01:55:30+00:00,10.5,-7.0,432.0,425.0,432.0,425.0,7.0,22,bajada,21:45,2026-05-25,,-0.0952,0.3095,0.1429,0.9005,-0.9005,-0.0111,0.0346,0.0,-0.1333,0.0278,0.0364,0.0002,0.0014,0.0044,-0.0033,0.0,0.0014,-0.0,0.0001,0.0002,-0.0003,0.0,0.0001,3,3,0.0,0.0952,0.000249,0.002164,0.0,0.000551,0.1321,630.415,60.04,90.059,28.655,1.0006,0.9994,3984867.0,0.0278,0.0,425.594,0.0364,0.0,0.6999,0.2892,0.1252,0.6323,1.0,1.6216,0.001515,0.00636,0.7309,0.461,-0.0204,-0.0381,3.0769,425.0,0.0,0.0,2.9497,7.9852,425.167,0.0039,0,0,1,0.0,0.0,0.0,432.0,425.0,0.9005,0.9685,0.9679,0.8986,-0.9005,-0.9685,-0.8598,-0.9852,0.0,0.8837,0.9263,0.7434,0.0,90.0,0.0,30.0,30.0,90.0,90.0,90.0,0.0,7.0,-4.2,0.0,90.0593,0.0026,0.0792,0.0295,0.9852,1.0253,,,,
11,2026-05-26T04:14:00+00:00,2026-05-26T04:15:00+00:00,1.0,193.0,423.0,616.0,616.0,423.0,193.0,3,subida,00:14,2026-05-26,,1.0,0.7617,0.0,-0.9013,0.9013,3.2167,3.1167,6.3333,0.1,40.1211,4.4789,0.2078,0.0,0.2078,0.2078,0.0432,0.2078,0.0,0.0,0.0,0.0,0.0,0.0,0,0,1.0,0.0,0.0,0.0,0.0,0.0,0.0,222.503,222.503,1.153,74.168,1.1009,0.9084,739861.0,40.1211,0.0432,496.609,4.4789,5.4e-05,0.9183,0.0,0.0,1.0,1.0,2.1133,0.0,0.0,0.0,0.0,0.0,0.0,0.0,426.0,3.0,96.5,0.7065,-1.5,426.0,0.1849,0,0,0,0.0,0.0,0.0,0.0,0.0,-0.9013,-0.7839,-0.8254,-0.9013,0.9013,0.7839,0.9013,0.718,0.0,-0.0155,-0.0155,-0.9999,60.0,0.0,30.0,30.0,60.0,30.0,30.0,60.0,0.0,0.0,6.0,380.0,1.1529,40.1211,0.0,0.7617,0.9999,2.1133,,,,
12,2026-05-26T04:15:00+00:00,2026-05-26T04:25:30+00:00,10.5,-195.0,616.0,421.0,616.0,421.0,195.0,22,bajada,00:15,2026-05-26,,-0.0476,0.1304,0.0476,0.876,-0.876,-0.3095,1.3842,0.0,-6.5,42.25,1.4184,0.0108,0.0472,0.2167,0.0,0.0469,0.0484,-0.0004,0.0016,0.0,-0.0072,0.0001,0.0017,1,1,0.0,0.0476,0.002605,0.054167,0.0,0.011266,1.7134,797.294,75.933,4.089,36.241,1.209,0.8272,4101517.0,42.25,0.0469,431.778,1.4184,1e-05,0.2668,0.1108,0.1112,1.0823,1.0,1.6216,0.004545,0.009091,0.4545,-0.0023,-0.0075,-0.014,3.4594,421.0,0.0,0.0,4.3644,17.0476,421.0,0.0945,0,0,1,0.0,0.0,0.0,616.0,421.0,0.876,0.9474,0.9512,0.8693,-0.876,-0.9474,-0.8335,-0.9643,0.0,0.865,0.9108,0.7192,0.0,30.0,0.0,0.0,30.0,30.0,30.0,30.0,0.0,195.0,-117.0,-0.0,4.0887,4.0238,0.1204,0.0062,0.9643,1.7551,,,,
13,2026-05-26T07:50:00+00:00,2026-05-26T07:55:00+00:00,5.0,-4.0,419.0,415.0,419.0,415.0,4.0,11,bajada,03:50,2026-05-26,,-0.1,0.25,0.1,0.8864,-0.8864,-0.0133,0.04,0.0,-0.1333,0.0178,0.0422,0.0005,0.0014,0.0044,0.0,0.0,0.0015,-0.0,0.0,0.0,-0.0001,0.0,0.0001,1,1,0.0,0.1,0.000498,0.002207,0.0,0.000856,0.132,300.265,60.053,75.066,27.297,1.0008,0.9992,1897811.0,0.0178,0.0,415.365,0.0422,0.0,0.4395,0.1947,0.2877,1.0,1.0,1.887,0.00303,0.009091,0.4,-0.01,-0.0375,-0.0833,2.3219,415.0,0.0,0.0,2.846,6.1,415.0,0.0028,0,0,1,0.0,0.0,0.0,419.0,415.0,0.8864,0.958,0.9581,0.8696,-0.8864,-0.958,-0.8472,-0.9878,0.0,0.8575,0.9038,0.7483,0.0,30.0,0.0,0.0,30.0,30.0,30.0,30.0,0.0,4.0,-8.0,-0.0,75.0662,0.0036,0.2877,0.025,0.9878,1.887,,,,
14,2026-05-26T08:59:00+00:00,2026-05-26T09:00:00+00:00,1.0,-240.0,415.0,175.0,415.0,175.0,240.0,3,bajada,04:59,2026-05-26,,-0.5,0.75,0.5,0.8944,-0.8944,-4.0,4.0,0.0,-8.0,64.0,5.6569,-0.2667,0.0,-0.2667,-0.2667,0.0711,0.2667,0.0,0.0,0.0,0.0,0.0,0.0,1,0,0.0,0.5,0.0,0.0,0.0,0.0,0.0,271.868,271.868,1.133,90.623,1.099,0.91,375075.0,64.0,0.0711,353.589,5.6569,0.000171,0.9183,0.0,0.0,1.0,1.0,1.585,0.0,0.0,0.0,0.0,0.0,0.0,0.0,415.0,0.0,120.0,-0.7071,-1.5,415.0,0.3377,0,0,0,0.0,0.0,0.0,0.0,0.0,0.8944,0.7742,0.8165,0.8944,-0.8944,-0.7742,-0.8944,-0.7071,0.0,0.0,0.0,1.0,0.0,60.0,0.0,0.0,60.0,60.0,60.0,60.0,0.0,240.0,-0.0,-480.0,1.1328,64.0,0.0,0.375,1.0,1.585,,,,
15,2026-05-26T09:00:00+00:00,2026-05-26T09:10:30+00:00,10.5,239.0,175.0,414.0,414.0,175.0,239.0,22,subida,05:00,2026-05-26,,0.0476,0.1304,0.0476,-0.876,0.876,0.3794,1.6966,7.9667,0.0,63.4678,1.7385,-0.0133,0.0579,0.0,-0.2656,0.0705,0.0594,0.0005,0.002,0.0089,0.0,0.0001,0.002,1,1,0.0476,0.0,0.003116,0.066389,0.0,0.013813,2.053,840.875,80.083,3.518,38.222,1.2479,0.8013,3629941.0,63.4678,0.0705,406.199,1.7385,1.7e-05,0.2668,-0.0,0.1112,1.0823,1.0,1.6216,0.006061,0.009091,0.4545,-0.0023,-0.0075,-0.014,3.4594,414.0,0.0,0.0,-4.3644,17.0476,414.0,0.1235,0,0,1,0.0,0.0,0.0,414.0,175.0,-0.876,-0.9474,-0.9512,-0.8693,0.876,0.9474,0.8335,0.9643,0.0,-0.865,-0.9108,-0.7192,30.0,0.0,0.0,0.0,30.0,30.0,30.0,30.0,0.0,0.0,143.4,-0.0,3.5183,6.0446,0.1204,0.0062,0.9643,1.7551,,,,
16,2026-05-26T10:44:30+00:00,2026-05-26T10:46:30+00:00,2.0,47.0,414.0,461.0,461.0,395.0,66.0,5,subida,06:44,2026-05-26,,-0.25,0.2074,0.5,-0.303,0.303,0.3917,1.0631,2.2,-0.5333,5.1344,1.133,0.0256,0.0363,0.0733,-0.0144,0.0059,0.0444,0.0015,0.0004,0.0019,0.0011,0.0,0.0015,2,1,0.25,0.5,0.009187,0.021299,0.002407,0.007092,1.2323,166.648,83.324,3.546,33.33,1.2931,0.7733,864888.0,5.1344,0.0059,415.906,1.133,6e-06,1.5219,0.6131,0.0,1.0,0.7309,2.3219,0.006667,0.00949,0.5765,-0.1821,-0.1433,0.0,0.983,411.0,16.0,19.0,1.1194,-0.2484,406.667,0.0583,0,1,0,0.0,0.0,0.0,461.0,395.0,-0.303,-0.1298,-0.1821,-0.303,0.303,0.1298,0.2726,0.0553,0.0,0.4518,0.4491,-0.414,120.0,60.0,0.0,0.0,120.0,120.0,120.0,120.0,0.0,19.0,-6.0,132.0,3.5457,2.5672,0.0,0.0519,0.4518,2.3219,,,,
17,2026-05-26T10:46:30+00:00,2026-05-26T10:57:30+00:00,11.0,-77.0,461.0,384.0,461.0,384.0,77.0,23,bajada,06:46,2026-05-26,,-0.0909,0.167,0.0455,0.8816,-0.8816,-0.1167,0.4436,0.0,-2.1,4.6278,0.4586,0.0033,0.0119,0.0544,0.0,0.0032,0.0124,-0.0001,0.0003,0.0,-0.0013,0.0,0.0003,1,1,0.0,0.0909,0.001436,0.019754,0.0,0.004247,0.9585,702.884,63.899,9.128,30.56,1.0578,0.9454,3467501.0,4.6278,0.0032,388.279,0.4586,1e-06,0.5132,0.2124,0.1112,0.945,1.0,1.5734,0.001449,0.007572,0.5648,0.1826,-0.0094,-0.0173,3.4151,384.0,0.0,0.0,4.2667,16.7104,384.0,0.0408,0,0,1,0.0,0.0,0.0,461.0,384.0,0.8816,0.9527,0.9556,0.8734,-0.8816,-0.9527,-0.8391,-0.9717,0.0,0.8695,0.9159,0.7321,0.0,60.0,0.0,30.0,30.0,30.0,30.0,60.0,0.0,77.0,-49.0,0.0,9.1284,0.4207,0.1051,0.0152,0.9717,1.4869,,,,
18,2026-05-26T12:39:00+00:00,2026-05-26T12:50:00+00:00,11.0,-15.0,383.0,368.0,383.0,368.0,15.0,23,bajada,08:39,2026-05-26,,-0.1364,0.2836,0.0455,0.8991,-0.8991,-0.0227,0.072,0.0,-0.3333,0.1256,0.0755,0.0001,0.0027,0.0078,-0.0089,0.0002,0.0027,0.0,0.0001,0.0006,-0.0001,0.0,0.0001,1,2,0.0,0.1364,0.000589,0.004415,0.0,0.001254,0.3399,661.839,60.167,44.123,28.776,1.0025,0.9975,3137971.0,0.1256,0.0002,369.369,0.0755,0.0,0.7654,0.2796,0.1178,0.6003,1.0,1.5734,0.001449,0.004893,0.8361,0.6096,-0.0174,-0.0321,2.8919,368.0,0.0,0.0,2.8516,6.3859,368.158,0.0107,0,0,1,0.0,0.0,0.0,383.0,368.0,0.8991,0.9672,0.9654,0.8946,-0.8991,-0.9672,-0.8581,-0.9859,0.0,0.8825,0.9262,0.7498,0.0,90.0,30.0,60.0,60.0,30.0,30.0,90.0,0.0,15.0,-11.0,-0.0,44.1226,0.0114,0.0707,0.0387,0.9859,0.9445,,,,
19,2026-05-26T12:58:00+00:00,2026-05-26T12:59:00+00:00,1.0,15.0,368.0,383.0,383.0,368.0,15.0,3,subida,08:58,2026-05-26,,0.5,0.75,0.5,-0.8944,0.8944,0.25,0.25,0.5,0.0,0.25,0.3536,0.0167,0.0,0.0167,0.0167,0.0003,0.0167,0.0,0.0,0.0,0.0,0.0,0.0,1,0,0.5,0.0,0.0,0.0,0.0,0.0,0.0,63.541,63.541,4.236,21.18,1.0274,0.9733,417537.0,0.25,0.0003,373.067,0.3536,1e-06,0.9183,0.0,0.0,1.0,1.0,1.585,0.0,0.0,0.0,0.0,0.0,0.0,0.0,368.0,0.0,7.5,0.7071,-1.5,368.0,0.019,0,0,0,0.0,0.0,0.0,0.0,0.0,-0.8944,-0.7742,-0.8165,-0.8944,0.8944,0.7742,0.8944,0.7071,0.0,0.0,0.0,-1.0,60.0,0.0,0.0,0.0,60.0,60.0,60.0,60.0,0.0,0.0,-0.0,30.0,4.2361,0.25,0.0,0.375,1.0,1.585,,,,
20,2026-05-26T12:59:00+00:00,2026-05-26T13:09:30+00:00,10.5,-20.0,383.0,363.0,383.0,363.0,20.0,22,bajada,08:59,2026-05-26,,-0.0952,0.1669,0.0476,0.8813,-0.8813,-0.0317,0.1215,0.0,-0.5667,0.3311,0.1256,0.0009,0.0034,0.0156,0.0,0.0003,0.0036,-0.0,0.0001,0.0,-0.0004,0.0,0.0001,1,1,0.0,0.0952,0.000856,0.007352,0.0,0.002083,0.4884,634.632,60.441,31.732,28.847,1.0068,0.9932,2916025.0,0.3311,0.0003,364.069,0.1256,0.0,0.5304,0.2201,0.1178,0.9978,1.0,1.6216,0.001515,0.008087,0.5496,0.1518,-0.0099,-0.0184,3.4271,363.0,0.0,0.0,4.2194,16.1684,363.0,0.0115,0,0,1,0.0,0.0,0.0,383.0,363.0,0.8813,0.9524,0.9554,0.8751,-0.8813,-0.9524,-0.8389,-0.9694,0.0,0.8696,0.9151,0.724,0.0,60.0,0.0,30.0,30.0,30.0,30.0,60.0,0.0,20.0,-12.6,-0.0,31.7316,0.0315,0.1175,0.0159,0.9694,1.618,,,,
21,2026-05-26T14:51:30+00:00,2026-05-26T15:03:00+00:00,11.5,-19.0,363.0,344.0,363.0,344.0,19.0,24,bajada,10:51,2026-05-26,,-0.1304,0.3851,0.1739,0.9139,-0.9139,-0.0275,0.0766,0.0,-0.2667,0.1522,0.0814,-0.0,0.0029,0.0089,-0.0089,0.0002,0.0029,0.0,0.0001,0.0003,-0.0004,0.0,0.0001,4,5,0.0,0.1304,0.000639,0.004444,0.0,0.001359,0.3934,692.246,60.195,36.434,28.844,1.0029,0.9971,2878765.0,0.1522,0.0002,346.336,0.0814,0.0,1.0554,0.4329,0.1252,0.3455,1.0,1.5283,0.001389,0.004069,0.8827,0.7443,0.1314,-0.0451,2.6784,344.0,0.0,0.0,2.4,4.2043,344.85,0.016,0,0,1,0.0,0.0,0.0,363.0,344.0,0.9139,0.9773,0.9726,0.9145,-0.9139,-0.9773,-0.8756,-0.9912,0.0,0.8917,0.9306,0.7509,0.0,150.0,60.0,60.0,90.0,90.0,90.0,150.0,0.0,19.0,-11.2,0.0,36.434,0.0132,0.0433,0.0502,0.9912,0.528,,,,
22,2026-05-26T21:35:00+00:00,2026-05-26T21:40:30+00:00,5.5,138.0,339.0,477.0,477.0,339.0,138.0,12,subida,17:35,2026-05-26,,0.1818,0.4307,0.2727,-0.9156,0.9156,0.4182,1.2808,4.4667,0.0,19.9689,1.3474,0.0004,0.0666,0.1489,-0.1489,0.0444,0.0666,-0.0005,0.0037,0.005,-0.0099,0.0001,0.0037,3,3,0.1818,0.0,0.010186,0.074444,0.0,0.021806,2.5178,437.583,79.56,3.171,36.465,1.2233,0.8174,2470932.0,19.9689,0.0444,453.774,1.3474,8e-06,0.65,-0.0,0.2877,0.6879,1.0,2.0912,0.002778,0.005944,0.6609,0.526,-0.0643,-0.1377,2.0107,473.0,0.0,0.0,-1.7869,1.1966,459.6,0.1111,0,0,1,0.0,0.0,0.0,477.0,339.0,-0.9156,-0.9735,-0.9657,-0.9089,0.9156,0.9735,0.8826,0.989,0.0,-0.8717,-0.9037,-0.7516,330.0,0.0,0.0,60.0,60.0,60.0,60.0,330.0,0.0,0.0,-0.0,8.0,3.1709,3.6307,0.1979,0.0783,0.989,1.4385,,,,
23,2026-05-26T21:40:30+00:00,2026-05-26T21:46:00+00:00,5.5,-5.0,477.0,472.0,477.0,472.0,5.0,12,bajada,17:40,2026-05-26,,-0.1818,0.5041,0.2727,0.924,-0.924,-0.0152,0.0329,0.0,-0.1,0.0144,0.0362,0.0003,0.0014,0.0033,-0.0022,0.0,0.0014,-0.0,0.0001,0.0001,-0.0002,0.0,0.0001,3,3,0.0,0.1818,0.000345,0.001642,0.0,0.000515,0.0995,330.216,60.039,66.043,27.518,1.0005,0.9995,2681937.0,0.0144,0.0,472.752,0.0362,0.0,1.0409,0.4475,0.3365,0.658,1.0,1.7925,0.002778,0.007516,0.6132,0.4338,-0.0857,-0.1837,2.2737,472.0,0.0,0.5,1.9801,2.8163,472.4,0.0031,0,0,1,0.0,0.0,0.0,477.0,472.0,0.924,0.9836,0.9799,0.9048,-0.924,-0.9836,-0.8912,-0.9961,0.0,0.8808,0.9141,0.759,0.0,90.0,0.0,30.0,30.0,90.0,90.0,90.0,0.0,5.0,-6.0,-0.0,66.0432,0.0026,0.2214,0.0916,0.9961,1.1795,,,,
24,2026-05-27T01:46:00+00:00,2026-05-27T01:57:00+00:00,11.0,8.0,442.0,450.0,453.0,440.0,13.0,23,subida,21:46,2026-05-26,,-0.0455,0.1055,0.1818,-0.8614,0.8614,0.0121,0.0951,0.4333,-0.1,0.2022,0.0959,0.0001,0.0049,0.0167,-0.0144,0.0005,0.0049,-0.0,0.0003,0.0004,-0.001,0.0,0.0003,4,3,0.0455,0.0909,0.000978,0.008278,0.0,0.002094,0.5506,662.912,60.265,82.864,28.822,1.0043,0.9957,4646882.0,0.2022,0.0005,449.487,0.0959,0.0,0.9274,0.3165,0.1252,0.8848,0.8643,1.7701,0.005797,0.006456,0.6893,0.337,-0.1522,-0.0099,3.0682,450.0,0.0,0.0,-2.4284,5.5697,450.0,0.0061,1,0,1,3.0,0.808,0.091,453.0,440.0,-0.8614,-0.9326,-0.9322,-0.8576,0.8614,0.9326,0.8186,0.9529,0.0,-0.8525,-0.8991,-0.713,60.0,30.0,0.0,0.0,120.0,120.0,120.0,120.0,3.0,2.0,9.2,-0.0,82.864,0.0184,0.1108,0.0048,0.9529,1.5662,,,,
25,2026-05-27T02:18:30+00:00,2026-05-27T02:28:30+00:00,10.0,-5.0,446.0,441.0,446.0,441.0,5.0,21,bajada,22:18,2026-05-26,,-0.1,0.3394,0.1,0.907,-0.907,-0.0083,0.0255,0.0,-0.1,0.0144,0.0269,0.0,0.001,0.0022,-0.0033,0.0,0.001,0.0,0.0,0.0001,-0.0001,0.0,0.0,2,2,0.0,0.1,0.000251,0.001667,0.0,0.00052,0.133,600.216,60.022,120.043,28.582,1.0003,0.9997,4094739.0,0.0144,0.0,441.574,0.0269,0.0,0.7229,0.3402,0.1335,0.4732,1.0,1.4641,0.001587,0.004491,0.9174,0.6832,-0.0242,-0.0455,2.5939,441.0,0.0,0.0,2.453,4.3264,441.118,0.0034,0,0,1,0.0,0.0,0.0,446.0,441.0,0.907,0.9723,0.9679,0.9023,-0.907,-0.9723,-0.8679,-0.9874,0.0,0.8854,0.9265,0.7421,0.0,90.0,0.0,60.0,60.0,90.0,90.0,90.0,0.0,5.0,-3.6,0.0,120.0432,0.0014,0.0632,0.0339,0.9874,0.6928,,,,
26,2026-05-27T09:16:30+00:00,2026-05-27T09:21:30+00:00,5.0,-4.0,418.0,414.0,418.0,414.0,4.0,11,bajada,05:16,2026-05-27,,-0.1,0.25,0.1,0.8864,-0.8864,-0.0133,0.04,0.0,-0.1333,0.0178,0.0422,0.0005,0.0014,0.0044,0.0,0.0,0.0015,-0.0,0.0,0.0,-0.0001,0.0,0.0001,1,1,0.0,0.1,0.000498,0.002207,0.0,0.000856,0.132,300.265,60.053,75.066,27.297,1.0008,0.9992,1888684.0,0.0178,0.0,414.365,0.0422,0.0,0.4395,0.1947,0.2877,1.0,1.0,1.887,0.00303,0.009091,0.4,-0.01,-0.0375,-0.0833,2.3219,414.0,0.0,0.0,2.846,6.1,414.0,0.0028,0,0,1,0.0,0.0,0.0,418.0,414.0,0.8864,0.958,0.9581,0.8696,-0.8864,-0.958,-0.8472,-0.9878,0.0,0.8575,0.9038,0.7483,0.0,30.0,0.0,0.0,30.0,30.0,30.0,30.0,0.0,4.0,-8.0,-0.0,75.0662,0.0036,0.2877,0.025,0.9878,1.887,,,,
27,2026-05-27T12:40:00+00:00,2026-05-27T12:50:30+00:00,10.5,-6.0,406.0,400.0,406.0,400.0,6.0,22,bajada,08:40,2026-05-27,,-0.0952,0.3483,0.1429,0.9077,-0.9077,-0.0095,0.0311,0.0,-0.1333,0.0222,0.0325,0.0001,0.0015,0.0044,-0.0044,0.0,0.0015,-0.0,0.0001,0.0003,-0.0002,0.0,0.0001,3,3,0.0,0.0952,0.000176,0.001111,0.0,0.000387,0.0996,630.332,60.032,105.055,28.651,1.0005,0.9995,3531268.0,0.0222,0.0,400.64,0.0325,0.0,0.6999,0.2892,0.1252,0.4756,1.0,1.6216,0.001515,0.005301,0.8339,0.6117,-0.0238,-0.0443,2.7985,400.0,0.0,0.0,2.3287,3.8473,400.222,0.0041,0,0,1,0.0,0.0,0.0,406.0,400.0,0.9077,0.9732,0.97,0.9086,-0.9077,-0.9732,-0.8684,-0.9897,0.0,0.8877,0.9281,0.7517,0.0,90.0,30.0,30.0,90.0,90.0,90.0,90.0,0.0,6.0,-3.6,0.0,105.0553,0.0021,0.0595,0.0332,0.9897,0.7712,,,,
28,2026-05-27T13:09:30+00:00,2026-05-27T13:15:30+00:00,6.0,-5.0,400.0,395.0,400.0,395.0,5.0,13,bajada,09:09,2026-05-27,,-0.0833,0.3929,0.1667,0.9106,-0.9106,-0.0139,0.0461,0.0,-0.1667,0.0278,0.0481,0.0,0.0024,0.0056,-0.0056,0.0001,0.0024,0.0,0.0001,0.0004,-0.0002,0.0,0.0001,2,2,0.0,0.0833,0.000532,0.002778,0.0,0.000866,0.1658,360.414,60.069,72.083,27.724,1.0011,0.9989,2036275.0,0.0278,0.0001,395.773,0.0481,0.0,0.6194,0.335,0.2513,0.6643,1.0,1.7079,0.002564,0.005779,0.8316,0.5265,-0.0545,-0.1136,2.1195,395.0,0.0,0.0,1.9188,1.6818,395.455,0.0046,0,0,1,0.0,0.0,0.0,400.0,395.0,0.9106,0.9718,0.9644,0.9113,-0.9106,-0.9718,-0.8761,-0.9899,0.0,0.8734,0.9104,0.76,0.0,60.0,0.0,0.0,60.0,60.0,60.0,60.0,0.0,5.0,-0.0,-0.0,72.0828,0.0046,0.1669,0.0327,0.9899,1.1346,,,,
29,2026-05-27T15:15:00+00:00,2026-05-27T15:25:30+00:00,10.5,-7.0,390.0,383.0,390.0,383.0,7.0,22,bajada,11:15,2026-05-27,,-0.0952,0.2198,0.0476,0.8888,-0.8888,-0.0111,0.0346,0.0,-0.1333,0.0278,0.0364,0.0002,0.0008,0.0033,0.0,0.0,0.0008,-0.0,0.0,0.0001,-0.0001,0.0,0.0,1,1,0.0,0.0952,0.000212,0.001937,0.0,0.000505,0.1321,630.415,60.04,90.059,28.655,1.0006,0.9994,3234876.0,0.0278,0.0,383.458,0.0364,0.0,0.5304,0.2201,0.1178,0.8672,1.0,1.6216,0.001515,0.006508,0.6989,0.3808,-0.0134,-0.025,3.2332,383.0,0.0,0.0,3.5409,11.4621,383.0,0.0041,0,0,1,0.0,0.0,0.0,390.0,383.0,0.8888,0.9592,0.9606,0.8836,-0.8888,-0.9592,-0.8467,-0.9763,0.0,0.8758,0.9206,0.731,0.0,60.0,0.0,30.0,30.0,60.0,60.0,60.0,0.0,7.0,-4.8,0.0,90.0593,0.0026,0.1022,0.0209,0.9763,1.4063,,,,
30,2026-05-27T19:09:00+00:00,2026-05-27T19:15:00+00:00,6.0,-5.0,383.0,378.0,383.0,378.0,5.0,13,bajada,15:09,2026-05-27,,-0.0833,0.3929,0.1667,0.9106,-0.9106,-0.0139,0.0461,0.0,-0.1667,0.0278,0.0481,0.0,0.0024,0.0056,-0.0056,0.0001,0.0024,0.0,0.0001,0.0004,-0.0002,0.0,0.0001,2,2,0.0,0.0833,0.000532,0.002778,0.0,0.000866,0.1658,360.414,60.069,72.083,27.724,1.0011,0.9989,1865102.0,0.0278,0.0001,378.774,0.0481,0.0,0.6194,0.335,0.2513,0.6643,1.0,1.7079,0.002564,0.005779,0.8316,0.5265,-0.0545,-0.1136,2.1195,378.0,0.0,0.0,1.9188,1.6818,378.455,0.0048,0,0,1,0.0,0.0,0.0,383.0,378.0,0.9106,0.9718,0.9644,0.9113,-0.9106,-0.9718,-0.8761,-0.9899,0.0,0.8734,0.9104,0.76,0.0,60.0,0.0,0.0,60.0,60.0,60.0,60.0,0.0,5.0,-0.0,-0.0,72.0828,0.0046,0.1669,0.0327,0.9899,1.1346,,,,
31,2026-05-28T01:54:30+00:00,2026-05-28T02:05:30+00:00,11.0,-8.0,366.0,358.0,366.0,358.0,8.0,23,bajada,21:54,2026-05-27,,-0.1364,0.4763,0.1818,0.9269,-0.9269,-0.0121,0.0311,0.0,-0.1,0.0244,0.0333,0.0,0.0014,0.0033,-0.0033,0.0,0.0014,0.0,0.0001,0.0002,-0.0002,0.0,0.0001,4,4,0.0,0.1364,0.000229,0.001667,0.0,0.00046,0.133,660.366,60.033,82.546,28.712,1.0005,0.9995,2968002.0,0.0244,0.0,359.226,0.0333,0.0,1.0862,0.4465,0.1335,0.2223,1.0,1.5734,0.001449,0.003565,0.8977,0.7999,0.3346,-0.064,2.331,358.0,0.0,0.0,1.867,1.9221,358.632,0.0071,0,0,1,0.0,0.0,0.0,366.0,358.0,0.9269,0.9841,0.9772,0.9188,-0.9269,-0.9841,-0.8924,-0.9979,0.0,0.8943,0.929,0.785,0.0,150.0,60.0,60.0,120.0,150.0,150.0,150.0,0.0,8.0,-2.4,-0.0,82.5457,0.0022,0.0297,0.065,0.9979,0.3498,,,,
32,2026-05-28T04:28:00+00:00,2026-05-28T04:34:00+00:00,6.0,-2.0,351.0,349.0,354.0,349.0,5.0,13,mixto,00:28,2026-05-28,,0.0,0.2981,0.1667,0.8135,-0.8135,-0.0056,0.0558,0.1,-0.1667,0.0378,0.0561,-0.0003,0.0031,0.0056,-0.0089,0.0001,0.0032,0.0,0.0002,0.0005,-0.0002,0.0,0.0002,2,2,0.0833,0.0833,0.000721,0.004379,0.0,0.001358,0.2154,360.563,60.094,180.282,27.736,1.0015,0.9985,1588328.0,0.0378,0.0001,349.541,0.0561,0.0,0.7732,0.335,0.2513,1.1397,0.7234,1.7079,0.002564,0.006831,0.7224,0.3013,-0.0448,-0.0934,2.4013,349.0,0.0,0.0,2.5665,5.2034,349.182,0.004,0,0,1,0.0,0.0,0.0,354.0,349.0,0.8135,0.8506,0.8321,0.8303,-0.8135,-0.8506,-0.7924,-0.8597,0.0,0.7617,0.7798,0.6924,30.0,60.0,0.0,0.0,60.0,60.0,60.0,60.0,3.0,2.0,6.0,-0.0,180.2815,0.0063,0.2864,0.0,0.8597,1.9465,,,,
33,2026-05-28T10:41:00+00:00,2026-05-28T10:52:00+00:00,11.0,-9.0,348.0,339.0,348.0,339.0,9.0,23,bajada,06:41,2026-05-28,,-0.0455,0.2386,0.0909,0.8927,-0.8927,-0.0136,0.0625,0.0,-0.3,0.09,0.064,0.0,0.0031,0.01,-0.01,0.0002,0.0031,0.0,0.0002,0.0007,-0.0003,0.0,0.0002,2,2,0.0,0.0455,0.000536,0.005,0.0,0.001257,0.2951,661.321,60.12,73.48,28.753,1.0019,0.9981,2655549.0,0.09,0.0002,339.792,0.064,0.0,0.4262,0.2124,0.1112,0.6381,1.0,1.5734,0.001449,0.005405,0.7775,0.5184,-0.0143,-0.0265,3.0029,339.0,0.0,0.0,2.9318,6.5952,339.0,0.0075,0,0,1,0.0,0.0,0.0,348.0,339.0,0.8927,0.9612,0.9595,0.8872,-0.8927,-0.9612,-0.8514,-0.9801,0.0,0.8773,0.9214,0.7436,0.0,60.0,0.0,0.0,60.0,60.0,60.0,60.0,0.0,9.0,-7.2,-0.0,73.4801,0.0082,0.071,0.0109,0.9801,1.004,,,,
34,2026-05-28T11:11:00+00:00,2026-05-28T11:22:00+00:00,11.0,-23.0,339.0,316.0,339.0,316.0,23.0,23,bajada,07:11,2026-05-28,,-0.0909,0.239,0.0455,0.8928,-0.8928,-0.0348,0.1394,0.0,-0.6667,0.4544,0.1437,0.0002,0.0064,0.0222,-0.0189,0.0009,0.0064,0.0,0.0003,0.0014,-0.0007,0.0,0.0003,1,2,0.0,0.0909,0.001021,0.009305,0.0,0.002407,0.5649,666.205,60.564,28.965,28.965,1.0088,0.9913,2324793.0,0.4544,0.0009,317.928,0.1437,0.0,0.5132,0.2124,0.1112,0.6776,1.0,1.5734,0.001449,0.005438,0.7742,0.5163,-0.0142,-0.0263,3.0164,316.0,0.0,0.0,2.9599,6.8264,316.0,0.0191,0,0,1,0.0,0.0,0.0,339.0,316.0,0.8928,0.9619,0.9609,0.8869,-0.8928,-0.9619,-0.8512,-0.9808,0.0,0.8779,0.9224,0.7433,0.0,60.0,30.0,30.0,60.0,30.0,30.0,60.0,0.0,23.0,-17.8,0.0,28.9654,0.0413,0.0753,0.0217,0.9808,1.0661,,,,
35,2026-05-28T11:28:30+00:00,2026-05-28T11:29:30+00:00,1.0,10.0,316.0,326.0,326.0,316.0,10.0,3,subida,07:28,2026-05-28,,0.5,0.75,0.5,-0.8944,0.8944,0.1667,0.1667,0.3333,0.0,0.1111,0.2357,0.0111,0.0,0.0111,0.0111,0.0001,0.0111,0.0,0.0,0.0,0.0,0.0,0.0,1,0,0.5,0.0,0.0,0.0,0.0,0.0,0.0,61.623,61.623,6.162,20.541,1.0131,0.9871,305988.0,0.1111,0.0001,319.368,0.2357,0.0,0.9183,0.0,0.0,1.0,1.0,1.585,0.0,0.0,0.0,0.0,0.0,0.0,0.0,316.0,0.0,5.0,0.7071,-1.5,316.0,0.0148,0,0,0,0.0,0.0,0.0,0.0,0.0,-0.8944,-0.7742,-0.8165,-0.8944,0.8944,0.7742,0.8944,0.7071,0.0,0.0,0.0,-1.0,60.0,0.0,0.0,0.0,60.0,60.0,60.0,60.0,0.0,0.0,-0.0,20.0,6.1623,0.1111,0.0,0.375,1.0,1.585,,,,
36,2026-05-28T11:29:30+00:00,2026-05-28T11:48:30+00:00,19.0,-40.0,326.0,286.0,326.0,284.0,42.0,39,bajada,07:29,2026-05-28,,-0.0526,0.7425,0.1316,0.9577,-0.9577,-0.0351,0.1504,0.0667,-0.8667,0.9067,0.1545,0.0002,0.006,0.0178,-0.0289,0.0013,0.006,-0.0,0.0003,0.0016,-0.001,0.0,0.0003,5,7,0.0263,0.0789,0.001037,0.009597,0.0,0.002277,1.166,1151.982,60.631,28.8,29.538,1.0099,0.9902,3531728.0,0.9067,0.0013,300.927,0.1545,0.0,1.2793,0.2539,0.1232,0.0707,0.9875,1.7618,0.000855,0.001635,0.9651,0.9553,0.8393,0.7097,1.2985,286.0,2.0,36.0,0.2458,-1.9029,299.939,0.0587,0,0,3,0.0,0.0,0.0,326.0,284.0,0.9577,0.9399,0.9401,0.9488,-0.9577,-0.9399,-0.9668,-0.9002,0.0,0.7665,0.7833,0.9098,0.0,540.0,30.0,510.0,510.0,480.0,480.0,990.0,0.0,42.0,-1.286,0.429,28.7995,0.0477,0.0087,0.0391,0.9668,0.1246,,,,
37,2026-05-28T13:28:00+00:00,2026-05-28T13:29:30+00:00,1.5,116.0,300.0,416.0,416.0,300.0,116.0,4,subida,09:28,2026-05-28,,0.6667,0.874,0.3333,-0.9608,0.9608,1.2889,1.2796,3.0333,0.0,9.8956,1.8162,0.0139,0.0872,0.1011,-0.0733,0.0156,0.0883,-0.0058,0.0,-0.0058,-0.0058,0.0,0.0058,1,1,0.6667,0.0,0.018415,0.050556,0.001104,0.019403,1.2021,164.869,109.913,1.421,41.217,1.1229,0.8905,505937.0,9.8956,0.0156,355.646,1.8162,2e-05,1.5,-0.0,0.0,1.0,1.0,2.0,0.008333,0.008566,0.0,0.3832,-1.2064,0.0,0.184,345.5,45.5,97.25,0.0838,-1.889,345.5,0.1493,0,0,0,0.0,0.0,0.0,416.0,300.0,-0.9608,-0.8949,-0.9127,-0.9803,0.9608,0.8949,0.9813,0.8106,0.0,-0.4364,-0.4364,-0.9798,90.0,0.0,0.0,60.0,60.0,90.0,90.0,90.0,0.0,0.0,-0.0,50.0,1.4213,6.5971,0.0,0.5827,0.9813,2.0,,,,
38,2026-05-28T13:29:30+00:00,2026-05-28T13:42:00+00:00,12.5,-25.0,416.0,391.0,416.0,391.0,25.0,26,bajada,09:29,2026-05-28,,-0.24,0.6125,0.28,0.9329,-0.9329,-0.0333,0.0724,0.0,-0.3,0.1589,0.0797,0.0004,0.0024,0.0067,-0.0033,0.0001,0.0024,-0.0,0.0001,0.0003,-0.0003,0.0,0.0001,7,11,0.0,0.24,0.000638,0.002929,0.0,0.000777,0.4535,752.347,60.188,30.094,28.936,1.0026,0.9974,4072455.0,0.1589,0.0001,395.769,0.0797,0.0,1.553,0.5913,0.3137,0.4019,1.0,1.8079,0.001282,0.005135,0.8041,0.6564,0.2698,0.1543,3.1138,393.0,2.0,3.0,2.2704,5.1905,394.727,0.0139,0,0,3,0.0,0.0,0.0,416.0,391.0,0.9329,0.9842,0.985,0.9182,-0.9329,-0.9842,-0.8981,-0.9901,0.0,0.8707,0.912,0.8014,0.0,660.0,30.0,60.0,90.0,360.0,360.0,660.0,0.0,25.0,-9.0,-0.8,30.0939,0.0127,0.1261,0.147,0.9901,0.7266,,,,
39,2026-05-30T00:41:30+00:00,2026-05-30T00:52:30+00:00,11.0,155.0,306.0,461.0,461.0,306.0,155.0,23,subida,20:41,2026-05-29,,0.0909,0.255,0.1818,-0.8952,0.8952,0.2348,1.0618,5.1,0.0,26.0144,1.0874,0.0,0.0525,0.17,-0.17,0.0578,0.0525,-0.0003,0.0028,0.0057,-0.0113,0.0002,0.0028,4,5,0.0909,0.0,0.00582,0.085,0.0,0.018953,2.7407,785.98,71.453,5.071,34.173,1.1593,0.8626,4631813.0,26.0144,0.0578,448.757,1.0874,6e-06,0.4262,-0.0,0.1112,0.6248,1.0,1.7701,0.001449,0.005401,0.7781,0.5222,-0.006,-0.0174,3.0024,459.0,2.0,2.0,-2.9292,6.5862,459.947,0.0972,0,0,2,0.0,0.0,0.0,461.0,306.0,-0.8952,-0.9626,-0.961,-0.8897,0.8952,0.9626,0.8545,0.9807,0.0,-0.8765,-0.9207,-0.7474,360.0,0.0,0.0,60.0,60.0,60.0,60.0,60.0,0.0,0.0,122.4,-0.0,5.0708,2.3649,0.0695,0.0232,0.9807,1.106,,,,
40,2026-05-30T13:56:30+00:00,2026-05-30T14:08:00+00:00,11.5,-40.0,439.0,399.0,439.0,399.0,40.0,24,bajada,09:56,2026-05-30,,-0.1304,0.3303,0.0435,0.9066,-0.9066,-0.058,0.2251,0.0,-1.1,1.2422,0.2324,0.0001,0.0103,0.0367,-0.0311,0.0023,0.0103,0.0,0.0006,0.0023,-0.0012,0.0,0.0006,1,2,0.0,0.1304,0.001314,0.009255,0.0,0.002889,0.9211,705.079,61.311,17.627,29.378,1.0201,0.9803,3913535.0,1.2422,0.0023,403.812,0.2324,0.0,0.6584,0.2707,0.1112,0.3538,1.0,1.5283,0.001389,0.004481,0.8845,0.6989,-0.0203,-0.0373,2.7406,399.0,0.0,0.0,2.2994,3.3465,400.65,0.0304,0,0,1,0.0,0.0,0.0,439.0,399.0,0.9066,0.971,0.9662,0.911,-0.9066,-0.971,-0.8675,-0.9856,0.0,0.8869,0.9266,0.7431,0.0,90.0,60.0,60.0,90.0,60.0,60.0,90.0,0.0,40.0,-25.0,0.0,17.627,0.108,0.0393,0.0431,0.9856,0.5407,,,,
41,2026-05-30T15:28:30+00:00,2026-05-30T15:39:30+00:00,11.0,-11.0,399.0,388.0,399.0,388.0,11.0,23,bajada,11:28,2026-05-30,,-0.0909,0.3478,0.1818,0.9084,-0.9084,-0.0167,0.0584,0.0,-0.2667,0.0811,0.0607,0.0,0.0029,0.0089,-0.0089,0.0002,0.0029,0.0,0.0002,0.0006,-0.0004,0.0,0.0002,4,4,0.0,0.0909,0.000479,0.004444,0.0,0.001028,0.2636,661.198,60.109,60.109,28.748,1.0017,0.9983,3484500.0,0.0811,0.0002,389.23,0.0607,0.0,0.8405,0.3454,0.1252,0.4479,1.0,1.5734,0.001449,0.004571,0.8408,0.6517,0.1268,-0.0419,2.8007,388.0,0.0,0.0,2.6121,5.2825,388.316,0.0081,0,0,1,0.0,0.0,0.0,399.0,388.0,0.9084,0.9735,0.9697,0.9025,-0.9084,-0.9735,-0.8692,-0.9911,0.0,0.8874,0.9285,0.7609,0.0,120.0,0.0,60.0,60.0,120.0,120.0,120.0,0.0,11.0,-6.4,0.0,60.1089,0.0074,0.0561,0.0316,0.9911,0.7047,,,,
42,2026-05-30T20:40:00+00:00,2026-05-30T20:51:30+00:00,11.5,-20.0,388.0,368.0,388.0,368.0,20.0,24,bajada,16:40,2026-05-30,,-0.087,0.2947,0.087,0.9013,-0.9013,-0.029,0.0984,0.0,-0.4333,0.2422,0.1026,-0.0,0.0038,0.0078,-0.0144,0.0003,0.0038,0.0,0.0002,0.0007,-0.0003,0.0,0.0002,2,2,0.0,0.087,0.000884,0.007222,0.0,0.001997,0.5283,693.501,60.304,34.675,28.896,1.0047,0.9954,3285617.0,0.2422,0.0003,370.001,0.1026,0.0,0.6584,0.3059,0.1112,0.4837,1.0,1.5283,0.001389,0.004533,0.8571,0.6662,-0.0174,-0.032,2.8432,368.0,0.0,0.0,2.7559,5.9157,368.35,0.0152,0,0,1,0.0,0.0,0.0,388.0,368.0,0.9013,0.9684,0.9655,0.9026,-0.9013,-0.9684,-0.8606,-0.983,0.0,0.885,0.927,0.7363,0.0,90.0,0.0,60.0,60.0,90.0,90.0,90.0,0.0,20.0,-14.6,-0.0,34.675,0.0211,0.0538,0.0256,0.983,0.7392,,,,
43,2026-05-30T23:36:00+00:00,2026-05-30T23:47:00+00:00,11.0,-33.0,366.0,333.0,366.0,333.0,33.0,23,bajada,19:36,2026-05-30,,-0.0455,0.2386,0.0909,0.8927,-0.8927,-0.05,0.2291,0.0,-1.1,1.21,0.2345,0.0,0.0113,0.0367,-0.0367,0.0027,0.0113,0.0001,0.0006,0.0024,-0.0012,0.0,0.0006,2,2,0.0,0.0455,0.001732,0.018333,0.0,0.00431,0.92,674.598,61.327,20.442,29.33,1.0208,0.9796,2596581.0,1.21,0.0027,335.998,0.2345,0.0,0.4262,0.2124,0.1112,0.6381,1.0,1.5734,0.001449,0.005405,0.7775,0.5184,-0.0143,-0.0265,3.0029,333.0,0.0,0.0,2.9318,6.5952,333.0,0.0277,0,0,1,0.0,0.0,0.0,366.0,333.0,0.8927,0.9612,0.9595,0.8872,-0.8927,-0.9612,-0.8514,-0.9801,0.0,0.8773,0.9214,0.7436,0.0,60.0,0.0,0.0,60.0,60.0,60.0,60.0,0.0,33.0,-26.4,-0.0,20.4424,0.11,0.071,0.0109,0.9801,1.004,,,,
44,2026-05-31T03:30:00+00:00,2026-05-31T03:31:00+00:00,1.0,-223.0,333.0,110.0,333.0,110.0,223.0,3,bajada,23:30,2026-05-30,,-0.5,0.75,0.5,0.8944,-0.8944,-3.7167,3.7167,0.0,-7.4333,55.2544,5.2562,-0.2478,0.0,-0.2478,-0.2478,0.0614,0.2478,0.0,0.0,0.0,0.0,0.0,0.0,1,0,0.0,0.5,0.0,0.0,0.0,0.0,0.0,255.009,255.009,1.144,85.003,1.1043,0.9056,233878.0,55.2544,0.0614,279.212,5.2562,0.000236,0.9183,0.0,0.0,1.0,1.0,1.585,0.0,0.0,0.0,0.0,0.0,0.0,0.0,333.0,0.0,111.5,-0.7071,-1.5,333.0,0.4064,0,0,0,0.0,0.0,0.0,0.0,0.0,0.8944,0.7742,0.8165,0.8944,-0.8944,-0.7742,-0.8944,-0.7071,0.0,0.0,0.0,1.0,0.0,60.0,0.0,0.0,60.0,60.0,60.0,60.0,0.0,223.0,-0.0,-446.0,1.1435,55.2544,0.0,0.375,1.0,1.585,,,,
45,2026-05-31T03:31:00+00:00,2026-05-31T03:41:30+00:00,10.5,222.0,110.0,332.0,332.0,110.0,222.0,22,subida,23:31,2026-05-30,,0.0476,0.1304,0.0476,-0.876,0.876,0.3524,1.5759,7.4,0.0,54.76,1.6148,-0.0123,0.0538,0.0,-0.2467,0.0608,0.0552,0.0004,0.0018,0.0082,0.0,0.0001,0.0019,1,1,0.0476,0.0,0.002916,0.061667,0.0,0.012829,1.9202,824.018,78.478,3.712,37.455,1.2336,0.8106,2326804.0,54.76,0.0608,325.213,1.6148,2.4e-05,0.2668,-0.0,0.1112,1.0823,1.0,1.6216,0.004545,0.009091,0.4545,-0.0023,-0.0075,-0.014,3.4594,332.0,0.0,0.0,-4.3644,17.0476,332.0,0.1437,0,0,1,0.0,0.0,0.0,332.0,110.0,-0.876,-0.9474,-0.9512,-0.8693,0.876,0.9474,0.8335,0.9643,0.0,-0.865,-0.9108,-0.7192,30.0,0.0,0.0,0.0,30.0,30.0,30.0,30.0,0.0,0.0,133.2,-0.0,3.7118,5.2152,0.1204,0.0062,0.9643,1.7551,,,,
46,2026-05-31T06:16:00+00:00,2026-05-31T06:27:30+00:00,11.5,-10.0,337.0,327.0,337.0,327.0,10.0,24,bajada,02:16,2026-05-31,,-0.1304,0.3858,0.087,0.9146,-0.9146,-0.0145,0.0403,0.0,-0.1667,0.0422,0.0428,0.0,0.0012,0.0033,-0.0033,0.0,0.0012,0.0,0.0,0.0002,-0.0001,0.0,0.0,2,2,0.0,0.1304,0.000367,0.002214,0.0,0.000683,0.2478,690.63,60.055,69.063,28.776,1.0008,0.9992,2586843.0,0.0422,0.0,328.306,0.0428,0.0,0.9,0.3701,0.1178,0.2831,1.0,1.5283,0.001389,0.003773,0.9288,0.7848,0.1036,-0.0452,2.5183,327.0,0.0,0.0,2.1832,3.0106,327.55,0.0095,0,0,1,0.0,0.0,0.0,337.0,327.0,0.9146,0.9768,0.9709,0.9163,-0.9146,-0.9768,-0.8768,-0.9911,0.0,0.8915,0.9293,0.7521,0.0,120.0,60.0,90.0,90.0,120.0,120.0,120.0,0.0,10.0,-4.6,0.0,69.063,0.0037,0.0333,0.0503,0.9911,0.4327,,,,
47,2026-05-31T08:21:00+00:00,2026-05-31T08:32:00+00:00,11.0,-6.0,333.0,327.0,333.0,327.0,6.0,23,bajada,04:21,2026-05-31,,-0.0455,0.2386,0.0909,0.8927,-0.8927,-0.0091,0.0417,0.0,-0.2,0.04,0.0426,0.0,0.0021,0.0067,-0.0067,0.0001,0.0021,0.0,0.0001,0.0004,-0.0002,0.0,0.0001,2,2,0.0,0.0455,0.00036,0.003333,0.0,0.000842,0.1985,660.594,60.054,110.099,28.721,1.0009,0.9991,2467287.0,0.04,0.0001,327.526,0.0426,0.0,0.4262,0.2124,0.1112,0.6381,1.0,1.5734,0.001449,0.005405,0.7775,0.5184,-0.0143,-0.0265,3.0029,327.0,0.0,0.0,2.9318,6.5952,327.0,0.0052,0,0,1,0.0,0.0,0.0,333.0,327.0,0.8927,0.9612,0.9595,0.8872,-0.8927,-0.9612,-0.8514,-0.9801,0.0,0.8773,0.9214,0.7436,0.0,60.0,0.0,0.0,60.0,60.0,60.0,60.0,0.0,6.0,-4.8,0.0,110.099,0.0036,0.071,0.0109,0.9801,1.004,,,,
48,2026-05-31T12:29:00+00:00,2026-05-31T12:30:00+00:00,1.0,23.0,328.0,351.0,351.0,328.0,23.0,3,subida,08:29,2026-05-31,,0.5,0.75,0.5,-0.8944,0.8944,0.3833,0.3833,0.7667,0.0,0.5878,0.5421,0.0256,0.0,0.0256,0.0256,0.0007,0.0256,0.0,0.0,0.0,0.0,0.0,0.0,1,0,0.5,0.0,0.0,0.0,0.0,0.0,0.0,67.802,67.802,2.948,22.601,1.0552,0.9477,338369.0,0.5878,0.0007,335.842,0.5421,2e-06,0.9183,0.0,0.0,1.0,1.0,1.585,0.0,0.0,0.0,0.0,0.0,0.0,0.0,328.0,0.0,11.5,0.7071,-1.5,328.0,0.0323,0,0,0,0.0,0.0,0.0,0.0,0.0,-0.8944,-0.7742,-0.8165,-0.8944,0.8944,0.7742,0.8944,0.7071,0.0,0.0,0.0,-1.0,60.0,0.0,0.0,0.0,60.0,60.0,60.0,60.0,0.0,0.0,-0.0,46.0,2.9479,0.5878,0.0,0.375,1.0,1.585,,,,
49,2026-05-31T12:30:00+00:00,2026-05-31T12:40:30+00:00,10.5,-23.0,351.0,328.0,351.0,328.0,23.0,22,bajada,08:30,2026-05-31,,-0.0952,0.1623,0.0476,0.8807,-0.8807,-0.0365,0.1425,0.0,-0.6667,0.4544,0.1471,0.0011,0.0041,0.0189,0.0,0.0004,0.0043,-0.0,0.0001,0.0,-0.0005,0.0,0.0001,1,1,0.0,0.0952,0.000955,0.008367,0.0,0.002343,0.5486,636.205,60.591,27.661,28.918,1.0092,0.9909,2384442.0,0.4544,0.0004,329.217,0.1471,0.0,0.5304,0.2201,0.1178,1.0082,1.0,1.6216,0.001515,0.008216,0.5373,0.1323,-0.0096,-0.0178,3.4349,328.0,0.0,0.0,4.2528,16.378,328.0,0.0146,0,0,1,0.0,0.0,0.0,351.0,328.0,0.8807,0.9518,0.9549,0.8744,-0.8807,-0.9518,-0.8382,-0.9688,0.0,0.8691,0.9146,0.7234,0.0,60.0,0.0,30.0,30.0,30.0,30.0,60.0,0.0,23.0,-14.4,-0.0,27.6611,0.0433,0.1188,0.0155,0.9688,1.6349,,,,
50,2026-05-31T14:34:30+00:00,2026-05-31T14:35:30+00:00,1.0,-4.0,330.0,326.0,330.0,326.0,4.0,3,bajada,10:34,2026-05-31,,-0.5,0.75,0.5,0.8944,-0.8944,-0.0667,0.0667,0.0,-0.1333,0.0178,0.0943,-0.0044,0.0,-0.0044,-0.0044,0.0,0.0044,0.0,0.0,0.0,0.0,0.0,0.0,1,0,0.0,0.5,0.0,0.0,0.0,0.0,0.0,60.265,60.265,15.066,20.088,1.0022,0.9978,324076.0,0.0178,0.0,328.672,0.0943,0.0,0.9183,0.0,0.0,1.0,1.0,1.585,0.0,0.0,0.0,0.0,0.0,0.0,0.0,330.0,0.0,2.0,-0.7071,-1.5,330.0,0.0057,0,0,0,0.0,0.0,0.0,0.0,0.0,0.8944,0.7742,0.8165,0.8944,-0.8944,-0.7742,-0.8944,-0.7071,0.0,0.0,0.0,1.0,0.0,60.0,0.0,0.0,60.0,60.0,60.0,60.0,0.0,4.0,-0.0,-8.0,15.0663,0.0178,0.0,0.375,1.0,1.585,,,,
51,2026-05-31T14:35:30+00:00,2026-05-31T15:02:00+00:00,26.5,111.0,326.0,437.0,461.0,326.0,135.0,54,subida,10:35,2026-05-31,,-0.0943,0.4859,0.3019,-0.9185,0.9185,0.0698,0.5705,4.1667,-0.1667,17.5078,0.5747,-0.0,0.0267,0.1322,-0.1389,0.037,0.0267,0.0,0.0015,0.0046,-0.009,0.0001,0.0015,16,22,0.0566,0.1509,0.001795,0.03585,0.0,0.006608,2.9074,1690.737,63.801,15.232,31.31,1.0608,0.9427,9345075.0,17.5078,0.037,416.001,0.5747,2e-06,1.5156,0.476,0.1024,0.0196,0.9606,1.5986,0.000617,0.001528,0.9728,0.9413,0.8066,0.6602,1.9676,439.0,12.5,118.5,-0.9354,-1.0365,417.091,0.1306,1,0,4,24.0,6.157,0.038,461.0,326.0,-0.9185,-0.9495,-0.9365,-0.9067,0.9185,0.9495,0.9013,0.9556,0.0,-0.8769,-0.8826,-0.7887,660.0,0.0,420.0,420.0,1470.0,1050.0,1050.0,1140.0,24.0,0.0,0.0,-0.606,15.2319,0.6607,0.002,0.0458,0.9556,0.0313,,,,
52,2026-06-01T10:57:00+00:00,2026-06-01T11:02:30+00:00,5.5,-4.0,406.0,402.0,406.0,402.0,4.0,12,bajada,06:57,2026-06-01,,-0.0909,0.4196,0.1818,0.9138,-0.9138,-0.0121,0.0383,0.0,-0.1333,0.0178,0.0402,0.0,0.002,0.0044,-0.0044,0.0,0.002,0.0,0.0001,0.0003,-0.0001,0.0,0.0001,2,2,0.0,0.0909,0.000462,0.002222,0.0,0.00071,0.1329,330.265,60.048,82.566,27.522,1.0007,0.9993,1945712.0,0.0178,0.0,402.669,0.0402,0.0,0.65,0.3567,0.2877,0.6792,1.0,1.7925,0.002778,0.005853,0.6732,0.5273,-0.0667,-0.1429,1.9883,402.0,0.0,0.0,1.7889,1.2,402.4,0.0037,0,0,1,0.0,0.0,0.0,406.0,402.0,0.9138,0.9729,0.9648,0.9071,-0.9138,-0.9729,-0.8809,-0.9889,0.0,0.8744,0.9064,0.7483,0.0,60.0,0.0,0.0,60.0,60.0,60.0,60.0,0.0,4.0,-0.0,-0.0,82.5662,0.0032,0.1954,0.0381,0.9889,1.2175,,,,
53,2026-06-01T14:27:30+00:00,2026-06-01T14:38:30+00:00,11.0,-6.0,403.0,397.0,403.0,397.0,6.0,23,bajada,10:27,2026-06-01,,-0.0455,0.2386,0.0909,0.8927,-0.8927,-0.0091,0.0417,0.0,-0.2,0.04,0.0426,0.0,0.0021,0.0067,-0.0067,0.0001,0.0021,0.0,0.0001,0.0004,-0.0002,0.0,0.0001,2,2,0.0,0.0455,0.00036,0.003333,0.0,0.000842,0.1985,660.594,60.054,110.099,28.721,1.0009,0.9991,3634607.0,0.04,0.0001,397.525,0.0426,0.0,0.4262,0.2124,0.1112,0.6381,1.0,1.5734,0.001449,0.005405,0.7775,0.5184,-0.0143,-0.0265,3.0029,397.0,0.0,0.0,2.9318,6.5952,397.0,0.0043,0,0,1,0.0,0.0,0.0,403.0,397.0,0.8927,0.9612,0.9595,0.8872,-0.8927,-0.9612,-0.8514,-0.9801,0.0,0.8773,0.9214,0.7436,0.0,60.0,0.0,0.0,60.0,60.0,60.0,60.0,0.0,6.0,-4.8,0.0,110.099,0.0036,0.071,0.0109,0.9801,1.004,,,,
54,2026-06-01T14:44:00+00:00,2026-06-01T14:55:00+00:00,11.0,-22.0,397.0,375.0,397.0,375.0,22.0,23,bajada,10:44,2026-06-01,,-0.0455,0.2386,0.0909,0.8927,-0.8927,-0.0333,0.1528,0.0,-0.7333,0.5378,0.1563,0.0,0.0075,0.0244,-0.0244,0.0012,0.0075,0.0,0.0004,0.0016,-0.0008,0.0,0.0004,2,2,0.0,0.0455,0.001237,0.012222,0.0,0.002969,0.6701,667.202,60.655,30.327,29.009,1.0104,0.9898,3268343.0,0.5378,0.0012,376.964,0.1563,0.0,0.4262,0.2124,0.1112,0.6381,1.0,1.5734,0.001449,0.005405,0.7775,0.5184,-0.0143,-0.0265,3.0029,375.0,0.0,0.0,2.9318,6.5952,375.0,0.0164,0,0,1,0.0,0.0,0.0,397.0,375.0,0.8927,0.9612,0.9595,0.8872,-0.8927,-0.9612,-0.8514,-0.9801,0.0,0.8773,0.9214,0.7436,0.0,60.0,0.0,0.0,60.0,60.0,60.0,60.0,0.0,22.0,-17.6,-0.0,30.3274,0.0489,0.071,0.0109,0.9801,1.004,,,,
55,2026-06-01T17:19:00+00:00,2026-06-01T17:20:00+00:00,1.0,-370.0,370.0,0.0,370.0,0.0,370.0,3,bajada,13:19,2026-06-01,,-0.5,0.75,0.5,0.8944,-0.8944,-6.1667,6.1667,0.0,-12.3333,152.1111,8.721,-0.4111,0.0,-0.4111,-0.4111,0.169,0.4111,0.0,0.0,0.0,0.0,0.0,0.0,1,0,0.0,0.5,0.0,0.0,0.0,0.0,0.0,401.214,401.214,1.084,133.738,1.0704,0.9342,273800.0,152.1111,0.169,302.104,8.721,0.000556,0.9183,0.0,0.0,1.0,1.0,1.585,0.0,0.0,0.0,0.0,0.0,0.0,0.0,370.0,0.0,185.0,-0.7071,-1.5,370.0,0.7071,0,0,0,0.0,0.0,0.0,0.0,0.0,0.8944,0.7742,0.8165,0.8944,-0.8944,-0.7742,-0.8944,-0.7071,0.0,0.0,0.0,1.0,0.0,60.0,0.0,0.0,60.0,60.0,60.0,60.0,0.0,370.0,-0.0,-740.0,1.0844,152.1111,0.0,0.375,1.0,1.585,,,,
56,2026-06-01T17:20:00+00:00,2026-06-01T17:30:30+00:00,10.5,370.0,0.0,370.0,370.0,0.0,370.0,22,subida,13:20,2026-06-01,,0.0476,0.1304,0.0476,-0.876,0.876,0.5873,2.6265,12.3333,0.0,152.1111,2.6914,-0.0206,0.0896,0.0,-0.4111,0.169,0.0919,0.0007,0.0031,0.0137,0.0,0.0002,0.0031,1,1,0.0476,0.0,0.004715,0.102778,0.0,0.0214,3.1103,971.214,92.497,2.625,44.146,1.3293,0.7523,2874900.0,152.1111,0.169,361.493,2.6914,5.3e-05,0.2668,-0.0,0.1112,1.0823,1.0,1.6216,0.001515,0.009091,0.4545,-0.0023,-0.0075,-0.014,3.4594,370.0,0.0,0.0,-4.3644,17.0476,370.0,0.2182,0,0,1,0.0,0.0,0.0,370.0,0.0,-0.876,-0.9474,-0.9512,-0.8693,0.876,0.9474,0.8335,0.9643,0.0,-0.865,-0.9108,-0.7192,30.0,0.0,0.0,0.0,30.0,30.0,30.0,30.0,0.0,0.0,222.0,0.0,2.6249,14.4868,0.1204,0.0062,0.9643,1.7551,,,,
57,2026-06-01T20:05:00+00:00,2026-06-01T20:06:00+00:00,1.0,-229.0,367.0,138.0,367.0,138.0,229.0,3,bajada,16:05,2026-06-01,,-0.5,0.75,0.5,0.8944,-0.8944,-3.8167,3.8167,0.0,-7.6333,58.2678,5.3976,-0.2544,0.0,-0.2544,-0.2544,0.0647,0.2544,0.0,0.0,0.0,0.0,0.0,0.0,1,0,0.0,0.5,0.0,0.0,0.0,0.0,0.0,260.957,260.957,1.14,86.986,1.1023,0.9072,288422.0,58.2678,0.0647,310.066,5.3976,0.000202,0.9183,0.0,0.0,1.0,1.0,1.585,0.0,0.0,0.0,0.0,0.0,0.0,0.0,367.0,0.0,114.5,-0.7071,-1.5,367.0,0.3714,0,0,0,0.0,0.0,0.0,0.0,0.0,0.8944,0.7742,0.8165,0.8944,-0.8944,-0.7742,-0.8944,-0.7071,0.0,0.0,0.0,1.0,0.0,60.0,0.0,0.0,60.0,60.0,60.0,60.0,0.0,229.0,-0.0,-458.0,1.1396,58.2678,0.0,0.375,1.0,1.585,,,,
58,2026-06-01T20:06:00+00:00,2026-06-01T20:16:30+00:00,10.5,229.0,138.0,367.0,367.0,138.0,229.0,22,subida,16:06,2026-06-01,,0.0476,0.1304,0.0476,-0.876,0.876,0.3635,1.6256,7.6333,0.0,58.2678,1.6657,-0.0127,0.0555,0.0,-0.2544,0.0647,0.0569,0.0004,0.0019,0.0085,0.0,0.0001,0.0019,1,1,0.0476,0.0,0.002998,0.063611,0.0,0.013234,1.9747,830.957,79.139,3.629,37.771,1.2396,0.8067,2847513.0,58.2678,0.0647,359.767,1.6657,2e-05,0.2668,-0.0,0.1112,1.0823,1.0,1.6216,0.004545,0.009091,0.4545,-0.0023,-0.0075,-0.014,3.4594,367.0,0.0,0.0,-4.3644,17.0476,367.0,0.1338,0,0,1,0.0,0.0,0.0,367.0,138.0,-0.876,-0.9474,-0.9512,-0.8693,0.876,0.9474,0.8335,0.9643,0.0,-0.865,-0.9108,-0.7192,30.0,0.0,0.0,0.0,30.0,30.0,30.0,30.0,0.0,0.0,137.4,-0.0,3.6286,5.5493,0.1204,0.0062,0.9643,1.7551,,,,
59,2026-06-01T22:52:30+00:00,2026-06-01T22:53:30+00:00,1.0,6.0,365.0,371.0,371.0,365.0,6.0,3,subida,18:52,2026-06-01,,0.5,0.75,0.5,-0.8944,0.8944,0.1,0.1,0.2,0.0,0.04,0.1414,0.0067,0.0,0.0067,0.0067,0.0,0.0067,0.0,0.0,0.0,0.0,0.0,0.0,1,0,0.5,0.0,0.0,0.0,0.0,0.0,0.0,60.594,60.594,10.099,20.198,1.0049,0.9951,404091.0,0.04,0.0,367.011,0.1414,0.0,0.9183,0.0,0.0,1.0,1.0,1.585,0.0,0.0,0.0,0.0,0.0,0.0,0.0,365.0,0.0,3.0,0.7071,-1.5,365.0,0.0077,0,0,0,0.0,0.0,0.0,0.0,0.0,-0.8944,-0.7742,-0.8165,-0.8944,0.8944,0.7742,0.8944,0.7071,0.0,0.0,0.0,-1.0,60.0,0.0,0.0,0.0,60.0,60.0,60.0,60.0,0.0,0.0,-0.0,12.0,10.099,0.04,0.0,0.375,1.0,1.585,,,,
60,2026-06-01T22:53:30+00:00,2026-06-01T23:04:30+00:00,11.0,-9.0,371.0,362.0,371.0,362.0,9.0,23,bajada,18:53,2026-06-01,,-0.0909,0.233,0.0455,0.8915,-0.8915,-0.0136,0.0457,0.0,-0.2,0.05,0.0477,0.0002,0.0016,0.0067,-0.0033,0.0001,0.0016,0.0,0.0001,0.0003,-0.0002,0.0,0.0001,1,2,0.0,0.0909,0.000251,0.002463,0.0,0.000662,0.1485,660.744,60.068,73.416,28.728,1.001,0.999,3024989.0,0.05,0.0001,362.659,0.0477,0.0,0.5132,0.2124,0.1112,0.7448,1.0,1.5734,0.001449,0.005669,0.7515,0.4842,-0.0137,-0.0253,3.0938,362.0,0.0,0.0,3.1485,8.3601,362.0,0.006,0,0,1,0.0,0.0,0.0,371.0,362.0,0.8915,0.9613,0.9615,0.8849,-0.8915,-0.9613,-0.8495,-0.9804,0.0,0.8774,0.9226,0.7417,0.0,60.0,30.0,30.0,60.0,60.0,60.0,60.0,0.0,9.0,-6.6,-0.0,73.416,0.0045,0.0828,0.0212,0.9804,1.1719,,,,
61,2026-06-02T00:31:00+00:00,2026-06-02T00:43:00+00:00,12.0,-39.0,358.0,319.0,358.0,319.0,39.0,25,bajada,20:31,2026-06-01,,-0.125,0.407,0.125,0.9179,-0.9179,-0.0542,0.2262,0.0,-1.1333,1.2989,0.2326,0.0001,0.0112,0.0378,-0.0378,0.0029,0.0112,0.0,0.0007,0.0025,-0.0014,0.0,0.0007,3,4,0.0,0.125,0.001207,0.009444,0.0,0.002745,0.8973,735.559,61.297,18.86,29.422,1.0201,0.9803,2641099.0,1.2989,0.0029,325.029,0.2326,0.0,0.7943,0.3588,0.1112,0.1444,1.0,1.486,0.001333,0.003686,0.9023,0.7669,0.2678,-0.0474,2.4602,319.0,0.0,0.0,1.8719,1.5352,322.238,0.0407,0,0,1,0.0,0.0,0.0,358.0,319.0,0.9179,0.9759,0.9686,0.9148,-0.9179,-0.9759,-0.8825,-0.9904,0.0,0.8894,0.9247,0.7666,0.0,120.0,60.0,60.0,120.0,60.0,60.0,120.0,0.0,39.0,-16.2,-0.0,18.8605,0.1082,0.0161,0.0509,0.9904,0.2146,,,,
62,2026-06-02T02:46:00+00:00,2026-06-02T02:47:00+00:00,1.0,5.0,316.0,321.0,321.0,316.0,5.0,3,subida,22:46,2026-06-01,,0.5,0.75,0.5,-0.8944,0.8944,0.0833,0.0833,0.1667,0.0,0.0278,0.1179,0.0056,0.0,0.0056,0.0056,0.0,0.0056,0.0,0.0,0.0,0.0,0.0,0.0,1,0,0.5,0.0,0.0,0.0,0.0,0.0,0.0,60.414,60.414,12.083,20.138,1.0034,0.9966,302753.0,0.0278,0.0,317.675,0.1179,0.0,0.9183,0.0,0.0,1.0,1.0,1.585,0.0,0.0,0.0,0.0,0.0,0.0,0.0,316.0,0.0,2.5,0.7071,-1.5,316.0,0.0074,0,0,0,0.0,0.0,0.0,0.0,0.0,-0.8944,-0.7742,-0.8165,-0.8944,0.8944,0.7742,0.8944,0.7071,0.0,0.0,0.0,-1.0,60.0,0.0,0.0,0.0,60.0,60.0,60.0,60.0,0.0,0.0,-0.0,10.0,12.0828,0.0278,0.0,0.375,1.0,1.585,,,,
63,2026-06-02T02:47:00+00:00,2026-06-02T02:58:00+00:00,11.0,-6.0,321.0,315.0,321.0,315.0,6.0,23,bajada,22:47,2026-06-01,,-0.0909,0.3037,0.0909,0.9023,-0.9023,-0.0091,0.0305,0.0,-0.1333,0.0222,0.0318,0.0,0.0012,0.0022,-0.0044,0.0,0.0012,0.0,0.0001,0.0002,-0.0001,0.0,0.0001,2,2,0.0,0.0909,0.000289,0.002222,0.0,0.00063,0.166,660.332,60.03,110.055,28.71,1.0005,0.9995,2291071.0,0.0222,0.0,315.613,0.0318,0.0,0.6784,0.3165,0.1178,0.5198,1.0,1.5734,0.001449,0.00455,0.8734,0.6625,-0.0189,-0.0351,2.7718,315.0,0.0,0.0,2.6959,5.5678,315.105,0.0054,0,0,1,0.0,0.0,0.0,321.0,315.0,0.9023,0.9691,0.9659,0.8992,-0.9023,-0.9691,-0.862,-0.9877,0.0,0.8842,0.9267,0.7537,0.0,90.0,0.0,60.0,60.0,90.0,90.0,90.0,0.0,6.0,-4.4,0.0,110.0553,0.002,0.0612,0.0276,0.9877,0.8179,,,,
64,2026-06-02T11:44:00+00:00,2026-06-02T11:45:00+00:00,1.0,5.0,315.0,320.0,320.0,315.0,5.0,3,subida,07:44,2026-06-02,,0.5,0.75,0.5,-0.8944,0.8944,0.0833,0.0833,0.1667,0.0,0.0278,0.1179,0.0056,0.0,0.0056,0.0056,0.0,0.0056,0.0,0.0,0.0,0.0,0.0,0.0,1,0,0.5,0.0,0.0,0.0,0.0,0.0,0.0,60.414,60.414,12.083,20.138,1.0034,0.9966,300850.0,0.0278,0.0,316.675,0.1179,0.0,0.9183,0.0,0.0,1.0,1.0,1.585,0.0,0.0,0.0,0.0,0.0,0.0,0.0,315.0,0.0,2.5,0.7071,-1.5,315.0,0.0074,0,0,0,0.0,0.0,0.0,0.0,0.0,-0.8944,-0.7742,-0.8165,-0.8944,0.8944,0.7742,0.8944,0.7071,0.0,0.0,0.0,-1.0,60.0,0.0,0.0,0.0,60.0,60.0,60.0,60.0,0.0,0.0,-0.0,10.0,12.0828,0.0278,0.0,0.375,1.0,1.585,,,,
65,2026-06-02T11:45:00+00:00,2026-06-02T11:55:30+00:00,10.5,-7.0,320.0,313.0,320.0,313.0,7.0,22,bajada,07:45,2026-06-02,,-0.0476,0.1304,0.0476,0.876,-0.876,-0.0111,0.0497,0.0,-0.2333,0.0544,0.0509,0.0004,0.0017,0.0078,0.0,0.0001,0.0017,-0.0,0.0001,0.0,-0.0003,0.0,0.0001,1,1,0.0,0.0476,0.000425,0.003811,0.0,0.001113,0.2265,630.806,60.077,90.115,28.673,1.0012,0.9988,2159749.0,0.0544,0.0001,313.322,0.0509,0.0,0.2668,0.1108,0.1112,1.0823,1.0,1.6216,0.001515,0.009091,0.4545,-0.0023,-0.0075,-0.014,3.4594,313.0,0.0,0.0,4.3644,17.0476,313.0,0.0047,0,0,1,0.0,0.0,0.0,320.0,313.0,0.876,0.9474,0.9512,0.8693,-0.876,-0.9474,-0.8335,-0.9643,0.0,0.865,0.9108,0.7192,0.0,30.0,0.0,0.0,30.0,30.0,30.0,30.0,0.0,7.0,-4.2,0.0,90.1151,0.0052,0.1204,0.0062,0.9643,1.7551,,,,
66,2026-06-02T14:53:00+00:00,2026-06-02T14:54:00+00:00,1.0,6.0,312.0,318.0,318.0,312.0,6.0,3,subida,10:53,2026-06-02,,0.5,0.75,0.5,-0.8944,0.8944,0.1,0.1,0.2,0.0,0.04,0.1414,0.0067,0.0,0.0067,0.0067,0.0,0.0067,0.0,0.0,0.0,0.0,0.0,0.0,1,0,0.5,0.0,0.0,0.0,0.0,0.0,0.0,60.594,60.594,10.099,20.198,1.0049,0.9951,295812.0,0.04,0.0,314.013,0.1414,0.0,0.9183,0.0,0.0,1.0,1.0,1.585,0.0,0.0,0.0,0.0,0.0,0.0,0.0,312.0,0.0,3.0,0.7071,-1.5,312.0,0.009,0,0,0,0.0,0.0,0.0,0.0,0.0,-0.8944,-0.7742,-0.8165,-0.8944,0.8944,0.7742,0.8944,0.7071,0.0,0.0,0.0,-1.0,60.0,0.0,0.0,0.0,60.0,60.0,60.0,60.0,0.0,0.0,-0.0,12.0,10.099,0.04,0.0,0.375,1.0,1.585,,,,
67,2026-06-02T14:54:00+00:00,2026-06-02T15:04:30+00:00,10.5,-16.0,318.0,302.0,318.0,302.0,16.0,22,bajada,10:54,2026-06-02,,-0.0952,0.1888,0.0476,0.8843,-0.8843,-0.0254,0.0884,0.0,-0.4,0.1778,0.092,0.0007,0.0021,0.0089,0.0,0.0001,0.0022,-0.0,0.0,0.0,-0.0001,0.0,0.0,1,1,0.0,0.0952,0.000641,0.005012,0.0,0.0015,0.3695,632.576,60.245,39.536,28.753,1.0038,0.9962,2018840.0,0.1778,0.0001,302.928,0.092,0.0,0.5304,0.2201,0.1178,0.9476,1.0,1.6216,0.001515,0.007453,0.6095,0.2457,-0.0113,-0.0211,3.3723,302.0,0.0,0.0,4.0032,14.7467,302.0,0.0112,0,0,1,0.0,0.0,0.0,318.0,302.0,0.8843,0.9552,0.9576,0.8785,-0.8843,-0.9552,-0.842,-0.9723,0.0,0.8722,0.9175,0.7268,0.0,60.0,0.0,30.0,30.0,60.0,60.0,60.0,0.0,16.0,-10.4,-0.0,39.536,0.0169,0.1116,0.018,0.9723,1.5366,,,,
68,2026-06-02T21:10:00+00:00,2026-06-02T21:11:30+00:00,1.5,-311.0,311.0,0.0,313.0,0.0,313.0,4,bajada,17:10,2026-06-02,,-0.3333,0.8038,0.3333,0.9452,-0.9452,-3.4556,4.8171,0.0667,-10.2667,105.4367,5.9284,-0.0039,0.3406,0.3367,-0.3444,0.232,0.3406,0.0227,0.0,0.0227,0.0227,0.0005,0.0227,1,1,0.3333,0.6667,0.083453,0.17108,0.000549,0.082933,5.0248,369.938,246.625,1.19,92.484,1.1426,0.8752,194715.0,105.4367,0.232,220.633,5.9284,0.000541,1.0,0.3869,0.0,1.0,0.9909,2.0,0.008333,0.008334,0.0,0.3364,-1.0094,0.0,0.0007,158.0,154.0,307.75,-0.0003,-1.9994,158.0,0.9842,0,0,0,0.0,0.0,0.0,313.0,0.0,0.9452,0.8946,0.9071,0.9709,-0.9452,-0.8946,-0.9722,-0.8138,0.0,0.4927,0.4927,0.9512,30.0,90.0,0.0,60.0,60.0,60.0,60.0,60.0,2.0,311.0,4.0,-10.0,1.1895,70.2911,0.0,0.2679,0.9722,2.0,,,,
69,2026-06-02T21:11:30+00:00,2026-06-02T21:26:30+00:00,15.0,491.0,0.0,491.0,531.0,0.0,531.0,31,subida,17:11,2026-06-02,,-0.2,0.0431,0.3333,-0.864,0.864,0.5456,3.1623,17.5667,-0.4333,308.9278,3.209,-0.0202,0.1061,0.01,-0.5811,0.3383,0.108,0.0007,0.0035,0.0187,-0.0004,0.0004,0.0036,10,12,0.0667,0.2667,0.005348,0.147226,0.0,0.025917,4.9724,1402.816,93.521,2.857,45.252,1.3683,0.7308,7486565.0,308.9278,0.3383,491.429,3.209,4.1e-05,0.2056,0.6524,0.0832,0.9575,0.9793,1.7579,0.008602,0.00879,0.451,-0.046,-0.0394,-0.0352,3.9006,493.0,3.0,9.0,-5.1691,25.2024,497.0,0.1839,1,0,3,40.0,2.599,0.067,531.0,0.0,-0.864,-0.937,-0.9424,-0.8539,0.864,0.937,0.8196,0.9525,0.0,-0.8608,-0.9084,-0.7052,60.0,0.0,0.0,0.0,750.0,750.0,750.0,300.0,40.0,0.0,143.314,-0.0,2.8571,20.5952,0.0797,0.0086,0.9525,1.6832,,,,
70,2026-06-02T23:13:30+00:00,2026-06-02T23:19:30+00:00,6.0,5.0,475.0,480.0,480.0,475.0,5.0,13,subida,19:13,2026-06-02,,0.0833,0.3929,0.1667,-0.9106,0.9106,0.0139,0.0461,0.1667,0.0,0.0278,0.0481,0.0,0.0024,0.0056,-0.0056,0.0001,0.0024,-0.0,0.0001,0.0002,-0.0004,0.0,0.0001,2,2,0.0833,0.0,0.000532,0.002778,0.0,0.000866,0.1658,360.414,60.069,72.083,27.724,1.0011,0.9989,2985650.0,0.0278,0.0001,479.234,0.0481,0.0,0.6194,-0.0,0.2513,0.6643,1.0,1.9925,0.002564,0.005779,0.8316,0.5265,-0.0545,-0.1136,2.1195,480.0,0.0,0.0,-1.9188,1.6818,479.545,0.0038,0,0,1,0.0,0.0,0.0,480.0,475.0,-0.9106,-0.9718,-0.9644,-0.9113,0.9106,0.9718,0.8761,0.9899,0.0,-0.8734,-0.9104,-0.76,60.0,0.0,0.0,0.0,60.0,60.0,60.0,60.0,0.0,0.0,-0.0,-0.0,72.0828,0.0046,0.1669,0.0327,0.9899,1.3236,,,,
71,2026-06-02T23:48:00+00:00,2026-06-02T23:59:00+00:00,11.0,-7.0,479.0,472.0,479.0,472.0,7.0,23,bajada,19:48,2026-06-02,,-0.0909,0.3168,0.0909,0.9042,-0.9042,-0.0106,0.0339,0.0,-0.1333,0.0278,0.0355,0.0,0.0012,0.0033,-0.0044,0.0,0.0012,0.0,0.0001,0.0002,-0.0001,0.0,0.0001,2,2,0.0,0.0909,0.000313,0.002222,0.0,0.00069,0.1826,660.415,60.038,94.345,28.714,1.0006,0.9994,5140187.0,0.0278,0.0,472.743,0.0355,0.0,0.6784,0.3165,0.1178,0.4891,1.0,1.5734,0.001449,0.004402,0.8909,0.6871,-0.02,-0.037,2.7178,472.0,0.0,0.0,2.5833,5.0084,472.158,0.0043,0,0,1,0.0,0.0,0.0,479.0,472.0,0.9042,0.9705,0.9668,0.9018,-0.9042,-0.9705,-0.8643,-0.9889,0.0,0.8853,0.9273,0.7559,0.0,90.0,0.0,60.0,60.0,90.0,90.0,90.0,0.0,7.0,-5.0,0.0,94.345,0.0025,0.0576,0.0288,0.9889,0.7695,,,,
72,2026-06-03T10:50:30+00:00,2026-06-03T11:01:30+00:00,11.0,-8.0,453.0,445.0,453.0,445.0,8.0,23,bajada,06:50,2026-06-03,,-0.0909,0.3793,0.1818,0.9129,-0.9129,-0.0121,0.0396,0.0,-0.1667,0.0378,0.0414,0.0,0.002,0.0056,-0.0056,0.0001,0.002,0.0,0.0001,0.0004,-0.0003,0.0,0.0001,4,4,0.0,0.0909,0.000301,0.002778,0.0,0.000643,0.1659,660.563,60.051,82.57,28.72,1.0008,0.9992,4574301.0,0.0378,0.0001,445.963,0.0414,0.0,0.8405,0.3454,0.1252,0.3875,1.0,1.5734,0.001449,0.004308,0.8608,0.6919,0.1692,-0.0468,2.6948,445.0,0.0,0.0,2.401,4.3256,445.316,0.0052,0,0,1,0.0,0.0,0.0,453.0,445.0,0.9129,0.9765,0.9719,0.9067,-0.9129,-0.9765,-0.8745,-0.9936,0.0,0.8898,0.9296,0.7662,0.0,120.0,0.0,60.0,60.0,120.0,120.0,120.0,0.0,8.0,-4.0,0.0,82.5704,0.0034,0.0485,0.0345,0.9936,0.6097,,,,
73,2026-06-03T11:38:00+00:00,2026-06-03T11:44:30+00:00,6.5,-5.0,449.0,444.0,449.0,444.0,5.0,14,bajada,07:38,2026-06-03,,-0.0769,0.5077,0.1538,0.9271,-0.9271,-0.0128,0.0444,0.0,-0.1667,0.0278,0.0462,0.0,0.0023,0.0056,-0.0056,0.0001,0.0023,0.0,0.0001,0.0004,-0.0002,0.0,0.0001,2,3,0.0,0.0769,0.000395,0.001389,0.0,0.000624,0.1658,390.414,60.064,78.083,27.887,1.001,0.999,2773299.0,0.0278,0.0001,445.076,0.0462,0.0,0.7496,0.3159,0.2787,0.3169,1.0,1.6317,0.002381,0.005127,0.8816,0.697,-0.0744,-0.1515,1.9597,444.0,0.0,0.0,1.3926,-0.0606,444.833,0.0046,0,0,1,0.0,0.0,0.0,449.0,444.0,0.9271,0.9727,0.9621,0.9218,-0.9271,-0.9727,-0.9015,-0.9757,0.0,0.8716,0.8944,0.8037,0.0,90.0,0.0,0.0,90.0,90.0,90.0,90.0,0.0,5.0,-0.0,-0.0,78.0828,0.0043,0.0883,0.039,0.9757,0.5171,,,,
74,2026-06-03T12:54:00+00:00,2026-06-03T12:55:00+00:00,1.0,-444.0,444.0,0.0,444.0,0.0,444.0,3,bajada,08:54,2026-06-03,,-0.5,0.75,0.5,0.8944,-0.8944,-7.4,7.4,0.0,-14.8,219.04,10.4652,-0.4933,0.0,-0.4933,-0.4933,0.2434,0.4933,0.0,0.0,0.0,0.0,0.0,0.0,1,0,0.0,0.5,0.0,0.0,0.0,0.0,0.0,475.012,475.012,1.07,158.337,1.0602,0.9432,394272.0,219.04,0.2434,362.524,10.4652,0.000556,0.9183,0.0,0.0,1.0,1.0,1.585,0.0,0.0,0.0,0.0,0.0,0.0,0.0,444.0,0.0,222.0,-0.7071,-1.5,444.0,0.7071,0,0,0,0.0,0.0,0.0,0.0,0.0,0.8944,0.7742,0.8165,0.8944,-0.8944,-0.7742,-0.8944,-0.7071,0.0,0.0,0.0,1.0,0.0,60.0,0.0,0.0,60.0,60.0,60.0,60.0,0.0,444.0,-0.0,-888.0,1.0698,219.04,0.0,0.375,1.0,1.585,,,,
75,2026-06-03T12:55:00+00:00,2026-06-03T13:05:30+00:00,10.5,444.0,0.0,444.0,444.0,0.0,444.0,22,subida,08:55,2026-06-03,,0.0476,0.1304,0.0476,-0.876,0.876,0.7048,3.1518,14.8,0.0,219.04,3.2296,-0.0247,0.1075,0.0,-0.4933,0.2434,0.1103,0.0009,0.0037,0.0164,0.0,0.0003,0.0038,1,1,0.0476,0.0,0.005636,0.123333,0.0,0.025684,3.7189,1045.012,99.525,2.354,47.501,1.3559,0.7375,4139856.0,219.04,0.2434,433.792,3.2296,5.3e-05,0.2668,-0.0,0.1112,1.0823,1.0,1.6216,0.001515,0.009091,0.4545,-0.0023,-0.0075,-0.014,3.4594,444.0,0.0,0.0,-4.3644,17.0476,444.0,0.2182,0,0,1,0.0,0.0,0.0,444.0,0.0,-0.876,-0.9474,-0.9512,-0.8693,0.876,0.9474,0.8335,0.9643,0.0,-0.865,-0.9108,-0.7192,30.0,0.0,0.0,0.0,30.0,30.0,30.0,30.0,0.0,0.0,266.4,0.0,2.3536,20.861,0.1204,0.0062,0.9643,1.7551,,,,
76,2026-06-03T15:25:30+00:00,2026-06-03T15:38:00+00:00,12.5,-3.0,446.0,443.0,449.0,443.0,6.0,26,mixto,11:25,2026-06-03,,0.0,0.3888,0.16,0.8403,-0.8403,-0.004,0.0445,0.1,-0.2,0.05,0.0447,0.0,0.0022,0.0067,-0.0067,0.0001,0.0022,-0.0,0.0001,0.0004,-0.0002,0.0,0.0001,4,5,0.04,0.04,0.000415,0.0025,0.0,0.000737,0.2983,750.744,60.059,250.248,28.875,1.001,0.999,5123864.0,0.05,0.0001,443.928,0.0447,0.0,0.893,0.1923,0.1171,0.3633,0.7478,1.4463,0.001282,0.003543,0.9143,0.7888,0.2435,-0.0508,2.4294,443.0,0.0,0.0,1.8983,1.9317,443.545,0.0045,1,0,1,3.0,1.375,0.08,449.0,443.0,0.8403,0.8603,0.8417,0.8389,-0.8403,-0.8603,-0.8276,-0.862,0.0,0.7756,0.7814,0.7392,60.0,150.0,0.0,0.0,150.0,150.0,150.0,150.0,3.0,3.0,1.8,0.0,250.248,0.004,0.0425,0.0,0.862,0.5254,,,,
77,2026-06-04T01:51:00+00:00,2026-06-04T02:02:30+00:00,11.5,-6.0,443.0,437.0,443.0,437.0,6.0,24,bajada,21:51,2026-06-03,,-0.0435,0.3287,0.087,0.906,-0.906,-0.0087,0.0408,0.0,-0.2,0.04,0.0417,0.0,0.002,0.0067,-0.0067,0.0001,0.002,0.0,0.0001,0.0004,-0.0002,0.0,0.0001,2,3,0.0,0.0435,0.000276,0.001667,0.0,0.000617,0.1985,690.594,60.052,115.099,28.775,1.0008,0.9992,4599096.0,0.04,0.0001,437.754,0.0417,0.0,0.5436,0.2052,0.1171,0.299,1.0,1.5283,0.001389,0.00454,0.881,0.6894,-0.0204,-0.0376,2.7396,437.0,0.0,0.0,2.2678,3.1429,437.3,0.0045,0,0,1,0.0,0.0,0.0,443.0,437.0,0.906,0.969,0.9631,0.9117,-0.906,-0.969,-0.8677,-0.9835,0.0,0.8849,0.9234,0.7436,0.0,90.0,0.0,0.0,90.0,90.0,90.0,90.0,0.0,6.0,-3.6,0.0,115.099,0.0035,0.035,0.0143,0.9835,0.457,,,,
78,2026-06-04T09:14:30+00:00,2026-06-04T09:27:00+00:00,12.5,-9.0,445.0,436.0,445.0,436.0,9.0,26,bajada,05:14,2026-06-04,,-0.08,0.4652,0.16,0.9263,-0.9263,-0.012,0.0431,0.0,-0.2,0.05,0.0447,0.0,0.0022,0.0067,-0.0067,0.0001,0.0022,0.0,0.0001,0.0004,-0.0002,0.0,0.0001,4,5,0.0,0.08,0.00035,0.001667,0.0,0.000615,0.2483,750.744,60.059,83.416,28.875,1.0009,0.9991,4974158.0,0.05,0.0001,437.394,0.0447,0.0,0.893,0.3159,0.1171,0.1532,1.0,1.4463,0.001282,0.003536,0.8749,0.7922,0.4397,-0.0539,2.4449,436.0,0.0,0.0,1.7522,1.3801,436.818,0.0067,0,0,1,0.0,0.0,0.0,445.0,436.0,0.9263,0.9822,0.9752,0.9136,-0.9263,-0.9822,-0.8921,-0.9955,0.0,0.8947,0.9279,0.784,0.0,150.0,60.0,60.0,150.0,150.0,150.0,150.0,0.0,9.0,-1.8,-0.0,83.416,0.004,0.0179,0.0372,0.9955,0.2216,,,,
79,2026-06-04T10:03:00+00:00,2026-06-04T10:04:00+00:00,1.0,5.0,436.0,441.0,441.0,436.0,5.0,3,subida,06:03,2026-06-04,,0.5,0.75,0.5,-0.8944,0.8944,0.0833,0.0833,0.1667,0.0,0.0278,0.1179,0.0056,0.0,0.0056,0.0056,0.0,0.0056,0.0,0.0,0.0,0.0,0.0,0.0,1,0,0.5,0.0,0.0,0.0,0.0,0.0,0.0,60.414,60.414,12.083,20.138,1.0034,0.9966,574673.0,0.0278,0.0,437.673,0.1179,0.0,0.9183,0.0,0.0,1.0,1.0,1.585,0.0,0.0,0.0,0.0,0.0,0.0,0.0,436.0,0.0,2.5,0.7071,-1.5,436.0,0.0054,0,0,0,0.0,0.0,0.0,0.0,0.0,-0.8944,-0.7742,-0.8165,-0.8944,0.8944,0.7742,0.8944,0.7071,0.0,0.0,0.0,-1.0,60.0,0.0,0.0,0.0,60.0,60.0,60.0,60.0,0.0,0.0,-0.0,10.0,12.0828,0.0278,0.0,0.375,1.0,1.585,,,,
80,2026-06-04T10:04:00+00:00,2026-06-04T10:15:30+00:00,11.5,-8.0,441.0,433.0,441.0,433.0,8.0,24,bajada,06:04,2026-06-04,,-0.0435,0.3287,0.087,0.906,-0.906,-0.0116,0.0544,0.0,-0.2667,0.0711,0.0556,0.0,0.0027,0.0089,-0.0089,0.0002,0.0027,0.0,0.0002,0.0006,-0.0003,0.0,0.0002,2,3,0.0,0.0435,0.000366,0.002222,0.0,0.000817,0.2632,691.048,60.091,86.381,28.794,1.0015,0.9986,4520712.0,0.0711,0.0002,434.008,0.0556,0.0,0.5436,0.2052,0.1171,0.299,1.0,1.5283,0.001389,0.00454,0.881,0.6894,-0.0204,-0.0376,2.7396,433.0,0.0,0.0,2.2678,3.1429,433.4,0.0061,0,0,1,0.0,0.0,0.0,441.0,433.0,0.906,0.969,0.9631,0.9117,-0.906,-0.969,-0.8677,-0.9835,0.0,0.8849,0.9234,0.7436,0.0,90.0,0.0,0.0,90.0,90.0,90.0,90.0,0.0,8.0,-4.8,-0.0,86.381,0.0062,0.035,0.0143,0.9835,0.457,,,,
81,2026-06-04T10:49:30+00:00,2026-06-04T10:54:30+00:00,5.0,-4.0,433.0,429.0,433.0,429.0,4.0,11,bajada,06:49,2026-06-04,,-0.1,0.25,0.1,0.8864,-0.8864,-0.0133,0.04,0.0,-0.1333,0.0178,0.0422,0.0005,0.0014,0.0044,0.0,0.0,0.0015,-0.0,0.0,0.0,-0.0001,0.0,0.0001,1,1,0.0,0.1,0.000498,0.002207,0.0,0.000856,0.132,300.265,60.053,75.066,27.297,1.0008,0.9992,2027899.0,0.0178,0.0,429.365,0.0422,0.0,0.4395,0.1947,0.2877,1.0,1.0,1.887,0.00303,0.009091,0.4,-0.01,-0.0375,-0.0833,2.3219,429.0,0.0,0.0,2.846,6.1,429.0,0.0027,0,0,1,0.0,0.0,0.0,433.0,429.0,0.8864,0.958,0.9581,0.8696,-0.8864,-0.958,-0.8472,-0.9878,0.0,0.8575,0.9038,0.7483,0.0,30.0,0.0,0.0,30.0,30.0,30.0,30.0,0.0,4.0,-8.0,-0.0,75.0662,0.0036,0.2877,0.025,0.9878,1.887,,,,
82,2026-06-04T14:14:00+00:00,2026-06-04T14:26:00+00:00,12.0,-54.0,425.0,371.0,425.0,371.0,54.0,25,bajada,10:14,2026-06-04,,-0.0417,0.4038,0.0833,0.9165,-0.9165,-0.075,0.3597,0.0,-1.8,3.24,0.3674,0.0,0.0177,0.06,-0.06,0.0072,0.0177,0.0,0.001,0.004,-0.002,0.0,0.001,2,3,0.0,0.0417,0.001693,0.015,0.0,0.004263,1.2696,751.774,62.648,13.922,30.071,1.0412,0.9604,3612961.0,3.24,0.0072,380.156,0.3674,1e-06,0.6343,0.1985,0.1221,0.0889,1.0,1.486,0.001333,0.003624,0.9098,0.7733,0.2581,-0.0476,2.4334,371.0,0.0,0.0,1.8549,1.4405,376.143,0.0521,0,0,1,0.0,0.0,0.0,425.0,371.0,0.9165,0.9723,0.9637,0.9156,-0.9165,-0.9723,-0.8824,-0.9864,0.0,0.8857,0.9191,0.7673,0.0,120.0,0.0,0.0,120.0,120.0,120.0,120.0,0.0,54.0,-21.6,-0.0,13.9217,0.27,0.0109,0.0168,0.9864,0.1321,,,,
83,2026-06-04T17:55:30+00:00,2026-06-04T18:01:30+00:00,6.0,-5.0,366.0,361.0,366.0,361.0,5.0,13,bajada,13:55,2026-06-04,,-0.0833,0.3929,0.1667,0.9106,-0.9106,-0.0139,0.0461,0.0,-0.1667,0.0278,0.0481,0.0,0.0024,0.0056,-0.0056,0.0001,0.0024,0.0,0.0001,0.0004,-0.0002,0.0,0.0001,2,2,0.0,0.0833,0.000532,0.002778,0.0,0.000866,0.1658,360.414,60.069,72.083,27.724,1.0011,0.9989,1701443.0,0.0278,0.0001,361.774,0.0481,0.0,0.6194,0.335,0.2513,0.6643,1.0,1.7079,0.002564,0.005779,0.8316,0.5265,-0.0545,-0.1136,2.1195,361.0,0.0,0.0,1.9188,1.6818,361.455,0.005,0,0,1,0.0,0.0,0.0,366.0,361.0,0.9106,0.9718,0.9644,0.9113,-0.9106,-0.9718,-0.8761,-0.9899,0.0,0.8734,0.9104,0.76,0.0,60.0,0.0,0.0,60.0,60.0,60.0,60.0,0.0,5.0,-0.0,-0.0,72.0828,0.0046,0.1669,0.0327,0.9899,1.1346,,,,
84,2026-06-05T00:52:30+00:00,2026-06-05T00:53:30+00:00,1.0,8.0,371.0,379.0,379.0,371.0,8.0,3,subida,20:52,2026-06-04,,0.5,0.75,0.5,-0.8944,0.8944,0.1333,0.1333,0.2667,0.0,0.0711,0.1886,0.0089,0.0,0.0089,0.0089,0.0001,0.0089,0.0,0.0,0.0,0.0,0.0,0.0,1,0,0.5,0.0,0.0,0.0,0.0,0.0,0.0,61.048,61.048,7.631,20.349,1.0085,0.9915,418923.0,0.0711,0.0001,373.686,0.1886,0.0,0.9183,0.0,0.0,1.0,1.0,1.585,0.0,0.0,0.0,0.0,0.0,0.0,0.0,371.0,0.0,4.0,0.7071,-1.5,371.0,0.0101,0,0,0,0.0,0.0,0.0,0.0,0.0,-0.8944,-0.7742,-0.8165,-0.8944,0.8944,0.7742,0.8944,0.7071,0.0,0.0,0.0,-1.0,60.0,0.0,0.0,0.0,60.0,60.0,60.0,60.0,0.0,0.0,-0.0,16.0,7.631,0.0711,0.0,0.375,1.0,1.585,,,,
85,2026-06-05T00:53:30+00:00,2026-06-05T01:06:00+00:00,12.5,-12.0,379.0,367.0,379.0,367.0,12.0,26,bajada,20:53,2026-06-04,,-0.08,0.4704,0.16,0.9272,-0.9272,-0.016,0.0612,0.0,-0.3,0.1,0.0632,0.0,0.003,0.01,-0.01,0.0002,0.003,0.0,0.0002,0.0007,-0.0003,0.0,0.0002,4,5,0.0,0.08,0.000474,0.0025,0.0,0.000856,0.3449,751.471,60.118,62.623,28.903,1.0018,0.9982,3539879.0,0.1,0.0002,368.984,0.0632,0.0,0.893,0.3159,0.1171,0.1107,1.0,1.4463,0.001282,0.00345,0.8819,0.8052,0.4437,-0.0553,2.3791,367.0,0.0,0.0,1.6589,0.9173,368.227,0.011,0,0,1,0.0,0.0,0.0,379.0,367.0,0.9272,0.9812,0.9734,0.9152,-0.9272,-0.9812,-0.8942,-0.9939,0.0,0.8933,0.9249,0.7867,0.0,150.0,60.0,60.0,150.0,150.0,150.0,150.0,0.0,12.0,-1.8,-0.0,62.6226,0.008,0.013,0.0376,0.9939,0.1601,,,,
86,2026-06-05T01:51:30+00:00,2026-06-05T01:52:30+00:00,1.0,7.0,369.0,376.0,376.0,369.0,7.0,3,subida,21:51,2026-06-04,,0.5,0.75,0.5,-0.8944,0.8944,0.1167,0.1167,0.2333,0.0,0.0544,0.165,0.0078,0.0,0.0078,0.0078,0.0001,0.0078,0.0,0.0,0.0,0.0,0.0,0.0,1,0,0.5,0.0,0.0,0.0,0.0,0.0,0.0,60.806,60.806,8.687,20.269,1.0066,0.9934,413698.0,0.0544,0.0001,371.348,0.165,0.0,0.9183,0.0,0.0,1.0,1.0,1.585,0.0,0.0,0.0,0.0,0.0,0.0,0.0,369.0,0.0,3.5,0.7071,-1.5,369.0,0.0089,0,0,0,0.0,0.0,0.0,0.0,0.0,-0.8944,-0.7742,-0.8165,-0.8944,0.8944,0.7742,0.8944,0.7071,0.0,0.0,0.0,-1.0,60.0,0.0,0.0,0.0,60.0,60.0,60.0,60.0,0.0,0.0,-0.0,14.0,8.6866,0.0544,0.0,0.375,1.0,1.585,,,,
87,2026-06-05T01:52:30+00:00,2026-06-05T02:04:00+00:00,11.5,-7.0,376.0,369.0,376.0,369.0,7.0,24,bajada,21:52,2026-06-04,,-0.0435,0.3287,0.087,0.906,-0.906,-0.0101,0.0476,0.0,-0.2333,0.0544,0.0487,0.0,0.0023,0.0078,-0.0078,0.0001,0.0023,0.0,0.0001,0.0005,-0.0003,0.0,0.0001,2,3,0.0,0.0435,0.000321,0.001944,0.0,0.000717,0.231,690.806,60.07,98.687,28.784,1.0011,0.9989,3283509.0,0.0544,0.0001,369.882,0.0487,0.0,0.5436,0.2052,0.1171,0.299,1.0,1.5283,0.001389,0.00454,0.881,0.6894,-0.0204,-0.0376,2.7396,369.0,0.0,0.0,2.2678,3.1429,369.35,0.0063,0,0,1,0.0,0.0,0.0,376.0,369.0,0.906,0.969,0.9631,0.9117,-0.906,-0.969,-0.8677,-0.9835,0.0,0.8849,0.9234,0.7436,0.0,90.0,0.0,0.0,90.0,90.0,90.0,90.0,0.0,7.0,-4.2,-0.0,98.6866,0.0047,0.035,0.0143,0.9835,0.457,,,,
88,2026-06-05T02:43:00+00:00,2026-06-05T02:54:30+00:00,11.5,-9.0,367.0,358.0,367.0,358.0,9.0,24,bajada,22:43,2026-06-04,,-0.087,0.325,0.087,0.9058,-0.9058,-0.013,0.0448,0.0,-0.2,0.05,0.0466,0.0,0.0017,0.0067,-0.0033,0.0001,0.0017,0.0,0.0001,0.0003,-0.0002,0.0,0.0001,2,2,0.0,0.087,0.000379,0.002491,0.0,0.000791,0.2478,690.744,60.065,76.749,28.781,1.001,0.999,3093318.0,0.05,0.0001,359.01,0.0466,0.0,0.6584,0.3059,0.1112,0.3881,1.0,1.5283,0.001389,0.004318,0.8929,0.7136,-0.0197,-0.0363,2.73,358.0,0.0,0.0,2.4076,4.0059,358.3,0.0075,0,0,1,0.0,0.0,0.0,367.0,358.0,0.9058,0.9711,0.9667,0.9093,-0.9058,-0.9711,-0.8662,-0.9857,0.0,0.8871,0.9275,0.7417,0.0,90.0,60.0,60.0,90.0,90.0,90.0,90.0,0.0,9.0,-6.0,-0.0,76.7493,0.0043,0.0432,0.0283,0.9857,0.5931,,,,
89,2026-06-05T09:47:00+00:00,2026-06-05T09:48:00+00:00,1.0,12.0,374.0,386.0,386.0,374.0,12.0,3,subida,05:47,2026-06-05,,0.5,0.75,0.5,-0.8944,0.8944,0.2,0.2,0.4,0.0,0.16,0.2828,0.0133,0.0,0.0133,0.0133,0.0002,0.0133,0.0,0.0,0.0,0.0,0.0,0.0,1,0,0.5,0.0,0.0,0.0,0.0,0.0,0.0,62.311,62.311,5.193,20.77,1.0183,0.982,428748.0,0.16,0.0002,378.042,0.2828,0.0,0.9183,0.0,0.0,1.0,1.0,1.585,0.0,0.0,0.0,0.0,0.0,0.0,0.0,374.0,0.0,6.0,0.7071,-1.5,374.0,0.015,0,0,0,0.0,0.0,0.0,0.0,0.0,-0.8944,-0.7742,-0.8165,-0.8944,0.8944,0.7742,0.8944,0.7071,0.0,0.0,0.0,-1.0,60.0,0.0,0.0,0.0,60.0,60.0,60.0,60.0,0.0,0.0,-0.0,24.0,5.1926,0.16,0.0,0.375,1.0,1.585,,,,
90,2026-06-05T09:48:00+00:00,2026-06-05T09:59:00+00:00,11.0,-27.0,386.0,359.0,386.0,359.0,27.0,23,bajada,05:48,2026-06-05,,-0.0909,0.2374,0.0455,0.8924,-0.8924,-0.0409,0.1497,0.0,-0.7,0.53,0.1552,0.0003,0.0062,0.0233,-0.0167,0.0008,0.0063,0.0,0.0003,0.0013,-0.0008,0.0,0.0003,1,2,0.0,0.0909,0.000952,0.007857,0.0,0.002268,0.5389,667.214,60.656,24.712,29.009,1.0101,0.99,2999897.0,0.53,0.0008,361.151,0.1552,0.0,0.5132,0.2124,0.1112,0.7071,1.0,1.5734,0.001449,0.005511,0.7671,0.507,-0.014,-0.026,3.043,359.0,0.0,0.0,3.0203,7.3205,359.0,0.0189,0,0,1,0.0,0.0,0.0,386.0,359.0,0.8924,0.9618,0.9614,0.8862,-0.8924,-0.9618,-0.8507,-0.9809,0.0,0.8779,0.9227,0.7428,0.0,60.0,30.0,30.0,60.0,60.0,60.0,60.0,0.0,27.0,-20.4,-0.0,24.7116,0.0482,0.0786,0.0216,0.9809,1.1126,,,,
91,2026-06-05T10:26:30+00:00,2026-06-05T10:27:30+00:00,1.0,10.0,362.0,372.0,372.0,362.0,10.0,3,subida,06:26,2026-06-05,,0.5,0.75,0.5,-0.8944,0.8944,0.1667,0.1667,0.3333,0.0,0.1111,0.2357,0.0111,0.0,0.0111,0.0111,0.0001,0.0111,0.0,0.0,0.0,0.0,0.0,0.0,1,0,0.5,0.0,0.0,0.0,0.0,0.0,0.0,61.623,61.623,6.162,20.541,1.0131,0.9871,400472.0,0.1111,0.0001,365.364,0.2357,0.0,0.9183,0.0,0.0,1.0,1.0,1.585,0.0,0.0,0.0,0.0,0.0,0.0,0.0,362.0,0.0,5.0,0.7071,-1.5,362.0,0.0129,0,0,0,0.0,0.0,0.0,0.0,0.0,-0.8944,-0.7742,-0.8165,-0.8944,0.8944,0.7742,0.8944,0.7071,0.0,0.0,0.0,-1.0,60.0,0.0,0.0,0.0,60.0,60.0,60.0,60.0,0.0,0.0,-0.0,20.0,6.1623,0.1111,0.0,0.375,1.0,1.585,,,,
92,2026-06-05T10:27:30+00:00,2026-06-05T10:38:00+00:00,10.5,-10.0,372.0,362.0,372.0,362.0,10.0,22,bajada,06:27,2026-06-05,,-0.0476,0.1304,0.0476,0.876,-0.876,-0.0159,0.071,0.0,-0.3333,0.1111,0.0727,0.0006,0.0024,0.0111,0.0,0.0001,0.0025,-0.0,0.0001,0.0,-0.0004,0.0,0.0001,1,1,0.0,0.0476,0.000584,0.005332,0.0,0.001525,0.3144,631.623,60.155,63.162,28.71,1.0024,0.9976,2890308.0,0.1111,0.0001,362.461,0.0727,0.0,0.2668,0.1108,0.1112,1.0823,1.0,1.6216,0.004545,0.009091,0.4545,-0.0023,-0.0075,-0.014,3.4594,362.0,0.0,0.0,4.3644,17.0476,362.0,0.0057,0,0,1,0.0,0.0,0.0,372.0,362.0,0.876,0.9474,0.9512,0.8693,-0.876,-0.9474,-0.8335,-0.9643,0.0,0.865,0.9108,0.7192,0.0,30.0,0.0,0.0,30.0,30.0,30.0,30.0,0.0,10.0,-6.0,-0.0,63.1623,0.0106,0.1204,0.0062,0.9643,1.7551,,,,
93,2026-06-05T11:45:00+00:00,2026-06-05T11:46:00+00:00,1.0,10.0,362.0,372.0,372.0,362.0,10.0,3,subida,07:45,2026-06-05,,0.5,0.75,0.5,-0.8944,0.8944,0.1667,0.1667,0.3333,0.0,0.1111,0.2357,0.0111,0.0,0.0111,0.0111,0.0001,0.0111,0.0,0.0,0.0,0.0,0.0,0.0,1,0,0.5,0.0,0.0,0.0,0.0,0.0,0.0,61.623,61.623,6.162,20.541,1.0131,0.9871,400472.0,0.1111,0.0001,365.364,0.2357,0.0,0.9183,0.0,0.0,1.0,1.0,1.585,0.0,0.0,0.0,0.0,0.0,0.0,0.0,362.0,0.0,5.0,0.7071,-1.5,362.0,0.0129,0,0,0,0.0,0.0,0.0,0.0,0.0,-0.8944,-0.7742,-0.8165,-0.8944,0.8944,0.7742,0.8944,0.7071,0.0,0.0,0.0,-1.0,60.0,0.0,0.0,0.0,60.0,60.0,60.0,60.0,0.0,0.0,-0.0,20.0,6.1623,0.1111,0.0,0.375,1.0,1.585,,,,
94,2026-06-05T11:46:00+00:00,2026-06-05T11:57:00+00:00,11.0,-10.0,372.0,362.0,372.0,362.0,10.0,23,bajada,07:46,2026-06-05,,-0.0455,0.2386,0.0909,0.8927,-0.8927,-0.0152,0.0694,0.0,-0.3333,0.1111,0.0711,0.0,0.0034,0.0111,-0.0111,0.0002,0.0034,0.0,0.0002,0.0007,-0.0004,0.0,0.0002,2,2,0.0,0.0455,0.000594,0.005556,0.0,0.001394,0.3266,661.623,60.148,66.162,28.766,1.0023,0.9977,3028692.0,0.1111,0.0002,362.881,0.0711,0.0,0.4262,0.2124,0.1112,0.6381,1.0,1.5734,0.001449,0.005405,0.7775,0.5184,-0.0143,-0.0265,3.0029,362.0,0.0,0.0,2.9318,6.5952,362.0,0.0078,0,0,1,0.0,0.0,0.0,372.0,362.0,0.8927,0.9612,0.9595,0.8872,-0.8927,-0.9612,-0.8514,-0.9801,0.0,0.8773,0.9214,0.7436,0.0,60.0,0.0,0.0,60.0,60.0,60.0,60.0,0.0,10.0,-8.0,-0.0,66.1623,0.0101,0.071,0.0109,0.9801,1.004,,,,
95,2026-06-05T14:32:30+00:00,2026-06-05T14:33:30+00:00,1.0,11.0,364.0,375.0,375.0,364.0,11.0,3,subida,10:32,2026-06-05,,0.5,0.75,0.5,-0.8944,0.8944,0.1833,0.1833,0.3667,0.0,0.1344,0.2593,0.0122,0.0,0.0122,0.0122,0.0001,0.0122,0.0,0.0,0.0,0.0,0.0,0.0,1,0,0.5,0.0,0.0,0.0,0.0,0.0,0.0,61.953,61.953,5.632,20.651,1.0156,0.9846,405617.0,0.1344,0.0001,367.703,0.2593,0.0,0.9183,0.0,0.0,1.0,1.0,1.585,0.0,0.0,0.0,0.0,0.0,0.0,0.0,364.0,0.0,5.5,0.7071,-1.5,364.0,0.0141,0,0,0,0.0,0.0,0.0,0.0,0.0,-0.8944,-0.7742,-0.8165,-0.8944,0.8944,0.7742,0.8944,0.7071,0.0,0.0,0.0,-1.0,60.0,0.0,0.0,0.0,60.0,60.0,60.0,60.0,0.0,0.0,-0.0,22.0,5.6321,0.1344,0.0,0.375,1.0,1.585,,,,
96,2026-06-05T14:33:30+00:00,2026-06-05T14:44:00+00:00,10.5,-10.0,375.0,365.0,375.0,365.0,10.0,22,bajada,10:33,2026-06-05,,-0.0952,0.2266,0.1429,0.8891,-0.8891,-0.0159,0.0578,0.0,-0.2667,0.0756,0.06,0.0004,0.0021,0.0089,-0.0022,0.0001,0.0021,-0.0,0.0001,0.0001,-0.0004,0.0,0.0001,3,3,0.0,0.0952,0.00048,0.004009,0.0,0.001143,0.257,631.115,60.106,63.111,28.687,1.0016,0.9984,2941278.0,0.0756,0.0001,365.643,0.06,0.0,0.6999,0.2892,0.1252,0.8325,1.0,1.6216,0.001515,0.00784,0.583,0.2225,-0.0142,-0.0264,3.3606,365.0,0.0,0.0,3.9047,14.2464,365.111,0.0058,0,0,1,0.0,0.0,0.0,375.0,365.0,0.8891,0.9591,0.9609,0.8846,-0.8891,-0.9591,-0.8474,-0.9759,0.0,0.8755,0.9198,0.7319,0.0,90.0,0.0,30.0,30.0,30.0,30.0,90.0,0.0,10.0,-6.0,0.0,63.1115,0.0072,0.1042,0.0216,0.9759,1.35,,,,
97,2026-06-05T17:28:30+00:00,2026-06-05T17:29:30+00:00,1.0,11.0,369.0,380.0,380.0,369.0,11.0,3,subida,13:28,2026-06-05,,1.0,0.9356,0.0,-0.9806,0.9806,0.1833,0.0833,0.2667,0.1,0.0811,0.2014,0.0056,0.0,0.0056,0.0056,0.0,0.0056,0.0,0.0,0.0,0.0,0.0,0.0,0,0,1.0,0.0,0.0,0.0,0.0,0.0,0.0,61.198,61.198,5.563,20.399,1.0032,0.9968,418945.0,0.0811,0.0,373.696,0.2014,0.0,1.585,0.0,0.0,1.0,1.0,2.1133,0.0,0.0,0.0,0.0,0.0,0.0,0.0,372.0,3.0,5.5,0.4922,-1.5,372.0,0.0124,0,0,0,0.0,0.0,0.0,0.0,0.0,-0.9806,-0.9135,-0.9396,-0.9806,0.9806,0.9135,0.9806,0.8682,0.0,-0.2631,-0.2631,-0.9648,60.0,0.0,30.0,30.0,60.0,60.0,60.0,60.0,0.0,0.0,6.0,16.0,5.5635,0.0811,0.0,0.9356,0.9806,2.1133,,,,
98,2026-06-05T17:29:30+00:00,2026-06-05T17:40:00+00:00,10.5,-12.0,380.0,368.0,380.0,368.0,12.0,22,bajada,13:29,2026-06-05,,-0.0476,0.1304,0.0476,0.876,-0.876,-0.019,0.0852,0.0,-0.4,0.16,0.0873,0.0007,0.0029,0.0133,0.0,0.0002,0.003,-0.0,0.0001,0.0,-0.0004,0.0,0.0001,1,1,0.0,0.0476,0.00068,0.006286,0.0,0.00177,0.3686,632.311,60.22,52.693,28.741,1.0035,0.9965,2988304.0,0.16,0.0002,368.554,0.0873,0.0,0.2668,0.1108,0.1112,1.0823,1.0,1.6216,0.001515,0.009091,0.4545,-0.0023,-0.0075,-0.014,3.4594,368.0,0.0,0.0,4.3644,17.0476,368.0,0.0068,0,0,1,0.0,0.0,0.0,380.0,368.0,0.876,0.9474,0.9512,0.8693,-0.876,-0.9474,-0.8335,-0.9643,0.0,0.865,0.9108,0.7192,0.0,30.0,0.0,0.0,30.0,30.0,30.0,30.0,0.0,12.0,-7.2,-0.0,52.6926,0.0152,0.1204,0.0062,0.9643,1.7551,,,,
99,2026-06-05T19:50:30+00:00,2026-06-05T19:51:30+00:00,1.0,8.0,372.0,380.0,380.0,372.0,8.0,3,subida,15:50,2026-06-05,,0.5,0.75,0.5,-0.8944,0.8944,0.1333,0.1333,0.2667,0.0,0.0711,0.1886,0.0089,0.0,0.0089,0.0089,0.0001,0.0089,0.0,0.0,0.0,0.0,0.0,0.0,1,0,0.5,0.0,0.0,0.0,0.0,0.0,0.0,61.048,61.048,7.631,20.349,1.0085,0.9915,421168.0,0.0711,0.0001,374.686,0.1886,0.0,0.9183,0.0,0.0,1.0,1.0,1.585,0.0,0.0,0.0,0.0,0.0,0.0,0.0,372.0,0.0,4.0,0.7071,-1.5,372.0,0.0101,0,0,0,0.0,0.0,0.0,0.0,0.0,-0.8944,-0.7742,-0.8165,-0.8944,0.8944,0.7742,0.8944,0.7071,0.0,0.0,0.0,-1.0,60.0,0.0,0.0,0.0,60.0,60.0,60.0,60.0,0.0,0.0,-0.0,16.0,7.631,0.0711,0.0,0.375,1.0,1.585,,,,
100,2026-06-05T19:51:30+00:00,2026-06-05T20:03:30+00:00,12.0,-61.0,380.0,319.0,380.0,319.0,61.0,25,bajada,15:51,2026-06-05,,-0.1667,0.2561,0.0417,0.8932,-0.8932,-0.0847,0.2774,0.0,-1.3667,2.0189,0.29,0.002,0.008,0.0389,-0.0022,0.0016,0.0083,-0.0001,0.0003,0.0001,-0.0014,0.0,0.0003,1,3,0.0,0.1667,0.001169,0.009215,0.0,0.002531,0.817,743.04,61.92,12.181,29.722,1.0283,0.9725,2612816.0,2.0189,0.0016,323.284,0.29,1e-06,0.7196,0.3124,0.1112,0.6833,1.0,1.486,0.001333,0.006388,0.6964,0.3713,0.0843,-0.0259,3.3643,319.0,0.0,0.0,3.8034,14.0387,319.952,0.0389,0,0,1,0.0,0.0,0.0,380.0,319.0,0.8932,0.9625,0.9638,0.8776,-0.8932,-0.9625,-0.8513,-0.9784,0.0,0.8792,0.9241,0.7354,0.0,120.0,0.0,30.0,60.0,90.0,90.0,120.0,0.0,61.0,-27.2,-0.0,12.181,0.1682,0.076,0.0427,0.9784,1.0154,,,,
101,2026-06-05T22:34:30+00:00,2026-06-05T22:45:30+00:00,11.0,-20.0,323.0,303.0,323.0,303.0,20.0,23,bajada,18:34,2026-06-05,,-0.0455,0.2386,0.0909,0.8927,-0.8927,-0.0303,0.1389,0.0,-0.6667,0.4444,0.1421,0.0,0.0069,0.0222,-0.0222,0.001,0.0069,0.0,0.0004,0.0015,-0.0007,0.0,0.0004,2,2,0.0,0.0455,0.001137,0.011111,0.0,0.002715,0.6179,666.056,60.551,33.303,28.959,1.0087,0.9914,2136647.0,0.4444,0.001,304.791,0.1421,0.0,0.4262,0.2124,0.1112,0.6381,1.0,1.5734,0.001449,0.005405,0.7775,0.5184,-0.0143,-0.0265,3.0029,303.0,0.0,0.0,2.9318,6.5952,303.0,0.0185,0,0,1,0.0,0.0,0.0,323.0,303.0,0.8927,0.9612,0.9595,0.8872,-0.8927,-0.9612,-0.8514,-0.9801,0.0,0.8773,0.9214,0.7436,0.0,60.0,0.0,0.0,60.0,60.0,60.0,60.0,0.0,20.0,-16.0,0.0,33.3028,0.0404,0.071,0.0109,0.9801,1.004,,,,
102,2026-06-05T23:19:30+00:00,2026-06-05T23:20:30+00:00,1.0,61.0,303.0,364.0,364.0,303.0,61.0,3,subida,19:19,2026-06-05,,0.5,0.75,0.5,-0.8944,0.8944,1.0167,1.0167,2.0333,0.0,4.1344,1.4378,0.0678,0.0,0.0678,0.0678,0.0046,0.0678,0.0,0.0,0.0,0.0,0.0,0.0,1,0,0.5,0.0,0.0,0.0,0.0,0.0,0.0,97.978,97.978,1.606,32.659,1.1451,0.8733,316114.0,4.1344,0.0046,324.61,1.4378,1.3e-05,0.9183,0.0,0.0,1.0,1.0,1.585,0.0,0.0,0.0,0.0,0.0,0.0,0.0,303.0,0.0,30.5,0.7071,-1.5,303.0,0.0889,0,0,0,0.0,0.0,0.0,0.0,0.0,-0.8944,-0.7742,-0.8165,-0.8944,0.8944,0.7742,0.8944,0.7071,0.0,0.0,0.0,-1.0,60.0,0.0,0.0,0.0,60.0,60.0,60.0,60.0,0.0,0.0,-0.0,122.0,1.6062,4.1344,0.0,0.375,1.0,1.585,,,,
103,2026-06-05T23:20:30+00:00,2026-06-05T23:30:30+00:00,10.0,-5.0,364.0,359.0,364.0,359.0,5.0,21,bajada,19:20,2026-06-05,,-0.1,0.75,0.2,0.9623,-0.9623,-0.0083,0.0255,0.0,-0.1,0.0144,0.0269,0.0,0.0013,0.0033,-0.0033,0.0,0.0013,0.0,0.0001,0.0002,-0.0001,0.0,0.0001,4,5,0.0,0.1,0.000304,0.001667,0.0,0.000444,0.1664,600.216,60.022,120.043,28.582,1.0003,0.9997,2728131.0,0.0144,0.0,360.432,0.0269,0.0,1.3567,0.3687,0.2819,0.3043,1.0,2.0916,0.001587,0.004317,0.8635,0.7405,0.4,0.2727,2.4757,361.0,2.0,2.0,0.9448,0.4388,360.176,0.0042,0,0,2,0.0,0.0,0.0,364.0,359.0,0.9623,0.984,0.9866,0.9544,-0.9623,-0.984,-0.9423,-0.9701,0.0,0.8032,0.8565,0.8564,0.0,360.0,0.0,60.0,60.0,360.0,360.0,360.0,0.0,5.0,-2.4,-0.0,120.0432,0.0014,0.0858,0.075,0.9866,0.6365,,,,
104,2026-06-06T10:08:30+00:00,2026-06-06T10:09:30+00:00,1.0,-343.0,348.0,5.0,348.0,5.0,343.0,3,bajada,06:08,2026-06-06,,-0.5,0.75,0.5,0.8944,-0.8944,-5.7167,5.7167,0.0,-11.4333,130.7211,8.0846,-0.3811,0.0,-0.3811,-0.3811,0.1452,0.3811,0.0,0.0,0.0,0.0,0.0,0.0,1,0,0.0,0.5,0.0,0.0,0.0,0.0,0.0,374.309,374.309,1.091,124.77,1.075,0.9303,242233.0,130.7211,0.1452,284.155,8.0846,0.00054,0.9183,0.0,0.0,1.0,1.0,1.585,0.0,0.0,0.0,0.0,0.0,0.0,0.0,348.0,0.0,171.5,-0.7071,-1.5,348.0,0.692,0,0,0,0.0,0.0,0.0,0.0,0.0,0.8944,0.7742,0.8165,0.8944,-0.8944,-0.7742,-0.8944,-0.7071,0.0,0.0,0.0,1.0,0.0,60.0,0.0,0.0,60.0,60.0,60.0,60.0,0.0,343.0,-0.0,-686.0,1.0913,130.7211,0.0,0.375,1.0,1.585,,,,
105,2026-06-06T10:09:30+00:00,2026-06-06T10:26:00+00:00,16.5,600.0,5.0,605.0,615.0,5.0,610.0,34,subida,06:09,2026-06-06,,0.0,0.0769,0.2121,-0.8711,0.8711,0.6061,3.4526,20.1333,-0.2667,405.4867,3.5053,-0.021,0.1168,0.0122,-0.6711,0.4507,0.1187,0.0007,0.004,0.0224,-0.0006,0.0005,0.004,7,9,0.0909,0.0909,0.005463,0.167778,0.0,0.028276,5.5715,1566.753,94.955,2.611,46.081,1.3534,0.7389,12171160.0,405.4867,0.4507,598.31,3.5053,3.3e-05,0.1914,0.3581,0.0667,1.0093,0.9927,1.7956,0.004902,0.008813,0.4725,-0.0035,-0.0057,-0.0082,4.0871,607.0,2.0,4.0,-5.5661,28.9986,607.0,0.1726,0,0,3,0.0,0.0,0.0,615.0,5.0,-0.8711,-0.9427,-0.9476,-0.8528,0.8711,0.9427,0.8274,0.957,0.0,-0.8659,-0.9123,-0.7129,330.0,0.0,0.0,390.0,390.0,390.0,390.0,30.0,10.0,0.0,172.571,0.0,2.6113,24.575,0.0673,0.0,0.957,1.8123,,,,
106,2026-06-06T10:46:00+00:00,2026-06-06T10:56:30+00:00,10.5,-6.0,601.0,595.0,601.0,595.0,6.0,22,bajada,06:46,2026-06-06,,-0.0952,0.6681,0.1429,0.9413,-0.9413,-0.0095,0.0311,0.0,-0.1333,0.0222,0.0325,0.0002,0.0012,0.0044,-0.0022,0.0,0.0012,-0.0,0.0001,0.0001,-0.0001,0.0,0.0001,3,4,0.0,0.0952,0.00035,0.002207,0.0,0.000651,0.1986,630.332,60.032,105.055,28.651,1.0005,0.9995,7821950.0,0.0222,0.0,596.274,0.0325,0.0,1.2197,0.2892,0.2474,0.4958,1.0,2.027,0.001515,0.005952,0.6815,0.5285,0.4236,0.2941,2.8578,597.0,1.0,2.0,1.4168,2.91,596.111,0.0024,0,0,2,0.0,0.0,0.0,601.0,595.0,0.9413,0.9772,0.9831,0.9307,-0.9413,-0.9772,-0.9156,-0.9698,0.0,0.825,0.8757,0.827,0.0,360.0,0.0,30.0,30.0,360.0,360.0,360.0,0.0,6.0,-2.4,-0.0,105.0553,0.0021,0.1227,0.0636,0.9831,1.005,,,,
107,2026-06-06T11:29:30+00:00,2026-06-06T11:40:30+00:00,11.0,-8.0,585.0,577.0,585.0,577.0,8.0,23,bajada,07:29,2026-06-06,,-0.0455,0.2386,0.0909,0.8927,-0.8927,-0.0121,0.0555,0.0,-0.2667,0.0711,0.0569,0.0,0.0027,0.0089,-0.0089,0.0002,0.0027,0.0,0.0001,0.0006,-0.0003,0.0,0.0001,2,2,0.0,0.0455,0.000478,0.004444,0.0,0.001119,0.2632,661.048,60.095,82.631,28.741,1.0015,0.9985,7675959.0,0.0711,0.0002,577.7,0.0569,0.0,0.4262,0.2124,0.1112,0.6381,1.0,1.5734,0.001449,0.005405,0.7775,0.5184,-0.0143,-0.0265,3.0029,577.0,0.0,0.0,2.9318,6.5952,577.0,0.0039,0,0,1,0.0,0.0,0.0,585.0,577.0,0.8927,0.9612,0.9595,0.8872,-0.8927,-0.9612,-0.8514,-0.9801,0.0,0.8773,0.9214,0.7436,0.0,60.0,0.0,0.0,60.0,60.0,60.0,60.0,0.0,8.0,-6.4,-0.0,82.631,0.0065,0.071,0.0109,0.9801,1.004,,,,
108,2026-06-06T13:27:00+00:00,2026-06-06T13:37:30+00:00,10.5,-6.0,569.0,563.0,569.0,563.0,6.0,22,bajada,09:27,2026-06-06,,-0.0952,0.354,0.1429,0.9051,-0.9051,-0.0095,0.0311,0.0,-0.1333,0.0222,0.0325,0.0002,0.0012,0.0044,-0.0022,0.0,0.0012,-0.0,0.0001,0.0001,-0.0001,0.0,0.0001,3,4,0.0,0.0952,0.0003,0.002207,0.0,0.000633,0.1653,630.332,60.032,105.055,28.651,1.0005,0.9995,6986878.0,0.0222,0.0,563.547,0.0325,0.0,0.8315,0.2892,0.1418,0.5667,1.0,1.6216,0.001515,0.006319,0.6544,0.4152,0.2798,-0.0464,3.066,563.0,0.0,0.0,2.9628,8.5245,563.222,0.0024,0,0,1,0.0,0.0,0.0,569.0,563.0,0.9051,0.9711,0.9706,0.8991,-0.9051,-0.9711,-0.8656,-0.9869,0.0,0.8852,0.9262,0.7496,0.0,120.0,0.0,30.0,30.0,120.0,120.0,120.0,0.0,6.0,-2.4,-0.0,105.0553,0.0021,0.0804,0.0337,0.9869,0.919,,,,
109,2026-06-06T18:27:00+00:00,2026-06-06T18:37:30+00:00,10.5,-6.0,548.0,542.0,548.0,542.0,6.0,22,bajada,14:27,2026-06-06,,-0.0952,0.2047,0.0476,0.8866,-0.8866,-0.0095,0.0311,0.0,-0.1333,0.0222,0.0325,0.0002,0.0007,0.0022,0.0,0.0,0.0007,-0.0,0.0,0.0,-0.0001,0.0,0.0,1,1,0.0,0.0952,0.000225,0.001664,0.0,0.000515,0.1321,630.332,60.032,105.055,28.651,1.0005,0.9995,6471520.0,0.0222,0.0,542.365,0.0325,0.0,0.5304,0.2201,0.1178,0.9087,1.0,1.6216,0.001515,0.006977,0.6546,0.3147,-0.0124,-0.0231,3.3117,542.0,0.0,0.0,3.789,13.2595,542.0,0.0024,0,0,1,0.0,0.0,0.0,548.0,542.0,0.8866,0.9573,0.9592,0.881,-0.8866,-0.9573,-0.8443,-0.9743,0.0,0.8741,0.9191,0.7289,0.0,60.0,0.0,30.0,30.0,60.0,60.0,60.0,0.0,6.0,-4.0,0.0,105.0553,0.0021,0.107,0.0195,0.9743,1.4735,,,,
110,2026-06-06T23:55:30+00:00,2026-06-07T00:00:30+00:00,5.0,-4.0,531.0,527.0,531.0,527.0,4.0,11,bajada,19:55,2026-06-06,,-0.1,0.25,0.1,0.8864,-0.8864,-0.0133,0.04,0.0,-0.1333,0.0178,0.0422,0.0005,0.0014,0.0044,0.0,0.0,0.0015,-0.0,0.0,0.0,-0.0001,0.0,0.0001,1,1,0.0,0.1,0.000498,0.002207,0.0,0.000856,0.132,300.265,60.053,75.066,27.297,1.0008,0.9992,3059251.0,0.0178,0.0,527.365,0.0422,0.0,0.4395,0.1947,0.2877,1.0,1.0,1.887,0.00303,0.009091,0.4,-0.01,-0.0375,-0.0833,2.3219,527.0,0.0,0.0,2.846,6.1,527.0,0.0022,0,0,1,0.0,0.0,0.0,531.0,527.0,0.8864,0.958,0.9581,0.8696,-0.8864,-0.958,-0.8472,-0.9878,0.0,0.8575,0.9038,0.7483,0.0,30.0,0.0,0.0,30.0,30.0,30.0,30.0,0.0,4.0,-8.0,-0.0,75.0662,0.0036,0.2877,0.025,0.9878,1.887,,,,
111,2026-06-07T05:39:00+00:00,2026-06-07T05:40:00+00:00,1.0,-258.0,514.0,256.0,514.0,256.0,258.0,3,bajada,01:39,2026-06-07,,-0.5,0.75,0.5,0.8944,-0.8944,-4.3,4.3,0.0,-8.6,73.96,6.0811,-0.2867,0.0,-0.2867,-0.2867,0.0822,0.2867,0.0,0.0,0.0,0.0,0.0,0.0,1,0,0.0,0.5,0.0,0.0,0.0,0.0,0.0,289.738,289.738,1.123,96.579,1.0938,0.9142,593928.0,73.96,0.0822,444.945,6.0811,0.000125,0.9183,0.0,0.0,1.0,1.0,1.585,0.0,0.0,0.0,0.0,0.0,0.0,0.0,514.0,0.0,129.0,-0.7071,-1.5,514.0,0.2842,0,0,0,0.0,0.0,0.0,0.0,0.0,0.8944,0.7742,0.8165,0.8944,-0.8944,-0.7742,-0.8944,-0.7071,0.0,0.0,0.0,1.0,0.0,60.0,0.0,0.0,60.0,60.0,60.0,60.0,0.0,258.0,-0.0,-516.0,1.123,73.96,0.0,0.375,1.0,1.585,,,,
112,2026-06-07T05:40:00+00:00,2026-06-07T05:50:30+00:00,10.5,258.0,256.0,514.0,514.0,256.0,258.0,22,subida,01:40,2026-06-07,,0.0476,0.1304,0.0476,-0.876,0.876,0.4095,1.8314,8.6,0.0,73.96,1.8767,-0.0143,0.0625,0.0,-0.2867,0.0822,0.0641,0.0005,0.0021,0.0096,0.0,0.0001,0.0022,1,1,0.0476,0.0,0.003343,0.071667,0.0,0.014913,2.2033,859.738,81.88,3.332,39.079,1.2629,0.7918,5613652.0,73.96,0.0822,505.14,1.8767,1.3e-05,0.2668,-0.0,0.1112,1.0823,1.0,1.6216,0.001515,0.009091,0.4545,-0.0023,-0.0075,-0.014,3.4594,514.0,0.0,0.0,-4.3644,17.0476,514.0,0.107,0,0,1,0.0,0.0,0.0,514.0,256.0,-0.876,-0.9474,-0.9512,-0.8693,0.876,0.9474,0.8335,0.9643,0.0,-0.865,-0.9108,-0.7192,30.0,0.0,0.0,0.0,30.0,30.0,30.0,30.0,0.0,0.0,154.8,0.0,3.3323,7.0438,0.1204,0.0062,0.9643,1.7551,,,,
113,2026-06-07T10:30:30+00:00,2026-06-07T10:35:30+00:00,5.0,-4.0,509.0,505.0,509.0,505.0,4.0,11,bajada,06:30,2026-06-07,,-0.1,0.25,0.1,0.8864,-0.8864,-0.0133,0.04,0.0,-0.1333,0.0178,0.0422,0.0005,0.0014,0.0044,0.0,0.0,0.0015,-0.0,0.0,0.0,-0.0001,0.0,0.0001,1,1,0.0,0.1,0.000498,0.002207,0.0,0.000856,0.132,300.265,60.053,75.066,27.297,1.0008,0.9992,2809331.0,0.0178,0.0,505.365,0.0422,0.0,0.4395,0.1947,0.2877,1.0,1.0,1.887,0.00303,0.009091,0.4,-0.01,-0.0375,-0.0833,2.3219,505.0,0.0,0.0,2.846,6.1,505.0,0.0023,0,0,1,0.0,0.0,0.0,509.0,505.0,0.8864,0.958,0.9581,0.8696,-0.8864,-0.958,-0.8472,-0.9878,0.0,0.8575,0.9038,0.7483,0.0,30.0,0.0,0.0,30.0,30.0,30.0,30.0,0.0,4.0,-8.0,-0.0,75.0662,0.0036,0.2877,0.025,0.9878,1.887,,,,
114,2026-06-07T16:13:00+00:00,2026-06-07T16:24:00+00:00,11.0,-42.0,502.0,460.0,502.0,460.0,42.0,23,bajada,12:13,2026-06-07,,-0.0909,0.2794,0.1818,0.8988,-0.8988,-0.0636,0.264,0.0,-1.2667,1.6222,0.2715,0.0,0.0131,0.0422,-0.0422,0.0036,0.0131,0.0001,0.0007,0.0028,-0.0016,0.0,0.0007,4,4,0.0,0.0909,0.001946,0.021111,0.0,0.004764,1.0263,678.68,61.698,16.159,29.508,1.0262,0.9744,4955000.0,1.6222,0.0036,464.15,0.2715,0.0,0.4262,0.3454,0.1252,0.566,1.0,1.5734,0.001449,0.005104,0.8003,0.5673,0.0375,-0.032,2.9517,460.0,0.0,0.0,2.8861,6.4248,460.421,0.0254,0,0,1,0.0,0.0,0.0,502.0,460.0,0.8988,0.9662,0.9638,0.8932,-0.8988,-0.9662,-0.8582,-0.9847,0.0,0.8814,0.9245,0.7501,0.0,120.0,0.0,60.0,60.0,60.0,60.0,120.0,0.0,42.0,-30.4,0.0,16.159,0.1475,0.0709,0.0254,0.9847,0.8905,,,,
115,2026-06-07T19:58:30+00:00,2026-06-07T20:09:30+00:00,11.0,-23.0,454.0,431.0,454.0,431.0,23.0,23,bajada,15:58,2026-06-07,,-0.0909,0.2391,0.0455,0.8928,-0.8928,-0.0348,0.1458,0.0,-0.7,0.4944,0.1499,0.0001,0.0069,0.0233,-0.0211,0.001,0.0069,0.0,0.0004,0.0015,-0.0008,0.0,0.0004,1,2,0.0,0.0909,0.00111,0.010486,0.0,0.002631,0.6088,666.686,60.608,28.986,28.986,1.0095,0.9906,4311401.0,0.4944,0.001,432.958,0.1499,0.0,0.4262,0.2124,0.1112,0.6642,1.0,1.5734,0.001449,0.005419,0.7761,0.5183,-0.0143,-0.0264,3.0088,431.0,0.0,0.0,2.9438,6.6939,431.0,0.0143,0,0,1,0.0,0.0,0.0,454.0,431.0,0.8928,0.9617,0.9605,0.8871,-0.8928,-0.9617,-0.8513,-0.9807,0.0,0.8777,0.9222,0.7435,0.0,60.0,30.0,30.0,60.0,30.0,30.0,60.0,0.0,23.0,-18.0,-0.0,28.9863,0.0449,0.0739,0.0217,0.9807,1.0451,,,,
116,2026-06-07T22:13:00+00:00,2026-06-07T22:23:30+00:00,10.5,-9.0,429.0,420.0,429.0,420.0,9.0,22,bajada,18:13,2026-06-07,,-0.1429,0.311,0.0476,0.901,-0.901,-0.0143,0.0365,0.0,-0.1333,0.0322,0.0392,0.0002,0.0009,0.0033,-0.0011,0.0,0.0009,-0.0,0.0,0.0001,-0.0001,0.0,0.0,1,3,0.0,0.1429,0.000225,0.001384,0.0,0.000428,0.1321,630.482,60.046,70.054,28.658,1.0007,0.9993,3895195.0,0.0322,0.0,420.778,0.0392,0.0,0.7908,0.2892,0.1252,0.6413,1.0,1.6216,0.001515,0.005643,0.7944,0.5474,-0.0204,-0.0379,3.0104,420.0,0.0,0.0,2.8957,7.4578,420.167,0.0051,0,0,1,0.0,0.0,0.0,429.0,420.0,0.901,0.9692,0.9683,0.8988,-0.901,-0.9692,-0.8602,-0.9861,0.0,0.8845,0.9272,0.7436,0.0,90.0,30.0,30.0,60.0,90.0,90.0,90.0,0.0,9.0,-5.8,-0.0,70.0536,0.0031,0.0803,0.0444,0.9861,1.0399,,,,
117,2026-06-08T00:16:30+00:00,2026-06-08T00:27:30+00:00,11.0,-40.0,418.0,378.0,418.0,378.0,40.0,23,bajada,20:16,2026-06-07,,-0.0909,0.239,0.0455,0.8928,-0.8928,-0.0606,0.2635,0.0,-1.2667,1.6089,0.2704,0.0001,0.0127,0.0422,-0.04,0.0034,0.0127,0.0001,0.0007,0.0027,-0.0014,0.0,0.0007,1,2,0.0,0.0909,0.001851,0.019867,0.0,0.004671,0.9789,678.481,61.68,16.962,29.499,1.0261,0.9745,3348344.0,1.6089,0.0034,381.55,0.2704,0.0,0.4262,0.2124,0.1112,0.653,1.0,1.5734,0.001449,0.005409,0.777,0.5189,-0.0143,-0.0264,3.0048,378.0,0.0,0.0,2.9356,6.6267,378.0,0.0288,0,0,1,0.0,0.0,0.0,418.0,378.0,0.8928,0.9615,0.9601,0.8872,-0.8928,-0.9615,-0.8514,-0.9805,0.0,0.8776,0.9219,0.7436,0.0,60.0,30.0,30.0,60.0,30.0,30.0,60.0,0.0,40.0,-31.6,0.0,16.962,0.1463,0.0726,0.0217,0.9805,1.0274,,,,
118,2026-06-08T09:54:30+00:00,2026-06-08T09:55:30+00:00,1.0,5.0,373.0,378.0,378.0,373.0,5.0,3,subida,05:54,2026-06-08,,0.5,0.75,0.5,-0.8944,0.8944,0.0833,0.0833,0.1667,0.0,0.0278,0.1179,0.0056,0.0,0.0056,0.0056,0.0,0.0056,0.0,0.0,0.0,0.0,0.0,0.0,1,0,0.5,0.0,0.0,0.0,0.0,0.0,0.0,60.414,60.414,12.083,20.138,1.0034,0.9966,421142.0,0.0278,0.0,374.674,0.1179,0.0,0.9183,0.0,0.0,1.0,1.0,1.585,0.0,0.0,0.0,0.0,0.0,0.0,0.0,373.0,0.0,2.5,0.7071,-1.5,373.0,0.0063,0,0,0,0.0,0.0,0.0,0.0,0.0,-0.8944,-0.7742,-0.8165,-0.8944,0.8944,0.7742,0.8944,0.7071,0.0,0.0,0.0,-1.0,60.0,0.0,0.0,0.0,60.0,60.0,60.0,60.0,0.0,0.0,-0.0,10.0,12.0828,0.0278,0.0,0.375,1.0,1.585,,,,
119,2026-06-08T09:55:30+00:00,2026-06-08T10:06:00+00:00,10.5,-11.0,378.0,367.0,378.0,367.0,11.0,22,bajada,05:55,2026-06-08,,-0.1429,0.4505,0.2381,0.9165,-0.9165,-0.0175,0.0478,0.0,-0.2,0.0544,0.0509,0.0003,0.0019,0.0067,-0.0033,0.0001,0.002,-0.0,0.0001,0.0002,-0.0003,0.0,0.0001,5,6,0.0,0.1429,0.000419,0.003143,0.0,0.000811,0.2291,630.81,60.077,57.346,28.673,1.0011,0.9989,2983159.0,0.0544,0.0001,368.237,0.0509,0.0,1.2433,0.4077,0.1651,0.5038,1.0,1.6216,0.001515,0.005727,0.7478,0.5373,0.2327,0.1037,2.9196,367.0,0.0,1.5,2.5887,6.3685,367.611,0.0071,0,0,1,0.0,0.0,0.0,378.0,367.0,0.9165,0.9788,0.9773,0.9121,-0.9165,-0.9788,-0.8793,-0.9918,0.0,0.8895,0.9281,0.7641,0.0,180.0,0.0,30.0,90.0,90.0,90.0,180.0,0.0,11.0,-5.4,-0.0,57.3464,0.0052,0.0832,0.0644,0.9918,0.817,,,,
120,2026-06-08T13:49:00+00:00,2026-06-08T13:59:30+00:00,10.5,-7.0,364.0,357.0,364.0,357.0,7.0,22,bajada,09:49,2026-06-08,,-0.0952,0.3095,0.1429,0.9005,-0.9005,-0.0111,0.0346,0.0,-0.1333,0.0278,0.0364,0.0002,0.0014,0.0044,-0.0033,0.0,0.0014,-0.0,0.0001,0.0002,-0.0003,0.0,0.0001,3,3,0.0,0.0952,0.000249,0.002164,0.0,0.000551,0.1321,630.415,60.04,90.059,28.655,1.0006,0.9994,2813227.0,0.0278,0.0,357.595,0.0364,0.0,0.6999,0.2892,0.1252,0.6323,1.0,1.6216,0.001515,0.00636,0.7309,0.461,-0.0204,-0.0381,3.0769,357.0,0.0,0.0,2.9497,7.9852,357.167,0.0046,0,0,1,0.0,0.0,0.0,364.0,357.0,0.9005,0.9685,0.9679,0.8986,-0.9005,-0.9685,-0.8598,-0.9852,0.0,0.8837,0.9263,0.7434,0.0,90.0,0.0,30.0,30.0,90.0,90.0,90.0,0.0,7.0,-4.2,0.0,90.0593,0.0026,0.0792,0.0295,0.9852,1.0253,,,,
121,2026-06-08T14:39:00+00:00,2026-06-08T14:44:30+00:00,5.5,-5.0,359.0,354.0,359.0,354.0,5.0,12,bajada,10:39,2026-06-08,,-0.1818,0.4101,0.0909,0.9121,-0.9121,-0.0152,0.0329,0.0,-0.1,0.0144,0.0362,0.0002,0.0011,0.0033,-0.0011,0.0,0.0011,0.0,0.0001,0.0001,-0.0001,0.0,0.0001,1,2,0.0,0.1818,0.000254,0.001384,0.0,0.00043,0.083,330.216,60.039,66.043,27.518,1.0005,0.9995,1509490.0,0.0144,0.0,354.67,0.0362,0.0,0.8167,0.3567,0.2877,0.8115,1.0,1.7925,0.002778,0.006387,0.6263,0.4778,-0.062,-0.1329,2.1834,354.0,0.0,0.0,2.0563,2.6106,354.3,0.0044,0,0,1,0.0,0.0,0.0,359.0,354.0,0.9121,0.9771,0.9726,0.8999,-0.9121,-0.9771,-0.876,-0.9946,0.0,0.8794,0.9163,0.7424,0.0,60.0,30.0,30.0,60.0,60.0,60.0,60.0,0.0,5.0,-4.0,-0.0,66.0432,0.0026,0.2335,0.0746,0.9946,1.4546,,,,
122,2026-06-08T14:54:00+00:00,2026-06-08T15:05:00+00:00,11.0,-9.0,354.0,345.0,354.0,345.0,9.0,23,bajada,10:54,2026-06-08,,-0.1364,0.3229,0.0455,0.9042,-0.9042,-0.0136,0.0358,0.0,-0.1333,0.0322,0.0383,0.0001,0.001,0.0044,-0.0011,0.0,0.001,0.0,0.0001,0.0002,-0.0001,0.0,0.0001,1,2,0.0,0.1364,0.000204,0.001932,0.0,0.000469,0.1325,660.482,60.044,73.387,28.717,1.0006,0.9994,2751521.0,0.0322,0.0,345.878,0.0383,0.0,0.7654,0.2796,0.1178,0.5358,1.0,1.5734,0.001449,0.004646,0.8708,0.6558,-0.0203,-0.0376,2.7995,345.0,0.0,0.0,2.5825,5.1898,345.211,0.0068,0,0,1,0.0,0.0,0.0,354.0,345.0,0.9042,0.9713,0.9689,0.9011,-0.9042,-0.9713,-0.8638,-0.9897,0.0,0.886,0.9288,0.7553,0.0,90.0,30.0,60.0,60.0,90.0,90.0,90.0,0.0,9.0,-6.0,0.0,73.3869,0.0029,0.0631,0.044,0.9897,0.843,,,,
123,2026-06-08T16:03:30+00:00,2026-06-08T16:13:30+00:00,10.0,5.0,327.0,332.0,332.0,327.0,5.0,21,subida,12:03,2026-06-08,,0.05,0.75,0.1,-0.9286,0.9286,0.0083,0.0363,0.1667,0.0,0.0278,0.0373,0.0,0.0018,0.0056,-0.0056,0.0001,0.0018,0.0,0.0001,0.0002,-0.0004,0.0,0.0001,2,3,0.05,0.0,0.000263,0.001389,0.0,0.000543,0.1658,600.414,60.041,120.083,28.591,1.0007,0.9993,2281754.0,0.0278,0.0001,329.629,0.0373,0.0,0.9984,-0.0,0.2513,0.0045,1.0,2.0916,0.001587,0.002687,0.9494,0.8995,0.6652,0.3722,1.1266,332.0,0.0,5.0,-0.0953,-1.9909,329.647,0.0076,0,0,1,0.0,0.0,0.0,332.0,327.0,-0.9286,-0.878,-0.8814,-0.916,0.9286,0.878,0.9528,0.8158,0.0,-0.6407,-0.6601,-0.9271,300.0,0.0,0.0,0.0,300.0,300.0,300.0,300.0,0.0,0.0,0.0,-0.0,120.0828,0.0028,0.0011,0.0375,0.9528,0.0094,,,,
124,2026-06-08T18:54:30+00:00,2026-06-08T19:06:00+00:00,11.5,157.0,336.0,493.0,493.0,336.0,157.0,24,subida,14:54,2026-06-08,,0.087,0.2788,0.087,-0.8989,0.8989,0.2275,0.8333,3.9333,0.0,17.1611,0.8638,0.0,0.0349,0.1311,-0.0878,0.0268,0.0349,-0.0002,0.0016,0.0015,-0.0073,0.0001,0.0017,2,2,0.087,0.0,0.004465,0.065556,0.0,0.013867,2.2313,800.958,69.648,5.102,33.373,1.1319,0.8835,5535937.0,17.1611,0.0268,480.275,0.8638,3e-06,0.6584,-0.0,0.1112,0.5171,1.0,1.7194,0.001389,0.004717,0.8336,0.6329,-0.0163,-0.0299,2.9006,493.0,0.0,0.0,-2.8699,6.4672,491.05,0.0912,0,0,1,0.0,0.0,0.0,493.0,336.0,-0.8989,-0.9666,-0.9642,-0.8997,0.8989,0.9666,0.858,0.9812,0.0,-0.8834,-0.9259,-0.7338,90.0,0.0,0.0,60.0,60.0,90.0,90.0,90.0,0.0,0.0,117.8,-0.0,5.1016,1.4923,0.0575,0.0243,0.9812,0.8891,,,,
125,2026-06-09T02:09:30+00:00,2026-06-09T02:17:00+00:00,7.5,-4.0,469.0,465.0,469.0,465.0,4.0,16,bajada,22:09,2026-06-08,,-0.0667,0.3294,0.1333,0.9032,-0.9032,-0.0089,0.0333,0.0,-0.1333,0.0178,0.0344,0.0,0.0017,0.0044,-0.0044,0.0,0.0017,0.0,0.0001,0.0003,-0.0001,0.0,0.0001,2,2,0.0,0.0667,0.000346,0.002222,0.0,0.000647,0.1329,450.265,60.035,112.566,28.142,1.0005,0.9995,3467072.0,0.0178,0.0,465.502,0.0344,0.0,0.5436,0.2842,0.1823,0.619,1.0,1.75,0.002083,0.005614,0.7162,0.5238,-0.033,-0.0649,2.4433,465.0,0.0,0.0,2.2678,3.1429,465.286,0.0028,0,0,1,0.0,0.0,0.0,469.0,465.0,0.9032,0.9682,0.9629,0.9117,-0.9032,-0.9682,-0.8653,-0.9869,0.0,0.8785,0.9172,0.7491,0.0,60.0,0.0,0.0,60.0,60.0,60.0,60.0,0.0,4.0,-4.0,-0.0,112.5662,0.0024,0.1128,0.022,0.9869,1.0833,,,,
126,2026-06-09T02:29:00+00:00,2026-06-09T02:40:00+00:00,11.0,-14.0,462.0,448.0,462.0,448.0,14.0,23,bajada,22:29,2026-06-08,,-0.0455,0.2386,0.0909,0.8927,-0.8927,-0.0212,0.0972,0.0,-0.4667,0.2178,0.0995,0.0,0.0048,0.0156,-0.0156,0.0005,0.0048,0.0,0.0003,0.001,-0.0005,0.0,0.0003,2,2,0.0,0.0455,0.00082,0.007778,0.0,0.001933,0.4488,663.106,60.282,47.365,28.831,1.0045,0.9955,4641672.0,0.2178,0.0005,449.235,0.0995,0.0,0.4262,0.2124,0.1112,0.6381,1.0,1.5734,0.001449,0.005405,0.7775,0.5184,-0.0143,-0.0265,3.0029,448.0,0.0,0.0,2.9318,6.5952,448.0,0.0088,0,0,1,0.0,0.0,0.0,462.0,448.0,0.8927,0.9612,0.9595,0.8872,-0.8927,-0.9612,-0.8514,-0.9801,0.0,0.8773,0.9214,0.7436,0.0,60.0,0.0,0.0,60.0,60.0,60.0,60.0,0.0,14.0,-11.2,0.0,47.3647,0.0198,0.071,0.0109,0.9801,1.004,,,,
127,2026-06-09T04:51:00+00:00,2026-06-09T04:52:00+00:00,1.0,-244.0,447.0,203.0,447.0,203.0,244.0,3,bajada,00:51,2026-06-09,,-0.5,0.75,0.5,0.8944,-0.8944,-4.0667,4.0667,0.0,-8.1333,66.1511,5.7511,-0.2711,0.0,-0.2711,-0.2711,0.0735,0.2711,0.0,0.0,0.0,0.0,0.0,0.0,1,0,0.0,0.5,0.0,0.0,0.0,0.0,0.0,275.837,275.837,1.13,91.946,1.0978,0.9109,440827.0,66.1511,0.0735,383.331,5.7511,0.00015,0.9183,0.0,0.0,1.0,1.0,1.585,0.0,0.0,0.0,0.0,0.0,0.0,0.0,447.0,0.0,122.0,-0.7071,-1.5,447.0,0.3146,0,0,0,0.0,0.0,0.0,0.0,0.0,0.8944,0.7742,0.8165,0.8944,-0.8944,-0.7742,-0.8944,-0.7071,0.0,0.0,0.0,1.0,0.0,60.0,0.0,0.0,60.0,60.0,60.0,60.0,0.0,244.0,-0.0,-488.0,1.1305,66.1511,0.0,0.375,1.0,1.585,,,,
128,2026-06-09T04:52:00+00:00,2026-06-09T05:02:30+00:00,10.5,245.0,203.0,448.0,448.0,203.0,245.0,22,subida,00:52,2026-06-09,,0.0476,0.1304,0.0476,-0.876,0.876,0.3889,1.7392,8.1667,0.0,66.6944,1.7821,-0.0136,0.0593,0.0,-0.2722,0.0741,0.0609,0.0005,0.002,0.0091,0.0,0.0001,0.0021,1,1,0.0476,0.0,0.003188,0.068056,0.0,0.01416,2.1003,846.83,80.65,3.456,38.492,1.2528,0.7982,4255993.0,66.6944,0.0741,439.834,1.7821,1.6e-05,0.2668,-0.0,0.1112,1.0823,1.0,1.6216,0.001515,0.009091,0.4545,-0.0023,-0.0075,-0.014,3.4594,448.0,0.0,0.0,-4.3644,17.0476,448.0,0.1168,0,0,1,0.0,0.0,0.0,448.0,203.0,-0.876,-0.9474,-0.9512,-0.8693,0.876,0.9474,0.8335,0.9643,0.0,-0.865,-0.9108,-0.7192,30.0,0.0,0.0,0.0,30.0,30.0,30.0,30.0,0.0,0.0,147.0,0.0,3.4564,6.3518,0.1204,0.0062,0.9643,1.7551,,,,
129,2026-06-09T10:36:30+00:00,2026-06-09T10:46:00+00:00,9.5,-4.0,438.0,434.0,438.0,434.0,4.0,20,bajada,06:36,2026-06-09,,-0.0526,0.2707,0.1053,0.8963,-0.8963,-0.007,0.0298,0.0,-0.1333,0.0178,0.0306,0.0,0.0015,0.0044,-0.0044,0.0,0.0015,0.0,0.0001,0.0003,-0.0001,0.0,0.0001,2,2,0.0,0.0526,0.000277,0.002222,0.0,0.000595,0.1329,570.265,60.028,142.566,28.513,1.0004,0.9996,3774096.0,0.0178,0.0,434.402,0.0306,0.0,0.469,0.2377,0.1335,0.5934,1.0,1.5127,0.001667,0.005476,0.7397,0.5205,-0.0196,-0.037,2.7887,434.0,0.0,0.0,2.6667,5.1111,434.0,0.0028,0,0,1,0.0,0.0,0.0,438.0,434.0,0.8963,0.9639,0.9609,0.883,-0.8963,-0.9639,-0.8561,-0.9838,0.0,0.8787,0.9205,0.7495,0.0,60.0,0.0,0.0,60.0,60.0,60.0,60.0,0.0,4.0,-3.2,0.0,142.5662,0.0019,0.0792,0.0142,0.9838,0.8976,,,,
130,2026-06-09T11:06:30+00:00,2026-06-09T11:17:00+00:00,10.5,-6.0,438.0,432.0,438.0,432.0,6.0,22,bajada,07:06,2026-06-09,,-0.0476,0.1304,0.0476,0.876,-0.876,-0.0095,0.0426,0.0,-0.2,0.04,0.0436,0.0003,0.0015,0.0067,0.0,0.0,0.0015,-0.0,0.0,0.0,-0.0002,0.0,0.0001,1,1,0.0,0.0476,0.000368,0.003284,0.0,0.000964,0.1957,630.594,60.057,105.099,28.663,1.0009,0.9991,4110948.0,0.04,0.0,432.275,0.0436,0.0,0.2668,0.1108,0.1112,1.0823,1.0,1.6216,0.001515,0.009091,0.4545,-0.0023,-0.0075,-0.014,3.4594,432.0,0.0,0.0,4.3644,17.0476,432.0,0.0029,0,0,1,0.0,0.0,0.0,438.0,432.0,0.876,0.9474,0.9512,0.8693,-0.876,-0.9474,-0.8335,-0.9643,0.0,0.865,0.9108,0.7192,0.0,30.0,0.0,0.0,30.0,30.0,30.0,30.0,0.0,6.0,-3.6,0.0,105.099,0.0038,0.1204,0.0062,0.9643,1.7551,,,,
131,2026-06-09T14:34:00+00:00,2026-06-09T14:45:30+00:00,11.5,-41.0,428.0,387.0,428.0,387.0,41.0,24,bajada,10:34,2026-06-09,,-0.087,0.3161,0.087,0.9044,-0.9044,-0.0594,0.1931,0.0,-0.7333,0.9389,0.202,-0.0,0.0069,0.0244,-0.0211,0.0011,0.0069,0.0,0.0003,0.0009,-0.0008,0.0,0.0003,2,2,0.0,0.087,0.001518,0.010556,0.0,0.003415,0.9345,702.713,61.105,17.139,29.28,1.0166,0.9836,3678798.0,0.9389,0.0011,391.514,0.202,0.0,0.6584,0.3059,0.1112,0.4259,1.0,1.5283,0.001389,0.004344,0.8849,0.7042,-0.019,-0.0349,2.7627,387.0,0.0,0.0,2.5356,4.7442,388.1,0.0304,0,0,1,0.0,0.0,0.0,428.0,387.0,0.9044,0.9705,0.9668,0.9071,-0.9044,-0.9705,-0.8644,-0.9851,0.0,0.8867,0.9278,0.7399,0.0,90.0,60.0,60.0,90.0,90.0,90.0,90.0,0.0,41.0,-28.4,0.0,17.1393,0.0816,0.0474,0.0275,0.9851,0.6509,,,,
132,2026-06-09T20:22:00+00:00,2026-06-09T20:33:30+00:00,11.5,-6.0,388.0,382.0,391.0,382.0,9.0,24,bajada,16:22,2026-06-09,,-0.0435,0.2674,0.1304,0.8937,-0.8937,-0.0087,0.0775,0.2,-0.3,0.14,0.078,0.0002,0.0047,0.01,-0.0167,0.0005,0.0047,-0.0,0.0003,0.0009,-0.0009,0.0,0.0003,3,3,0.0435,0.087,0.000516,0.004926,0.0,0.001233,0.2976,692.065,60.18,115.344,28.836,1.003,0.9971,3516054.0,0.14,0.0005,382.756,0.078,0.0,0.7417,0.3059,0.1112,0.9866,0.7431,1.5283,0.001389,0.007125,0.6518,0.3287,-0.0171,-0.0316,3.1509,382.0,0.0,0.0,2.9098,7.2864,382.15,0.0057,0,0,1,0.0,0.0,0.0,391.0,382.0,0.8937,0.9544,0.9491,0.901,-0.8937,-0.9544,-0.8569,-0.9685,0.0,0.8712,0.9079,0.7349,60.0,90.0,0.0,30.0,30.0,90.0,90.0,90.0,3.0,6.0,-2.4,0.0,115.3442,0.0122,0.1097,0.0116,0.9685,1.5078,,,,
133,2026-06-10T00:21:30+00:00,2026-06-10T00:32:30+00:00,11.0,-10.0,382.0,372.0,382.0,372.0,10.0,23,bajada,20:21,2026-06-09,,-0.1364,0.442,0.1818,0.9214,-0.9214,-0.0152,0.0411,0.0,-0.1667,0.0422,0.0438,0.0,0.0018,0.0033,-0.0056,0.0001,0.0018,0.0,0.0001,0.0003,-0.0002,0.0,0.0001,4,4,0.0,0.1364,0.000373,0.002778,0.0,0.00071,0.2154,660.63,60.057,66.063,28.723,1.0008,0.9992,3206139.0,0.0422,0.0001,373.36,0.0438,0.0,1.0862,0.4465,0.1335,0.3253,1.0,1.5734,0.001449,0.003947,0.8711,0.7475,0.2655,-0.0577,2.5467,372.0,0.0,0.0,2.1995,3.5102,372.579,0.0079,0,0,1,0.0,0.0,0.0,382.0,372.0,0.9214,0.9818,0.9765,0.9151,-0.9214,-0.9818,-0.8849,-0.9969,0.0,0.8931,0.9305,0.7771,0.0,150.0,0.0,60.0,90.0,150.0,150.0,150.0,0.0,10.0,-5.2,0.0,66.063,0.0038,0.0434,0.0603,0.9969,0.5118,,,,
134,2026-06-10T02:36:30+00:00,2026-06-10T02:48:00+00:00,11.5,-14.0,369.0,355.0,369.0,355.0,14.0,24,bajada,22:36,2026-06-09,,-0.1739,0.4044,0.1304,0.9135,-0.9135,-0.0203,0.0448,0.0,-0.1333,0.0556,0.0491,0.0002,0.0012,0.0033,-0.0033,0.0,0.0013,0.0,0.0001,0.0002,-0.0002,0.0,0.0001,3,4,0.0,0.1739,0.000183,0.001361,0.0,0.000394,0.1321,690.83,60.072,49.345,28.785,1.001,0.999,3050510.0,0.0556,0.0,356.517,0.0491,0.0,1.1387,0.4329,0.1252,0.421,1.0,1.5283,0.001389,0.004621,0.8099,0.676,0.2172,-0.048,2.8547,355.0,0.0,0.0,2.5021,5.2589,355.6,0.0099,0,0,1,0.0,0.0,0.0,369.0,355.0,0.9135,0.9779,0.9753,0.9113,-0.9135,-0.9779,-0.8747,-0.9915,0.0,0.892,0.9319,0.75,0.0,150.0,30.0,60.0,90.0,150.0,150.0,150.0,0.0,14.0,-7.4,0.0,49.345,0.0048,0.0527,0.0703,0.9915,0.6434,,,,
135,2026-06-10T04:53:30+00:00,2026-06-10T04:54:30+00:00,1.0,5.0,355.0,360.0,360.0,355.0,5.0,3,subida,00:53,2026-06-10,,0.5,0.75,0.5,-0.8944,0.8944,0.0833,0.0833,0.1667,0.0,0.0278,0.1179,0.0056,0.0,0.0056,0.0056,0.0,0.0056,0.0,0.0,0.0,0.0,0.0,0.0,1,0,0.5,0.0,0.0,0.0,0.0,0.0,0.0,60.414,60.414,12.083,20.138,1.0034,0.9966,381650.0,0.0278,0.0,356.674,0.1179,0.0,0.9183,0.0,0.0,1.0,1.0,1.585,0.0,0.0,0.0,0.0,0.0,0.0,0.0,355.0,0.0,2.5,0.7071,-1.5,355.0,0.0066,0,0,0,0.0,0.0,0.0,0.0,0.0,-0.8944,-0.7742,-0.8165,-0.8944,0.8944,0.7742,0.8944,0.7071,0.0,0.0,0.0,-1.0,60.0,0.0,0.0,0.0,60.0,60.0,60.0,60.0,0.0,0.0,-0.0,10.0,12.0828,0.0278,0.0,0.375,1.0,1.585,,,,
136,2026-06-10T04:54:30+00:00,2026-06-10T05:05:00+00:00,10.5,-10.0,360.0,350.0,360.0,350.0,10.0,22,bajada,00:54,2026-06-10,,-0.0952,0.2684,0.1429,0.8946,-0.8946,-0.0159,0.0531,0.0,-0.2333,0.0644,0.0554,0.0004,0.002,0.0078,-0.0033,0.0001,0.002,-0.0,0.0001,0.0002,-0.0004,0.0,0.0001,3,3,0.0,0.0952,0.000425,0.003592,0.0,0.000965,0.2268,630.955,60.091,63.096,28.68,1.0014,0.9986,2706318.0,0.0644,0.0001,350.734,0.0554,0.0,0.6999,0.2892,0.1252,0.7369,1.0,1.6216,0.001515,0.007158,0.6517,0.3359,-0.0173,-0.0322,3.2477,350.0,0.0,0.0,3.4783,11.491,350.167,0.0063,0,0,1,0.0,0.0,0.0,360.0,350.0,0.8946,0.9637,0.9645,0.8912,-0.8946,-0.9637,-0.8533,-0.9806,0.0,0.8796,0.9232,0.7373,0.0,90.0,0.0,30.0,30.0,90.0,90.0,90.0,0.0,10.0,-6.0,0.0,63.0955,0.0061,0.0923,0.0256,0.9806,1.195,,,,
137,2026-06-10T10:13:00+00:00,2026-06-10T10:24:00+00:00,11.0,-11.0,348.0,337.0,348.0,337.0,11.0,23,bajada,06:13,2026-06-10,,-0.0455,0.2386,0.0909,0.8927,-0.8927,-0.0167,0.0764,0.0,-0.3667,0.1344,0.0782,0.0,0.0038,0.0122,-0.0122,0.0003,0.0038,0.0,0.0002,0.0008,-0.0004,0.0,0.0002,2,2,0.0,0.0455,0.000651,0.006111,0.0,0.00153,0.3578,661.953,60.178,60.178,28.781,1.0028,0.9972,2627157.0,0.1344,0.0003,337.971,0.0782,0.0,0.4262,0.2124,0.1112,0.6381,1.0,1.5734,0.001449,0.005405,0.7775,0.5184,-0.0143,-0.0265,3.0029,337.0,0.0,0.0,2.9318,6.5952,337.0,0.0092,0,0,1,0.0,0.0,0.0,348.0,337.0,0.8927,0.9612,0.9595,0.8872,-0.8927,-0.9612,-0.8514,-0.9801,0.0,0.8773,0.9214,0.7436,0.0,60.0,0.0,0.0,60.0,60.0,60.0,60.0,0.0,11.0,-8.8,-0.0,60.1775,0.0122,0.071,0.0109,0.9801,1.004,,,,
138,2026-06-10T17:45:00+00:00,2026-06-10T17:56:00+00:00,11.0,151.0,341.0,492.0,492.0,341.0,151.0,23,subida,13:45,2026-06-10,,0.0455,0.2386,0.0909,-0.8927,0.8927,0.2288,1.0484,5.0333,0.0,25.3344,1.0731,0.0,0.0518,0.1678,-0.1678,0.0563,0.0518,-0.0003,0.0028,0.0056,-0.0112,0.0002,0.0028,2,2,0.0455,0.0,0.005655,0.083889,0.0,0.018732,2.6434,783.951,71.268,5.192,34.085,1.1579,0.8636,5315906.0,25.3344,0.0563,480.756,1.0731,5e-06,0.4262,-0.0,0.1112,0.6381,1.0,1.7701,0.001449,0.005405,0.7775,0.5184,-0.0143,-0.0265,3.0029,492.0,0.0,0.0,-2.9318,6.5952,492.0,0.0888,0,0,1,0.0,0.0,0.0,492.0,341.0,-0.8927,-0.9612,-0.9595,-0.8872,0.8927,0.9612,0.8514,0.9801,0.0,-0.8773,-0.9214,-0.7436,60.0,0.0,0.0,0.0,60.0,60.0,60.0,60.0,0.0,0.0,120.8,-0.0,5.1917,2.3031,0.071,0.0109,0.9801,1.1295,,,,
139,2026-06-10T18:37:30+00:00,2026-06-10T18:48:00+00:00,10.5,-7.0,490.0,483.0,490.0,483.0,7.0,22,bajada,14:37,2026-06-10,,-0.1429,0.4366,0.1429,0.9173,-0.9173,-0.0111,0.0279,0.0,-0.1,0.0189,0.03,0.0001,0.001,0.0033,-0.0022,0.0,0.0011,0.0,0.0001,0.0001,-0.0001,0.0,0.0001,3,5,0.0,0.1429,0.000189,0.001384,0.0,0.000338,0.1163,630.283,60.027,90.04,28.649,1.0004,0.9996,5149832.0,0.0189,0.0,483.822,0.03,0.0,1.0848,0.3953,0.1526,0.4581,1.0,1.6216,0.001515,0.00485,0.7899,0.6369,0.3041,-0.0608,2.7733,483.0,0.0,0.0,2.3776,4.7075,483.333,0.0037,0,0,1,0.0,0.0,0.0,490.0,483.0,0.9173,0.9798,0.977,0.9114,-0.9173,-0.9798,-0.8799,-0.9939,0.0,0.8914,0.9298,0.7639,0.0,150.0,30.0,30.0,60.0,150.0,150.0,150.0,0.0,7.0,-3.6,0.0,90.0404,0.0018,0.0699,0.0624,0.9939,0.7429,,,,
140,2026-06-10T20:48:00+00:00,2026-06-10T20:53:30+00:00,5.5,-4.0,476.0,472.0,476.0,472.0,4.0,12,bajada,16:48,2026-06-10,,-0.0909,0.4196,0.1818,0.9138,-0.9138,-0.0121,0.0383,0.0,-0.1333,0.0178,0.0402,0.0,0.002,0.0044,-0.0044,0.0,0.002,0.0,0.0001,0.0003,-0.0001,0.0,0.0001,2,2,0.0,0.0909,0.000462,0.002222,0.0,0.00071,0.1329,330.265,60.048,82.566,27.522,1.0007,0.9993,2680992.0,0.0178,0.0,472.669,0.0402,0.0,0.65,0.3567,0.2877,0.6792,1.0,1.7925,0.002778,0.005853,0.6732,0.5273,-0.0667,-0.1429,1.9883,472.0,0.0,0.0,1.7889,1.2,472.4,0.0032,0,0,1,0.0,0.0,0.0,476.0,472.0,0.9138,0.9729,0.9648,0.9071,-0.9138,-0.9729,-0.8809,-0.9889,0.0,0.8744,0.9064,0.7483,0.0,60.0,0.0,0.0,60.0,60.0,60.0,60.0,0.0,4.0,-0.0,-0.0,82.5662,0.0032,0.1954,0.0381,0.9889,1.2175,,,,
141,2026-06-10T21:09:00+00:00,2026-06-10T21:14:30+00:00,5.5,-5.0,472.0,467.0,472.0,467.0,5.0,12,bajada,17:09,2026-06-10,,-0.1818,0.3739,0.0909,0.906,-0.906,-0.0152,0.0329,0.0,-0.1,0.0144,0.0362,0.0003,0.0007,0.0022,0.0,0.0,0.0008,-0.0,0.0,0.0,-0.0001,0.0,0.0,1,1,0.0,0.1818,0.000299,0.001387,0.0,0.000471,0.0995,330.216,60.039,66.043,27.518,1.0005,0.9995,2623635.0,0.0144,0.0,467.586,0.0362,0.0,0.8167,0.3567,0.2877,0.8906,1.0,1.7925,0.002778,0.00721,0.554,0.3718,-0.0546,-0.1171,2.3708,467.0,0.0,0.0,2.4235,4.4552,467.2,0.0031,0,0,1,0.0,0.0,0.0,472.0,467.0,0.906,0.9736,0.9708,0.8912,-0.906,-0.9736,-0.8685,-0.9917,0.0,0.8768,0.9159,0.7352,0.0,60.0,0.0,30.0,30.0,60.0,60.0,60.0,0.0,5.0,-6.0,-0.0,66.0432,0.0026,0.2562,0.068,0.9917,1.5964,,,,
142,2026-06-11T02:00:30+00:00,2026-06-11T02:11:30+00:00,11.0,-15.0,459.0,444.0,459.0,444.0,15.0,23,bajada,22:00,2026-06-10,,-0.1364,0.3522,0.1364,0.9082,-0.9082,-0.0227,0.0677,0.0,-0.3,0.1122,0.0714,0.0001,0.0031,0.01,-0.0078,0.0002,0.0031,0.0,0.0002,0.0006,-0.0005,0.0,0.0002,3,4,0.0,0.1364,0.000463,0.003863,0.0,0.000924,0.2619,661.653,60.15,44.11,28.768,1.0022,0.9978,4566522.0,0.1122,0.0002,445.583,0.0714,0.0,0.9274,0.3823,0.1252,0.4803,1.0,1.5734,0.001449,0.004639,0.8306,0.6439,0.1443,-0.0423,2.8227,444.0,0.0,0.0,2.6155,5.3924,444.421,0.009,0,0,1,0.0,0.0,0.0,459.0,444.0,0.9082,0.9739,0.971,0.9018,-0.9082,-0.9739,-0.8686,-0.9916,0.0,0.8879,0.9295,0.7602,0.0,120.0,30.0,60.0,60.0,90.0,90.0,120.0,0.0,15.0,-8.4,0.0,44.1102,0.0102,0.0601,0.048,0.9916,0.7557,,,,
143,2026-06-11T02:20:30+00:00,2026-06-11T02:31:30+00:00,11.0,-10.0,444.0,434.0,444.0,434.0,10.0,23,bajada,22:20,2026-06-10,,-0.1364,0.3115,0.0455,0.9016,-0.9016,-0.0152,0.0399,0.0,-0.1333,0.04,0.0426,0.0002,0.0012,0.0044,-0.0022,0.0,0.0012,-0.0,0.0001,0.0002,-0.0001,0.0,0.0001,1,3,0.0,0.1364,0.000215,0.001656,0.0,0.000451,0.1321,660.598,60.054,66.06,28.722,1.0008,0.9992,4349700.0,0.04,0.0,434.876,0.0426,0.0,0.7654,0.2796,0.1178,0.5974,1.0,1.5734,0.001449,0.005161,0.8215,0.579,-0.0194,-0.0359,2.9418,434.0,0.0,0.0,2.8059,6.8374,434.211,0.0056,0,0,1,0.0,0.0,0.0,444.0,434.0,0.9016,0.9696,0.9684,0.8976,-0.9016,-0.9696,-0.8607,-0.9881,0.0,0.8845,0.928,0.7523,0.0,90.0,30.0,30.0,60.0,90.0,90.0,90.0,0.0,10.0,-6.4,0.0,66.0598,0.0036,0.0704,0.0425,0.9881,0.9399,,,,
144,2026-06-11T09:27:00+00:00,2026-06-11T09:38:00+00:00,11.0,-8.0,427.0,419.0,430.0,419.0,11.0,23,bajada,05:27,2026-06-11,,-0.0455,0.2892,0.0909,0.8988,-0.8988,-0.0121,0.0632,0.1,-0.2667,0.0911,0.0644,-0.0002,0.003,0.0056,-0.0122,0.0002,0.003,0.0,0.0001,0.0006,-0.0001,0.0,0.0001,2,2,0.0455,0.0909,0.000657,0.006021,0.0,0.001594,0.3627,661.348,60.123,82.668,28.754,1.002,0.998,4056533.0,0.0911,0.0002,419.965,0.0644,0.0,0.7654,0.3165,0.1178,0.7565,0.8486,1.5734,0.001449,0.004592,0.8666,0.6449,-0.0183,-0.0338,2.7658,419.0,0.0,0.0,2.8539,6.7419,419.158,0.0065,0,0,1,0.0,0.0,0.0,430.0,419.0,0.8988,0.9634,0.9578,0.8973,-0.8988,-0.9634,-0.8596,-0.9816,0.0,0.8789,0.9196,0.7521,30.0,90.0,0.0,60.0,60.0,90.0,90.0,90.0,3.0,8.0,-6.4,-0.0,82.6685,0.0083,0.0891,0.0132,0.9816,1.1903,,,,
145,2026-06-11T13:57:30+00:00,2026-06-11T14:08:30+00:00,11.0,-37.0,407.0,370.0,407.0,370.0,37.0,23,bajada,09:57,2026-06-11,,-0.1364,0.2783,0.1818,0.8986,-0.8986,-0.0561,0.2356,0.0,-1.1333,1.29,0.2421,-0.0,0.0115,0.0367,-0.0378,0.0028,0.0115,0.0001,0.0006,0.0025,-0.0012,0.0,0.0006,4,4,0.0,0.1364,0.001815,0.018889,0.0,0.004382,0.9692,675.426,61.402,18.255,29.366,1.0218,0.9787,3211395.0,1.29,0.0028,373.665,0.2421,0.0,0.4262,0.4465,0.1162,0.5741,1.0,1.5734,0.001449,0.005148,0.7916,0.5599,0.045,-0.0321,2.9506,370.0,0.0,0.0,2.9013,6.4839,370.368,0.0277,0,0,1,0.0,0.0,0.0,407.0,370.0,0.8986,0.9659,0.9636,0.893,-0.8986,-0.9659,-0.8581,-0.9842,0.0,0.881,0.9241,0.7502,0.0,150.0,0.0,60.0,60.0,60.0,60.0,150.0,0.0,37.0,-27.8,0.0,18.2548,0.1173,0.0667,0.038,0.9842,0.9033,,,,
146,2026-06-11T16:43:30+00:00,2026-06-11T16:54:00+00:00,10.5,-8.0,370.0,362.0,370.0,362.0,8.0,22,bajada,12:43,2026-06-11,,-0.0952,0.4164,0.1429,0.9151,-0.9151,-0.0127,0.0391,0.0,-0.1333,0.0356,0.0411,0.0002,0.0017,0.0044,-0.0044,0.0001,0.0017,-0.0,0.0001,0.0003,-0.0001,0.0,0.0001,3,4,0.0,0.0952,0.00035,0.002207,0.0,0.000692,0.1982,630.531,60.051,78.816,28.66,1.0008,0.9992,2897560.0,0.0356,0.0001,362.915,0.0411,0.0,0.8315,0.2892,0.1418,0.4102,1.0,1.6216,0.001515,0.005126,0.7583,0.5836,0.3195,-0.057,2.7351,362.0,0.0,0.0,2.2277,4.0343,362.444,0.0057,0,0,1,0.0,0.0,0.0,370.0,362.0,0.9151,0.9779,0.9751,0.9095,-0.9151,-0.9779,-0.8774,-0.9929,0.0,0.8905,0.9289,0.7611,0.0,120.0,0.0,30.0,30.0,120.0,120.0,120.0,0.0,8.0,-2.4,-0.0,78.8164,0.0034,0.0582,0.0396,0.9929,0.6652,,,,
147,2026-06-11T21:39:30+00:00,2026-06-11T21:40:30+00:00,1.0,-228.0,364.0,136.0,364.0,136.0,228.0,3,bajada,17:39,2026-06-11,,-0.5,0.75,0.5,0.8944,-0.8944,-3.8,3.8,0.0,-7.6,57.76,5.374,-0.2533,0.0,-0.2533,-0.2533,0.0642,0.2533,0.0,0.0,0.0,0.0,0.0,0.0,1,0,0.0,0.5,0.0,0.0,0.0,0.0,0.0,259.965,259.965,1.14,86.655,1.1027,0.9069,283488.0,57.76,0.0642,307.402,5.374,0.000204,0.9183,0.0,0.0,1.0,1.0,1.585,0.0,0.0,0.0,0.0,0.0,0.0,0.0,364.0,0.0,114.0,-0.7071,-1.5,364.0,0.3732,0,0,0,0.0,0.0,0.0,0.0,0.0,0.8944,0.7742,0.8165,0.8944,-0.8944,-0.7742,-0.8944,-0.7071,0.0,0.0,0.0,1.0,0.0,60.0,0.0,0.0,60.0,60.0,60.0,60.0,0.0,228.0,-0.0,-456.0,1.1402,57.76,0.0,0.375,1.0,1.585,,,,
148,2026-06-11T21:40:30+00:00,2026-06-11T21:51:00+00:00,10.5,228.0,136.0,364.0,364.0,136.0,228.0,22,subida,17:40,2026-06-11,,0.0476,0.1304,0.0476,-0.876,0.876,0.3619,1.6185,7.6,0.0,57.76,1.6585,-0.0127,0.0552,0.0,-0.2533,0.0642,0.0566,0.0004,0.0019,0.0084,0.0,0.0001,0.0019,1,1,0.0476,0.0,0.002986,0.063333,0.0,0.013176,1.9669,829.965,79.044,3.64,37.726,1.2388,0.8072,2800912.0,57.76,0.0642,356.811,1.6585,2.1e-05,0.2668,-0.0,0.1112,1.0823,1.0,1.6216,0.001515,0.009091,0.4545,-0.0023,-0.0075,-0.014,3.4594,364.0,0.0,0.0,-4.3644,17.0476,364.0,0.1343,0,0,1,0.0,0.0,0.0,364.0,136.0,-0.876,-0.9474,-0.9512,-0.8693,0.876,0.9474,0.8335,0.9643,0.0,-0.865,-0.9108,-0.7192,30.0,0.0,0.0,0.0,30.0,30.0,30.0,30.0,0.0,0.0,136.8,-0.0,3.6402,5.501,0.1204,0.0062,0.9643,1.7551,,,,
149,2026-06-11T23:35:30+00:00,2026-06-11T23:46:00+00:00,10.5,-12.0,366.0,354.0,366.0,354.0,12.0,22,bajada,19:35,2026-06-11,,-0.1429,0.2798,0.0476,0.8963,-0.8963,-0.019,0.054,0.0,-0.2333,0.0689,0.0573,0.0004,0.0014,0.0056,-0.0011,0.0,0.0015,-0.0,0.0001,0.0001,-0.0002,0.0,0.0001,1,3,0.0,0.1429,0.000402,0.002565,0.0,0.000803,0.227,631.022,60.097,52.585,28.683,1.0014,0.9986,2771290.0,0.0689,0.0,354.919,0.0573,0.0,0.7908,0.2892,0.1252,0.7254,1.0,1.6216,0.001515,0.006382,0.7223,0.4385,-0.018,-0.0335,3.1761,354.0,0.0,0.0,3.3142,10.3017,354.167,0.0076,0,0,1,0.0,0.0,0.0,366.0,354.0,0.8963,0.9654,0.9657,0.8929,-0.8963,-0.9654,-0.8549,-0.9823,0.0,0.8812,0.9247,0.7388,0.0,90.0,0.0,30.0,60.0,90.0,90.0,90.0,0.0,12.0,-7.6,-0.0,52.5852,0.0066,0.0908,0.04,0.9823,1.1763,,,,
150,2026-06-12T00:05:00+00:00,2026-06-12T00:11:00+00:00,6.0,-5.0,356.0,351.0,356.0,351.0,5.0,13,bajada,20:05,2026-06-11,,-0.0833,0.3929,0.1667,0.9106,-0.9106,-0.0139,0.0461,0.0,-0.1667,0.0278,0.0481,0.0,0.0024,0.0056,-0.0056,0.0001,0.0024,0.0,0.0001,0.0004,-0.0002,0.0,0.0001,2,2,0.0,0.0833,0.000532,0.002778,0.0,0.000866,0.1658,360.414,60.069,72.083,27.724,1.0011,0.9989,1608683.0,0.0278,0.0001,351.774,0.0481,0.0,0.6194,0.335,0.2513,0.6643,1.0,1.7079,0.002564,0.005779,0.8316,0.5265,-0.0545,-0.1136,2.1195,351.0,0.0,0.0,1.9188,1.6818,351.455,0.0051,0,0,1,0.0,0.0,0.0,356.0,351.0,0.9106,0.9718,0.9644,0.9113,-0.9106,-0.9718,-0.8761,-0.9899,0.0,0.8734,0.9104,0.76,0.0,60.0,0.0,0.0,60.0,60.0,60.0,60.0,0.0,5.0,-0.0,-0.0,72.0828,0.0046,0.1669,0.0327,0.9899,1.1346,,,,
151,2026-06-12T00:16:00+00:00,2026-06-12T00:27:00+00:00,11.0,-7.0,350.0,343.0,350.0,343.0,7.0,23,bajada,20:16,2026-06-11,,-0.0455,0.2386,0.0909,0.8927,-0.8927,-0.0106,0.0486,0.0,-0.2333,0.0544,0.0497,0.0,0.0024,0.0078,-0.0078,0.0001,0.0024,0.0,0.0001,0.0005,-0.0003,0.0,0.0001,2,2,0.0,0.0455,0.000419,0.003889,0.0,0.000981,0.231,660.806,60.073,94.401,28.731,1.0012,0.9988,2715629.0,0.0544,0.0001,343.614,0.0497,0.0,0.4262,0.2124,0.1112,0.6381,1.0,1.5734,0.001449,0.005405,0.7775,0.5184,-0.0143,-0.0265,3.0029,343.0,0.0,0.0,2.9318,6.5952,343.0,0.0057,0,0,1,0.0,0.0,0.0,350.0,343.0,0.8927,0.9612,0.9595,0.8872,-0.8927,-0.9612,-0.8514,-0.9801,0.0,0.8773,0.9214,0.7436,0.0,60.0,0.0,0.0,60.0,60.0,60.0,60.0,0.0,7.0,-5.6,-0.0,94.4009,0.0049,0.071,0.0109,0.9801,1.004,,,,
152,2026-06-12T01:54:30+00:00,2026-06-12T01:56:00+00:00,1.5,-13.0,343.0,330.0,346.0,330.0,16.0,4,bajada,21:54,2026-06-11,,-0.3333,0.7764,0.3333,0.8934,-0.8934,-0.1444,0.1912,0.1,-0.3667,0.1722,0.2396,-0.0044,0.0111,0.0067,-0.0156,0.0003,0.012,0.0007,0.0,0.0007,0.0007,0.0,0.0007,1,1,0.3333,0.6667,0.004329,0.007663,0.000501,0.002724,0.3565,92.517,61.678,7.117,23.129,1.0174,0.9829,458490.0,0.1722,0.0003,338.559,0.2396,0.0,2.0,0.3869,0.0,1.0,0.7851,2.0,0.008333,0.008436,0.0,0.3085,-0.9503,0.0,0.096,339.0,5.5,10.0,-0.141,-1.6198,339.0,0.0187,0,0,0,0.0,0.0,0.0,346.0,330.0,0.8934,0.78,0.8091,0.9203,-0.8934,-0.78,-0.9217,-0.668,0.0,0.2273,0.2273,0.9774,30.0,90.0,0.0,60.0,60.0,90.0,90.0,90.0,3.0,13.0,6.0,-10.0,7.1167,0.1148,0.0,0.2588,0.9774,2.0,,,,
153,2026-06-12T01:56:00+00:00,2026-06-12T02:06:30+00:00,10.5,8.0,330.0,338.0,338.0,330.0,8.0,22,subida,21:56,2026-06-11,,0.0476,0.1304,0.0476,-0.876,0.876,0.0127,0.0568,0.2667,0.0,0.0711,0.0582,-0.0004,0.0019,0.0,-0.0089,0.0001,0.002,0.0,0.0001,0.0003,0.0,0.0,0.0001,1,1,0.0476,0.0,0.00048,0.004329,0.0,0.001256,0.2567,631.048,60.1,78.881,28.684,1.0016,0.9984,2508024.0,0.0711,0.0001,337.64,0.0582,0.0,0.2668,-0.0,0.1112,1.0823,1.0,1.6216,0.001515,0.009091,0.4545,-0.0023,-0.0075,-0.014,3.4594,338.0,0.0,0.0,-4.3644,17.0476,338.0,0.0049,0,0,1,0.0,0.0,0.0,338.0,330.0,-0.876,-0.9474,-0.9512,-0.8693,0.876,0.9474,0.8335,0.9643,0.0,-0.865,-0.9108,-0.7192,30.0,0.0,0.0,0.0,30.0,30.0,30.0,30.0,0.0,0.0,4.8,0.0,78.881,0.0068,0.1204,0.0062,0.9643,1.7551,,,,
154,2026-06-12T12:08:30+00:00,2026-06-12T12:19:30+00:00,11.0,-19.0,338.0,319.0,340.0,319.0,21.0,23,bajada,08:08,2026-06-12,,-0.0455,0.2788,0.0909,0.8987,-0.8987,-0.0288,0.1216,0.0667,-0.5667,0.3433,0.1249,-0.0001,0.0057,0.0144,-0.0211,0.0007,0.0057,0.0,0.0003,0.0012,-0.0003,0.0,0.0003,2,2,0.0455,0.0909,0.001144,0.010486,0.0,0.00265,0.6318,664.814,60.438,34.99,28.905,1.0069,0.9932,2369393.0,0.3433,0.0007,320.963,0.1249,0.0,0.6784,0.3165,0.1178,0.6481,0.9426,1.5734,0.001449,0.004815,0.8423,0.6148,-0.0172,-0.0319,2.8455,319.0,0.0,0.0,2.8496,6.3218,319.211,0.0176,0,0,1,0.0,0.0,0.0,340.0,319.0,0.8987,0.9657,0.9624,0.8951,-0.8987,-0.9657,-0.8582,-0.9843,0.0,0.8811,0.9238,0.7502,30.0,90.0,0.0,60.0,60.0,90.0,90.0,90.0,2.0,19.0,-14.8,-0.0,34.9902,0.0312,0.0763,0.0127,0.9843,1.0197,,,,
155,2026-06-12T15:06:30+00:00,2026-06-12T15:17:30+00:00,11.0,115.0,322.0,437.0,437.0,322.0,115.0,23,subida,11:06,2026-06-12,,0.0455,0.2386,0.0909,-0.8927,0.8927,0.1742,0.7985,3.8333,0.0,14.6944,0.8173,0.0,0.0394,0.1278,-0.1278,0.0327,0.0394,-0.0002,0.0021,0.0043,-0.0085,0.0001,0.0021,2,2,0.0455,0.0,0.004442,0.063889,0.0,0.014247,2.1064,748.849,68.077,6.512,32.559,1.1178,0.8946,4217717.0,14.6944,0.0327,428.228,0.8173,3e-06,0.4262,-0.0,0.1112,0.6381,1.0,1.7701,0.001449,0.005405,0.7775,0.5184,-0.0143,-0.0265,3.0029,437.0,0.0,0.0,-2.9318,6.5952,437.0,0.0759,0,0,1,0.0,0.0,0.0,437.0,322.0,-0.8927,-0.9612,-0.9595,-0.8872,0.8927,0.9612,0.8514,0.9801,0.0,-0.8773,-0.9214,-0.7436,60.0,0.0,0.0,0.0,60.0,60.0,60.0,60.0,0.0,0.0,92.0,0.0,6.5117,1.3359,0.071,0.0109,0.9801,1.1295,,,,
156,2026-06-12T15:53:30+00:00,2026-06-12T16:05:30+00:00,12.0,-6.0,429.0,423.0,429.0,423.0,6.0,25,bajada,11:53,2026-06-12,,-0.0833,0.6982,0.1667,0.9589,-0.9589,-0.0083,0.0293,0.0,-0.1333,0.0222,0.0304,0.0,0.0015,0.0044,-0.0044,0.0,0.0015,0.0,0.0001,0.0003,-0.0001,0.0,0.0001,4,6,0.0,0.0833,0.000266,0.001111,0.0,0.000418,0.1995,720.332,60.028,120.055,28.813,1.0004,0.9996,4505545.0,0.0222,0.0,424.525,0.0304,0.0,1.4057,0.3251,0.2412,0.0566,1.0,1.486,0.001333,0.003126,0.9259,0.8484,0.504,0.2868,2.1052,423.0,0.0,2.0,1.2746,0.2304,424.238,0.005,0,0,2,0.0,0.0,0.0,429.0,423.0,0.9589,0.9888,0.9823,0.9535,-0.9589,-0.9888,-0.9396,-0.9817,0.0,0.8651,0.8923,0.8438,0.0,330.0,0.0,120.0,120.0,330.0,330.0,330.0,0.0,6.0,-1.6,-0.0,120.0553,0.0019,0.0137,0.0582,0.9888,0.0841,,,,
157,2026-06-12T17:26:00+00:00,2026-06-12T17:37:00+00:00,11.0,-7.0,416.0,409.0,416.0,409.0,7.0,23,bajada,13:26,2026-06-12,,-0.0909,0.3522,0.1818,0.9091,-0.9091,-0.0106,0.0368,0.0,-0.1667,0.0322,0.0383,0.0,0.0018,0.0056,-0.0056,0.0001,0.0018,0.0,0.0001,0.0004,-0.0003,0.0,0.0001,4,4,0.0,0.0909,0.000301,0.002778,0.0,0.000643,0.1659,660.48,60.044,94.354,28.717,1.0007,0.9993,3862293.0,0.0322,0.0001,409.787,0.0383,0.0,0.8405,0.3454,0.1252,0.4399,1.0,1.5734,0.001449,0.004535,0.8435,0.6572,0.1326,-0.0426,2.7877,409.0,0.0,0.0,2.5862,5.1678,409.211,0.0049,0,0,1,0.0,0.0,0.0,416.0,409.0,0.9091,0.9739,0.9701,0.903,-0.9091,-0.9739,-0.8699,-0.9915,0.0,0.8878,0.9287,0.7616,0.0,120.0,0.0,60.0,60.0,120.0,120.0,120.0,0.0,7.0,-4.0,0.0,94.3543,0.0029,0.0551,0.032,0.9915,0.6921,,,,
158,2026-06-13T04:01:30+00:00,2026-06-13T04:12:30+00:00,11.0,-11.0,400.0,389.0,400.0,389.0,11.0,23,bajada,00:01,2026-06-13,,-0.1364,0.3499,0.1364,0.9054,-0.9054,-0.0167,0.0435,0.0,-0.1667,0.0478,0.0466,0.0003,0.0013,0.0033,-0.0033,0.0,0.0013,-0.0,0.0001,0.0002,-0.0002,0.0,0.0001,3,3,0.0,0.1364,0.000261,0.001894,0.0,0.00053,0.1642,660.713,60.065,60.065,28.727,1.0009,0.9991,3498452.0,0.0478,0.0,390.008,0.0466,0.0,0.9274,0.3823,0.1252,0.5508,1.0,1.5734,0.001449,0.005261,0.7575,0.5502,0.2043,-0.042,2.9802,389.0,0.0,0.0,2.8714,7.6279,389.316,0.0066,0,0,1,0.0,0.0,0.0,400.0,389.0,0.9054,0.9722,0.9711,0.8978,-0.9054,-0.9722,-0.8653,-0.9899,0.0,0.8863,0.9289,0.757,0.0,120.0,30.0,30.0,60.0,120.0,120.0,120.0,0.0,11.0,-5.4,0.0,60.0648,0.0043,0.069,0.0477,0.9899,0.8666,,,,
159,2026-06-13T04:20:00+00:00,2026-06-13T04:21:00+00:00,1.0,-233.0,389.0,156.0,389.0,156.0,233.0,3,bajada,00:20,2026-06-13,,-0.5,0.75,0.5,0.8944,-0.8944,-3.8833,3.8833,0.0,-7.7667,60.3211,5.4919,-0.2589,0.0,-0.2589,-0.2589,0.067,0.2589,0.0,0.0,0.0,0.0,0.0,0.0,1,0,0.0,0.5,0.0,0.0,0.0,0.0,0.0,264.923,264.923,1.137,88.308,1.1011,0.9082,326978.0,60.3211,0.067,330.14,5.4919,0.000184,0.9183,0.0,0.0,1.0,1.0,1.585,0.0,0.0,0.0,0.0,0.0,0.0,0.0,389.0,0.0,116.5,-0.7071,-1.5,389.0,0.3528,0,0,0,0.0,0.0,0.0,0.0,0.0,0.8944,0.7742,0.8165,0.8944,-0.8944,-0.7742,-0.8944,-0.7071,0.0,0.0,0.0,1.0,0.0,60.0,0.0,0.0,60.0,60.0,60.0,60.0,0.0,233.0,-0.0,-466.0,1.137,60.3211,0.0,0.375,1.0,1.585,,,,
160,2026-06-13T04:21:00+00:00,2026-06-13T04:31:30+00:00,10.5,234.0,156.0,390.0,392.0,156.0,236.0,22,subida,00:21,2026-06-13,,0.0476,0.1306,0.2381,-0.8761,0.8761,0.3714,1.6612,7.8,-0.0667,60.8489,1.7022,-0.013,0.0567,0.0022,-0.26,0.0676,0.0581,0.0005,0.0019,0.0087,-0.0001,0.0001,0.002,5,5,0.0952,0.0476,0.003259,0.065,0.0,0.013482,2.1469,836.048,79.624,3.573,38.002,1.244,0.8038,3221564.0,60.8489,0.0676,382.668,1.7022,1.9e-05,0.2668,0.2201,0.1112,1.0697,0.9973,1.6216,0.001515,0.009077,0.4562,-0.0013,-0.0063,-0.0125,3.4592,390.0,0.0,0.0,-4.3634,17.0421,390.0,0.1285,0,0,2,0.0,0.0,0.0,392.0,156.0,-0.8761,-0.9475,-0.9512,-0.8693,0.8761,0.9475,0.8336,0.9644,0.0,-0.8656,-0.9112,-0.7191,330.0,0.0,0.0,0.0,30.0,30.0,30.0,30.0,2.0,0.0,140.4,0.0,3.5729,5.7951,0.119,0.0062,0.9644,1.7346,,,,
161,2026-06-13T08:41:00+00:00,2026-06-13T08:42:00+00:00,1.0,-233.0,385.0,152.0,385.0,152.0,233.0,3,bajada,04:41,2026-06-13,,-0.5,0.75,0.5,0.8944,-0.8944,-3.8833,3.8833,0.0,-7.7667,60.3211,5.4919,-0.2589,0.0,-0.2589,-0.2589,0.067,0.2589,0.0,0.0,0.0,0.0,0.0,0.0,1,0,0.0,0.5,0.0,0.0,0.0,0.0,0.0,264.923,264.923,1.137,88.308,1.1011,0.9082,319554.0,60.3211,0.067,326.371,5.4919,0.000189,0.9183,0.0,0.0,1.0,1.0,1.585,0.0,0.0,0.0,0.0,0.0,0.0,0.0,385.0,0.0,116.5,-0.7071,-1.5,385.0,0.3574,0,0,0,0.0,0.0,0.0,0.0,0.0,0.8944,0.7742,0.8165,0.8944,-0.8944,-0.7742,-0.8944,-0.7071,0.0,0.0,0.0,1.0,0.0,60.0,0.0,0.0,60.0,60.0,60.0,60.0,0.0,233.0,-0.0,-466.0,1.137,60.3211,0.0,0.375,1.0,1.585,,,,
162,2026-06-13T08:42:00+00:00,2026-06-13T08:52:30+00:00,10.5,232.0,152.0,384.0,384.0,152.0,232.0,22,subida,04:42,2026-06-13,,0.0476,0.1304,0.0476,-0.876,0.876,0.3683,1.6469,7.7333,0.0,59.8044,1.6876,-0.0129,0.0562,0.0,-0.2578,0.0664,0.0576,0.0005,0.0019,0.0086,0.0,0.0001,0.002,1,1,0.0476,0.0,0.003034,0.064444,0.0,0.013408,1.9981,833.932,79.422,3.595,37.906,1.2422,0.8051,3119680.0,59.8044,0.0664,376.568,1.6876,1.9e-05,0.2668,-0.0,0.1112,1.0823,1.0,1.6216,0.00303,0.009091,0.4545,-0.0023,-0.0075,-0.014,3.4594,384.0,0.0,0.0,-4.3644,17.0476,384.0,0.1294,0,0,1,0.0,0.0,0.0,384.0,152.0,-0.876,-0.9474,-0.9512,-0.8693,0.876,0.9474,0.8335,0.9643,0.0,-0.865,-0.9108,-0.7192,30.0,0.0,0.0,0.0,30.0,30.0,30.0,30.0,0.0,0.0,139.2,0.0,3.5945,5.6957,0.1204,0.0062,0.9643,1.7551,,,,
163,2026-06-13T10:52:00+00:00,2026-06-13T10:57:30+00:00,5.5,-5.0,382.0,377.0,382.0,377.0,5.0,12,bajada,06:52,2026-06-13,,-0.1818,0.3739,0.0909,0.906,-0.906,-0.0152,0.0329,0.0,-0.1,0.0144,0.0362,0.0003,0.0007,0.0022,0.0,0.0,0.0008,-0.0,0.0,0.0,-0.0001,0.0,0.0,1,1,0.0,0.1818,0.000299,0.001387,0.0,0.000471,0.0995,330.216,60.039,66.043,27.518,1.0005,0.9995,1710855.0,0.0144,0.0,377.586,0.0362,0.0,0.8167,0.3567,0.2877,0.8906,1.0,1.7925,0.002778,0.00721,0.554,0.3718,-0.0546,-0.1171,2.3708,377.0,0.0,0.0,2.4235,4.4552,377.2,0.0038,0,0,1,0.0,0.0,0.0,382.0,377.0,0.906,0.9736,0.9708,0.8912,-0.906,-0.9736,-0.8685,-0.9917,0.0,0.8768,0.9159,0.7352,0.0,60.0,0.0,30.0,30.0,60.0,60.0,60.0,0.0,5.0,-6.0,-0.0,66.0432,0.0026,0.2562,0.068,0.9917,1.5964,,,,
164,2026-06-13T16:06:30+00:00,2026-06-13T16:12:00+00:00,5.5,-4.0,374.0,370.0,374.0,370.0,4.0,12,bajada,12:06,2026-06-13,,-0.0909,0.4196,0.1818,0.9138,-0.9138,-0.0121,0.0383,0.0,-0.1333,0.0178,0.0402,0.0,0.002,0.0044,-0.0044,0.0,0.002,0.0,0.0001,0.0003,-0.0001,0.0,0.0001,2,2,0.0,0.0909,0.000462,0.002222,0.0,0.00071,0.1329,330.265,60.048,82.566,27.522,1.0007,0.9993,1648752.0,0.0178,0.0,370.67,0.0402,0.0,0.65,0.3567,0.2877,0.6792,1.0,1.7925,0.002778,0.005853,0.6732,0.5273,-0.0667,-0.1429,1.9883,370.0,0.0,0.0,1.7889,1.2,370.4,0.004,0,0,1,0.0,0.0,0.0,374.0,370.0,0.9138,0.9729,0.9648,0.9071,-0.9138,-0.9729,-0.8809,-0.9889,0.0,0.8744,0.9064,0.7483,0.0,60.0,0.0,0.0,60.0,60.0,60.0,60.0,0.0,4.0,-0.0,-0.0,82.5662,0.0032,0.1954,0.0381,0.9889,1.2175,,,,
165,2026-06-13T16:39:00+00:00,2026-06-13T16:49:30+00:00,10.5,-6.0,373.0,367.0,373.0,367.0,6.0,22,bajada,12:39,2026-06-13,,-0.0952,0.2288,0.0476,0.8902,-0.8902,-0.0095,0.0294,0.0,-0.1,0.02,0.0309,0.0002,0.0007,0.0033,0.0,0.0,0.0007,0.0,0.0,0.0001,-0.0001,0.0,0.0,1,2,0.0,0.0952,0.000151,0.00166,0.0,0.000406,0.0994,630.299,60.029,105.05,28.65,1.0004,0.9996,2969809.0,0.02,0.0,367.412,0.0309,0.0,0.5304,0.2201,0.1178,0.8379,1.0,1.6216,0.001515,0.006217,0.7265,0.421,-0.0141,-0.0262,3.1729,367.0,0.0,0.0,3.3693,10.1792,367.0,0.0037,0,0,1,0.0,0.0,0.0,373.0,367.0,0.8902,0.9604,0.9613,0.8852,-0.8902,-0.9604,-0.8482,-0.9775,0.0,0.8769,0.9215,0.7324,0.0,60.0,0.0,30.0,30.0,60.0,60.0,60.0,0.0,6.0,-4.2,-0.0,105.0498,0.0019,0.0987,0.0218,0.9775,1.3587,,,,
166,2026-06-14T03:41:00+00:00,2026-06-14T03:52:30+00:00,11.5,-17.0,364.0,347.0,364.0,347.0,17.0,24,bajada,23:41,2026-06-13,,-0.1304,0.3232,0.0435,0.905,-0.905,-0.0246,0.0737,0.0,-0.3333,0.1389,0.0777,0.0002,0.0028,0.0111,-0.0067,0.0002,0.0028,0.0,0.0002,0.0006,-0.0004,0.0,0.0002,1,2,0.0,0.1304,0.000417,0.003732,0.0,0.000981,0.2919,692.038,60.177,40.708,28.835,1.0026,0.9974,2918855.0,0.1389,0.0002,348.739,0.0777,0.0,0.7417,0.2707,0.1112,0.4489,1.0,1.5283,0.001389,0.004645,0.865,0.677,-0.0194,-0.0358,2.8344,347.0,0.0,0.0,2.4727,4.4585,347.5,0.0133,0,0,1,0.0,0.0,0.0,364.0,347.0,0.905,0.9714,0.9684,0.9074,-0.905,-0.9714,-0.8647,-0.986,0.0,0.8875,0.9289,0.7401,0.0,90.0,30.0,60.0,90.0,60.0,60.0,90.0,0.0,17.0,-11.0,0.0,40.7081,0.0121,0.0499,0.0421,0.986,0.6861,,,,
167,2026-06-14T16:11:00+00:00,2026-06-14T16:14:30+00:00,3.5,-12.0,336.0,324.0,336.0,324.0,12.0,8,bajada,12:11,2026-06-14,,-0.1429,0.5714,0.2857,0.9316,-0.9316,-0.0571,0.14,0.0,-0.4,0.16,0.1512,0.0,0.0077,0.0133,-0.0133,0.0004,0.0077,0.0001,0.0004,0.0009,-0.0004,0.0,0.0004,2,2,0.0,0.1429,0.002036,0.006667,0.0,0.002296,0.3886,212.311,60.66,17.693,26.539,1.0094,0.9907,855648.0,0.16,0.0004,327.041,0.1512,0.0,0.8113,0.4842,0.6931,1.0,1.0,1.875,0.004167,0.006369,0.569,0.5238,-0.2,-0.5556,1.3189,324.0,0.0,3.0,1.1547,-0.6667,326.0,0.0159,0,0,1,0.0,0.0,0.0,336.0,324.0,0.9316,0.9731,0.9627,0.9232,-0.9316,-0.9731,-0.9121,-0.9258,0.0,0.8487,0.8626,0.8257,0.0,60.0,0.0,0.0,60.0,60.0,60.0,60.0,0.0,12.0,-0.0,-0.0,17.6926,0.0457,0.6931,0.0817,0.9731,1.875,,,,
168,2026-06-15T04:56:30+00:00,2026-06-15T04:57:30+00:00,1.0,225.0,319.0,544.0,544.0,319.0,225.0,3,subida,00:56,2026-06-15,,0.5,0.75,0.5,-0.8944,0.8944,3.75,3.75,7.5,0.0,56.25,5.3033,0.25,0.0,0.25,0.25,0.0625,0.25,0.0,0.0,0.0,0.0,0.0,0.0,1,0,0.5,0.0,0.0,0.0,0.0,0.0,0.0,256.991,256.991,1.142,85.664,1.1036,0.9061,499458.0,56.25,0.0625,408.027,5.3033,0.000113,0.9183,0.0,0.0,1.0,1.0,1.585,0.0,0.0,0.0,0.0,0.0,0.0,0.0,319.0,0.0,112.5,0.7071,-1.5,319.0,0.2692,0,0,0,0.0,0.0,0.0,0.0,0.0,-0.8944,-0.7742,-0.8165,-0.8944,0.8944,0.7742,0.8944,0.7071,0.0,0.0,0.0,-1.0,60.0,0.0,0.0,0.0,60.0,60.0,60.0,60.0,0.0,0.0,-0.0,450.0,1.1422,56.25,0.0,0.375,1.0,1.585,,,,
169,2026-06-15T04:57:30+00:00,2026-06-15T05:11:00+00:00,13.5,-13.0,544.0,531.0,544.0,531.0,13.0,28,bajada,00:57,2026-06-15,,-0.1111,0.6256,0.2222,0.9491,-0.9491,-0.016,0.0492,0.0,-0.2,0.0722,0.0517,0.0,0.0025,0.0067,-0.0067,0.0002,0.0025,0.0,0.0002,0.0004,-0.0004,0.0,0.0002,6,8,0.0,0.1111,0.000276,0.001667,0.0,0.0005,0.2319,811.075,60.08,62.39,28.967,1.0012,0.9988,7986133.0,0.0722,0.0002,534.059,0.0517,0.0,1.4708,0.3908,0.1621,0.0034,1.0,1.3735,0.00119,0.002573,0.9335,0.908,0.6536,0.2676,1.9131,531.0,0.0,3.25,1.3126,-0.0421,533.458,0.0093,0,0,1,0.0,0.0,0.0,544.0,531.0,0.9491,0.9847,0.9747,0.9377,-0.9491,-0.9847,-0.9271,-0.986,0.0,0.8846,0.905,0.8209,0.0,300.0,150.0,150.0,210.0,210.0,210.0,300.0,0.0,13.0,-0.0,-0.0,62.3904,0.0053,0.0006,0.0695,0.986,0.0047,,,,
170,2026-06-15T05:21:00+00:00,2026-06-15T05:32:00+00:00,11.0,-8.0,529.0,521.0,529.0,521.0,8.0,23,bajada,01:21,2026-06-15,,-0.1364,0.6483,0.1818,0.9462,-0.9462,-0.0121,0.0326,0.0,-0.1333,0.0267,0.0348,0.0,0.0014,0.0022,-0.0044,0.0,0.0014,0.0,0.0001,0.0002,-0.0001,0.0,0.0001,4,5,0.0,0.1364,0.000385,0.002222,0.0,0.000621,0.2326,660.399,60.036,82.55,28.713,1.0005,0.9995,6285007.0,0.0267,0.0,522.744,0.0348,0.0,1.548,0.4465,0.2671,0.3468,1.0,1.9668,0.001449,0.004267,0.8709,0.743,0.2426,0.1904,2.684,523.0,2.0,2.0,1.7628,2.604,522.263,0.0043,0,0,2,0.0,0.0,0.0,529.0,521.0,0.9462,0.9868,0.9866,0.9428,-0.9462,-0.9868,-0.9178,-0.9864,0.0,0.8471,0.8955,0.8286,0.0,390.0,0.0,60.0,90.0,390.0,390.0,390.0,0.0,8.0,-4.4,0.0,82.5499,0.0024,0.0926,0.0884,0.9868,0.6821,,,,
171,2026-06-15T10:12:00+00:00,2026-06-15T10:13:00+00:00,1.0,-259.0,513.0,254.0,513.0,254.0,259.0,3,bajada,06:12,2026-06-15,,-0.5,0.75,0.5,0.8944,-0.8944,-4.3167,4.3167,0.0,-8.6333,74.5344,6.1047,-0.2878,0.0,-0.2878,-0.2878,0.0828,0.2878,0.0,0.0,0.0,0.0,0.0,0.0,1,0,0.0,0.5,0.0,0.0,0.0,0.0,0.0,290.732,290.732,1.123,96.911,1.0936,0.9144,590854.0,74.5344,0.0828,443.792,6.1047,0.000126,0.9183,0.0,0.0,1.0,1.0,1.585,0.0,0.0,0.0,0.0,0.0,0.0,0.0,513.0,0.0,129.5,-0.7071,-1.5,513.0,0.2862,0,0,0,0.0,0.0,0.0,0.0,0.0,0.8944,0.7742,0.8165,0.8944,-0.8944,-0.7742,-0.8944,-0.7071,0.0,0.0,0.0,1.0,0.0,60.0,0.0,0.0,60.0,60.0,60.0,60.0,0.0,259.0,-0.0,-518.0,1.1225,74.5344,0.0,0.375,1.0,1.585,,,,
172,2026-06-15T10:13:00+00:00,2026-06-15T10:23:30+00:00,10.5,258.0,254.0,512.0,512.0,254.0,258.0,22,subida,06:13,2026-06-15,,0.0476,0.1304,0.0476,-0.876,0.876,0.4095,1.8314,8.6,0.0,73.96,1.8767,-0.0143,0.0625,0.0,-0.2867,0.0822,0.0641,0.0005,0.0021,0.0096,0.0,0.0001,0.0022,1,1,0.0476,0.0,0.003343,0.071667,0.0,0.014913,2.2033,859.738,81.88,3.332,39.079,1.2629,0.7918,5569540.0,73.96,0.0822,503.151,1.8767,1.3e-05,0.2668,-0.0,0.1112,1.0823,1.0,1.6216,0.001515,0.009091,0.4545,-0.0023,-0.0075,-0.014,3.4594,512.0,0.0,0.0,-4.3644,17.0476,512.0,0.1074,0,0,1,0.0,0.0,0.0,512.0,254.0,-0.876,-0.9474,-0.9512,-0.8693,0.876,0.9474,0.8335,0.9643,0.0,-0.865,-0.9108,-0.7192,30.0,0.0,0.0,0.0,30.0,30.0,30.0,30.0,0.0,0.0,154.8,-0.0,3.3323,7.0438,0.1204,0.0062,0.9643,1.7551,,,,
173,2026-06-15T13:05:30+00:00,2026-06-15T13:16:30+00:00,11.0,-38.0,504.0,466.0,504.0,466.0,38.0,23,bajada,09:05,2026-06-15,,-0.0909,0.2836,0.1818,0.8994,-0.8994,-0.0576,0.2364,0.0,-1.1333,1.3022,0.2433,0.0,0.0117,0.0378,-0.0378,0.0029,0.0117,0.0001,0.0006,0.0025,-0.0014,0.0,0.0006,4,4,0.0,0.0909,0.001786,0.018889,0.0,0.004289,0.9494,675.609,61.419,17.779,29.374,1.022,0.9785,5075796.0,1.3022,0.0029,469.773,0.2433,0.0,0.8405,0.3454,0.1252,0.5588,1.0,1.5734,0.001449,0.005073,0.8027,0.5724,0.0429,-0.0326,2.945,466.0,0.0,0.0,2.8763,6.3871,466.421,0.0227,0,0,1,0.0,0.0,0.0,504.0,466.0,0.8994,0.9666,0.9642,0.8937,-0.8994,-0.9666,-0.8589,-0.9851,0.0,0.8818,0.9248,0.7508,0.0,120.0,0.0,60.0,60.0,60.0,60.0,120.0,0.0,38.0,-27.2,-0.0,17.7792,0.1184,0.07,0.0258,0.9851,0.8792,,,,
174,2026-06-15T15:28:00+00:00,2026-06-15T15:29:00+00:00,1.0,5.0,464.0,469.0,469.0,464.0,5.0,3,subida,11:28,2026-06-15,,0.5,0.75,0.5,-0.8944,0.8944,0.0833,0.0833,0.1667,0.0,0.0278,0.1179,0.0056,0.0,0.0056,0.0056,0.0,0.0056,0.0,0.0,0.0,0.0,0.0,0.0,1,0,0.5,0.0,0.0,0.0,0.0,0.0,0.0,60.414,60.414,12.083,20.138,1.0034,0.9966,650553.0,0.0278,0.0,465.673,0.1179,0.0,0.9183,0.0,0.0,1.0,1.0,1.585,0.0,0.0,0.0,0.0,0.0,0.0,0.0,464.0,0.0,2.5,0.7071,-1.5,464.0,0.0051,0,0,0,0.0,0.0,0.0,0.0,0.0,-0.8944,-0.7742,-0.8165,-0.8944,0.8944,0.7742,0.8944,0.7071,0.0,0.0,0.0,-1.0,60.0,0.0,0.0,0.0,60.0,60.0,60.0,60.0,0.0,0.0,-0.0,10.0,12.0828,0.0278,0.0,0.375,1.0,1.585,,,,
175,2026-06-15T15:29:00+00:00,2026-06-15T15:40:00+00:00,11.0,-7.0,469.0,462.0,469.0,462.0,7.0,23,bajada,11:29,2026-06-15,,-0.0909,0.3312,0.0909,0.9064,-0.9064,-0.0106,0.0339,0.0,-0.1333,0.0278,0.0355,0.0,0.0012,0.0044,-0.0033,0.0,0.0012,0.0,0.0001,0.0002,-0.0001,0.0,0.0001,2,2,0.0,0.0909,0.000301,0.001937,0.0,0.000642,0.1826,660.415,60.038,94.345,28.714,1.0006,0.9994,4925958.0,0.0278,0.0,462.787,0.0355,0.0,0.6784,0.3165,0.1178,0.4453,1.0,1.5734,0.001449,0.004268,0.908,0.7092,-0.0211,-0.0392,2.6542,462.0,0.0,0.0,2.4222,4.1498,462.211,0.0045,0,0,1,0.0,0.0,0.0,469.0,462.0,0.9064,0.9717,0.9674,0.905,-0.9064,-0.9717,-0.8669,-0.9899,0.0,0.8863,0.9275,0.7585,0.0,90.0,60.0,60.0,90.0,90.0,90.0,90.0,0.0,7.0,-4.8,-0.0,94.345,0.0025,0.0525,0.0301,0.9899,0.7006,,,,
176,2026-06-15T15:55:30+00:00,2026-06-15T16:06:30+00:00,11.0,-6.0,464.0,458.0,464.0,458.0,6.0,23,bajada,11:55,2026-06-15,,-0.0455,0.2386,0.0909,0.8927,-0.8927,-0.0091,0.0417,0.0,-0.2,0.04,0.0426,0.0,0.0021,0.0067,-0.0067,0.0001,0.0021,0.0,0.0001,0.0004,-0.0002,0.0,0.0001,2,2,0.0,0.0455,0.00036,0.003333,0.0,0.000842,0.1985,660.594,60.054,110.099,28.721,1.0009,0.9991,4835636.0,0.04,0.0001,458.525,0.0426,0.0,0.4262,0.2124,0.1112,0.6381,1.0,1.5734,0.001449,0.005405,0.7775,0.5184,-0.0143,-0.0265,3.0029,458.0,0.0,0.0,2.9318,6.5952,458.0,0.0037,0,0,1,0.0,0.0,0.0,464.0,458.0,0.8927,0.9612,0.9595,0.8872,-0.8927,-0.9612,-0.8514,-0.9801,0.0,0.8773,0.9214,0.7436,0.0,60.0,0.0,0.0,60.0,60.0,60.0,60.0,0.0,6.0,-4.8,-0.0,110.099,0.0036,0.071,0.0109,0.9801,1.004,,,,
177,2026-06-15T20:25:30+00:00,2026-06-15T20:26:30+00:00,1.0,5.0,456.0,461.0,461.0,456.0,5.0,3,subida,16:25,2026-06-15,,0.5,0.75,0.5,-0.8944,0.8944,0.0833,0.0833,0.1667,0.0,0.0278,0.1179,0.0056,0.0,0.0056,0.0056,0.0,0.0056,0.0,0.0,0.0,0.0,0.0,0.0,1,0,0.5,0.0,0.0,0.0,0.0,0.0,0.0,60.414,60.414,12.083,20.138,1.0034,0.9966,628393.0,0.0278,0.0,457.673,0.1179,0.0,0.9183,0.0,0.0,1.0,1.0,1.585,0.0,0.0,0.0,0.0,0.0,0.0,0.0,456.0,0.0,2.5,0.7071,-1.5,456.0,0.0052,0,0,0,0.0,0.0,0.0,0.0,0.0,-0.8944,-0.7742,-0.8165,-0.8944,0.8944,0.7742,0.8944,0.7071,0.0,0.0,0.0,-1.0,60.0,0.0,0.0,0.0,60.0,60.0,60.0,60.0,0.0,0.0,-0.0,10.0,12.0828,0.0278,0.0,0.375,1.0,1.585,,,,
178,2026-06-15T20:26:30+00:00,2026-06-15T20:38:30+00:00,12.0,-22.0,461.0,439.0,461.0,439.0,22.0,25,bajada,16:26,2026-06-15,,-0.0833,0.3654,0.0833,0.9119,-0.9119,-0.0306,0.1122,0.0,-0.5333,0.3244,0.1163,0.0,0.0046,0.0111,-0.0178,0.0005,0.0046,0.0,0.0002,0.001,-0.0006,0.0,0.0002,2,3,0.0,0.0833,0.000798,0.006021,0.0,0.001773,0.5983,724.594,60.383,32.936,28.984,1.0059,0.9941,4882729.0,0.3244,0.0005,441.938,0.1163,0.0,0.7641,0.2961,0.1171,0.2253,1.0,1.486,0.001333,0.003766,0.9481,0.7709,0.0797,-0.0405,2.5464,439.0,0.0,0.0,2.2364,3.1351,440.333,0.0162,0,0,1,0.0,0.0,0.0,461.0,439.0,0.9119,0.9738,0.9674,0.9043,-0.9119,-0.9738,-0.8742,-0.9893,0.0,0.8886,0.9269,0.7578,0.0,120.0,0.0,90.0,90.0,120.0,120.0,120.0,0.0,22.0,-12.0,-0.0,32.9361,0.027,0.0264,0.0304,0.9893,0.3348,,,,
179,2026-06-15T23:03:30+00:00,2026-06-15T23:14:00+00:00,10.5,-8.0,439.0,431.0,439.0,431.0,8.0,22,bajada,19:03,2026-06-15,,-0.0952,0.2401,0.0476,0.8921,-0.8921,-0.0127,0.0405,0.0,-0.1667,0.0378,0.0424,0.0002,0.0013,0.0056,-0.0022,0.0,0.0013,0.0,0.0001,0.0003,-0.0002,0.0,0.0001,1,2,0.0,0.0952,0.000225,0.002199,0.0,0.000561,0.1322,630.563,60.054,78.82,28.662,1.0008,0.9992,4098037.0,0.0378,0.0,431.595,0.0424,0.0,0.5304,0.2201,0.1178,0.7899,1.0,1.6216,0.001515,0.00583,0.7631,0.4728,-0.0149,-0.0278,3.0754,431.0,0.0,0.0,3.1234,8.2909,431.0,0.0045,0,0,1,0.0,0.0,0.0,439.0,431.0,0.8921,0.9619,0.9621,0.8876,-0.8921,-0.9619,-0.8503,-0.9791,0.0,0.8783,0.9225,0.7344,0.0,60.0,30.0,30.0,60.0,60.0,60.0,60.0,0.0,8.0,-5.8,-0.0,78.8204,0.0036,0.0931,0.0229,0.9791,1.2809,,,,
180,2026-06-15T23:31:30+00:00,2026-06-15T23:32:30+00:00,1.0,5.0,431.0,436.0,436.0,431.0,5.0,3,subida,19:31,2026-06-15,,0.5,0.75,0.5,-0.8944,0.8944,0.0833,0.0833,0.1667,0.0,0.0278,0.1179,0.0056,0.0,0.0056,0.0056,0.0,0.0056,0.0,0.0,0.0,0.0,0.0,0.0,1,0,0.5,0.0,0.0,0.0,0.0,0.0,0.0,60.414,60.414,12.083,20.138,1.0034,0.9966,561618.0,0.0278,0.0,432.673,0.1179,0.0,0.9183,0.0,0.0,1.0,1.0,1.585,0.0,0.0,0.0,0.0,0.0,0.0,0.0,431.0,0.0,2.5,0.7071,-1.5,431.0,0.0054,0,0,0,0.0,0.0,0.0,0.0,0.0,-0.8944,-0.7742,-0.8165,-0.8944,0.8944,0.7742,0.8944,0.7071,0.0,0.0,0.0,-1.0,60.0,0.0,0.0,0.0,60.0,60.0,60.0,60.0,0.0,0.0,-0.0,10.0,12.0828,0.0278,0.0,0.375,1.0,1.585,,,,
181,2026-06-15T23:32:30+00:00,2026-06-15T23:43:00+00:00,10.5,-6.0,436.0,430.0,436.0,430.0,6.0,22,bajada,19:32,2026-06-15,,-0.0476,0.1304,0.0476,0.876,-0.876,-0.0095,0.0426,0.0,-0.2,0.04,0.0436,0.0003,0.0015,0.0067,0.0,0.0,0.0015,-0.0,0.0,0.0,-0.0002,0.0,0.0001,1,1,0.0,0.0476,0.000368,0.003284,0.0,0.000964,0.1957,630.594,60.057,105.099,28.663,1.0009,0.9991,4072996.0,0.04,0.0,430.275,0.0436,0.0,0.2668,0.1108,0.1112,1.0823,1.0,1.6216,0.001515,0.009091,0.4545,-0.0023,-0.0075,-0.014,3.4594,430.0,0.0,0.0,4.3644,17.0476,430.0,0.0029,0,0,1,0.0,0.0,0.0,436.0,430.0,0.876,0.9474,0.9512,0.8693,-0.876,-0.9474,-0.8335,-0.9643,0.0,0.865,0.9108,0.7192,0.0,30.0,0.0,0.0,30.0,30.0,30.0,30.0,0.0,6.0,-3.6,0.0,105.099,0.0038,0.1204,0.0062,0.9643,1.7551,,,,
182,2026-06-16T01:15:30+00:00,2026-06-16T01:16:30+00:00,1.0,6.0,430.0,436.0,436.0,430.0,6.0,3,subida,21:15,2026-06-15,,0.5,0.75,0.5,-0.8944,0.8944,0.1,0.1,0.2,0.0,0.04,0.1414,0.0067,0.0,0.0067,0.0067,0.0,0.0067,0.0,0.0,0.0,0.0,0.0,0.0,1,0,0.5,0.0,0.0,0.0,0.0,0.0,0.0,60.594,60.594,10.099,20.198,1.0049,0.9951,559896.0,0.04,0.0,432.009,0.1414,0.0,0.9183,0.0,0.0,1.0,1.0,1.585,0.0,0.0,0.0,0.0,0.0,0.0,0.0,430.0,0.0,3.0,0.7071,-1.5,430.0,0.0065,0,0,0,0.0,0.0,0.0,0.0,0.0,-0.8944,-0.7742,-0.8165,-0.8944,0.8944,0.7742,0.8944,0.7071,0.0,0.0,0.0,-1.0,60.0,0.0,0.0,0.0,60.0,60.0,60.0,60.0,0.0,0.0,-0.0,12.0,10.099,0.04,0.0,0.375,1.0,1.585,,,,
183,2026-06-16T01:16:30+00:00,2026-06-16T01:27:30+00:00,11.0,-7.0,436.0,429.0,436.0,429.0,7.0,23,bajada,21:16,2026-06-15,,-0.0455,0.2386,0.0909,0.8927,-0.8927,-0.0106,0.0486,0.0,-0.2333,0.0544,0.0497,0.0,0.0024,0.0078,-0.0078,0.0001,0.0024,0.0,0.0001,0.0005,-0.0003,0.0,0.0001,2,2,0.0,0.0455,0.000419,0.003889,0.0,0.000981,0.231,660.806,60.073,94.401,28.731,1.0012,0.9988,4245053.0,0.0544,0.0001,429.613,0.0497,0.0,0.4262,0.2124,0.1112,0.6381,1.0,1.5734,0.001449,0.005405,0.7775,0.5184,-0.0143,-0.0265,3.0029,429.0,0.0,0.0,2.9318,6.5952,429.0,0.0046,0,0,1,0.0,0.0,0.0,436.0,429.0,0.8927,0.9612,0.9595,0.8872,-0.8927,-0.9612,-0.8514,-0.9801,0.0,0.8773,0.9214,0.7436,0.0,60.0,0.0,0.0,60.0,60.0,60.0,60.0,0.0,7.0,-5.6,0.0,94.4009,0.0049,0.071,0.0109,0.9801,1.004,,,,
184,2026-06-16T08:34:00+00:00,2026-06-16T08:46:00+00:00,12.0,-9.0,427.0,418.0,427.0,418.0,9.0,25,bajada,04:34,2026-06-16,,-0.0833,0.406,0.1667,0.9178,-0.9178,-0.0125,0.0479,0.0,-0.2333,0.0589,0.0495,0.0,0.0024,0.0078,-0.0078,0.0001,0.0024,0.0,0.0001,0.0005,-0.0003,0.0,0.0001,4,4,0.0,0.0833,0.000331,0.001944,0.0,0.000632,0.2312,720.872,60.073,80.097,28.835,1.0011,0.9989,4395112.0,0.0589,0.0001,419.29,0.0495,0.0,0.7943,0.3251,0.1112,0.1759,1.0,1.486,0.001333,0.003682,0.907,0.77,0.2549,-0.0467,2.4838,418.0,0.0,0.0,1.9287,1.8466,418.667,0.0071,0,0,1,0.0,0.0,0.0,427.0,418.0,0.9178,0.9771,0.9702,0.9135,-0.9178,-0.9771,-0.8817,-0.9918,0.0,0.8907,0.927,0.7655,0.0,120.0,60.0,60.0,120.0,120.0,120.0,120.0,0.0,9.0,-4.0,-0.0,80.0969,0.0049,0.0196,0.0338,0.9918,0.2614,,,,
185,2026-06-16T09:07:00+00:00,2026-06-16T09:30:00+00:00,23.0,-43.0,421.0,378.0,421.0,378.0,43.0,47,bajada,05:07,2026-06-16,,-0.0652,0.7684,0.1087,0.9486,-0.9486,-0.0312,0.1741,0.1333,-1.1667,1.4389,0.1769,0.0,0.0085,0.0356,-0.0433,0.0033,0.0085,0.0,0.0005,0.0026,-0.0016,0.0,0.0005,5,8,0.0217,0.087,0.000902,0.009578,0.0,0.002237,1.2217,1397.257,60.75,32.494,29.729,1.012,0.9881,7469290.0,1.4389,0.0033,398.649,0.1769,0.0,1.4035,0.3009,0.1048,0.1399,0.9576,1.6546,0.000709,0.001527,0.9658,0.9522,0.8565,0.7562,1.4578,415.0,6.0,37.0,-0.1195,-1.9543,398.154,0.0468,0,0,2,0.0,0.0,0.0,421.0,378.0,0.9486,0.8995,0.9081,0.9383,-0.9486,-0.8995,-0.9651,-0.843,0.0,0.629,0.6823,0.9482,0.0,810.0,60.0,60.0,750.0,720.0,720.0,810.0,0.0,43.0,-1.4,0.0,32.4943,0.0626,0.0147,0.0501,0.9651,0.2315,,,,
186,2026-06-16T22:52:00+00:00,2026-06-16T23:05:00+00:00,13.0,-18.0,374.0,356.0,374.0,356.0,18.0,27,bajada,18:52,2026-06-16,,-0.1923,0.5596,0.1538,0.9389,-0.9389,-0.0231,0.0504,0.0,-0.1667,0.08,0.0555,-0.0,0.0021,0.0056,-0.0056,0.0001,0.0021,0.0,0.0001,0.0004,-0.0003,0.0,0.0001,4,6,0.0,0.1923,0.000358,0.002778,0.0,0.000725,0.2483,781.193,60.092,43.4,28.933,1.0013,0.9987,3483567.0,0.08,0.0001,359.195,0.0555,0.0,1.4053,0.4995,0.1178,0.143,1.0,1.4089,0.001235,0.002904,0.9292,0.8654,0.5454,0.1941,2.199,356.0,0.0,2.5,1.5745,0.964,358.13,0.0161,0,0,1,0.0,0.0,0.0,374.0,356.0,0.9389,0.9894,0.982,0.9292,-0.9389,-0.9894,-0.908,-0.9988,0.0,0.8973,0.9276,0.7868,0.0,210.0,60.0,120.0,180.0,210.0,210.0,210.0,0.0,18.0,-4.2,-0.0,43.3996,0.0062,0.0168,0.1076,0.9988,0.2015,,,,
187,2026-06-17T01:01:30+00:00,2026-06-17T01:02:30+00:00,1.0,6.0,354.0,360.0,360.0,354.0,6.0,3,subida,21:01,2026-06-16,,0.5,0.75,0.5,-0.8944,0.8944,0.1,0.1,0.2,0.0,0.04,0.1414,0.0067,0.0,0.0067,0.0067,0.0,0.0067,0.0,0.0,0.0,0.0,0.0,0.0,1,0,0.5,0.0,0.0,0.0,0.0,0.0,0.0,60.594,60.594,10.099,20.198,1.0049,0.9951,380232.0,0.04,0.0,356.011,0.1414,0.0,0.9183,0.0,0.0,1.0,1.0,1.585,0.0,0.0,0.0,0.0,0.0,0.0,0.0,354.0,0.0,3.0,0.7071,-1.5,354.0,0.0079,0,0,0,0.0,0.0,0.0,0.0,0.0,-0.8944,-0.7742,-0.8165,-0.8944,0.8944,0.7742,0.8944,0.7071,0.0,0.0,0.0,-1.0,60.0,0.0,0.0,0.0,60.0,60.0,60.0,60.0,0.0,0.0,-0.0,12.0,10.099,0.04,0.0,0.375,1.0,1.585,,,,
188,2026-06-17T01:02:30+00:00,2026-06-17T01:13:00+00:00,10.5,-6.0,360.0,354.0,360.0,354.0,6.0,22,bajada,21:02,2026-06-16,,-0.0476,0.1304,0.0476,0.876,-0.876,-0.0095,0.0426,0.0,-0.2,0.04,0.0436,0.0003,0.0015,0.0067,0.0,0.0,0.0015,-0.0,0.0,0.0,-0.0002,0.0,0.0001,1,1,0.0,0.0476,0.000368,0.003284,0.0,0.000964,0.1957,630.594,60.057,105.099,28.663,1.0009,0.9991,2761236.0,0.04,0.0,354.275,0.0436,0.0,0.2668,0.1108,0.1112,1.0823,1.0,1.6216,0.001515,0.009091,0.4545,-0.0023,-0.0075,-0.014,3.4594,354.0,0.0,0.0,4.3644,17.0476,354.0,0.0035,0,0,1,0.0,0.0,0.0,360.0,354.0,0.876,0.9474,0.9512,0.8693,-0.876,-0.9474,-0.8335,-0.9643,0.0,0.865,0.9108,0.7192,0.0,30.0,0.0,0.0,30.0,30.0,30.0,30.0,0.0,6.0,-3.6,-0.0,105.099,0.0038,0.1204,0.0062,0.9643,1.7551,,,,
189,2026-06-17T01:48:30+00:00,2026-06-17T02:08:00+00:00,19.5,-14.0,357.0,343.0,357.0,343.0,14.0,40,bajada,21:48,2026-06-16,,-0.0769,0.428,0.1026,0.9147,-0.9147,-0.012,0.0597,0.1667,-0.2333,0.1444,0.0609,0.0001,0.003,0.0078,-0.0133,0.0003,0.003,-0.0,0.0002,0.0007,-0.0006,0.0,0.0002,4,7,0.0256,0.1026,0.000317,0.003328,0.0,0.000743,0.3646,1172.146,60.11,83.725,29.304,1.0018,0.9982,4753763.0,0.1444,0.0003,344.738,0.0609,0.0,1.5009,0.2948,0.1259,0.5861,0.8725,1.3305,0.000833,0.004986,0.8134,0.61,0.1645,0.1509,3.6482,343.0,0.0,2.0,2.6107,6.7656,343.938,0.0086,0,1,2,0.0,0.0,0.0,357.0,345.0,0.9147,0.9707,0.9733,0.9067,-0.9147,-0.9707,-0.8784,-0.9756,0.0,0.8673,0.9139,0.7727,0.0,570.0,30.0,540.0,90.0,90.0,90.0,570.0,0.0,14.0,-3.381,0.0,83.7247,0.0074,0.0738,0.0329,0.9756,0.7798,,,,
190,2026-06-17T02:15:30+00:00,2026-06-17T02:16:30+00:00,1.0,5.0,343.0,348.0,348.0,343.0,5.0,3,subida,22:15,2026-06-16,,0.5,0.75,0.5,-0.8944,0.8944,0.0833,0.0833,0.1667,0.0,0.0278,0.1179,0.0056,0.0,0.0056,0.0056,0.0,0.0056,0.0,0.0,0.0,0.0,0.0,0.0,1,0,0.5,0.0,0.0,0.0,0.0,0.0,0.0,60.414,60.414,12.083,20.138,1.0034,0.9966,356402.0,0.0278,0.0,344.675,0.1179,0.0,0.9183,0.0,0.0,1.0,1.0,1.585,0.0,0.0,0.0,0.0,0.0,0.0,0.0,343.0,0.0,2.5,0.7071,-1.5,343.0,0.0068,0,0,0,0.0,0.0,0.0,0.0,0.0,-0.8944,-0.7742,-0.8165,-0.8944,0.8944,0.7742,0.8944,0.7071,0.0,0.0,0.0,-1.0,60.0,0.0,0.0,0.0,60.0,60.0,60.0,60.0,0.0,0.0,-0.0,10.0,12.0828,0.0278,0.0,0.375,1.0,1.585,,,,
191,2026-06-17T02:16:30+00:00,2026-06-17T02:27:30+00:00,11.0,-6.0,348.0,342.0,348.0,342.0,6.0,23,bajada,22:16,2026-06-16,,-0.0455,0.2386,0.0909,0.8927,-0.8927,-0.0091,0.0417,0.0,-0.2,0.04,0.0426,0.0,0.0021,0.0067,-0.0067,0.0001,0.0021,0.0,0.0001,0.0004,-0.0002,0.0,0.0001,2,2,0.0,0.0455,0.00036,0.003333,0.0,0.000842,0.1985,660.594,60.054,110.099,28.721,1.0009,0.9991,2698452.0,0.04,0.0001,342.526,0.0426,0.0,0.4262,0.2124,0.1112,0.6381,1.0,1.5734,0.001449,0.005405,0.7775,0.5184,-0.0143,-0.0265,3.0029,342.0,0.0,0.0,2.9318,6.5952,342.0,0.0049,0,0,1,0.0,0.0,0.0,348.0,342.0,0.8927,0.9612,0.9595,0.8872,-0.8927,-0.9612,-0.8514,-0.9801,0.0,0.8773,0.9214,0.7436,0.0,60.0,0.0,0.0,60.0,60.0,60.0,60.0,0.0,6.0,-4.8,0.0,110.099,0.0036,0.071,0.0109,0.9801,1.004,,,,
192,2026-06-17T02:55:00+00:00,2026-06-17T02:56:00+00:00,1.0,-342.0,342.0,0.0,342.0,0.0,342.0,3,bajada,22:55,2026-06-16,,-0.5,0.75,0.5,0.8944,-0.8944,-5.7,5.7,0.0,-11.4,129.96,8.061,-0.38,0.0,-0.38,-0.38,0.1444,0.38,0.0,0.0,0.0,0.0,0.0,0.0,1,0,0.0,0.5,0.0,0.0,0.0,0.0,0.0,373.313,373.313,1.092,124.438,1.0751,0.9301,233928.0,129.96,0.1444,279.242,8.061,0.000556,0.9183,0.0,0.0,1.0,1.0,1.585,0.0,0.0,0.0,0.0,0.0,0.0,0.0,342.0,0.0,171.0,-0.7071,-1.5,342.0,0.7071,0,0,0,0.0,0.0,0.0,0.0,0.0,0.8944,0.7742,0.8165,0.8944,-0.8944,-0.7742,-0.8944,-0.7071,0.0,0.0,0.0,1.0,0.0,60.0,0.0,0.0,60.0,60.0,60.0,60.0,0.0,342.0,-0.0,-684.0,1.0916,129.96,0.0,0.375,1.0,1.585,,,,
193,2026-06-17T02:56:00+00:00,2026-06-17T03:06:30+00:00,10.5,340.0,0.0,340.0,340.0,0.0,340.0,22,subida,22:56,2026-06-16,,0.0476,0.1304,0.0476,-0.876,0.876,0.5397,2.4135,11.3333,0.0,128.4444,2.4731,-0.0189,0.0823,0.0,-0.3778,0.1427,0.0845,0.0007,0.0028,0.0126,0.0,0.0002,0.0029,1,1,0.0476,0.0,0.004344,0.094444,0.0,0.019663,2.865,941.321,89.65,2.769,42.787,1.3149,0.7605,2427600.0,128.4444,0.1427,332.183,2.4731,5.3e-05,0.2668,-0.0,0.1112,1.0823,1.0,1.6216,0.004545,0.009091,0.4545,-0.0023,-0.0075,-0.014,3.4594,340.0,0.0,0.0,-4.3644,17.0476,340.0,0.2182,0,0,1,0.0,0.0,0.0,340.0,0.0,-0.876,-0.9474,-0.9512,-0.8693,0.876,0.9474,0.8335,0.9643,0.0,-0.865,-0.9108,-0.7192,30.0,0.0,0.0,0.0,30.0,30.0,30.0,30.0,0.0,0.0,204.0,-0.0,2.7686,12.2328,0.1204,0.0062,0.9643,1.7551,,,,
194,2026-06-17T07:46:30+00:00,2026-06-17T07:57:30+00:00,11.0,-12.0,338.0,326.0,338.0,326.0,12.0,23,bajada,03:46,2026-06-17,,-0.0455,0.2386,0.0909,0.8927,-0.8927,-0.0182,0.0833,0.0,-0.4,0.16,0.0853,0.0,0.0041,0.0133,-0.0133,0.0004,0.0041,0.0,0.0002,0.0009,-0.0004,0.0,0.0002,2,2,0.0,0.0455,0.000708,0.006667,0.0,0.001665,0.3886,662.311,60.21,55.193,28.796,1.0033,0.9967,2460284.0,0.16,0.0004,327.061,0.0853,0.0,0.4262,0.2124,0.1112,0.6381,1.0,1.5734,0.001449,0.005405,0.7775,0.5184,-0.0143,-0.0265,3.0029,326.0,0.0,0.0,2.9318,6.5952,326.0,0.0103,0,0,1,0.0,0.0,0.0,338.0,326.0,0.8927,0.9612,0.9595,0.8872,-0.8927,-0.9612,-0.8514,-0.9801,0.0,0.8773,0.9214,0.7436,0.0,60.0,0.0,0.0,60.0,60.0,60.0,60.0,0.0,12.0,-9.6,0.0,55.1926,0.0145,0.071,0.0109,0.9801,1.004,,,,
195,2026-06-17T15:33:30+00:00,2026-06-17T15:44:30+00:00,11.0,-9.0,324.0,315.0,324.0,315.0,9.0,23,bajada,11:33,2026-06-17,,-0.0455,0.2386,0.0909,0.8927,-0.8927,-0.0136,0.0625,0.0,-0.3,0.09,0.064,0.0,0.0031,0.01,-0.01,0.0002,0.0031,0.0,0.0002,0.0007,-0.0003,0.0,0.0002,2,2,0.0,0.0455,0.000536,0.005,0.0,0.001257,0.2951,661.321,60.12,73.48,28.753,1.0019,0.9981,2293677.0,0.09,0.0002,315.793,0.064,0.0,0.4262,0.2124,0.1112,0.6381,1.0,1.5734,0.001449,0.005405,0.7775,0.5184,-0.0143,-0.0265,3.0029,315.0,0.0,0.0,2.9318,6.5952,315.0,0.008,0,0,1,0.0,0.0,0.0,324.0,315.0,0.8927,0.9612,0.9595,0.8872,-0.8927,-0.9612,-0.8514,-0.9801,0.0,0.8773,0.9214,0.7436,0.0,60.0,0.0,0.0,60.0,60.0,60.0,60.0,0.0,9.0,-7.2,0.0,73.4801,0.0082,0.071,0.0109,0.9801,1.004,,,,
196,2026-06-17T22:19:30+00:00,2026-06-17T22:20:30+00:00,1.0,159.0,311.0,470.0,470.0,311.0,159.0,3,subida,18:19,2026-06-17,,0.5,0.75,0.5,-0.8944,0.8944,2.65,2.65,5.3,0.0,28.09,3.7477,0.1767,0.0,0.1767,0.1767,0.0312,0.1767,0.0,0.0,0.0,0.0,0.0,0.0,1,0,0.5,0.0,0.0,0.0,0.0,0.0,0.0,191.805,191.805,1.206,63.935,1.1286,0.886,414342.0,28.09,0.0312,371.637,3.7477,6.8e-05,0.9183,0.0,0.0,1.0,1.0,1.585,0.0,0.0,0.0,0.0,0.0,0.0,0.0,311.0,0.0,79.5,0.7071,-1.5,311.0,0.2059,0,0,0,0.0,0.0,0.0,0.0,0.0,-0.8944,-0.7742,-0.8165,-0.8944,0.8944,0.7742,0.8944,0.7071,0.0,0.0,0.0,-1.0,60.0,0.0,0.0,0.0,60.0,60.0,60.0,60.0,0.0,0.0,-0.0,318.0,1.2063,28.09,0.0,0.375,1.0,1.585,,,,
197,2026-06-17T22:20:30+00:00,2026-06-17T22:45:00+00:00,24.5,-40.0,470.0,430.0,470.0,430.0,40.0,50,bajada,18:20,2026-06-17,,-0.1837,0.8277,0.2449,0.9732,-0.9732,-0.0272,0.0641,0.1,-0.2,0.2378,0.0697,0.0,0.0025,0.0067,-0.0067,0.0003,0.0025,0.0,0.0001,0.0004,-0.0004,0.0,0.0001,12,17,0.0204,0.2041,0.000562,0.003284,0.0,0.000836,0.8424,1473.541,60.145,36.839,29.471,1.002,0.998,9750656.0,0.2378,0.0003,441.603,0.0697,0.0,2.2877,0.5382,0.1956,0.0669,0.9655,1.6932,0.000667,0.001935,0.9637,0.9381,0.7703,0.6154,2.4847,444.0,14.0,17.0,0.8233,-0.1268,439.675,0.0272,0,0,2,0.0,0.0,0.0,470.0,430.0,0.9732,0.993,0.9926,0.9637,-0.9732,-0.993,-0.9537,-0.9812,0.0,0.8308,0.8784,0.8734,0.0,870.0,120.0,240.0,780.0,750.0,750.0,870.0,0.0,40.0,-4.994,0.0,36.8385,0.0097,0.0131,0.152,0.993,0.1133,,,,
198,2026-06-17T23:26:30+00:00,2026-06-17T23:40:30+00:00,14.0,-22.0,430.0,408.0,430.0,408.0,22.0,29,bajada,19:26,2026-06-17,,-0.1786,0.6249,0.2143,0.9492,-0.9492,-0.0262,0.0607,0.0,-0.2333,0.1222,0.0661,0.0,0.0021,0.0044,-0.0056,0.0001,0.0021,0.0,0.0001,0.0003,-0.0003,0.0,0.0001,6,8,0.0,0.1786,0.000508,0.003299,0.0,0.000824,0.4422,841.817,60.13,38.264,29.028,1.0018,0.9982,4943301.0,0.1222,0.0001,412.866,0.0661,0.0,1.3325,0.5181,0.2204,0.0187,1.0,1.5076,0.001149,0.002525,0.9499,0.9091,0.6033,0.2287,2.0647,408.0,0.0,6.0,1.5062,0.5965,411.8,0.0188,0,0,2,0.0,0.0,0.0,430.0,408.0,0.9492,0.9895,0.9809,0.9418,-0.9492,-0.9895,-0.9237,-0.9925,0.0,0.8859,0.9137,0.8231,0.0,420.0,120.0,150.0,180.0,240.0,240.0,420.0,0.0,22.0,-2.0,-0.0,38.2644,0.0087,0.0041,0.1116,0.9925,0.0282,,,,
199,2026-06-18T04:48:00+00:00,2026-06-18T04:59:30+00:00,11.5,-26.0,395.0,369.0,395.0,369.0,26.0,24,bajada,00:48,2026-06-18,,-0.1304,0.3978,0.1739,0.9163,-0.9163,-0.0377,0.1432,0.0,-0.7,0.5044,0.1481,-0.0,0.0066,0.0233,-0.02,0.001,0.0066,0.0,0.0004,0.0014,-0.0008,0.0,0.0004,4,5,0.0,0.1304,0.001082,0.006642,0.0,0.002056,0.7541,696.836,60.594,26.801,29.035,1.0092,0.9909,3332495.0,0.5044,0.001,372.631,0.1481,0.0,0.6584,0.4329,0.1803,0.2981,1.0,1.5283,0.001389,0.004258,0.8972,0.7269,0.0607,0.0521,2.6756,369.0,0.0,2.0,2.2424,3.1381,370.65,0.0219,0,0,2,0.0,0.0,0.0,395.0,369.0,0.9163,0.9765,0.971,0.9204,-0.9163,-0.9765,-0.8798,-0.9886,0.0,0.8888,0.9259,0.7568,0.0,240.0,60.0,60.0,90.0,30.0,30.0,240.0,0.0,26.0,-15.0,-0.0,26.8014,0.0439,0.0537,0.0519,0.9886,0.4556,,,,
200,2026-06-18T11:27:00+00:00,2026-06-18T11:37:00+00:00,10.0,-5.0,359.0,354.0,359.0,354.0,5.0,21,bajada,07:27,2026-06-18,,-0.1,0.3394,0.1,0.907,-0.907,-0.0083,0.0255,0.0,-0.1,0.0144,0.0269,0.0,0.001,0.0022,-0.0033,0.0,0.001,0.0,0.0,0.0001,-0.0001,0.0,0.0,2,2,0.0,0.1,0.000251,0.001667,0.0,0.00052,0.133,600.216,60.022,120.043,28.582,1.0003,0.9997,2640186.0,0.0144,0.0,354.575,0.0269,0.0,0.7229,0.3402,0.1335,0.4732,1.0,1.4641,0.001587,0.004491,0.9174,0.6832,-0.0242,-0.0455,2.5939,354.0,0.0,0.0,2.453,4.3264,354.118,0.0042,0,0,1,0.0,0.0,0.0,359.0,354.0,0.907,0.9723,0.9679,0.9023,-0.907,-0.9723,-0.8679,-0.9874,0.0,0.8854,0.9265,0.7421,0.0,90.0,0.0,60.0,60.0,90.0,90.0,90.0,0.0,5.0,-3.6,-0.0,120.0432,0.0014,0.0632,0.0339,0.9874,0.6928,,,,
201,2026-06-18T18:05:00+00:00,2026-06-18T18:15:30+00:00,10.5,-6.0,345.0,339.0,345.0,339.0,6.0,22,bajada,14:05,2026-06-18,,-0.0952,0.6628,0.1429,0.9404,-0.9404,-0.0095,0.0311,0.0,-0.1333,0.0222,0.0325,0.0002,0.0012,0.0044,-0.0022,0.0,0.0012,-0.0,0.0001,0.0001,-0.0001,0.0,0.0001,3,4,0.0,0.0952,0.00035,0.002207,0.0,0.000651,0.1986,630.332,60.032,105.055,28.651,1.0005,0.9995,2545966.0,0.0222,0.0,340.185,0.0325,0.0,1.2197,0.2892,0.2513,0.4958,1.0,2.027,0.001515,0.006073,0.6938,0.5315,0.4323,0.3097,2.7466,340.0,1.0,2.0,1.527,3.0631,340.0,0.0042,0,0,2,0.0,0.0,0.0,345.0,339.0,0.9404,0.9792,0.9837,0.9292,-0.9404,-0.9792,-0.9149,-0.9725,0.0,0.8406,0.885,0.8227,0.0,330.0,0.0,30.0,30.0,330.0,330.0,330.0,0.0,6.0,-2.4,-0.0,105.0553,0.0021,0.1246,0.0631,0.9837,1.005,,,,
202,2026-06-19T00:56:30+00:00,2026-06-19T01:07:30+00:00,11.0,-12.0,334.0,322.0,334.0,322.0,12.0,23,bajada,20:56,2026-06-18,,-0.0909,0.2385,0.0455,0.8927,-0.8927,-0.0182,0.0702,0.0,-0.3333,0.1156,0.0725,0.0001,0.0031,0.0111,-0.0089,0.0002,0.0031,0.0,0.0002,0.0007,-0.0004,0.0,0.0002,1,2,0.0,0.0909,0.00052,0.004415,0.0,0.00121,0.2927,661.689,60.154,55.141,28.769,1.0024,0.9976,2399144.0,0.1156,0.0002,322.972,0.0725,0.0,0.5132,0.2124,0.1112,0.6891,1.0,1.5734,0.001449,0.005461,0.7719,0.5135,-0.0142,-0.0262,3.0252,322.0,0.0,0.0,2.9792,6.9849,322.0,0.0096,0,0,1,0.0,0.0,0.0,334.0,322.0,0.8927,0.9619,0.9612,0.8867,-0.8927,-0.9619,-0.851,-0.9809,0.0,0.8779,0.9226,0.7431,0.0,60.0,30.0,30.0,60.0,30.0,30.0,60.0,0.0,12.0,-9.2,0.0,55.1407,0.0105,0.0766,0.0217,0.9809,1.0842,,,,
203,2026-06-19T14:50:00+00:00,2026-06-19T14:51:00+00:00,1.0,89.0,326.0,415.0,415.0,326.0,89.0,3,subida,10:50,2026-06-19,,0.5,0.75,0.5,-0.8944,0.8944,1.4833,1.4833,2.9667,0.0,8.8011,2.0978,0.0989,0.0,0.0989,0.0989,0.0098,0.0989,0.0,0.0,0.0,0.0,0.0,0.0,1,0,0.5,0.0,0.0,0.0,0.0,0.0,0.0,123.92,123.92,1.392,41.307,1.1545,0.8662,384777.0,8.8011,0.0098,358.133,2.0978,2.3e-05,0.9183,0.0,0.0,1.0,1.0,1.585,0.0,0.0,0.0,0.0,0.0,0.0,0.0,326.0,0.0,44.5,0.7071,-1.5,326.0,0.118,0,0,0,0.0,0.0,0.0,0.0,0.0,-0.8944,-0.7742,-0.8165,-0.8944,0.8944,0.7742,0.8944,0.7071,0.0,0.0,0.0,-1.0,60.0,0.0,0.0,0.0,60.0,60.0,60.0,60.0,0.0,0.0,-0.0,178.0,1.3924,8.8011,0.0,0.375,1.0,1.585,,,,
204,2026-06-19T14:51:00+00:00,2026-06-19T15:04:00+00:00,13.0,-13.0,415.0,402.0,415.0,402.0,13.0,27,bajada,10:51,2026-06-19,,-0.1923,0.7525,0.2692,0.9572,-0.9572,-0.0167,0.0349,0.0,-0.1,0.0389,0.0387,0.0001,0.0016,0.0033,-0.0033,0.0001,0.0016,0.0,0.0001,0.0002,-0.0002,0.0,0.0001,7,9,0.0,0.1923,0.000277,0.000833,0.0,0.000354,0.2161,780.582,60.045,60.045,28.91,1.0006,0.9994,4424974.0,0.0389,0.0001,404.831,0.0387,0.0,1.9362,0.5239,0.2364,0.2197,1.0,1.9372,0.001235,0.003402,0.8811,0.8197,0.5668,0.3453,2.4224,405.0,3.0,3.0,1.3271,0.9485,404.261,0.0089,0,0,2,0.0,0.0,0.0,415.0,402.0,0.9572,0.9954,0.9935,0.9453,-0.9572,-0.9954,-0.9316,-0.993,0.0,0.8667,0.9067,0.8263,0.0,420.0,30.0,120.0,180.0,390.0,390.0,420.0,0.0,13.0,-3.4,-0.0,60.0448,0.003,0.0519,0.1447,0.9954,0.4256,,,,
205,2026-06-19T15:23:00+00:00,2026-06-19T15:34:00+00:00,11.0,-6.0,399.0,393.0,399.0,393.0,6.0,23,bajada,11:23,2026-06-19,,-0.0909,0.4078,0.1818,0.9172,-0.9172,-0.0091,0.0287,0.0,-0.1,0.02,0.0302,0.0,0.0015,0.0033,-0.0033,0.0,0.0015,0.0,0.0001,0.0002,-0.0002,0.0,0.0001,4,4,0.0,0.0909,0.000181,0.001667,0.0,0.000422,0.0998,660.299,60.027,110.05,28.709,1.0004,0.9996,3566565.0,0.02,0.0,393.787,0.0302,0.0,0.8405,0.3454,0.1252,0.3198,1.0,1.5734,0.001449,0.004051,0.8803,0.7299,0.2093,-0.0515,2.566,393.0,0.0,0.0,2.1517,3.1362,393.316,0.0046,0,0,1,0.0,0.0,0.0,399.0,393.0,0.9172,0.9788,0.9733,0.9107,-0.9172,-0.9788,-0.8799,-0.9952,0.0,0.8914,0.9297,0.7717,0.0,120.0,0.0,60.0,60.0,120.0,120.0,120.0,0.0,6.0,-2.4,0.0,110.0498,0.0018,0.04,0.0371,0.9952,0.5032,,,,
206,2026-06-19T16:01:00+00:00,2026-06-19T16:12:30+00:00,11.5,-10.0,393.0,383.0,393.0,383.0,10.0,24,bajada,12:01,2026-06-19,,-0.1304,0.4083,0.2174,0.914,-0.914,-0.0145,0.0391,0.0,-0.1333,0.04,0.0417,0.0002,0.0018,0.0044,-0.0044,0.0001,0.0018,-0.0,0.0001,0.0003,-0.0003,0.0,0.0001,5,5,0.0,0.1304,0.000229,0.002164,0.0,0.000495,0.1321,690.598,60.052,69.06,28.775,1.0008,0.9992,3540632.0,0.04,0.0001,384.092,0.0417,0.0,1.0554,0.3845,0.1252,0.3988,1.0,1.5283,0.001389,0.005021,0.7957,0.6425,0.1817,-0.0488,2.85,383.0,0.0,0.0,2.4196,4.8264,383.5,0.0065,0,0,1,0.0,0.0,0.0,393.0,383.0,0.914,0.978,0.9753,0.9128,-0.914,-0.978,-0.8754,-0.9916,0.0,0.8921,0.9316,0.7508,0.0,150.0,30.0,30.0,90.0,90.0,90.0,150.0,0.0,10.0,-4.8,0.0,69.0598,0.0035,0.0499,0.0532,0.9916,0.6095,,,,
207,2026-06-20T09:16:30+00:00,2026-06-20T09:27:30+00:00,11.0,-6.0,358.0,352.0,361.0,352.0,9.0,23,bajada,05:16,2026-06-20,,-0.0909,0.4929,0.2727,0.9288,-0.9288,-0.0091,0.0452,0.1,-0.1667,0.0467,0.0461,-0.0002,0.0025,0.0056,-0.0089,0.0001,0.0025,0.0,0.0001,0.0005,-0.0003,0.0,0.0001,6,6,0.0455,0.1364,0.000407,0.004379,0.0,0.001063,0.2155,660.697,60.063,110.116,28.726,1.001,0.999,2868957.0,0.0467,0.0001,353.182,0.0461,0.0,1.3285,0.4444,0.1431,0.5427,0.819,1.5734,0.001449,0.003692,0.8892,0.7673,0.3348,0.0282,2.4178,352.0,0.0,1.0,2.0874,3.5253,352.632,0.0066,0,0,1,0.0,0.0,0.0,361.0,352.0,0.9288,0.9777,0.9673,0.9214,-0.9288,-0.9777,-0.8992,-0.9865,0.0,0.8848,0.9136,0.7953,30.0,180.0,60.0,60.0,120.0,180.0,180.0,180.0,3.0,6.0,-2.2,-0.0,110.1162,0.0042,0.0777,0.0448,0.9865,0.8539,,,,
208,2026-06-20T12:13:30+00:00,2026-06-20T12:19:30+00:00,6.0,-5.0,350.0,345.0,350.0,345.0,5.0,13,bajada,08:13,2026-06-20,,-0.0833,0.3929,0.1667,0.9106,-0.9106,-0.0139,0.0461,0.0,-0.1667,0.0278,0.0481,0.0,0.0024,0.0056,-0.0056,0.0001,0.0024,0.0,0.0001,0.0004,-0.0002,0.0,0.0001,2,2,0.0,0.0833,0.000532,0.002778,0.0,0.000866,0.1658,360.414,60.069,72.083,27.724,1.0011,0.9989,1554275.0,0.0278,0.0001,345.774,0.0481,0.0,0.6194,0.335,0.2513,0.6643,1.0,1.7079,0.002564,0.005779,0.8316,0.5265,-0.0545,-0.1136,2.1195,345.0,0.0,0.0,1.9188,1.6818,345.455,0.0052,0,0,1,0.0,0.0,0.0,350.0,345.0,0.9106,0.9718,0.9644,0.9113,-0.9106,-0.9718,-0.8761,-0.9899,0.0,0.8734,0.9104,0.76,0.0,60.0,0.0,0.0,60.0,60.0,60.0,60.0,0.0,5.0,-0.0,-0.0,72.0828,0.0046,0.1669,0.0327,0.9899,1.1346,,,,
209,2026-06-20T13:32:30+00:00,2026-06-20T13:37:30+00:00,5.0,-4.0,343.0,339.0,343.0,339.0,4.0,11,bajada,09:32,2026-06-20,,-0.1,0.25,0.1,0.8864,-0.8864,-0.0133,0.04,0.0,-0.1333,0.0178,0.0422,0.0005,0.0014,0.0044,0.0,0.0,0.0015,-0.0,0.0,0.0,-0.0001,0.0,0.0001,1,1,0.0,0.1,0.000498,0.002207,0.0,0.000856,0.132,300.265,60.053,75.066,27.297,1.0008,0.9992,1266859.0,0.0178,0.0,339.366,0.0422,0.0,0.4395,0.1947,0.2877,1.0,1.0,1.887,0.00303,0.009091,0.4,-0.01,-0.0375,-0.0833,2.3219,339.0,0.0,0.0,2.846,6.1,339.0,0.0034,0,0,1,0.0,0.0,0.0,343.0,339.0,0.8864,0.958,0.9581,0.8696,-0.8864,-0.958,-0.8472,-0.9878,0.0,0.8575,0.9038,0.7483,0.0,30.0,0.0,0.0,30.0,30.0,30.0,30.0,0.0,4.0,-8.0,-0.0,75.0662,0.0036,0.2877,0.025,0.9878,1.887,,,,
210,2026-06-20T16:29:30+00:00,2026-06-20T16:40:00+00:00,10.5,-8.0,339.0,331.0,339.0,331.0,8.0,22,bajada,12:29,2026-06-20,,-0.0952,0.2117,0.0476,0.8876,-0.8876,-0.0127,0.0405,0.0,-0.1667,0.0378,0.0424,0.0003,0.0009,0.0033,0.0,0.0,0.0009,-0.0,0.0,0.0,-0.0001,0.0,0.0,1,1,0.0,0.0952,0.000273,0.002214,0.0,0.000628,0.1642,630.563,60.054,78.82,28.662,1.0008,0.9992,2417697.0,0.0378,0.0,331.505,0.0424,0.0,0.5304,0.2201,0.1178,0.8902,1.0,1.6216,0.001515,0.006761,0.675,0.3453,-0.0129,-0.024,3.2781,331.0,0.0,0.0,3.6791,12.4724,331.0,0.0053,0,0,1,0.0,0.0,0.0,339.0,331.0,0.8876,0.9582,0.9598,0.8822,-0.8876,-0.9582,-0.8454,-0.9753,0.0,0.8749,0.9198,0.7299,0.0,60.0,0.0,30.0,30.0,60.0,60.0,60.0,0.0,8.0,-5.4,-0.0,78.8204,0.0036,0.1049,0.0202,0.9753,1.4435,,,,
211,2026-06-20T21:00:30+00:00,2026-06-20T21:01:30+00:00,1.0,-322.0,329.0,7.0,329.0,7.0,322.0,3,bajada,17:00,2026-06-20,,-0.5,0.75,0.5,0.8944,-0.8944,-5.3667,5.3667,0.0,-10.7333,115.2044,7.5896,-0.3578,0.0,-0.3578,-0.3578,0.128,0.3578,0.0,0.0,0.0,0.0,0.0,0.0,1,0,0.0,0.5,0.0,0.0,0.0,0.0,0.0,353.394,353.394,1.097,117.798,1.0789,0.9268,216531.0,115.2044,0.128,268.658,7.5896,0.000532,0.9183,0.0,0.0,1.0,1.0,1.585,0.0,0.0,0.0,0.0,0.0,0.0,0.0,329.0,0.0,161.0,-0.7071,-1.5,329.0,0.6848,0,0,0,0.0,0.0,0.0,0.0,0.0,0.8944,0.7742,0.8165,0.8944,-0.8944,-0.7742,-0.8944,-0.7071,0.0,0.0,0.0,1.0,0.0,60.0,0.0,0.0,60.0,60.0,60.0,60.0,0.0,322.0,-0.0,-644.0,1.0975,115.2044,0.0,0.375,1.0,1.585,,,,
212,2026-06-20T21:01:30+00:00,2026-06-20T21:12:30+00:00,11.0,574.0,7.0,581.0,581.0,7.0,574.0,23,subida,17:01,2026-06-20,,0.0455,0.2386,0.0909,-0.8927,0.8927,0.8697,3.9855,19.1333,0.0,366.0844,4.0792,0.0,0.1968,0.6378,-0.6378,0.8135,0.1968,-0.0011,0.0106,0.0213,-0.0425,0.0023,0.0106,2,2,0.0455,0.0,0.020813,0.318889,0.0,0.071369,9.5774,1204.783,109.526,2.099,52.382,1.3774,0.726,7088879.0,366.0844,0.8135,555.169,4.0792,5.2e-05,0.4262,-0.0,0.1112,0.6381,1.0,1.7701,0.001449,0.005405,0.7775,0.5184,-0.0143,-0.0265,3.0029,581.0,0.0,0.0,-2.9318,6.5952,581.0,0.3045,0,0,1,0.0,0.0,0.0,581.0,7.0,-0.8927,-0.9612,-0.9595,-0.8872,0.8927,0.9612,0.8514,0.9801,0.0,-0.8773,-0.9214,-0.7436,60.0,0.0,0.0,0.0,60.0,60.0,60.0,60.0,0.0,0.0,459.2,-0.0,2.0989,33.2804,0.071,0.0109,0.9801,1.1295,,,,
213,2026-06-20T23:16:30+00:00,2026-06-20T23:27:30+00:00,11.0,-6.0,572.0,566.0,572.0,566.0,6.0,23,bajada,19:16,2026-06-20,,-0.0455,0.2386,0.0909,0.8927,-0.8927,-0.0091,0.0417,0.0,-0.2,0.04,0.0426,0.0,0.0021,0.0067,-0.0067,0.0001,0.0021,0.0,0.0001,0.0004,-0.0002,0.0,0.0001,2,2,0.0,0.0455,0.00036,0.003333,0.0,0.000842,0.1985,660.594,60.054,110.099,28.721,1.0009,0.9991,7381844.0,0.04,0.0001,566.524,0.0426,0.0,0.4262,0.2124,0.1112,0.6381,1.0,1.5734,0.001449,0.005405,0.7775,0.5184,-0.0143,-0.0265,3.0029,566.0,0.0,0.0,2.9318,6.5952,566.0,0.003,0,0,1,0.0,0.0,0.0,572.0,566.0,0.8927,0.9612,0.9595,0.8872,-0.8927,-0.9612,-0.8514,-0.9801,0.0,0.8773,0.9214,0.7436,0.0,60.0,0.0,0.0,60.0,60.0,60.0,60.0,0.0,6.0,-4.8,0.0,110.099,0.0036,0.071,0.0109,0.9801,1.004,,,,
214,2026-06-21T01:17:30+00:00,2026-06-21T01:28:30+00:00,11.0,-8.0,567.0,559.0,567.0,559.0,8.0,23,bajada,21:17,2026-06-20,,-0.0909,0.3399,0.1818,0.9073,-0.9073,-0.0121,0.0433,0.0,-0.2,0.0444,0.0449,0.0,0.0022,0.0067,-0.0067,0.0001,0.0022,0.0,0.0001,0.0004,-0.0003,0.0,0.0001,4,4,0.0,0.0909,0.00036,0.003333,0.0,0.000776,0.1987,660.661,60.06,82.583,28.724,1.0009,0.9991,7209559.0,0.0444,0.0001,559.874,0.0449,0.0,0.8405,0.3454,0.1252,0.462,1.0,1.5734,0.001449,0.004635,0.836,0.6418,0.1163,-0.0407,2.8231,559.0,0.0,0.0,2.6563,5.4757,559.211,0.0041,0,0,1,0.0,0.0,0.0,567.0,559.0,0.9073,0.9727,0.9691,0.9014,-0.9073,-0.9727,-0.8679,-0.9904,0.0,0.8868,0.9281,0.7596,0.0,120.0,0.0,60.0,60.0,120.0,120.0,120.0,0.0,8.0,-4.8,-0.0,82.5826,0.004,0.0578,0.0309,0.9904,0.7269,,,,
215,2026-06-21T11:36:30+00:00,2026-06-21T11:37:30+00:00,1.0,-265.0,547.0,282.0,547.0,282.0,265.0,3,bajada,07:36,2026-06-21,,-0.5,0.75,0.5,0.8944,-0.8944,-4.4167,4.4167,0.0,-8.8333,78.0278,6.2461,-0.2944,0.0,-0.2944,-0.2944,0.0867,0.2944,0.0,0.0,0.0,0.0,0.0,0.0,1,0,0.0,0.5,0.0,0.0,0.0,0.0,0.0,296.693,296.693,1.12,98.898,1.092,0.9158,677942.0,78.0278,0.0867,475.374,6.2461,0.000115,0.9183,0.0,0.0,1.0,1.0,1.585,0.0,0.0,0.0,0.0,0.0,0.0,0.0,547.0,0.0,132.5,-0.7071,-1.5,547.0,0.2724,0,0,0,0.0,0.0,0.0,0.0,0.0,0.8944,0.7742,0.8165,0.8944,-0.8944,-0.7742,-0.8944,-0.7071,0.0,0.0,0.0,1.0,0.0,60.0,0.0,0.0,60.0,60.0,60.0,60.0,0.0,265.0,-0.0,-530.0,1.1196,78.0278,0.0,0.375,1.0,1.585,,,,
216,2026-06-21T11:37:30+00:00,2026-06-21T11:48:00+00:00,10.5,264.0,282.0,546.0,546.0,282.0,264.0,22,subida,07:37,2026-06-21,,0.0476,0.1304,0.0476,-0.876,0.876,0.419,1.874,8.8,0.0,77.44,1.9203,-0.0147,0.0639,0.0,-0.2933,0.086,0.0656,0.0005,0.0022,0.0098,0.0,0.0001,0.0022,1,1,0.0476,0.0,0.003415,0.073333,0.0,0.015261,2.2511,865.699,82.448,3.279,39.35,1.2673,0.789,6339960.0,77.44,0.086,536.824,1.9203,1.2e-05,0.2668,-0.0,0.1112,1.0823,1.0,1.6216,0.001515,0.009091,0.4545,-0.0023,-0.0075,-0.014,3.4594,546.0,0.0,0.0,-4.3644,17.0476,546.0,0.103,0,0,1,0.0,0.0,0.0,546.0,282.0,-0.876,-0.9474,-0.9512,-0.8693,0.876,0.9474,0.8335,0.9643,0.0,-0.865,-0.9108,-0.7192,30.0,0.0,0.0,0.0,30.0,30.0,30.0,30.0,0.0,0.0,158.4,0.0,3.2792,7.3752,0.1204,0.0062,0.9643,1.7551,,,,
217,2026-06-21T20:32:30+00:00,2026-06-21T20:43:30+00:00,11.0,-41.0,513.0,472.0,513.0,472.0,41.0,23,bajada,16:32,2026-06-21,,-0.0455,0.2386,0.0909,0.8927,-0.8927,-0.0621,0.2847,0.0,-1.3667,1.8678,0.2914,0.0,0.0141,0.0456,-0.0456,0.0042,0.0141,0.0001,0.0008,0.003,-0.0015,0.0,0.0008,2,2,0.0,0.0455,0.002043,0.022778,0.0,0.005253,1.0679,680.804,61.891,16.605,29.6,1.0295,0.9713,5204802.0,1.8678,0.0042,475.706,0.2914,0.0,0.4262,0.2124,0.1112,0.6381,1.0,1.5734,0.001449,0.005405,0.7775,0.5184,-0.0143,-0.0265,3.0029,472.0,0.0,0.0,2.9318,6.5952,472.0,0.0243,0,0,1,0.0,0.0,0.0,513.0,472.0,0.8927,0.9612,0.9595,0.8872,-0.8927,-0.9612,-0.8514,-0.9801,0.0,0.8773,0.9214,0.7436,0.0,60.0,0.0,0.0,60.0,60.0,60.0,60.0,0.0,41.0,-32.8,0.0,16.605,0.1698,0.071,0.0109,0.9801,1.004,,,,
218,2026-06-21T20:59:30+00:00,2026-06-21T21:05:30+00:00,6.0,-5.0,472.0,467.0,472.0,467.0,5.0,13,bajada,16:59,2026-06-21,,-0.0833,0.3929,0.1667,0.9106,-0.9106,-0.0139,0.0461,0.0,-0.1667,0.0278,0.0481,0.0,0.0024,0.0056,-0.0056,0.0001,0.0024,0.0,0.0001,0.0004,-0.0002,0.0,0.0001,2,2,0.0,0.0833,0.000532,0.002778,0.0,0.000866,0.1658,360.414,60.069,72.083,27.724,1.0011,0.9989,2844547.0,0.0278,0.0001,467.773,0.0481,0.0,0.6194,0.335,0.2513,0.6643,1.0,1.7079,0.002564,0.005779,0.8316,0.5265,-0.0545,-0.1136,2.1195,467.0,0.0,0.0,1.9188,1.6818,467.455,0.0039,0,0,1,0.0,0.0,0.0,472.0,467.0,0.9106,0.9718,0.9644,0.9113,-0.9106,-0.9718,-0.8761,-0.9899,0.0,0.8734,0.9104,0.76,0.0,60.0,0.0,0.0,60.0,60.0,60.0,60.0,0.0,5.0,-0.0,-0.0,72.0828,0.0046,0.1669,0.0327,0.9899,1.1346,,,,
219,2026-06-22T01:42:30+00:00,2026-06-22T01:54:30+00:00,12.0,-22.0,463.0,441.0,463.0,441.0,22.0,25,bajada,21:42,2026-06-21,,-0.2083,0.5104,0.2917,0.9289,-0.9289,-0.0306,0.0726,0.0,-0.3,0.1489,0.0788,0.0001,0.0035,0.01,-0.0078,0.0003,0.0035,0.0,0.0002,0.0006,-0.0006,0.0,0.0002,7,8,0.0,0.2083,0.000427,0.003863,0.0,0.000818,0.262,722.198,60.183,32.827,28.888,1.0026,0.9974,4932005.0,0.1489,0.0003,444.162,0.0788,0.0,1.1754,0.5497,0.1431,0.2873,1.0,1.486,0.001333,0.003749,0.8923,0.7647,0.3888,0.1266,2.5761,441.0,0.0,2.0,2.0819,3.1482,442.714,0.0138,0,0,1,0.0,0.0,0.0,463.0,441.0,0.9289,0.9865,0.9818,0.9182,-0.9289,-0.9865,-0.894,-0.9974,0.0,0.8955,0.9315,0.7794,0.0,240.0,30.0,60.0,120.0,150.0,150.0,240.0,0.0,22.0,-8.6,-0.0,32.8272,0.0124,0.0411,0.1063,0.9974,0.4269,,,,
220,2026-06-22T12:28:30+00:00,2026-06-22T12:39:30+00:00,11.0,-32.0,434.0,402.0,434.0,402.0,32.0,23,bajada,08:28,2026-06-22,,-0.0455,0.2386,0.0909,0.8927,-0.8927,-0.0485,0.2222,0.0,-1.0667,1.1378,0.2274,0.0,0.011,0.0356,-0.0356,0.0025,0.011,0.0001,0.0006,0.0024,-0.0012,0.0,0.0006,2,2,0.0,0.0455,0.00169,0.017778,0.0,0.004191,0.8997,673.863,61.26,21.058,29.298,1.0198,0.9806,3770396.0,1.1378,0.0025,404.883,0.2274,0.0,0.4262,0.2124,0.1112,0.6381,1.0,1.5734,0.001449,0.005405,0.7775,0.5184,-0.0143,-0.0265,3.0029,402.0,0.0,0.0,2.9318,6.5952,402.0,0.0223,0,0,1,0.0,0.0,0.0,434.0,402.0,0.8927,0.9612,0.9595,0.8872,-0.8927,-0.9612,-0.8514,-0.9801,0.0,0.8773,0.9214,0.7436,0.0,60.0,0.0,0.0,60.0,60.0,60.0,60.0,0.0,32.0,-25.6,0.0,21.0582,0.1034,0.071,0.0109,0.9801,1.004,,,,
221,2026-06-22T14:16:00+00:00,2026-06-22T14:29:00+00:00,13.0,-10.0,406.0,396.0,406.0,396.0,10.0,27,bajada,10:16,2026-06-22,,-0.1538,0.7469,0.1923,0.9537,-0.9537,-0.0128,0.0308,0.0,-0.1,0.0289,0.0333,0.0001,0.0011,0.0033,-0.0022,0.0,0.0011,0.0,0.0001,0.0001,-0.0001,0.0,0.0001,5,8,0.0,0.1538,0.000287,0.00166,0.0,0.000402,0.2327,780.432,60.033,78.043,28.905,1.0005,0.9995,4301757.0,0.0289,0.0,399.155,0.0333,0.0,1.7137,0.443,0.1985,0.3614,1.0,1.9372,0.001235,0.004639,0.7898,0.7254,0.4649,0.305,3.0331,400.0,0.0,2.0,0.6286,1.3307,398.957,0.0057,0,0,2,0.0,0.0,0.0,406.0,396.0,0.9537,0.9768,0.9855,0.9435,-0.9537,-0.9768,-0.9244,-0.9657,0.0,0.7873,0.8442,0.8474,0.0,630.0,30.0,60.0,510.0,510.0,510.0,630.0,0.0,10.0,-3.0,-0.0,78.0432,0.0022,0.0717,0.1149,0.9855,0.7001,,,,
222,2026-06-22T15:43:00+00:00,2026-06-22T15:48:00+00:00,5.0,-4.0,396.0,392.0,396.0,392.0,4.0,11,bajada,11:43,2026-06-22,,-0.1,0.25,0.1,0.8864,-0.8864,-0.0133,0.04,0.0,-0.1333,0.0178,0.0422,0.0005,0.0014,0.0044,0.0,0.0,0.0015,-0.0,0.0,0.0,-0.0001,0.0,0.0001,1,1,0.0,0.1,0.000498,0.002207,0.0,0.000856,0.132,300.265,60.053,75.066,27.297,1.0008,0.9992,1693456.0,0.0178,0.0,392.365,0.0422,0.0,0.4395,0.1947,0.2877,1.0,1.0,1.887,0.00303,0.009091,0.4,-0.01,-0.0375,-0.0833,2.3219,392.0,0.0,0.0,2.846,6.1,392.0,0.0029,0,0,1,0.0,0.0,0.0,396.0,392.0,0.8864,0.958,0.9581,0.8696,-0.8864,-0.958,-0.8472,-0.9878,0.0,0.8575,0.9038,0.7483,0.0,30.0,0.0,0.0,30.0,30.0,30.0,30.0,0.0,4.0,-8.0,-0.0,75.0662,0.0036,0.2877,0.025,0.9878,1.887,,,,
223,2026-06-22T18:01:00+00:00,2026-06-22T18:13:30+00:00,12.5,-9.0,391.0,382.0,391.0,382.0,9.0,26,bajada,14:01,2026-06-22,,-0.12,0.6652,0.24,0.9515,-0.9515,-0.012,0.0338,0.0,-0.1333,0.0322,0.0359,0.0,0.0017,0.0044,-0.0044,0.0001,0.0017,0.0,0.0001,0.0003,-0.0001,0.0,0.0001,6,8,0.0,0.12,0.000352,0.001667,0.0,0.000477,0.2493,750.482,60.039,83.387,28.865,1.0006,0.9994,3830990.0,0.0322,0.0001,383.856,0.0359,0.0,1.5901,0.4106,0.212,0.1532,1.0,1.4463,0.001282,0.003338,0.8914,0.8284,0.5585,0.2219,2.3222,382.0,0.0,2.0,1.4775,0.8866,383.364,0.0073,0,0,2,0.0,0.0,0.0,391.0,382.0,0.9515,0.9936,0.9882,0.9396,-0.9515,-0.9936,-0.9254,-0.9937,0.0,0.8853,0.9154,0.828,0.0,330.0,60.0,60.0,150.0,330.0,330.0,330.0,0.0,9.0,-1.8,-0.0,83.3869,0.0026,0.0325,0.0798,0.9937,0.2216,,,,
224,2026-06-23T01:05:00+00:00,2026-06-23T01:16:30+00:00,11.5,-15.0,370.0,355.0,370.0,355.0,15.0,24,bajada,21:05,2026-06-22,,-0.1739,0.6134,0.1304,0.938,-0.938,-0.0217,0.0478,0.0,-0.1333,0.0633,0.0525,0.0002,0.0017,0.0044,-0.0044,0.0001,0.0017,-0.0,0.0001,0.0003,-0.0001,0.0,0.0001,3,6,0.0,0.1739,0.000379,0.001932,0.0,0.000557,0.265,690.946,60.082,46.063,28.789,1.0011,0.9989,3066286.0,0.0633,0.0001,357.438,0.0525,0.0,1.4969,0.4329,0.2007,0.3633,1.0,1.5283,0.001389,0.00437,0.8327,0.728,0.3389,0.2905,2.6358,355.0,0.0,4.0,1.828,2.7421,356.6,0.0109,0,0,2,0.0,0.0,0.0,370.0,355.0,0.938,0.9889,0.9868,0.9386,-0.938,-0.9889,-0.9072,-0.9913,0.0,0.8869,0.9213,0.792,0.0,270.0,30.0,60.0,90.0,270.0,270.0,270.0,0.0,15.0,-7.2,0.0,46.0631,0.0055,0.0729,0.1067,0.9913,0.5552,,,,
225,2026-06-23T02:43:00+00:00,2026-06-23T02:53:30+00:00,10.5,-7.0,357.0,350.0,357.0,350.0,7.0,22,bajada,22:43,2026-06-22,,-0.0952,0.6135,0.1429,0.9331,-0.9331,-0.0111,0.0376,0.0,-0.1667,0.0322,0.0392,0.0003,0.0014,0.0056,-0.0022,0.0,0.0014,-0.0,0.0001,0.0001,-0.0002,0.0,0.0001,3,4,0.0,0.0952,0.00041,0.002749,0.0,0.000801,0.2307,630.48,60.046,90.069,28.658,1.0007,0.9993,2715393.0,0.0322,0.0,351.322,0.0392,0.0,1.2197,0.2892,0.2474,0.5533,1.0,2.027,0.001515,0.006559,0.6358,0.4449,0.3606,0.2565,3.0451,352.0,1.0,2.0,1.8977,4.8815,351.111,0.0045,0,0,2,0.0,0.0,0.0,357.0,350.0,0.9331,0.975,0.9805,0.9231,-0.9331,-0.975,-0.9045,-0.9715,0.0,0.8339,0.8839,0.8114,0.0,360.0,0.0,30.0,30.0,360.0,360.0,360.0,0.0,7.0,-3.0,0.0,90.0686,0.0031,0.1369,0.0584,0.9805,1.1215,,,,
226,2026-06-23T14:44:00+00:00,2026-06-23T14:55:00+00:00,11.0,-14.0,337.0,323.0,337.0,323.0,14.0,23,bajada,10:44,2026-06-23,,-0.0909,0.3749,0.1818,0.9118,-0.9118,-0.0212,0.0838,0.0,-0.4,0.1644,0.0865,0.0,0.0042,0.0133,-0.0133,0.0004,0.0042,0.0,0.0002,0.0009,-0.0004,0.0,0.0002,4,5,0.0,0.0909,0.000805,0.006667,0.0,0.001637,0.4552,662.378,60.216,47.313,28.799,1.0034,0.9966,2424527.0,0.1644,0.0004,324.676,0.0865,0.0,1.1492,0.3454,0.1803,0.5025,1.0,1.5734,0.001449,0.004964,0.8086,0.5916,0.1403,0.1308,2.8919,323.0,0.0,2.0,2.7142,5.7911,323.526,0.012,0,0,2,0.0,0.0,0.0,337.0,323.0,0.9118,0.9742,0.9714,0.9053,-0.9118,-0.9742,-0.8743,-0.9877,0.0,0.8848,0.9247,0.7683,0.0,210.0,0.0,60.0,60.0,60.0,60.0,210.0,0.0,14.0,-9.6,-0.0,47.3127,0.0149,0.0906,0.0341,0.9877,0.7906,,,,
227,2026-06-23T20:21:30+00:00,2026-06-23T20:22:30+00:00,1.0,-305.0,313.0,8.0,313.0,8.0,305.0,3,bajada,16:21,2026-06-23,,-0.5,0.75,0.5,0.8944,-0.8944,-5.0833,5.0833,0.0,-10.1667,103.3611,7.1889,-0.3389,0.0,-0.3389,-0.3389,0.1148,0.3389,0.0,0.0,0.0,0.0,0.0,0.0,1,0,0.0,0.5,0.0,0.0,0.0,0.0,0.0,336.472,336.472,1.103,112.157,1.0824,0.9238,196002.0,103.3611,0.1148,255.605,7.1889,0.000527,0.9183,0.0,0.0,1.0,1.0,1.585,0.0,0.0,0.0,0.0,0.0,0.0,0.0,313.0,0.0,152.5,-0.7071,-1.5,313.0,0.6803,0,0,0,0.0,0.0,0.0,0.0,0.0,0.8944,0.7742,0.8165,0.8944,-0.8944,-0.7742,-0.8944,-0.7071,0.0,0.0,0.0,1.0,0.0,60.0,0.0,0.0,60.0,60.0,60.0,60.0,0.0,305.0,-0.0,-610.0,1.1032,103.3611,0.0,0.375,1.0,1.585,,,,
228,2026-06-23T20:22:30+00:00,2026-06-23T20:40:30+00:00,18.0,636.0,8.0,644.0,646.0,8.0,638.0,37,subida,16:22,2026-06-23,,0.0556,0.1359,0.1111,-0.8793,0.8793,0.5889,3.3567,20.4333,-0.0667,418.1178,3.408,-0.0195,0.1136,0.0233,-0.6811,0.4652,0.1153,0.0007,0.0039,0.0227,-0.0017,0.0005,0.0039,4,5,0.0833,0.0278,0.005269,0.170278,0.0,0.027562,5.8481,1671.669,92.87,2.628,45.18,1.3338,0.7498,14499203.0,418.1178,0.4652,625.995,3.408,2.9e-05,0.1793,0.1444,0.1259,0.9623,0.9991,1.8303,0.000901,0.008423,0.5075,0.0326,0.031,0.0292,4.1614,644.0,0.0,23.0,-5.7236,31.1971,634.419,0.1655,0,0,2,0.0,0.0,0.0,646.0,8.0,-0.8793,-0.9478,-0.9528,-0.8668,0.8793,0.9478,0.8371,0.9596,0.0,-0.8668,-0.9128,-0.7245,480.0,0.0,0.0,30.0,30.0,30.0,30.0,480.0,2.0,0.0,131.357,-0.0,2.6284,23.2288,0.1212,0.0076,0.9596,1.7613,,,,
229,2026-06-23T21:57:30+00:00,2026-06-23T22:08:00+00:00,10.5,-6.0,645.0,639.0,645.0,639.0,6.0,22,bajada,17:57,2026-06-23,,-0.0952,0.2047,0.0476,0.8866,-0.8866,-0.0095,0.0311,0.0,-0.1333,0.0222,0.0325,0.0002,0.0007,0.0022,0.0,0.0,0.0007,-0.0,0.0,0.0,-0.0001,0.0,0.0,1,1,0.0,0.0952,0.000225,0.001664,0.0,0.000515,0.1321,630.332,60.032,105.055,28.651,1.0005,0.9995,8993326.0,0.0222,0.0,639.365,0.0325,0.0,0.5304,0.2201,0.1178,0.9087,1.0,1.6216,0.001515,0.006977,0.6546,0.3147,-0.0124,-0.0231,3.3117,639.0,0.0,0.0,3.789,13.2595,639.0,0.002,0,0,1,0.0,0.0,0.0,645.0,639.0,0.8866,0.9573,0.9592,0.881,-0.8866,-0.9573,-0.8443,-0.9743,0.0,0.8741,0.9191,0.7289,0.0,60.0,0.0,30.0,30.0,60.0,60.0,60.0,0.0,6.0,-4.0,-0.0,105.0553,0.0021,0.107,0.0195,0.9743,1.4735,,,,
230,2026-06-24T00:41:30+00:00,2026-06-24T00:52:30+00:00,11.0,-7.0,641.0,634.0,641.0,634.0,7.0,23,bajada,20:41,2026-06-23,,-0.0455,0.2386,0.0909,0.8927,-0.8927,-0.0106,0.0486,0.0,-0.2333,0.0544,0.0497,0.0,0.0024,0.0078,-0.0078,0.0001,0.0024,0.0,0.0001,0.0005,-0.0003,0.0,0.0001,2,2,0.0,0.0455,0.000419,0.003889,0.0,0.000981,0.231,660.806,60.073,94.401,28.731,1.0012,0.9988,9262838.0,0.0544,0.0001,634.612,0.0497,0.0,0.4262,0.2124,0.1112,0.6381,1.0,1.5734,0.001449,0.005405,0.7775,0.5184,-0.0143,-0.0265,3.0029,634.0,0.0,0.0,2.9318,6.5952,634.0,0.0031,0,0,1,0.0,0.0,0.0,641.0,634.0,0.8927,0.9612,0.9595,0.8872,-0.8927,-0.9612,-0.8514,-0.9801,0.0,0.8773,0.9214,0.7436,0.0,60.0,0.0,0.0,60.0,60.0,60.0,60.0,0.0,7.0,-5.6,0.0,94.4009,0.0049,0.071,0.0109,0.9801,1.004,,,,
231,2026-06-24T00:57:00+00:00,2026-06-24T01:02:00+00:00,5.0,-4.0,634.0,630.0,634.0,630.0,4.0,11,bajada,20:57,2026-06-23,,-0.1,0.25,0.1,0.8864,-0.8864,-0.0133,0.04,0.0,-0.1333,0.0178,0.0422,0.0005,0.0014,0.0044,0.0,0.0,0.0015,-0.0,0.0,0.0,-0.0001,0.0,0.0001,1,1,0.0,0.1,0.000498,0.002207,0.0,0.000856,0.132,300.265,60.053,75.066,27.297,1.0008,0.9992,4370956.0,0.0178,0.0,630.365,0.0422,0.0,0.4395,0.1947,0.2877,1.0,1.0,1.887,0.00303,0.009091,0.4,-0.01,-0.0375,-0.0833,2.3219,630.0,0.0,0.0,2.846,6.1,630.0,0.0018,0,0,1,0.0,0.0,0.0,634.0,630.0,0.8864,0.958,0.9581,0.8696,-0.8864,-0.958,-0.8472,-0.9878,0.0,0.8575,0.9038,0.7483,0.0,30.0,0.0,0.0,30.0,30.0,30.0,30.0,0.0,4.0,-8.0,-0.0,75.0662,0.0036,0.2877,0.025,0.9878,1.887,,,,
232,2026-06-24T01:54:30+00:00,2026-06-24T01:55:30+00:00,1.0,-51.0,630.0,579.0,630.0,579.0,51.0,3,bajada,21:54,2026-06-23,,-0.5,0.75,0.5,0.8944,-0.8944,-0.85,0.85,0.0,-1.7,2.89,1.2021,-0.0567,0.0,-0.0567,-0.0567,0.0032,0.0567,0.0,0.0,0.0,0.0,0.0,0.0,1,0,0.0,0.5,0.0,0.0,0.0,0.0,0.0,89.169,89.169,1.748,29.723,1.1324,0.8831,1129041.0,2.89,0.0032,613.471,1.2021,3e-06,0.9183,0.0,0.0,1.0,1.0,1.585,0.0,0.0,0.0,0.0,0.0,0.0,0.0,630.0,0.0,25.5,-0.7071,-1.5,630.0,0.0392,0,0,0,0.0,0.0,0.0,0.0,0.0,0.8944,0.7742,0.8165,0.8944,-0.8944,-0.7742,-0.8944,-0.7071,0.0,0.0,0.0,1.0,0.0,60.0,0.0,0.0,60.0,60.0,60.0,60.0,0.0,51.0,-0.0,-102.0,1.7484,2.89,0.0,0.375,1.0,1.585,,,,
233,2026-06-24T01:55:30+00:00,2026-06-24T02:06:00+00:00,10.5,24.0,579.0,603.0,603.0,579.0,24.0,22,subida,21:55,2026-06-23,,0.0476,0.1304,0.0476,-0.876,0.876,0.0381,0.1704,0.8,0.0,0.64,0.1746,-0.0013,0.0058,0.0,-0.0267,0.0007,0.006,0.0,0.0002,0.0009,0.0,0.0,0.0002,1,1,0.0476,0.0,0.001077,0.010672,0.0,0.002805,0.6154,638.419,60.802,26.601,29.019,1.0126,0.9875,7971030.0,0.64,0.0007,601.93,0.1746,0.0,0.2668,-0.0,0.1112,1.0823,1.0,1.6216,0.001515,0.009091,0.4545,-0.0023,-0.0075,-0.014,3.4594,603.0,0.0,0.0,-4.3644,17.0476,603.0,0.0083,0,0,1,0.0,0.0,0.0,603.0,579.0,-0.876,-0.9474,-0.9512,-0.8693,0.876,0.9474,0.8335,0.9643,0.0,-0.865,-0.9108,-0.7192,30.0,0.0,0.0,0.0,30.0,30.0,30.0,30.0,0.0,0.0,14.4,-0.0,26.6008,0.061,0.1204,0.0062,0.9643,1.7551,,,,
234,2026-06-24T03:56:30+00:00,2026-06-24T03:57:30+00:00,1.0,-601.0,601.0,0.0,601.0,0.0,601.0,3,bajada,23:56,2026-06-23,,-0.5,0.75,0.5,0.8944,-0.8944,-10.0167,10.0167,0.0,-20.0333,401.3344,14.1657,-0.6678,0.0,-0.6678,-0.6678,0.4459,0.6678,0.0,0.0,0.0,0.0,0.0,0.0,1,0,0.0,0.5,0.0,0.0,0.0,0.0,0.0,631.748,631.748,1.051,210.583,1.046,0.9561,722402.0,401.3344,0.4459,490.714,14.1657,0.000556,0.9183,0.0,0.0,1.0,1.0,1.585,0.0,0.0,0.0,0.0,0.0,0.0,0.0,601.0,0.0,300.5,-0.7071,-1.5,601.0,0.7071,0,0,0,0.0,0.0,0.0,0.0,0.0,0.8944,0.7742,0.8165,0.8944,-0.8944,-0.7742,-0.8944,-0.7071,0.0,0.0,0.0,1.0,0.0,60.0,0.0,0.0,60.0,60.0,60.0,60.0,0.0,601.0,-0.0,-1202.0,1.0512,401.3344,0.0,0.375,1.0,1.585,,,,
235,2026-06-24T03:57:30+00:00,2026-06-24T04:08:00+00:00,10.5,599.0,0.0,599.0,599.0,0.0,599.0,22,subida,23:57,2026-06-23,,0.0476,0.1304,0.0476,-0.876,0.876,0.9508,4.2521,19.9667,0.0,398.6678,4.3571,-0.0333,0.1451,0.0,-0.6656,0.443,0.1488,0.0012,0.005,0.0222,0.0,0.0005,0.0051,1,1,0.0476,0.0,0.00758,0.166389,0.0,0.034655,5.0022,1199.751,114.262,2.003,54.534,1.3801,0.7246,7534821.0,398.6678,0.443,585.228,4.3571,5.3e-05,0.2668,-0.0,0.1112,1.0823,1.0,1.6216,0.001515,0.009091,0.4545,-0.0023,-0.0075,-0.014,3.4594,599.0,0.0,0.0,-4.3644,17.0476,599.0,0.2182,0,0,1,0.0,0.0,0.0,599.0,0.0,-0.876,-0.9474,-0.9512,-0.8693,0.876,0.9474,0.8335,0.9643,0.0,-0.865,-0.9108,-0.7192,30.0,0.0,0.0,0.0,30.0,30.0,30.0,30.0,0.0,0.0,359.4,-0.0,2.0029,37.9684,0.1204,0.0062,0.9643,1.7551,,,,
236,2026-06-24T20:05:00+00:00,2026-06-24T20:16:00+00:00,11.0,-6.0,571.0,565.0,571.0,565.0,6.0,23,bajada,16:05,2026-06-24,,-0.0455,0.2386,0.0909,0.8927,-0.8927,-0.0091,0.0417,0.0,-0.2,0.04,0.0426,0.0,0.0021,0.0067,-0.0067,0.0001,0.0021,0.0,0.0001,0.0004,-0.0002,0.0,0.0001,2,2,0.0,0.0455,0.00036,0.003333,0.0,0.000842,0.1985,660.594,60.054,110.099,28.721,1.0009,0.9991,7355807.0,0.04,0.0001,565.524,0.0426,0.0,0.4262,0.2124,0.1112,0.6381,1.0,1.5734,0.001449,0.005405,0.7775,0.5184,-0.0143,-0.0265,3.0029,565.0,0.0,0.0,2.9318,6.5952,565.0,0.003,0,0,1,0.0,0.0,0.0,571.0,565.0,0.8927,0.9612,0.9595,0.8872,-0.8927,-0.9612,-0.8514,-0.9801,0.0,0.8773,0.9214,0.7436,0.0,60.0,0.0,0.0,60.0,60.0,60.0,60.0,0.0,6.0,-4.8,0.0,110.099,0.0036,0.071,0.0109,0.9801,1.004,,,,
237,2026-06-24T21:54:30+00:00,2026-06-24T21:55:30+00:00,1.0,-558.0,558.0,0.0,558.0,0.0,558.0,3,bajada,17:54,2026-06-24,,-0.5,0.75,0.5,0.8944,-0.8944,-9.3,9.3,0.0,-18.6,345.96,13.1522,-0.62,0.0,-0.62,-0.62,0.3844,0.62,0.0,0.0,0.0,0.0,0.0,0.0,1,0,0.0,0.5,0.0,0.0,0.0,0.0,0.0,588.806,588.806,1.055,196.269,1.0492,0.9531,622728.0,345.96,0.3844,455.605,13.1522,0.000556,0.9183,0.0,0.0,1.0,1.0,1.585,0.0,0.0,0.0,0.0,0.0,0.0,0.0,558.0,0.0,279.0,-0.7071,-1.5,558.0,0.7071,0,0,0,0.0,0.0,0.0,0.0,0.0,0.8944,0.7742,0.8165,0.8944,-0.8944,-0.7742,-0.8944,-0.7071,0.0,0.0,0.0,1.0,0.0,60.0,0.0,0.0,60.0,60.0,60.0,60.0,0.0,558.0,-0.0,-1116.0,1.0552,345.96,0.0,0.375,1.0,1.585,,,,
238,2026-06-24T21:55:30+00:00,2026-06-24T22:06:00+00:00,10.5,558.0,0.0,558.0,558.0,0.0,558.0,22,subida,17:55,2026-06-24,,0.0476,0.1304,0.0476,-0.876,0.876,0.8857,3.961,18.6,0.0,345.96,4.0589,-0.031,0.1351,0.0,-0.62,0.3844,0.1386,0.0011,0.0046,0.0207,0.0,0.0004,0.0047,1,1,0.0476,0.0,0.007065,0.155,0.0,0.032282,4.6621,1158.806,110.362,2.077,52.673,1.3769,0.7263,6538644.0,345.96,0.3844,545.171,4.0589,5.3e-05,0.2668,-0.0,0.1112,1.0823,1.0,1.6216,0.00303,0.009091,0.4545,-0.0023,-0.0075,-0.014,3.4594,558.0,0.0,0.0,-4.3644,17.0476,558.0,0.2182,0,0,1,0.0,0.0,0.0,558.0,0.0,-0.876,-0.9474,-0.9512,-0.8693,0.876,0.9474,0.8335,0.9643,0.0,-0.865,-0.9108,-0.7192,30.0,0.0,0.0,0.0,30.0,30.0,30.0,30.0,0.0,0.0,334.8,0.0,2.0767,32.9486,0.1204,0.0062,0.9643,1.7551,,,,
239,2026-06-25T01:19:30+00:00,2026-06-25T01:30:00+00:00,10.5,-6.0,547.0,541.0,547.0,541.0,6.0,22,bajada,21:19,2026-06-24,,-0.0952,0.2288,0.0476,0.8902,-0.8902,-0.0095,0.0294,0.0,-0.1,0.02,0.0309,0.0002,0.0007,0.0033,0.0,0.0,0.0007,0.0,0.0,0.0001,-0.0001,0.0,0.0,1,2,0.0,0.0952,0.000151,0.00166,0.0,0.000406,0.0994,630.299,60.029,105.05,28.65,1.0004,0.9996,6448765.0,0.02,0.0,541.411,0.0309,0.0,0.5304,0.2201,0.1178,0.8379,1.0,1.6216,0.001515,0.006217,0.7265,0.421,-0.0141,-0.0262,3.1729,541.0,0.0,0.0,3.3693,10.1792,541.0,0.0025,0,0,1,0.0,0.0,0.0,547.0,541.0,0.8902,0.9604,0.9613,0.8852,-0.8902,-0.9604,-0.8482,-0.9775,0.0,0.8769,0.9215,0.7324,0.0,60.0,0.0,30.0,30.0,60.0,60.0,60.0,0.0,6.0,-4.2,0.0,105.0498,0.0019,0.0987,0.0218,0.9775,1.3587,,,,
240,2026-06-25T02:24:00+00:00,2026-06-25T02:30:00+00:00,6.0,-5.0,536.0,531.0,536.0,531.0,5.0,13,bajada,22:24,2026-06-24,,-0.0833,0.3929,0.1667,0.9106,-0.9106,-0.0139,0.0461,0.0,-0.1667,0.0278,0.0481,0.0,0.0024,0.0056,-0.0056,0.0001,0.0024,0.0,0.0001,0.0004,-0.0002,0.0,0.0001,2,2,0.0,0.0833,0.000532,0.002778,0.0,0.000866,0.1658,360.414,60.069,72.083,27.724,1.0011,0.9989,3676163.0,0.0278,0.0001,531.772,0.0481,0.0,0.6194,0.335,0.2513,0.6643,1.0,1.7079,0.002564,0.005779,0.8316,0.5265,-0.0545,-0.1136,2.1195,531.0,0.0,0.0,1.9188,1.6818,531.455,0.0034,0,0,1,0.0,0.0,0.0,536.0,531.0,0.9106,0.9718,0.9644,0.9113,-0.9106,-0.9718,-0.8761,-0.9899,0.0,0.8734,0.9104,0.76,0.0,60.0,0.0,0.0,60.0,60.0,60.0,60.0,0.0,5.0,-0.0,-0.0,72.0828,0.0046,0.1669,0.0327,0.9899,1.1346,,,,
241,2026-06-25T02:32:00+00:00,2026-06-25T02:44:30+00:00,12.5,-10.0,531.0,521.0,531.0,521.0,10.0,26,bajada,22:32,2026-06-24,,-0.08,0.4678,0.16,0.9268,-0.9268,-0.0133,0.049,0.0,-0.2333,0.0644,0.0508,0.0,0.0024,0.0078,-0.0078,0.0001,0.0024,0.0,0.0001,0.0005,-0.0003,0.0,0.0001,4,5,0.0,0.08,0.000392,0.001944,0.0,0.000692,0.2808,750.955,60.076,75.096,28.883,1.0012,0.9988,7100535.0,0.0644,0.0001,522.587,0.0508,0.0,0.893,0.3159,0.1171,0.1359,1.0,1.4463,0.001282,0.003498,0.8778,0.7979,0.4423,-0.0545,2.4165,521.0,0.0,0.0,1.7103,1.172,521.955,0.0063,0,0,1,0.0,0.0,0.0,531.0,521.0,0.9268,0.982,0.9746,0.9143,-0.9268,-0.982,-0.893,-0.995,0.0,0.8942,0.9268,0.7852,0.0,150.0,60.0,60.0,150.0,150.0,150.0,150.0,0.0,10.0,-1.8,-0.0,75.0955,0.0052,0.0159,0.0374,0.995,0.1966,,,,
242,2026-06-25T08:06:00+00:00,2026-06-25T08:17:00+00:00,11.0,-10.0,517.0,507.0,517.0,507.0,10.0,23,bajada,04:06,2026-06-25,,-0.0455,0.2386,0.0909,0.8927,-0.8927,-0.0152,0.0694,0.0,-0.3333,0.1111,0.0711,0.0,0.0034,0.0111,-0.0111,0.0002,0.0034,0.0,0.0002,0.0007,-0.0004,0.0,0.0002,2,2,0.0,0.0455,0.000594,0.005556,0.0,0.001394,0.3266,661.623,60.148,66.162,28.766,1.0023,0.9977,5932607.0,0.1111,0.0002,507.877,0.0711,0.0,0.4262,0.2124,0.1112,0.6381,1.0,1.5734,0.001449,0.005405,0.7775,0.5184,-0.0143,-0.0265,3.0029,507.0,0.0,0.0,2.9318,6.5952,507.0,0.0055,0,0,1,0.0,0.0,0.0,517.0,507.0,0.8927,0.9612,0.9595,0.8872,-0.8927,-0.9612,-0.8514,-0.9801,0.0,0.8773,0.9214,0.7436,0.0,60.0,0.0,0.0,60.0,60.0,60.0,60.0,0.0,10.0,-8.0,0.0,66.1623,0.0101,0.071,0.0109,0.9801,1.004,,,,
243,2026-06-25T11:11:30+00:00,2026-06-25T11:16:30+00:00,5.0,-4.0,505.0,501.0,505.0,501.0,4.0,11,bajada,07:11,2026-06-25,,-0.1,0.25,0.1,0.8864,-0.8864,-0.0133,0.04,0.0,-0.1333,0.0178,0.0422,0.0005,0.0014,0.0044,0.0,0.0,0.0015,-0.0,0.0,0.0,-0.0001,0.0,0.0001,1,1,0.0,0.1,0.000498,0.002207,0.0,0.000856,0.132,300.265,60.053,75.066,27.297,1.0008,0.9992,2765035.0,0.0178,0.0,501.365,0.0422,0.0,0.4395,0.1947,0.2877,1.0,1.0,1.887,0.00303,0.009091,0.4,-0.01,-0.0375,-0.0833,2.3219,501.0,0.0,0.0,2.846,6.1,501.0,0.0023,0,0,1,0.0,0.0,0.0,505.0,501.0,0.8864,0.958,0.9581,0.8696,-0.8864,-0.958,-0.8472,-0.9878,0.0,0.8575,0.9038,0.7483,0.0,30.0,0.0,0.0,30.0,30.0,30.0,30.0,0.0,4.0,-8.0,-0.0,75.0662,0.0036,0.2877,0.025,0.9878,1.887,,,,
244,2026-06-25T13:41:00+00:00,2026-06-25T13:42:00+00:00,1.0,-494.0,494.0,0.0,494.0,0.0,494.0,3,bajada,09:41,2026-06-25,,-0.5,0.75,0.5,0.8944,-0.8944,-8.2333,8.2333,0.0,-16.4667,271.1511,11.6437,-0.5489,0.0,-0.5489,-0.5489,0.3013,0.5489,0.0,0.0,0.0,0.0,0.0,0.0,1,0,0.0,0.5,0.0,0.0,0.0,0.0,0.0,524.91,524.91,1.063,174.97,1.0548,0.948,488072.0,271.1511,0.3013,403.349,11.6437,0.000556,0.9183,0.0,0.0,1.0,1.0,1.585,0.0,0.0,0.0,0.0,0.0,0.0,0.0,494.0,0.0,247.0,-0.7071,-1.5,494.0,0.7071,0,0,0,0.0,0.0,0.0,0.0,0.0,0.8944,0.7742,0.8165,0.8944,-0.8944,-0.7742,-0.8944,-0.7071,0.0,0.0,0.0,1.0,0.0,60.0,0.0,0.0,60.0,60.0,60.0,60.0,0.0,494.0,-0.0,-988.0,1.0626,271.1511,0.0,0.375,1.0,1.585,,,,
245,2026-06-25T13:42:00+00:00,2026-06-25T13:52:30+00:00,10.5,495.0,0.0,495.0,495.0,0.0,495.0,22,subida,09:42,2026-06-25,,0.0476,0.1304,0.0476,-0.876,0.876,0.7857,3.5138,16.5,0.0,272.25,3.6006,-0.0275,0.1199,0.0,-0.55,0.3025,0.123,0.001,0.0041,0.0183,0.0,0.0003,0.0042,1,1,0.0476,0.0,0.006275,0.1375,0.0,0.028636,4.1403,1095.908,104.372,2.214,49.814,1.3678,0.7311,5145525.0,272.25,0.3025,483.619,3.6006,5.3e-05,0.2668,-0.0,0.1112,1.0823,1.0,1.6216,0.001515,0.009091,0.4545,-0.0023,-0.0075,-0.014,3.4594,495.0,0.0,0.0,-4.3644,17.0476,495.0,0.2182,0,0,1,0.0,0.0,0.0,495.0,0.0,-0.876,-0.9474,-0.9512,-0.8693,0.876,0.9474,0.8335,0.9643,0.0,-0.865,-0.9108,-0.7192,30.0,0.0,0.0,0.0,30.0,30.0,30.0,30.0,0.0,0.0,297.0,0.0,2.214,25.9286,0.1204,0.0062,0.9643,1.7551,,,,
246,2026-06-25T16:25:30+00:00,2026-06-25T16:30:30+00:00,5.0,-4.0,492.0,488.0,492.0,488.0,4.0,11,bajada,12:25,2026-06-25,,-0.1,0.25,0.1,0.8864,-0.8864,-0.0133,0.04,0.0,-0.1333,0.0178,0.0422,0.0005,0.0014,0.0044,0.0,0.0,0.0015,-0.0,0.0,0.0,-0.0001,0.0,0.0001,1,1,0.0,0.1,0.000498,0.002207,0.0,0.000856,0.132,300.265,60.053,75.066,27.297,1.0008,0.9992,2623504.0,0.0178,0.0,488.365,0.0422,0.0,0.4395,0.1947,0.2877,1.0,1.0,1.887,0.00303,0.009091,0.4,-0.01,-0.0375,-0.0833,2.3219,488.0,0.0,0.0,2.846,6.1,488.0,0.0024,0,0,1,0.0,0.0,0.0,492.0,488.0,0.8864,0.958,0.9581,0.8696,-0.8864,-0.958,-0.8472,-0.9878,0.0,0.8575,0.9038,0.7483,0.0,30.0,0.0,0.0,30.0,30.0,30.0,30.0,0.0,4.0,-8.0,-0.0,75.0662,0.0036,0.2877,0.025,0.9878,1.887,,,,
247,2026-06-25T17:06:00+00:00,2026-06-25T17:18:00+00:00,12.0,-9.0,493.0,484.0,493.0,484.0,9.0,25,bajada,13:06,2026-06-25,,-0.125,0.56,0.1667,0.9395,-0.9395,-0.0125,0.0331,0.0,-0.1,0.03,0.0354,0.0,0.0014,0.0033,-0.0033,0.0,0.0014,0.0,0.0001,0.0002,-0.0001,0.0,0.0001,4,7,0.0,0.125,0.000266,0.00166,0.0,0.00051,0.1994,720.449,60.037,80.05,28.818,1.0005,0.9995,5897362.0,0.03,0.0,485.69,0.0354,0.0,1.2611,0.4202,0.1501,0.1129,1.0,1.486,0.001333,0.003069,0.9503,0.8572,0.4456,0.1583,2.1814,484.0,0.0,3.0,1.6316,1.1104,485.143,0.0063,0,0,1,0.0,0.0,0.0,493.0,484.0,0.9395,0.9881,0.9798,0.9325,-0.9395,-0.9881,-0.9099,-0.996,0.0,0.8938,0.9229,0.7974,0.0,210.0,90.0,90.0,120.0,210.0,210.0,210.0,0.0,9.0,-3.0,-0.0,80.0499,0.0025,0.0169,0.07,0.996,0.1678,,,,
248,2026-06-25T18:26:00+00:00,2026-06-25T18:38:30+00:00,12.5,-24.0,484.0,460.0,484.0,460.0,24.0,26,bajada,14:26,2026-06-25,,-0.24,0.5567,0.16,0.9379,-0.9379,-0.032,0.065,0.0,-0.2333,0.1311,0.0724,0.0,0.0022,0.0044,-0.0067,0.0001,0.0022,0.0,0.0001,0.0004,-0.0002,0.0,0.0001,4,7,0.0,0.24,0.000591,0.003333,0.0,0.000936,0.4106,751.948,60.156,31.331,28.921,1.0021,0.9979,5601957.0,0.1311,0.0001,464.177,0.0724,0.0,1.299,0.5487,0.1738,0.152,1.0,1.4463,0.001282,0.003115,0.9227,0.8532,0.4689,0.1021,2.306,460.0,0.0,2.0,1.7449,1.5111,462.682,0.0162,0,0,1,0.0,0.0,0.0,484.0,460.0,0.9379,0.9896,0.9827,0.9271,-0.9379,-0.9896,-0.9063,-0.9985,0.0,0.896,0.9277,0.8011,0.0,300.0,60.0,120.0,150.0,180.0,180.0,300.0,0.0,24.0,-6.4,-0.0,31.3312,0.0105,0.0264,0.1336,0.9985,0.2198,,,,
249,2026-06-25T23:23:00+00:00,2026-06-25T23:34:00+00:00,11.0,-30.0,462.0,432.0,462.0,432.0,30.0,23,bajada,19:23,2026-06-25,,-0.0455,0.2386,0.0909,0.8927,-0.8927,-0.0455,0.2083,0.0,-1.0,1.0,0.2132,0.0,0.0103,0.0333,-0.0333,0.0022,0.0103,0.0001,0.0006,0.0022,-0.0011,0.0,0.0006,2,2,0.0,0.0455,0.001605,0.016667,0.0,0.003951,0.8578,672.426,61.13,22.414,29.236,1.0178,0.9825,4345992.0,1.0,0.0022,434.691,0.2132,0.0,0.4262,0.2124,0.1112,0.6381,1.0,1.5734,0.001449,0.005405,0.7775,0.5184,-0.0143,-0.0265,3.0029,432.0,0.0,0.0,2.9318,6.5952,432.0,0.0195,0,0,1,0.0,0.0,0.0,462.0,432.0,0.8927,0.9612,0.9595,0.8872,-0.8927,-0.9612,-0.8514,-0.9801,0.0,0.8773,0.9214,0.7436,0.0,60.0,0.0,0.0,60.0,60.0,60.0,60.0,0.0,30.0,-24.0,0.0,22.4142,0.0909,0.071,0.0109,0.9801,1.004,,,,
250,2026-06-26T03:06:00+00:00,2026-06-26T03:17:00+00:00,11.0,-50.0,422.0,372.0,422.0,372.0,50.0,23,bajada,23:06,2026-06-25,,-0.0909,0.2645,0.1818,0.8966,-0.8966,-0.0758,0.326,0.0,-1.5667,2.4644,0.3347,0.0,0.0161,0.0522,-0.0522,0.0055,0.0161,0.0001,0.0009,0.0035,-0.0019,0.0,0.0009,4,4,0.0,0.0909,0.002273,0.026111,0.0,0.005856,1.1768,685.908,62.355,13.718,29.822,1.0363,0.965,3266714.0,2.4644,0.0055,376.87,0.3347,1e-06,0.4262,0.3454,0.1252,0.5919,1.0,1.5734,0.001449,0.005216,0.7918,0.5493,0.0184,-0.03,2.9735,372.0,0.0,0.0,2.9133,6.5278,372.316,0.0373,0,0,1,0.0,0.0,0.0,422.0,372.0,0.8966,0.9644,0.9623,0.891,-0.8966,-0.9644,-0.8557,-0.9831,0.0,0.88,0.9234,0.7478,0.0,120.0,0.0,60.0,60.0,60.0,60.0,120.0,0.0,50.0,-37.6,0.0,13.7182,0.224,0.0741,0.024,0.9831,0.9313,,,,
251,2026-06-26T13:18:30+00:00,2026-06-26T13:29:00+00:00,10.5,-7.0,370.0,363.0,370.0,363.0,7.0,22,bajada,09:18,2026-06-26,,-0.0952,0.3948,0.1429,0.9112,-0.9112,-0.0111,0.0346,0.0,-0.1333,0.0278,0.0364,0.0002,0.0014,0.0044,-0.0033,0.0,0.0014,-0.0,0.0001,0.0002,-0.0001,0.0,0.0001,3,4,0.0,0.0952,0.000325,0.002207,0.0,0.000653,0.1818,630.415,60.04,90.059,28.655,1.0006,0.9994,2910610.0,0.0278,0.0,363.731,0.0364,0.0,0.8315,0.2892,0.1418,0.4726,1.0,1.6216,0.001515,0.005584,0.7172,0.5196,0.31,-0.0532,2.8724,363.0,0.0,0.0,2.4989,5.6736,363.333,0.0047,0,0,1,0.0,0.0,0.0,370.0,363.0,0.9112,0.9755,0.9737,0.9055,-0.9112,-0.9755,-0.8728,-0.9908,0.0,0.8887,0.9282,0.7565,0.0,120.0,0.0,30.0,30.0,120.0,120.0,120.0,0.0,7.0,-2.4,-0.0,90.0593,0.0026,0.067,0.0376,0.9908,0.7664,,,,
252,2026-06-26T15:19:00+00:00,2026-06-26T15:33:30+00:00,14.5,4.0,358.0,362.0,365.0,358.0,7.0,30,subida,11:19,2026-06-26,,0.0,0.0169,0.1379,-0.788,0.788,0.0046,0.0469,0.2333,-0.1,0.0644,0.0471,0.0,0.0023,0.0078,-0.0078,0.0001,0.0023,-0.0,0.0001,0.0003,-0.0005,0.0,0.0001,4,5,0.0345,0.0345,0.000432,0.003889,0.0,0.000882,0.3308,870.955,60.066,217.739,29.032,1.0011,0.9989,3969180.0,0.0644,0.0001,363.739,0.0471,0.0,1.1589,0.1712,0.132,0.3659,0.9051,1.9628,0.001111,0.003416,0.8926,0.636,0.1932,0.0746,2.5201,365.0,0.0,3.0,-1.5387,1.6151,364.125,0.0055,1,0,2,3.0,9.857,0.069,365.0,358.0,-0.788,-0.8968,-0.8904,-0.7835,0.788,0.8968,0.7371,0.9306,0.0,-0.9195,-0.9522,-0.5791,60.0,0.0,0.0,0.0,660.0,660.0,660.0,660.0,3.0,0.0,3.2,0.0,217.7388,0.0044,0.0483,0.0,0.9522,0.7182,,,,
253,2026-06-27T03:19:00+00:00,2026-06-27T03:30:00+00:00,11.0,-12.0,348.0,336.0,348.0,336.0,12.0,23,bajada,23:19,2026-06-26,,-0.0909,0.3037,0.0909,0.9023,-0.9023,-0.0182,0.0609,0.0,-0.2667,0.0889,0.0636,0.0,0.0024,0.0044,-0.0089,0.0001,0.0024,0.0,0.0001,0.0004,-0.0001,0.0,0.0001,2,2,0.0,0.0909,0.000572,0.004444,0.0,0.001252,0.3282,661.314,60.119,55.109,28.753,1.0018,0.9982,2615728.0,0.0889,0.0001,337.235,0.0636,0.0,0.6784,0.3165,0.1178,0.5198,1.0,1.5734,0.001449,0.00455,0.8734,0.6625,-0.0189,-0.0351,2.7718,336.0,0.0,0.0,2.6959,5.5678,336.211,0.0102,0,0,1,0.0,0.0,0.0,348.0,336.0,0.9023,0.9691,0.9659,0.8992,-0.9023,-0.9691,-0.862,-0.9877,0.0,0.8842,0.9267,0.7537,0.0,90.0,0.0,60.0,60.0,90.0,90.0,90.0,0.0,12.0,-8.8,-0.0,55.1095,0.0081,0.0612,0.0276,0.9877,0.8179,,,,
254,2026-07-23T03:34:00+00:00,2026-07-23T03:40:00+00:00,6.0,-5.0,601.0,596.0,601.0,596.0,5.0,13,bajada,23:34,2026-07-22,,-0.0833,0.3929,0.1667,0.9106,-0.9106,-0.0139,0.0461,0.0,-0.1667,0.0278,0.0481,0.0,0.0024,0.0056,-0.0056,0.0001,0.0024,0.0,0.0001,0.0004,-0.0002,0.0,0.0001,2,2,0.0,0.0833,0.000532,0.002778,0.0,0.000866,0.1658,360.414,60.069,72.083,27.724,1.0011,0.9989,4629778.0,0.0278,0.0001,596.772,0.0481,0.0,0.6194,0.335,0.2513,0.6643,1.0,1.7079,0.002564,0.005779,0.8316,0.5265,-0.0545,-0.1136,2.1195,596.0,0.0,0.0,1.9188,1.6818,596.455,0.003,0,0,1,0.0,0.0,0.0,601.0,596.0,0.9106,0.9718,0.9644,0.9113,-0.9106,-0.9718,-0.8761,-0.9899,0.0,0.8734,0.9104,0.76,0.0,60.0,0.0,0.0,60.0,60.0,60.0,60.0,0.0,5.0,-0.0,-0.0,72.0828,0.0046,0.1669,0.0327,0.9899,1.1346,,,,
255,2026-07-23T03:47:30+00:00,2026-07-23T03:58:00+00:00,10.5,-6.0,596.0,590.0,596.0,590.0,6.0,22,bajada,23:47,2026-07-22,,-0.0952,0.2047,0.0476,0.8866,-0.8866,-0.0095,0.0311,0.0,-0.1333,0.0222,0.0325,0.0002,0.0007,0.0022,0.0,0.0,0.0007,-0.0,0.0,0.0,-0.0001,0.0,0.0,1,1,0.0,0.0952,0.000225,0.001664,0.0,0.000515,0.1321,630.332,60.032,105.055,28.651,1.0005,0.9995,7667680.0,0.0222,0.0,590.365,0.0325,0.0,0.5304,0.2201,0.1178,0.9087,1.0,1.6216,0.001515,0.006977,0.6546,0.3147,-0.0124,-0.0231,3.3117,590.0,0.0,0.0,3.789,13.2595,590.0,0.0022,0,0,1,0.0,0.0,0.0,596.0,590.0,0.8866,0.9573,0.9592,0.881,-0.8866,-0.9573,-0.8443,-0.9743,0.0,0.8741,0.9191,0.7289,0.0,60.0,0.0,30.0,30.0,60.0,60.0,60.0,0.0,6.0,-4.0,0.0,105.0553,0.0021,0.107,0.0195,0.9743,1.4735,,,,
256,2026-07-23T04:52:30+00:00,2026-07-23T05:19:30+00:00,27.0,-586.0,586.0,0.0,586.0,0.0,586.0,55,bajada,00:52,2026-07-23,,-0.5185,0.8732,0.1852,0.9599,-0.9599,-0.3617,0.6295,0.0,-2.6667,28.4644,0.726,-0.0,0.0094,0.0533,-0.0222,0.0047,0.0094,0.0,0.0003,0.0014,-0.0013,0.0,0.0003,10,23,0.0,0.5185,0.001254,0.019497,0.0,0.002836,2.0435,1898.812,70.326,3.24,34.524,1.1022,0.9073,8378985.0,28.4644,0.0047,390.314,0.726,3e-06,2.2078,0.656,0.0979,0.0018,1.0,1.5767,0.000606,0.001045,0.9848,0.9914,0.954,0.8926,1.0614,364.0,219.0,562.0,-0.0885,-1.843,291.556,0.8894,0,0,1,0.0,0.0,0.0,586.0,0.0,0.9599,0.9012,0.9071,0.9529,-0.9599,-0.9012,-0.9819,-0.8434,0.0,0.6325,0.6741,0.9683,0.0,1020.0,750.0,840.0,930.0,390.0,390.0,1020.0,0.0,586.0,-2.673,0.0,3.2403,1.0542,0.0002,0.4528,0.9819,0.0028,,,,
257,2026-07-23T05:27:30+00:00,2026-07-23T05:28:30+00:00,1.0,1000.0,0.0,1000.0,1000.0,0.0,1000.0,3,subida,01:27,2026-07-23,,0.5,0.75,0.5,-0.8944,0.8944,16.6667,16.6667,33.3333,0.0,1111.1111,23.5702,1.1111,0.0,1.1111,1.1111,1.2346,1.1111,0.0,0.0,0.0,0.0,0.0,0.0,1,0,0.5,0.0,0.0,0.0,0.0,0.0,0.0,1030.45,1030.45,1.03,343.483,1.0286,0.9722,1000000.0,1111.1111,1.2346,577.35,23.5702,0.001111,0.9183,0.0,0.0,1.0,1.0,1.585,0.0,0.0,0.0,0.0,0.0,0.0,0.0,0.0,0.0,500.0,0.7071,-1.5,0.0,1.4142,0,0,0,0.0,0.0,0.0,0.0,0.0,-0.8944,-0.7742,-0.8165,-0.8944,0.8944,0.7742,0.8944,0.7071,0.0,0.0,0.0,-1.0,60.0,0.0,0.0,0.0,60.0,60.0,60.0,60.0,0.0,0.0,0.0,2000.0,1.0305,1111.1111,0.0,0.375,1.0,1.585,,,,
258,2026-07-23T05:28:30+00:00,2026-07-23T05:38:30+00:00,10.0,-1000.0,1000.0,0.0,1000.0,0.0,1000.0,21,bajada,01:28,2026-07-23,,-0.1,0.4972,0.25,0.8982,-0.8982,-1.6667,12.2078,33.3333,-33.3333,3036.18,12.3211,0.0,0.5987,1.2878,-1.1111,6.8095,0.5987,0.0,0.0337,0.0741,-0.08,0.0205,0.0337,5,7,0.05,0.15,0.050834,0.277778,0.0,0.10506,32.0254,3484.24,348.424,3.484,165.916,2.9877,0.3347,8025281.0,3036.18,6.8095,618.188,12.3211,0.000378,1.2009,0.5173,0.4055,0.4825,0.7348,1.4641,0.001587,0.004225,0.8956,0.6978,0.2068,0.1248,2.2459,0.0,0.0,1000.0,0.4768,-1.7576,362.294,1.2376,1,1,2,1000.0,2.5,0.1,1000.0,0.0,0.8982,0.8806,0.8869,0.8998,-0.8982,-0.8806,-0.9026,-0.834,0.0,0.6668,0.706,0.8626,0.0,120.0,0.0,90.0,90.0,90.0,90.0,300.0,0.0,1000.0,-504.6,0.0,3.4842,303.618,0.1957,0.0497,0.9026,0.7064,,,,
259,2026-08-10T12:33:30+00:00,2026-08-10T12:45:00+00:00,11.5,876.0,0.0,876.0,876.0,0.0,876.0,24,subida,08:33,2026-08-10,,0.2174,0.1476,0.1304,-0.8792,0.8792,1.2696,5.3924,26.4667,0.0,705.86,5.5398,-0.0401,0.1676,0.0022,-0.8056,0.6536,0.1724,0.0013,0.0052,0.0246,-0.0001,0.0006,0.0054,3,4,0.2174,0.0,0.003366,0.054957,0.0,0.011442,2.423,1501.071,130.528,1.714,62.545,1.3461,0.7429,17460366.0,705.86,0.6536,852.945,5.5398,4e-05,0.2499,-0.0,0.1054,0.9488,1.0,1.9104,0.001389,0.008414,0.474,0.0949,-0.0019,-0.0119,3.5729,876.0,0.0,2.0,-4.5256,18.6616,874.5,0.2094,0,0,2,0.0,0.0,0.0,876.0,0.0,-0.8792,-0.9501,-0.9537,-0.8755,0.8792,0.9501,0.8366,0.964,0.0,-0.8684,-0.9141,-0.7144,300.0,0.0,0.0,30.0,30.0,30.0,30.0,60.0,0.0,0.0,536.4,-0.0,1.7136,61.3791,0.1,0.0321,0.964,1.8126,,,,
260,2026-08-10T12:50:00+00:00,2026-08-10T12:51:00+00:00,1.0,5.0,876.0,881.0,881.0,876.0,5.0,3,subida,08:50,2026-08-10,,0.5,0.75,0.5,-0.8944,0.8944,0.0833,0.0833,0.1667,0.0,0.0278,0.1179,0.0056,0.0,0.0056,0.0056,0.0,0.0056,0.0,0.0,0.0,0.0,0.0,0.0,1,0,0.5,0.0,0.0,0.0,0.0,0.0,0.0,60.414,60.414,12.083,20.138,1.0034,0.9966,2310913.0,0.0278,0.0,877.67,0.1179,0.0,0.9183,0.0,0.0,1.0,1.0,1.585,0.0,0.0,0.0,0.0,0.0,0.0,0.0,876.0,0.0,2.5,0.7071,-1.5,876.0,0.0027,0,0,0,0.0,0.0,0.0,0.0,0.0,-0.8944,-0.7742,-0.8165,-0.8944,0.8944,0.7742,0.8944,0.7071,0.0,0.0,0.0,-1.0,60.0,0.0,0.0,0.0,60.0,60.0,60.0,60.0,0.0,0.0,-0.0,10.0,12.0828,0.0278,0.0,0.375,1.0,1.585,,,,
261,2026-08-10T12:51:00+00:00,2026-08-10T13:01:30+00:00,10.5,-8.0,881.0,873.0,881.0,873.0,8.0,22,bajada,08:51,2026-08-10,,-0.0952,0.4892,0.1429,0.9193,-0.9193,-0.0127,0.0442,0.0,-0.2,0.0444,0.046,0.0003,0.0016,0.0067,-0.0022,0.0001,0.0016,-0.0,0.0001,0.0001,-0.0002,0.0,0.0001,3,4,0.0,0.0952,0.000469,0.003284,0.0,0.00095,0.2623,630.661,60.063,78.833,28.666,1.001,0.999,16833310.0,0.0444,0.0001,874.729,0.046,0.0,1.0907,0.2892,0.1803,0.6001,1.0,2.027,0.00303,0.007924,0.5394,0.3087,0.2012,0.0684,3.346,875.0,0.0,1.5,2.2743,7.3446,874.556,0.0019,0,0,2,0.0,0.0,0.0,881.0,873.0,0.9193,0.9642,0.972,0.9114,-0.9193,-0.9642,-0.883,-0.9665,0.0,0.818,0.8702,0.793,0.0,480.0,0.0,30.0,30.0,480.0,480.0,480.0,0.0,8.0,-3.6,-0.0,78.8326,0.0042,0.1082,0.0466,0.972,1.2164,,,,
262,2026-08-11T02:26:30+00:00,2026-08-11T02:37:30+00:00,11.0,-12.0,849.0,837.0,849.0,837.0,12.0,23,bajada,22:26,2026-08-10,,-0.0909,0.3037,0.0909,0.9023,-0.9023,-0.0182,0.0609,0.0,-0.2667,0.0889,0.0636,0.0,0.0024,0.0044,-0.0089,0.0001,0.0024,0.0,0.0001,0.0004,-0.0001,0.0,0.0001,2,2,0.0,0.0909,0.000572,0.004444,0.0,0.001252,0.3282,661.314,60.119,55.109,28.753,1.0018,0.9982,16160263.0,0.0889,0.0001,838.224,0.0636,0.0,0.6784,0.3165,0.1178,0.5198,1.0,1.5734,0.001449,0.00455,0.8734,0.6625,-0.0189,-0.0351,2.7718,837.0,0.0,0.0,2.6959,5.5678,837.211,0.0041,0,0,1,0.0,0.0,0.0,849.0,837.0,0.9023,0.9691,0.9659,0.8992,-0.9023,-0.9691,-0.862,-0.9877,0.0,0.8842,0.9267,0.7537,0.0,90.0,0.0,60.0,60.0,90.0,90.0,90.0,0.0,12.0,-8.8,0.0,55.1095,0.0081,0.0612,0.0276,0.9877,0.8179,,,,
263,2026-08-11T03:12:30+00:00,2026-08-11T03:18:30+00:00,6.0,-5.0,837.0,832.0,837.0,832.0,5.0,13,bajada,23:12,2026-08-10,,-0.0833,0.3929,0.1667,0.9106,-0.9106,-0.0139,0.0461,0.0,-0.1667,0.0278,0.0481,0.0,0.0024,0.0056,-0.0056,0.0001,0.0024,0.0,0.0001,0.0004,-0.0002,0.0,0.0001,2,2,0.0,0.0833,0.000532,0.002778,0.0,0.000866,0.1658,360.414,60.069,72.083,27.724,1.0011,0.9989,9015602.0,0.0278,0.0001,832.771,0.0481,0.0,0.6194,0.335,0.2513,0.6643,1.0,1.7079,0.002564,0.005779,0.8316,0.5265,-0.0545,-0.1136,2.1195,832.0,0.0,0.0,1.9188,1.6818,832.455,0.0022,0,0,1,0.0,0.0,0.0,837.0,832.0,0.9106,0.9718,0.9644,0.9113,-0.9106,-0.9718,-0.8761,-0.9899,0.0,0.8734,0.9104,0.76,0.0,60.0,0.0,0.0,60.0,60.0,60.0,60.0,0.0,5.0,-0.0,-0.0,72.0828,0.0046,0.1669,0.0327,0.9899,1.1346,,,,
264,2026-08-11T05:23:30+00:00,2026-08-11T05:36:30+00:00,13.0,-21.0,832.0,811.0,832.0,811.0,21.0,27,bajada,01:23,2026-08-11,,-0.1923,0.4732,0.1154,0.9244,-0.9244,-0.0269,0.057,0.0,-0.2,0.1033,0.063,0.0002,0.0021,0.0067,-0.0067,0.0001,0.0021,-0.0,0.0001,0.0004,-0.0004,0.0,0.0001,3,6,0.0,0.1923,0.000234,0.001667,0.0,0.00046,0.181,781.54,60.118,37.216,28.946,1.0016,0.9984,17879593.0,0.1033,0.0001,813.761,0.063,0.0,1.2646,0.443,0.1112,0.2669,1.0,1.4089,0.001235,0.003533,0.8948,0.7868,0.3936,0.0987,2.5662,811.0,0.0,0.0,2.0242,2.8206,812.565,0.0071,0,0,1,0.0,0.0,0.0,832.0,811.0,0.9244,0.9842,0.9796,0.9148,-0.9244,-0.9842,-0.8879,-0.9966,0.0,0.8969,0.9341,0.7644,0.0,180.0,30.0,90.0,120.0,150.0,150.0,180.0,0.0,21.0,-7.4,-0.0,37.2162,0.0079,0.0297,0.091,0.9966,0.376,,,,
265,2026-08-11T06:21:30+00:00,2026-08-11T06:32:30+00:00,11.0,-9.0,811.0,802.0,811.0,802.0,9.0,23,bajada,02:21,2026-08-11,,-0.0909,0.233,0.0455,0.8915,-0.8915,-0.0136,0.0457,0.0,-0.2,0.05,0.0477,0.0002,0.0016,0.0067,-0.0033,0.0001,0.0016,0.0,0.0001,0.0003,-0.0002,0.0,0.0001,1,2,0.0,0.0909,0.000251,0.002463,0.0,0.000662,0.1485,660.744,60.068,73.416,28.728,1.001,0.999,14817869.0,0.05,0.0001,802.655,0.0477,0.0,0.5132,0.2124,0.1112,0.7448,1.0,1.5734,0.001449,0.005669,0.7515,0.4842,-0.0137,-0.0253,3.0938,802.0,0.0,0.0,3.1485,8.3601,802.0,0.0027,0,0,1,0.0,0.0,0.0,811.0,802.0,0.8915,0.9613,0.9615,0.8849,-0.8915,-0.9613,-0.8495,-0.9804,0.0,0.8774,0.9226,0.7417,0.0,60.0,30.0,30.0,60.0,60.0,60.0,60.0,0.0,9.0,-6.6,0.0,73.416,0.0045,0.0828,0.0212,0.9804,1.1719,,,,
266,2026-08-11T07:32:00+00:00,2026-08-11T07:33:00+00:00,1.0,-343.0,802.0,459.0,802.0,459.0,343.0,3,bajada,03:32,2026-08-11,,-0.5,0.75,0.5,0.8944,-0.8944,-5.7167,5.7167,0.0,-11.4333,130.7211,8.0846,-0.3811,0.0,-0.3811,-0.3811,0.1452,0.3811,0.0,0.0,0.0,0.0,0.0,0.0,1,0,0.0,0.5,0.0,0.0,0.0,0.0,0.0,374.309,374.309,1.091,124.77,1.075,0.9303,1497089.0,130.7211,0.1452,706.42,8.0846,8.7e-05,0.9183,0.0,0.0,1.0,1.0,1.585,0.0,0.0,0.0,0.0,0.0,0.0,0.0,802.0,0.0,171.5,-0.7071,-1.5,802.0,0.2351,0,0,0,0.0,0.0,0.0,0.0,0.0,0.8944,0.7742,0.8165,0.8944,-0.8944,-0.7742,-0.8944,-0.7071,0.0,0.0,0.0,1.0,0.0,60.0,0.0,0.0,60.0,60.0,60.0,60.0,0.0,343.0,-0.0,-686.0,1.0913,130.7211,0.0,0.375,1.0,1.585,,,,
267,2026-08-11T07:33:00+00:00,2026-08-11T07:43:30+00:00,10.5,342.0,459.0,801.0,801.0,459.0,342.0,22,subida,03:33,2026-08-11,,0.0476,0.1304,0.0476,-0.876,0.876,0.5429,2.4277,11.4,0.0,129.96,2.4877,-0.019,0.0828,0.0,-0.38,0.1444,0.085,0.0007,0.0028,0.0127,0.0,0.0002,0.0029,1,1,0.0476,0.0,0.004369,0.095,0.0,0.019778,2.8813,943.313,89.839,2.758,42.878,1.3159,0.7599,13684302.0,129.96,0.1444,788.678,2.4877,9e-06,0.2668,-0.0,0.1112,1.0823,1.0,1.6216,0.001515,0.009091,0.4545,-0.0023,-0.0075,-0.014,3.4594,801.0,0.0,0.0,-4.3644,17.0476,801.0,0.0907,0,0,1,0.0,0.0,0.0,801.0,459.0,-0.876,-0.9474,-0.9512,-0.8693,0.876,0.9474,0.8335,0.9643,0.0,-0.865,-0.9108,-0.7192,30.0,0.0,0.0,0.0,30.0,30.0,30.0,30.0,0.0,0.0,205.2,-0.0,2.7582,12.3771,0.1204,0.0062,0.9643,1.7551,,,,
268,2026-08-11T11:09:00+00:00,2026-08-11T11:20:00+00:00,11.0,-7.0,801.0,794.0,801.0,794.0,7.0,23,bajada,07:09,2026-08-11,,-0.0909,0.3522,0.1818,0.9091,-0.9091,-0.0106,0.0368,0.0,-0.1667,0.0322,0.0383,0.0,0.0018,0.0056,-0.0056,0.0001,0.0018,0.0,0.0001,0.0004,-0.0003,0.0,0.0001,4,4,0.0,0.0909,0.000301,0.002778,0.0,0.000643,0.1659,660.48,60.044,94.354,28.717,1.0007,0.9993,14528718.0,0.0322,0.0001,794.785,0.0383,0.0,0.8405,0.3454,0.1252,0.4399,1.0,1.5734,0.001449,0.004535,0.8435,0.6572,0.1326,-0.0426,2.7877,794.0,0.0,0.0,2.5862,5.1678,794.211,0.0025,0,0,1,0.0,0.0,0.0,801.0,794.0,0.9091,0.9739,0.9701,0.903,-0.9091,-0.9739,-0.8699,-0.9915,0.0,0.8878,0.9287,0.7616,0.0,120.0,0.0,60.0,60.0,120.0,120.0,120.0,0.0,7.0,-4.0,0.0,94.3543,0.0029,0.0551,0.032,0.9915,0.6921,,,,
269,2026-08-11T13:07:00+00:00,2026-08-11T13:08:00+00:00,1.0,-314.0,794.0,480.0,794.0,480.0,314.0,3,bajada,09:07,2026-08-11,,-0.5,0.75,0.5,0.8944,-0.8944,-5.2333,5.2333,0.0,-10.4667,109.5511,7.4011,-0.3489,0.0,-0.3489,-0.3489,0.1217,0.3489,0.0,0.0,0.0,0.0,0.0,0.0,1,0,0.0,0.5,0.0,0.0,0.0,0.0,0.0,345.43,345.43,1.1,115.143,1.0805,0.9255,1491272.0,109.5511,0.1217,705.047,7.4011,7.3e-05,0.9183,0.0,0.0,1.0,1.0,1.585,0.0,0.0,0.0,0.0,0.0,0.0,0.0,794.0,0.0,157.0,-0.7071,-1.5,794.0,0.2147,0,0,0,0.0,0.0,0.0,0.0,0.0,0.8944,0.7742,0.8165,0.8944,-0.8944,-0.7742,-0.8944,-0.7071,0.0,0.0,0.0,1.0,0.0,60.0,0.0,0.0,60.0,60.0,60.0,60.0,0.0,314.0,-0.0,-628.0,1.1001,109.5511,0.0,0.375,1.0,1.585,,,,
270,2026-08-11T13:08:00+00:00,2026-08-11T13:18:30+00:00,10.5,315.0,480.0,795.0,795.0,480.0,315.0,22,subida,09:08,2026-08-11,,0.0476,0.1304,0.0476,-0.876,0.876,0.5,2.2361,10.5,0.0,110.25,2.2913,-0.0175,0.0763,0.0,-0.35,0.1225,0.0783,0.0006,0.0026,0.0117,0.0,0.0001,0.0027,1,1,0.0476,0.0,0.004036,0.0875,0.0,0.018215,2.6616,916.425,87.279,2.909,41.656,1.3011,0.7686,13502925.0,110.25,0.1225,783.434,2.2913,8e-06,0.2668,-0.0,0.1112,1.0823,1.0,1.6216,0.001515,0.009091,0.4545,-0.0023,-0.0075,-0.014,3.4594,795.0,0.0,0.0,-4.3644,17.0476,795.0,0.084,0,0,1,0.0,0.0,0.0,795.0,480.0,-0.876,-0.9474,-0.9512,-0.8693,0.876,0.9474,0.8335,0.9643,0.0,-0.865,-0.9108,-0.7192,30.0,0.0,0.0,0.0,30.0,30.0,30.0,30.0,0.0,0.0,189.0,-0.0,2.9093,10.5,0.1204,0.0062,0.9643,1.7551,,,,
271,2026-08-11T18:45:00+00:00,2026-08-11T18:52:00+00:00,7.0,-4.0,793.0,789.0,793.0,789.0,4.0,15,bajada,14:45,2026-08-11,,-0.0714,0.3482,0.1429,0.9054,-0.9054,-0.0095,0.0343,0.0,-0.1333,0.0178,0.0356,0.0,0.0017,0.0044,-0.0044,0.0,0.0017,0.0,0.0001,0.0003,-0.0001,0.0,0.0001,2,2,0.0,0.0714,0.000369,0.002222,0.0,0.000661,0.1329,420.265,60.038,105.066,28.018,1.0006,0.9994,9350471.0,0.0178,0.0,789.535,0.0356,0.0,0.5665,0.2991,0.2007,0.607,1.0,1.5628,0.002222,0.005661,0.7526,0.5247,-0.0385,-0.0769,2.3444,789.0,0.0,0.0,2.1573,2.6538,789.308,0.0017,0,0,1,0.0,0.0,0.0,793.0,789.0,0.9054,0.9694,0.9635,0.9078,-0.9054,-0.9694,-0.8684,-0.9859,0.0,0.8759,0.9156,0.7393,0.0,60.0,0.0,0.0,60.0,60.0,60.0,60.0,0.0,4.0,-4.0,-0.0,105.0662,0.0025,0.1218,0.0249,0.9859,0.9486,,,,
272,2026-08-11T23:20:00+00:00,2026-08-11T23:33:00+00:00,13.0,-28.0,789.0,761.0,789.0,761.0,28.0,27,bajada,19:20,2026-08-11,,-0.2308,0.5253,0.0769,0.9342,-0.9342,-0.0359,0.0673,0.0,-0.2,0.1511,0.0762,0.0,0.0018,0.0056,-0.0056,0.0001,0.0018,0.0,0.0001,0.0003,-0.0002,0.0,0.0001,2,6,0.0,0.2308,0.000477,0.002778,0.0,0.00082,0.3444,782.251,60.173,27.938,28.972,1.0022,0.9978,15827711.0,0.1511,0.0001,765.645,0.0762,0.0,1.4794,0.4554,0.1178,0.1403,1.0,1.4089,0.001235,0.002932,0.938,0.8679,0.4743,0.1137,2.2642,761.0,0.0,2.5,1.7542,1.5258,763.957,0.0116,0,0,1,0.0,0.0,0.0,789.0,761.0,0.9342,0.9879,0.9805,0.9261,-0.9342,-0.9879,-0.9014,-0.9988,0.0,0.8979,0.9303,0.7791,0.0,210.0,60.0,120.0,150.0,120.0,120.0,210.0,0.0,28.0,-7.8,-0.0,27.9375,0.0116,0.0165,0.1212,0.9988,0.1977,,,,
273,2026-08-12T00:52:30+00:00,2026-08-12T01:03:30+00:00,11.0,-7.0,759.0,752.0,759.0,752.0,7.0,23,bajada,20:52,2026-08-11,,-0.0909,0.2961,0.0909,0.9012,-0.9012,-0.0106,0.0368,0.0,-0.1667,0.0322,0.0383,0.0,0.0015,0.0033,-0.0056,0.0,0.0015,0.0,0.0001,0.0003,-0.0001,0.0,0.0001,2,2,0.0,0.0909,0.000349,0.002778,0.0,0.000762,0.1988,660.48,60.044,94.354,28.717,1.0007,0.9993,13030758.0,0.0322,0.0,752.698,0.0383,0.0,0.6784,0.3165,0.1178,0.5356,1.0,1.5734,0.001449,0.004641,0.8628,0.6472,-0.0184,-0.034,2.8016,752.0,0.0,0.0,2.7495,5.8211,752.105,0.0026,0,0,1,0.0,0.0,0.0,759.0,752.0,0.9012,0.9683,0.9653,0.8978,-0.9012,-0.9683,-0.8608,-0.9869,0.0,0.8835,0.9262,0.7525,0.0,90.0,0.0,60.0,60.0,90.0,90.0,90.0,0.0,7.0,-5.2,-0.0,94.3543,0.0029,0.0631,0.0269,0.9869,0.8427,,,,
274,2026-08-12T01:26:30+00:00,2026-08-12T01:37:00+00:00,10.5,-7.0,752.0,745.0,752.0,745.0,7.0,22,bajada,21:26,2026-08-11,,-0.0952,0.2451,0.0476,0.8931,-0.8931,-0.0111,0.0376,0.0,-0.1667,0.0322,0.0392,0.0001,0.0014,0.0056,-0.0033,0.0,0.0014,0.0,0.0001,0.0003,-0.0002,0.0,0.0001,1,2,0.0,0.0952,0.000238,0.001924,0.0,0.000572,0.1324,630.48,60.046,90.069,28.658,1.0007,0.9993,12228504.0,0.0322,0.0,745.548,0.0392,0.0,0.5304,0.2201,0.1178,0.7578,1.0,1.6216,0.001515,0.005643,0.7808,0.4966,-0.0153,-0.0285,3.0182,745.0,0.0,0.0,2.9975,7.3043,745.0,0.0023,0,0,1,0.0,0.0,0.0,752.0,745.0,0.8931,0.9626,0.9622,0.8889,-0.8931,-0.9626,-0.8515,-0.9797,0.0,0.8789,0.9228,0.7355,0.0,60.0,30.0,30.0,60.0,60.0,60.0,60.0,0.0,7.0,-5.2,0.0,90.0686,0.0031,0.0893,0.0233,0.9797,1.2288,,,,
275,2026-08-12T03:01:30+00:00,2026-08-12T03:20:30+00:00,19.0,-24.0,745.0,721.0,745.0,721.0,24.0,39,bajada,23:01,2026-08-11,,-0.1842,0.7788,0.1316,0.9621,-0.9621,-0.0211,0.048,0.0,-0.2,0.1044,0.0524,0.0001,0.0019,0.0067,-0.0067,0.0001,0.0019,0.0,0.0001,0.0004,-0.0003,0.0,0.0001,5,10,0.0,0.1842,0.000318,0.002207,0.0,0.00055,0.3639,1141.558,60.082,47.565,29.271,1.0011,0.9989,20591105.0,0.1044,0.0001,726.62,0.0524,0.0,1.8286,0.4537,0.1435,0.1411,1.0,1.7618,0.000855,0.002534,0.9328,0.8887,0.657,0.4725,2.3873,724.0,3.0,9.0,1.0511,0.3837,725.636,0.0092,0,0,2,0.0,0.0,0.0,745.0,721.0,0.9621,0.9932,0.993,0.9549,-0.9621,-0.9932,-0.94,-0.9837,0.0,0.8585,0.8974,0.8447,0.0,600.0,60.0,120.0,150.0,510.0,510.0,600.0,0.0,24.0,-5.5,0.0,47.5649,0.0055,0.0202,0.1435,0.9932,0.2486,,,,
276,2026-08-12T06:32:00+00:00,2026-08-12T06:44:30+00:00,12.5,-18.0,719.0,701.0,719.0,701.0,18.0,26,bajada,02:32,2026-08-12,,-0.24,0.5076,0.12,0.9298,-0.9298,-0.024,0.0437,0.0,-0.1333,0.0622,0.0499,0.0001,0.0012,0.0033,-0.0033,0.0,0.0012,0.0,0.0001,0.0002,-0.0002,0.0,0.0001,3,6,0.0,0.24,0.000222,0.001095,0.0,0.000358,0.1652,750.931,60.074,41.718,28.882,1.001,0.999,12872646.0,0.0622,0.0,703.635,0.0499,0.0,1.5193,0.4925,0.1252,0.2272,1.0,1.4463,0.001282,0.003461,0.9141,0.8194,0.3979,0.0914,2.4763,701.0,0.0,2.25,1.9342,2.3405,702.545,0.0074,0,0,1,0.0,0.0,0.0,719.0,701.0,0.9298,0.987,0.9814,0.917,-0.9298,-0.987,-0.8949,-0.9993,0.0,0.8981,0.9328,0.787,0.0,210.0,60.0,90.0,120.0,120.0,120.0,210.0,0.0,18.0,-6.2,-0.0,41.7184,0.005,0.0284,0.1218,0.9993,0.3286,,,,
277,2026-08-12T09:30:00+00:00,2026-08-12T09:41:00+00:00,11.0,-8.0,699.0,691.0,699.0,691.0,8.0,23,bajada,05:30,2026-08-12,,-0.0455,0.2386,0.0909,0.8927,-0.8927,-0.0121,0.0555,0.0,-0.2667,0.0711,0.0569,0.0,0.0027,0.0089,-0.0089,0.0002,0.0027,0.0,0.0001,0.0006,-0.0003,0.0,0.0001,2,2,0.0,0.0455,0.000478,0.004444,0.0,0.001119,0.2632,661.048,60.095,82.631,28.741,1.0015,0.9985,11004303.0,0.0711,0.0002,691.699,0.0569,0.0,0.4262,0.2124,0.1112,0.6381,1.0,1.5734,0.001449,0.005405,0.7775,0.5184,-0.0143,-0.0265,3.0029,691.0,0.0,0.0,2.9318,6.5952,691.0,0.0033,0,0,1,0.0,0.0,0.0,699.0,691.0,0.8927,0.9612,0.9595,0.8872,-0.8927,-0.9612,-0.8514,-0.9801,0.0,0.8773,0.9214,0.7436,0.0,60.0,0.0,0.0,60.0,60.0,60.0,60.0,0.0,8.0,-6.4,0.0,82.631,0.0065,0.071,0.0109,0.9801,1.004,,,,
278,2026-08-12T11:28:00+00:00,2026-08-12T11:39:00+00:00,11.0,-10.0,691.0,681.0,691.0,681.0,10.0,23,bajada,07:28,2026-08-12,,-0.1364,0.4901,0.2727,0.9278,-0.9278,-0.0152,0.0411,0.0,-0.1667,0.0422,0.0438,0.0,0.0021,0.0056,-0.0056,0.0001,0.0021,0.0,0.0001,0.0004,-0.0003,0.0,0.0001,6,6,0.0,0.1364,0.000301,0.002778,0.0,0.000622,0.1659,660.63,60.057,66.063,28.723,1.0008,0.9992,10713069.0,0.0422,0.0001,682.485,0.0438,0.0,1.2415,0.4444,0.1431,0.2887,1.0,1.5734,0.001449,0.00383,0.8785,0.7616,0.3329,0.0376,2.4794,681.0,0.0,1.0,2.0349,2.8286,681.737,0.0044,0,0,1,0.0,0.0,0.0,691.0,681.0,0.9278,0.9853,0.9795,0.9199,-0.9278,-0.9853,-0.8932,-0.998,0.0,0.8944,0.9298,0.7864,0.0,180.0,0.0,60.0,120.0,120.0,120.0,180.0,0.0,10.0,-4.0,0.0,66.063,0.0038,0.0413,0.0668,0.998,0.4542,,,,
279,2026-08-12T15:02:30+00:00,2026-08-12T15:16:00+00:00,13.5,-16.0,679.0,663.0,679.0,663.0,16.0,28,bajada,11:02,2026-08-12,,-0.1111,0.5668,0.1111,0.9411,-0.9411,-0.0198,0.059,0.0,-0.2333,0.1044,0.0622,0.0001,0.0021,0.0078,-0.0067,0.0001,0.0021,-0.0,0.0001,0.0003,-0.0003,0.0,0.0001,3,4,0.0,0.1111,0.000539,0.003558,0.0,0.001032,0.4284,811.55,60.115,50.722,28.984,1.0017,0.9983,12425770.0,0.1044,0.0001,666.166,0.0622,0.0,1.0985,0.3289,0.1263,0.0997,1.0,1.3735,0.00119,0.002786,0.9254,0.8772,0.5934,0.2603,2.0534,663.0,0.0,1.75,1.2955,-0.1812,665.458,0.0084,0,0,2,0.0,0.0,0.0,679.0,663.0,0.9411,0.9848,0.9768,0.9256,-0.9411,-0.9848,-0.9143,-0.9914,0.0,0.8911,0.9159,0.8032,0.0,210.0,30.0,180.0,180.0,180.0,180.0,210.0,0.0,16.0,-1.2,-0.0,50.7219,0.0077,0.0126,0.063,0.9914,0.1369,,,,
280,2026-08-12T16:22:30+00:00,2026-08-12T16:23:30+00:00,1.0,-663.0,663.0,0.0,663.0,0.0,663.0,3,bajada,12:22,2026-08-12,,-0.5,0.75,0.5,0.8944,-0.8944,-11.05,11.05,0.0,-22.1,488.41,15.6271,-0.7367,0.0,-0.7367,-0.7367,0.5427,0.7367,0.0,0.0,0.0,0.0,0.0,0.0,1,0,0.0,0.5,0.0,0.0,0.0,0.0,0.0,693.678,693.678,1.046,231.226,1.042,0.9597,879138.0,488.41,0.5427,541.337,15.6271,0.000556,0.9183,0.0,0.0,1.0,1.0,1.585,0.0,0.0,0.0,0.0,0.0,0.0,0.0,663.0,0.0,331.5,-0.7071,-1.5,663.0,0.7071,0,0,0,0.0,0.0,0.0,0.0,0.0,0.8944,0.7742,0.8165,0.8944,-0.8944,-0.7742,-0.8944,-0.7071,0.0,0.0,0.0,1.0,0.0,60.0,0.0,0.0,60.0,60.0,60.0,60.0,0.0,663.0,-0.0,-1326.0,1.0463,488.41,0.0,0.375,1.0,1.585,,,,
281,2026-08-12T16:23:30+00:00,2026-08-12T16:34:00+00:00,10.5,662.0,0.0,662.0,662.0,0.0,662.0,22,subida,12:23,2026-08-12,,0.0476,0.1304,0.0476,-0.876,0.876,1.0508,4.6993,22.0667,0.0,486.9378,4.8153,-0.0368,0.1603,0.0,-0.7356,0.541,0.1645,0.0013,0.0055,0.0245,0.0,0.0006,0.0056,1,1,0.0476,0.0,0.008372,0.183889,0.0,0.038301,5.5253,1262.679,120.255,1.907,57.395,1.3817,0.7237,9203124.0,486.9378,0.541,646.78,4.8153,5.3e-05,0.2668,-0.0,0.1112,1.0823,1.0,1.6216,0.001515,0.009091,0.4545,-0.0023,-0.0075,-0.014,3.4594,662.0,0.0,0.0,-4.3644,17.0476,662.0,0.2182,0,0,1,0.0,0.0,0.0,662.0,0.0,-0.876,-0.9474,-0.9512,-0.8693,0.876,0.9474,0.8335,0.9643,0.0,-0.865,-0.9108,-0.7192,30.0,0.0,0.0,0.0,30.0,30.0,30.0,30.0,0.0,0.0,397.2,-0.0,1.9074,46.375,0.1204,0.0062,0.9643,1.7551,,,,
282,2026-08-13T02:08:30+00:00,2026-08-13T02:20:30+00:00,12.0,-18.0,658.0,640.0,658.0,640.0,18.0,25,bajada,22:08,2026-08-12,,-0.1667,0.4083,0.0833,0.9171,-0.9171,-0.025,0.0625,0.0,-0.2667,0.1089,0.0674,-0.0,0.0023,0.0056,-0.0089,0.0001,0.0023,0.0,0.0001,0.0005,-0.0002,0.0,0.0001,2,4,0.0,0.1667,0.000505,0.004444,0.0,0.001079,0.3123,721.613,60.134,40.09,28.865,1.0019,0.9981,10312486.0,0.1089,0.0001,642.261,0.0674,0.0,1.1063,0.4075,0.1178,0.2897,1.0,1.486,0.001333,0.003724,0.9154,0.7727,0.238,-0.0461,2.6055,640.0,0.0,0.0,2.3036,3.9104,640.952,0.0081,0,0,1,0.0,0.0,0.0,658.0,640.0,0.9171,0.9796,0.9746,0.9069,-0.9171,-0.9796,-0.8792,-0.9945,0.0,0.8933,0.9322,0.7625,0.0,150.0,60.0,60.0,120.0,120.0,120.0,150.0,0.0,18.0,-8.2,-0.0,40.0896,0.0091,0.0341,0.0681,0.9945,0.4305,,,,
283,2026-08-13T02:58:00+00:00,2026-08-13T03:11:00+00:00,13.0,-26.0,640.0,614.0,640.0,614.0,26.0,27,bajada,22:58,2026-08-12,,-0.1923,0.4798,0.1538,0.9266,-0.9266,-0.0333,0.0784,0.0,-0.3333,0.1889,0.0852,0.0,0.0033,0.0078,-0.0111,0.0003,0.0033,0.0,0.0002,0.0006,-0.0004,0.0,0.0002,4,6,0.0,0.1923,0.000587,0.005556,0.0,0.001271,0.3921,782.782,60.214,30.107,28.992,1.003,0.997,10301120.0,0.1889,0.0003,617.675,0.0852,0.0,1.4053,0.4995,0.1178,0.2494,1.0,1.4089,0.001235,0.003391,0.9137,0.8062,0.3847,0.1267,2.5564,614.0,0.0,1.5,2.1069,3.1928,616.0,0.0122,0,0,1,0.0,0.0,0.0,640.0,614.0,0.9266,0.9851,0.9797,0.9173,-0.9266,-0.9851,-0.8908,-0.9969,0.0,0.8969,0.9332,0.7678,0.0,210.0,60.0,90.0,120.0,180.0,180.0,210.0,0.0,26.0,-10.2,-0.0,30.107,0.0145,0.0294,0.0923,0.9969,0.3514,,,,
284,2026-08-13T10:58:00+00:00,2026-08-13T11:09:00+00:00,11.0,-10.0,611.0,601.0,611.0,601.0,10.0,23,bajada,06:58,2026-08-13,,-0.0909,0.2876,0.1364,0.8984,-0.8984,-0.0152,0.0575,0.1,-0.2,0.0778,0.0595,0.0002,0.0028,0.01,-0.0067,0.0002,0.0028,0.0,0.0002,0.0004,-0.0006,0.0,0.0002,3,4,0.0455,0.1364,0.000262,0.002767,0.0,0.00065,0.1642,661.159,60.105,66.116,28.746,1.0016,0.9984,8330606.0,0.0778,0.0002,601.831,0.0595,0.0,0.7654,0.3823,0.1252,0.9083,0.8696,1.5734,0.001449,0.006007,0.6671,0.4195,0.2266,-0.0337,3.1396,601.0,0.0,0.0,2.9668,7.7729,601.158,0.0039,1,0,1,3.0,0.5,0.091,604.0,601.0,0.8984,0.9662,0.966,0.8889,-0.8984,-0.9662,-0.8577,-0.9841,0.0,0.881,0.9245,0.7499,0.0,60.0,30.0,30.0,90.0,60.0,60.0,120.0,0.0,10.0,-5.4,0.0,66.1159,0.0071,0.1137,0.0261,0.9841,1.4291,,,,
285,2026-08-13T11:53:30+00:00,2026-08-13T12:05:00+00:00,11.5,-12.0,601.0,589.0,601.0,589.0,12.0,24,bajada,07:53,2026-08-13,,-0.1304,0.3887,0.1739,0.9144,-0.9144,-0.0174,0.048,0.0,-0.1667,0.06,0.0511,0.0,0.0018,0.0056,-0.0056,0.0001,0.0018,0.0,0.0001,0.0002,-0.0003,0.0,0.0001,4,5,0.0,0.1304,0.000403,0.002778,0.0,0.000854,0.2484,690.894,60.078,57.575,28.787,1.0011,0.9989,8367679.0,0.06,0.0001,590.469,0.0511,0.0,1.0554,0.4329,0.1252,0.3408,1.0,1.5283,0.001389,0.004054,0.8828,0.7466,0.1391,-0.0457,2.6716,589.0,0.0,0.0,2.3858,4.1456,589.55,0.0059,0,0,1,0.0,0.0,0.0,601.0,589.0,0.9144,0.9776,0.9728,0.9149,-0.9144,-0.9776,-0.8762,-0.9915,0.0,0.8919,0.9307,0.7515,0.0,150.0,60.0,60.0,90.0,90.0,90.0,150.0,0.0,12.0,-7.0,0.0,57.5745,0.0052,0.0427,0.0507,0.9915,0.5208,,,,
286,2026-08-13T14:49:30+00:00,2026-08-13T15:00:30+00:00,11.0,-10.0,589.0,579.0,589.0,579.0,10.0,23,bajada,10:49,2026-08-13,,-0.1364,0.3025,0.0455,0.9014,-0.9014,-0.0152,0.0411,0.0,-0.1667,0.0422,0.0438,0.0001,0.0011,0.0033,-0.0033,0.0,0.0011,0.0,0.0,0.0002,-0.0001,0.0,0.0,1,2,0.0,0.1364,0.000299,0.002214,0.0,0.000613,0.1814,660.63,60.057,66.063,28.723,1.0008,0.9992,7735034.0,0.0422,0.0,579.919,0.0438,0.0,0.7654,0.2796,0.1178,0.5814,1.0,1.5734,0.001449,0.004774,0.8525,0.6329,-0.0187,-0.0346,2.8623,579.0,0.0,0.0,2.7655,6.1112,579.158,0.0045,0,0,1,0.0,0.0,0.0,589.0,579.0,0.9014,0.9692,0.9673,0.8973,-0.9014,-0.9692,-0.8605,-0.9879,0.0,0.8843,0.9277,0.7521,0.0,90.0,30.0,60.0,60.0,90.0,90.0,90.0,0.0,10.0,-7.0,-0.0,66.063,0.0038,0.0685,0.0413,0.9879,0.9148,,,,
287,2026-08-13T15:47:00+00:00,2026-08-13T15:58:00+00:00,11.0,-8.0,579.0,571.0,579.0,571.0,8.0,23,bajada,11:47,2026-08-13,,-0.0909,0.3793,0.1818,0.9129,-0.9129,-0.0121,0.0396,0.0,-0.1667,0.0378,0.0414,0.0,0.002,0.0056,-0.0056,0.0001,0.002,0.0,0.0001,0.0004,-0.0003,0.0,0.0001,4,4,0.0,0.0909,0.000301,0.002778,0.0,0.000643,0.1659,660.563,60.051,82.57,28.72,1.0008,0.9992,7524213.0,0.0378,0.0001,571.961,0.0414,0.0,0.8405,0.3454,0.1252,0.3875,1.0,1.5734,0.001449,0.004308,0.8608,0.6919,0.1692,-0.0468,2.6948,571.0,0.0,0.0,2.401,4.3256,571.316,0.0041,0,0,1,0.0,0.0,0.0,579.0,571.0,0.9129,0.9765,0.9719,0.9067,-0.9129,-0.9765,-0.8745,-0.9936,0.0,0.8898,0.9296,0.7662,0.0,120.0,0.0,60.0,60.0,120.0,120.0,120.0,0.0,8.0,-4.0,-0.0,82.5704,0.0034,0.0485,0.0345,0.9936,0.6097,,,,
