id_candidato,t_inicio,t_fin,duracion_min,delta_w_total,peso_inicio_g,peso_fin_g,peso_max_g,peso_min_g,rango_g,n_lecturas,direction,hora_inicio_stgo,fecha_inicio_stgo,etiqueta_audit_ref,monotonicity,r2_lineal,zcr,sim_alimentacion,sim_servido,d1_mean,d1_std,d1_max,d1_min,d1_energy,d1_rms,d2_mean,d2_std,d2_max,d2_min,d2_energy,d2_rms,d3_mean,d3_std,d3_max,d3_min,d3_energy,d3_rms,d1_n_sign_changes,d2_n_sign_changes,d1_frac_pos,d1_frac_neg,curvature_mean,curvature_max,curvature_min,curvature_std,curvature_integral,arc_length,arc_length_per_min,arc_vs_displacement,arc_per_n,tortuosity,straightness,energy_signal,energy_d1,energy_d2,rms_signal,rms_d1,energy_ratio_d1_signal,entropy_shannon,entropy_permutation,entropy_sample,fractal_higuchi,fractal_katz,lempel_ziv,freq_dominant_hz,freq_centroid_hz,power_ratio_low,autocorr_lag1,autocorr_lag3,autocorr_lag5,spectral_entropy,stat_median,stat_mad,stat_iqr,stat_skewness,stat_kurtosis,stat_trimmed_mean,stat_cv,n_maxima,n_minima,n_plateaus,peak_prominence_mean,peak_width_mean,peak_density,peak_height_max,valley_depth_min,tpl_ramp_down,tpl_exp_decay,tpl_alim_lenta,tpl_alim_escalonada,tpl_ramp_up,tpl_exp_rise,tpl_sigmoide,tpl_serv_brusco,tpl_plateau,tpl_triangular,tpl_parabola_down,tpl_doble_rampa,time_to_max_s,time_to_min_s,time_to_25pct_s,time_to_50pct_s,time_to_75pct_s,rise_time_s,fall_time_s,settling_time_s,overshoot_g,undershoot_g,initial_slope_g_min,final_slope_g_min,idx_arc_per_delta,idx_energy_per_min,idx_complexity,idx_linearity,idx_template_max,idx_shape_noise,id_ciclo,horas_desde_servido,fraccion_ciclo,horas_hasta_fin_ciclo
0,2026-04-08T03:10:00+00:00,2026-04-08T03:29:00+00:00,19.0,127.0,81.0,208.0,277.0,77.0,200.0,39,subida,23:10,2026-04-07,,-0.0263,0.384,0.2368,-0.871,0.871,0.1114,1.6796,6.6,-6.6667,107.6678,1.6833,0.0,0.0806,0.2222,-0.2222,0.2402,0.0806,-0.0,0.0047,0.0148,-0.0147,0.0008,0.0047,9,13,0.0526,0.0789,0.007888,0.0925,0.0,0.02062,9.2288,1588.972,83.63,12.512,40.743,1.3853,0.7219,1314294.0,107.6678,0.2402,183.575,1.6833,8.2e-05,1.3484,0.3389,0.1873,0.2124,0.7849,1.8973,0.000855,0.003506,0.914,0.7413,0.1853,0.1203,3.0682,208.0,2.0,129.0,-0.2902,-1.4128,168.364,0.4127,1,1,2,198.0,1.997,0.053,277.0,77.0,-0.871,-0.8843,-0.877,-0.8374,0.871,0.8843,0.8596,0.8832,0.0,-0.7607,-0.7851,-0.7699,330.0,450.0,0.0,0.0,870.0,870.0,870.0,540.0,69.0,4.0,-0.0,0.0,12.5116,5.6667,0.0398,0.0101,0.8843,0.403,,,,
1,2026-04-08T09:10:00+00:00,2026-04-08T09:23:00+00:00,13.0,-14.0,212.0,198.0,212.0,198.0,14.0,27,bajada,05:10,2026-04-08,,-0.1538,0.6434,0.2692,0.9482,-0.9482,-0.0179,0.0525,0.1,-0.1667,0.08,0.0555,0.0002,0.0028,0.0067,-0.0089,0.0002,0.0028,-0.0,0.0002,0.0004,-0.0005,0.0,0.0002,7,8,0.0385,0.1923,0.000367,0.002207,0.0,0.000681,0.2651,781.195,60.092,55.8,28.933,1.0014,0.9986,1087708.0,0.08,0.0002,200.712,0.0555,0.0,1.6046,0.5741,0.1418,0.3973,0.9023,1.4089,0.001235,0.003154,0.8877,0.8212,0.654,0.392,2.1026,198.0,0.0,4.0,1.3105,0.2221,200.087,0.0214,0,1,1,0.0,0.0,0.0,212.0,205.0,0.9482,0.992,0.9866,0.9379,-0.9482,-0.992,-0.9216,-0.9951,0.0,0.8922,0.9195,0.8053,0.0,270.0,30.0,120.0,210.0,270.0,270.0,270.0,0.0,14.0,-2.8,-0.0,55.7996,0.0062,0.0563,0.099,0.9951,0.5598,,,,
2,2026-04-08T13:43:00+00:00,2026-04-08T13:54:30+00:00,11.5,-11.0,196.0,185.0,196.0,185.0,11.0,24,bajada,09:43,2026-04-08,,-0.1304,0.516,0.1739,0.9321,-0.9321,-0.0159,0.0416,0.0,-0.1333,0.0456,0.0445,0.0,0.0018,0.0044,-0.0044,0.0001,0.0018,0.0,0.0001,0.0003,-0.0001,0.0,0.0001,4,5,0.0,0.1304,0.00038,0.001937,0.0,0.000663,0.2488,690.681,60.059,62.789,28.778,1.0009,0.9991,837294.0,0.0456,0.0001,186.781,0.0445,0.0,1.1761,0.4329,0.1418,0.232,1.0,1.5283,0.001389,0.003549,0.8886,0.8024,0.3659,0.0977,2.3968,185.0,0.0,1.0,1.8403,2.0066,186.0,0.0183,0,0,1,0.0,0.0,0.0,196.0,185.0,0.9321,0.9869,0.9804,0.9296,-0.9321,-0.9869,-0.8989,-0.9976,0.0,0.896,0.9287,0.7759,0.0,180.0,60.0,90.0,90.0,180.0,180.0,180.0,0.0,11.0,-4.8,0.0,62.7892,0.004,0.0329,0.0673,0.9976,0.3546,,,,
3,2026-04-08T20:46:30+00:00,2026-04-08T20:59:00+00:00,12.5,-12.0,183.0,171.0,183.0,171.0,12.0,26,bajada,16:46,2026-04-08,,-0.16,0.7238,0.28,0.9566,-0.9566,-0.016,0.0379,0.0,-0.1333,0.0422,0.0411,0.0002,0.0017,0.0044,-0.0033,0.0001,0.0018,-0.0,0.0001,0.0002,-0.0002,0.0,0.0001,7,9,0.0,0.16,0.000424,0.002207,0.0,0.000624,0.2983,750.631,60.051,62.553,28.87,1.0007,0.9993,782989.0,0.0422,0.0001,173.537,0.0411,0.0,1.6714,0.4481,0.1844,0.1975,1.0,1.4463,0.001282,0.00327,0.8748,0.8284,0.6798,0.3905,2.0566,171.0,0.0,5.0,1.1202,-0.0133,173.045,0.0205,0,0,1,0.0,0.0,0.0,183.0,171.0,0.9566,0.9947,0.9909,0.9453,-0.9566,-0.9947,-0.9334,-0.9891,0.0,0.885,0.9113,0.8385,0.0,300.0,30.0,150.0,240.0,300.0,300.0,300.0,0.0,12.0,-1.6,-0.0,62.5526,0.0034,0.0364,0.1158,0.9947,0.2856,,,,
4,2026-04-08T23:22:00+00:00,2026-04-08T23:34:30+00:00,12.5,-16.0,169.0,153.0,169.0,153.0,16.0,25,bajada,19:22,2026-04-08,,-0.125,0.66,0.3333,0.953,-0.953,-0.0222,0.0815,0.1333,-0.3333,0.1711,0.0844,-0.0,0.0047,0.0111,-0.0156,0.0005,0.0047,0.0,0.0003,0.0009,-0.0008,0.0,0.0003,8,8,0.0417,0.1667,0.000605,0.00301,0.0,0.000951,0.4124,722.518,60.21,45.157,28.901,1.0032,0.9968,613205.0,0.1711,0.0005,156.615,0.0844,0.0,1.5142,0.5497,0.1431,0.3986,0.8881,1.486,0.001333,0.003268,0.8953,0.8156,0.5809,0.3369,2.0992,153.0,0.0,9.0,1.1373,-0.2323,155.667,0.0348,0,1,1,0.0,0.0,0.0,169.0,159.0,0.953,0.9903,0.9838,0.9441,-0.953,-0.9903,-0.9305,-0.9859,0.0,0.8838,0.9077,0.8263,0.0,240.0,60.0,120.0,180.0,240.0,240.0,240.0,0.0,16.0,-3.8,-0.0,45.1574,0.0143,0.057,0.0825,0.9903,0.5923,,,,
5,2026-04-09T02:26:30+00:00,2026-04-09T02:42:30+00:00,16.0,-8.0,150.0,142.0,150.0,142.0,8.0,29,bajada,22:26,2026-04-08,,-0.1071,0.3486,0.1786,0.91,-0.91,-0.0095,0.0607,0.2,-0.2,0.1057,0.0614,0.0,0.003,0.0067,-0.0108,0.0002,0.003,0.0,0.0002,0.0004,-0.0006,0.0,0.0002,5,7,0.0357,0.1429,0.000581,0.003326,0.0,0.000892,0.5052,841.573,60.112,105.197,29.02,1.0018,0.9982,594720.06,0.1057,0.0002,143.205,0.0614,0.0,1.0374,0.4605,0.2205,0.5046,0.7861,1.5076,0.003448,0.004469,0.9034,0.659,-0.0016,-0.1027,2.9219,142.0,0.0,0.0,2.0061,2.3055,142.73,0.0182,1,1,2,6.0,0.65,0.071,148.0,142.0,0.91,0.9649,0.9619,0.911,-0.91,-0.9649,-0.8759,-0.9721,0.0,0.8682,0.9075,0.7769,0.0,120.0,270.0,300.0,90.0,120.0,120.0,330.0,0.0,8.0,-4.4,-0.0,105.1966,0.0076,0.1113,0.0373,0.9721,0.7607,,,,
6,2026-04-09T04:59:30+00:00,2026-04-09T05:11:00+00:00,11.5,-1.0,142.0,141.0,142.0,24.0,118.0,24,mixto,00:59,2026-04-09,,0.0,0.0786,0.1304,0.0655,-0.0655,-0.0014,1.155,3.9,-3.9333,30.6811,1.155,0.0,0.0682,0.2611,-0.1311,0.1023,0.0682,0.0002,0.0041,0.0131,-0.013,0.0004,0.0041,3,3,0.0435,0.0435,0.006807,0.065556,0.0,0.018819,3.9174,872.539,75.873,872.539,36.356,1.2645,0.7908,458405.0,30.6811,0.1023,138.204,1.155,6.7e-05,0.2499,0.2052,0.2166,1.5318,0.8218,1.7194,0.009722,0.009072,0.4114,-0.0552,-0.006,-0.011,3.5848,141.0,0.0,0.0,-4.5863,19.0374,141.0,0.1718,0,0,1,0.0,0.0,0.0,142.0,24.0,0.0655,0.102,0.1224,0.0354,-0.0655,-0.102,-0.0447,-0.1039,0.0,0.0972,0.1264,0.0289,0.0,60.0,0.0,0.0,90.0,90.0,90.0,90.0,0.0,118.0,-24.2,0.0,872.539,2.6679,0.3318,0.0,0.1264,2.6338,,,,
7,2026-04-09T08:42:00+00:00,2026-04-09T08:58:00+00:00,16.0,-13.0,139.0,126.0,141.0,126.0,15.0,33,bajada,04:42,2026-04-09,,-0.125,0.7704,0.25,0.9695,-0.9695,-0.0135,0.0398,0.0667,-0.1333,0.0567,0.0421,-0.0001,0.002,0.0044,-0.0067,0.0001,0.002,0.0,0.0001,0.0004,-0.0002,0.0,0.0001,8,10,0.0312,0.1562,0.000453,0.003311,0.0,0.000745,0.3989,960.848,60.053,73.911,29.117,1.0008,0.9992,555625.0,0.0567,0.0001,129.758,0.0421,0.0,1.9438,0.4926,0.1565,0.2075,0.9287,1.3757,0.00101,0.002102,0.9645,0.9312,0.7729,0.6257,1.78,126.0,0.0,6.0,0.9036,-0.7052,129.037,0.0375,0,0,2,0.0,0.0,0.0,141.0,126.0,0.9695,0.9884,0.9815,0.9604,-0.9695,-0.9884,-0.9569,-0.9765,0.0,0.8644,0.8828,0.8605,30.0,420.0,60.0,240.0,360.0,360.0,360.0,420.0,2.0,13.0,-1.257,-0.0,73.9114,0.0035,0.0325,0.0963,0.9884,0.2855,,,,
8,2026-04-09T11:56:00+00:00,2026-04-09T12:09:30+00:00,13.5,-13.0,123.0,110.0,127.0,110.0,17.0,28,bajada,07:56,2026-04-09,,-0.1111,0.6079,0.2963,0.9469,-0.9469,-0.016,0.0597,0.1333,-0.2,0.1033,0.0619,-0.0002,0.0032,0.0067,-0.0111,0.0003,0.0032,0.0,0.0002,0.0006,-0.0004,0.0,0.0002,8,9,0.037,0.1481,0.000529,0.005411,0.0,0.001211,0.3633,811.54,60.114,62.426,28.984,1.0018,0.9982,357045.0,0.1033,0.0003,112.923,0.0619,0.0,1.6122,0.4635,0.1325,0.346,0.8742,1.3735,0.00119,0.00277,0.9369,0.8718,0.5702,0.3408,2.1751,110.0,0.0,4.0,1.5581,1.2251,112.042,0.0424,0,0,1,0.0,0.0,0.0,127.0,110.0,0.9469,0.9879,0.9784,0.9369,-0.9469,-0.9879,-0.9217,-0.9906,0.0,0.89,0.9142,0.8132,30.0,270.0,60.0,120.0,210.0,210.0,210.0,270.0,4.0,13.0,-3.6,-0.0,62.4262,0.0077,0.0458,0.0675,0.9906,0.4752,,,,
9,2026-04-09T13:57:00+00:00,2026-04-09T14:08:00+00:00,11.0,56.0,110.0,166.0,166.0,110.0,56.0,23,subida,09:57,2026-04-09,,0.0455,0.2386,0.0909,-0.8927,0.8927,0.0848,0.3888,1.8667,0.0,3.4844,0.398,0.0,0.0192,0.0622,-0.0622,0.0077,0.0192,-0.0001,0.001,0.0021,-0.0041,0.0,0.001,2,2,0.0455,0.0,0.002557,0.031111,0.0,0.00702,1.298,693.53,63.048,12.384,30.153,1.047,0.9551,602876.0,3.4844,0.0077,161.901,0.398,6e-06,0.4262,-0.0,0.1112,0.6381,1.0,1.7701,0.001449,0.005405,0.7775,0.5184,-0.0143,-0.0265,3.0029,166.0,0.0,0.0,-2.9318,6.5952,166.0,0.0979,0,0,1,0.0,0.0,0.0,166.0,110.0,-0.8927,-0.9612,-0.9595,-0.8872,0.8927,0.9612,0.8514,0.9801,0.0,-0.8773,-0.9214,-0.7436,60.0,0.0,0.0,0.0,60.0,60.0,60.0,60.0,0.0,0.0,44.8,-0.0,12.3845,0.3168,0.071,0.0109,0.9801,1.1295,,,,
10,2026-04-09T19:25:00+00:00,2026-04-09T19:36:30+00:00,11.5,-12.0,170.0,158.0,170.0,158.0,12.0,24,bajada,15:25,2026-04-09,,-0.1739,0.5747,0.3043,0.9355,-0.9355,-0.0174,0.0392,0.0,-0.1333,0.0422,0.0428,0.0002,0.0018,0.0044,-0.0033,0.0001,0.0018,-0.0,0.0001,0.0002,-0.0003,0.0,0.0001,7,7,0.0,0.1739,0.000275,0.002164,0.0,0.000522,0.1653,690.631,60.055,57.553,28.776,1.0008,0.9992,613380.0,0.0422,0.0001,159.867,0.0428,0.0,1.4397,0.4704,0.1431,0.2793,1.0,1.5283,0.001389,0.004195,0.8386,0.7523,0.4389,0.1568,2.4756,158.0,0.0,3.0,1.7382,1.9862,159.2,0.0206,0,0,1,0.0,0.0,0.0,170.0,158.0,0.9355,0.9895,0.9852,0.9312,-0.9355,-0.9895,-0.903,-0.998,0.0,0.896,0.9288,0.7812,0.0,210.0,30.0,90.0,150.0,210.0,210.0,210.0,0.0,12.0,-4.2,0.0,57.5526,0.0037,0.04,0.0999,0.998,0.4269,,,,
11,2026-04-09T22:32:00+00:00,2026-04-09T22:37:00+00:00,5.0,-4.0,158.0,154.0,158.0,154.0,4.0,11,bajada,18:32,2026-04-09,,-0.1,0.25,0.1,0.8864,-0.8864,-0.0133,0.04,0.0,-0.1333,0.0178,0.0422,0.0005,0.0014,0.0044,0.0,0.0,0.0015,-0.0,0.0,0.0,-0.0001,0.0,0.0001,1,1,0.0,0.1,0.000498,0.002207,0.0,0.000856,0.132,300.265,60.053,75.066,27.297,1.0008,0.9992,262124.0,0.0178,0.0,154.368,0.0422,0.0,0.4395,0.1947,0.2877,1.0,1.0,1.887,0.00303,0.009091,0.4,-0.01,-0.0375,-0.0833,2.3219,154.0,0.0,0.0,2.846,6.1,154.0,0.0074,0,0,1,0.0,0.0,0.0,158.0,154.0,0.8864,0.958,0.9581,0.8696,-0.8864,-0.958,-0.8472,-0.9878,0.0,0.8575,0.9038,0.7483,0.0,30.0,0.0,0.0,30.0,30.0,30.0,30.0,0.0,4.0,-8.0,-0.0,75.0662,0.0036,0.2877,0.025,0.9878,1.887,,,,
12,2026-04-09T23:06:30+00:00,2026-04-09T23:24:30+00:00,18.0,89.0,157.0,246.0,246.0,157.0,89.0,37,subida,19:06,2026-04-09,,0.0556,0.6822,0.1389,-0.9572,0.9572,0.0824,0.4652,2.0667,-1.1667,8.0367,0.4725,0.0,0.0217,0.0611,-0.0689,0.0165,0.0217,-0.0,0.0012,0.0033,-0.0039,0.0,0.0012,5,6,0.0833,0.0278,0.003222,0.029675,0.0,0.006849,3.226,1162.644,64.591,13.063,31.423,1.0729,0.9321,1856098.0,8.0367,0.0165,223.975,0.4725,4e-06,1.4253,0.1444,0.1323,0.4145,0.8616,1.8303,0.000901,0.002826,0.9202,0.8326,0.5996,0.5162,2.1955,246.0,0.0,47.0,-0.7113,-0.8069,225.806,0.1318,1,1,2,35.0,5.958,0.056,199.0,164.0,-0.9572,-0.9745,-0.9762,-0.9433,0.9572,0.9745,0.9441,0.9536,0.0,-0.8287,-0.86,-0.866,480.0,0.0,450.0,60.0,480.0,60.0,60.0,480.0,0.0,0.0,15.0,0.0,13.0634,0.4465,0.0548,0.0379,0.9762,0.7587,,,,
13,2026-04-09T23:28:00+00:00,2026-04-09T23:43:00+00:00,15.0,-26.0,244.0,218.0,244.0,218.0,26.0,31,bajada,19:28,2026-04-09,,-0.1333,0.7493,0.3667,0.9662,-0.9662,-0.0289,0.1025,0.1667,-0.3667,0.34,0.1065,0.0,0.0056,0.0133,-0.0122,0.0009,0.0056,0.0,0.0003,0.0007,-0.0008,0.0,0.0003,11,11,0.0667,0.2,0.001004,0.005022,0.0,0.001338,0.8842,905.01,60.334,34.808,29.194,1.0051,0.9949,1570235.0,0.34,0.0009,225.062,0.1065,0.0,2.1439,0.6165,0.1905,0.4329,0.8575,1.4383,0.001075,0.002447,0.9201,0.8936,0.7492,0.5453,1.9068,218.0,0.0,15.5,0.9916,-0.6637,223.44,0.0412,2,0,2,5.0,0.682,0.133,243.0,218.0,0.9662,0.9904,0.9842,0.9562,-0.9662,-0.9904,-0.9502,-0.9808,0.0,0.8681,0.8906,0.855,0.0,450.0,60.0,180.0,270.0,210.0,210.0,450.0,0.0,26.0,-2.457,-0.0,34.8081,0.0227,0.0825,0.0999,0.9904,0.6226,,,,
14,2026-04-10T01:40:30+00:00,2026-04-10T01:58:30+00:00,18.0,-18.0,218.0,200.0,223.0,200.0,23.0,37,bajada,21:40,2026-04-09,,-0.0278,0.6631,0.3333,0.9551,-0.9551,-0.0167,0.1093,0.2333,-0.4,0.44,0.1106,0.0,0.0058,0.0133,-0.0211,0.0012,0.0058,-0.0,0.0003,0.0011,-0.0009,0.0,0.0003,12,11,0.1389,0.1667,0.001152,0.006048,0.0,0.001515,1.237,1086.46,60.359,60.359,29.364,1.0058,0.9942,1547850.0,0.44,0.0012,204.533,0.1106,0.0,1.8907,0.5021,0.1171,0.6954,0.7553,1.408,0.000901,0.002868,0.9257,0.8254,0.5671,0.4883,2.5023,200.0,0.0,8.0,1.2697,0.4738,203.387,0.0314,2,2,1,6.5,0.733,0.111,212.0,202.0,0.9551,0.9853,0.9791,0.9426,-0.9551,-0.9853,-0.9349,-0.9805,0.0,0.8679,0.8954,0.8375,60.0,480.0,90.0,180.0,420.0,330.0,330.0,480.0,5.0,18.0,-3.714,0.0,60.3589,0.0244,0.0814,0.0184,0.9853,0.9791,,,,
15,2026-04-10T04:35:30+00:00,2026-04-10T05:00:00+00:00,24.5,-61.0,197.0,136.0,207.0,130.0,77.0,50,bajada,00:35,2026-04-10,,-0.1837,0.8495,0.449,0.9789,-0.9789,-0.0415,0.338,1.2,-1.2333,5.6833,0.3406,0.0,0.0201,0.06,-0.0767,0.0195,0.0201,-0.0,0.0013,0.0041,-0.004,0.0001,0.0013,22,26,0.1633,0.3469,0.002387,0.015221,0.0,0.003434,3.4975,1540.946,62.896,25.261,30.819,1.0474,0.9548,1283771.0,5.6833,0.0195,160.236,0.3406,4e-06,2.6657,0.8654,0.1738,0.7296,0.7453,1.806,0.000667,0.001983,0.9321,0.8923,0.8345,0.7365,2.0236,157.5,21.5,38.0,0.5212,-1.1741,156.275,0.1501,5,2,1,15.6,0.66,0.204,207.0,156.0,0.9789,0.9715,0.9686,0.9709,-0.9789,-0.9715,-0.9764,-0.9444,0.0,0.7913,0.8236,0.9138,60.0,780.0,270.0,420.0,810.0,660.0,660.0,900.0,10.0,67.0,-3.842,0.0,25.2614,0.232,0.1268,0.1561,0.9789,1.3177,,,,
16,2026-04-10T08:55:00+00:00,2026-04-10T09:10:00+00:00,15.0,9.0,136.0,145.0,165.0,122.0,43.0,31,subida,04:55,2026-04-10,,0.0667,0.1867,0.2333,-0.7465,0.7465,0.01,0.3524,0.9333,-1.4333,3.7278,0.3525,-0.0001,0.0218,0.0756,-0.0789,0.0138,0.0218,-0.0,0.0014,0.0051,-0.0035,0.0001,0.0014,7,9,0.1667,0.1,0.001815,0.012682,0.0,0.003199,1.6792,944.115,62.941,104.902,30.455,1.049,0.9533,631164.0,3.7278,0.0138,142.689,0.3525,6e-06,1.5673,0.4013,0.1299,0.8981,0.7137,1.9178,0.001075,0.009047,0.3906,-0.1177,0.2463,0.0961,3.5687,145.0,0.0,5.5,-0.0802,3.2404,142.92,0.0493,1,1,1,5.0,0.573,0.067,141.0,133.0,-0.7465,-0.7618,-0.7546,-0.7335,0.7465,0.7618,0.7369,0.7532,0.0,-0.6756,-0.6847,-0.6615,240.0,270.0,30.0,60.0,60.0,120.0,120.0,330.0,20.0,14.0,-2.171,0.0,104.9017,0.2485,0.1167,0.0125,0.7618,1.7224,,,,
17,2026-04-10T12:05:00+00:00,2026-04-10T12:16:30+00:00,11.5,36.0,145.0,181.0,181.0,133.0,48.0,24,subida,08:05,2026-04-10,,0.0,0.3153,0.1304,-0.9014,0.9014,0.0522,0.3399,1.6,-0.4,2.72,0.3439,-0.0,0.0184,0.0667,-0.0533,0.0075,0.0184,0.0,0.0011,0.0027,-0.004,0.0,0.0011,3,3,0.0435,0.0435,0.001862,0.013333,0.0,0.003878,1.241,718.915,62.514,19.97,29.955,1.0405,0.9611,747720.0,2.72,0.0075,176.508,0.3439,4e-06,0.6584,0.2052,0.1112,0.5691,0.8615,1.7194,0.001389,0.004976,0.8429,0.6264,-0.02,-0.0368,2.8548,181.0,0.0,0.0,-2.3743,3.8649,179.2,0.076,0,0,1,0.0,0.0,0.0,181.0,133.0,-0.9014,-0.9617,-0.9544,-0.9093,0.9014,0.9617,0.8646,0.9761,0.0,-0.878,-0.9144,-0.7417,90.0,60.0,0.0,0.0,90.0,90.0,90.0,90.0,0.0,12.0,19.2,-0.0,19.9699,0.2365,0.0633,0.0,0.9761,0.9785,,,,
18,2026-04-10T12:38:00+00:00,2026-04-10T12:49:30+00:00,11.5,-13.0,183.0,170.0,183.0,170.0,13.0,24,bajada,08:38,2026-04-10,,-0.1304,0.446,0.2174,0.9191,-0.9191,-0.0188,0.049,0.0,-0.1667,0.0633,0.0525,0.0003,0.0022,0.0056,-0.0044,0.0001,0.0022,-0.0,0.0001,0.0003,-0.0003,0.0,0.0001,5,5,0.0,0.1304,0.000284,0.002666,0.0,0.000659,0.1642,690.945,60.082,53.15,28.789,1.0012,0.9988,706509.0,0.0633,0.0001,171.575,0.0525,0.0,1.0554,0.3845,0.1252,0.3447,1.0,1.5283,0.001389,0.00475,0.8001,0.6777,0.2712,-0.0552,2.7367,170.0,0.0,0.0,2.1882,3.7812,170.8,0.0196,0,0,1,0.0,0.0,0.0,183.0,170.0,0.9191,0.9811,0.9777,0.9164,-0.9191,-0.9811,-0.8817,-0.9941,0.0,0.894,0.932,0.7572,0.0,150.0,30.0,30.0,90.0,150.0,150.0,150.0,0.0,13.0,-5.4,-0.0,53.1496,0.0055,0.0432,0.0582,0.9941,0.5268,,,,
19,2026-04-10T15:17:00+00:00,2026-04-10T15:28:00+00:00,11.0,-6.0,165.0,159.0,169.0,159.0,10.0,23,bajada,11:17,2026-04-10,,-0.0455,0.4121,0.1818,0.9146,-0.9146,-0.0091,0.0605,0.1333,-0.2333,0.0822,0.0611,-0.0002,0.0033,0.0078,-0.0122,0.0002,0.0033,0.0,0.0002,0.0007,-0.0003,0.0,0.0002,4,5,0.0455,0.0909,0.000631,0.005952,0.0,0.001436,0.3465,661.221,60.111,110.203,28.749,1.0018,0.9982,589576.0,0.0822,0.0002,160.105,0.0611,0.0,1.0534,0.3454,0.1418,0.6594,0.7873,1.5734,0.001449,0.004315,0.8174,0.6632,0.3212,-0.0556,2.6606,159.0,0.0,0.0,2.4981,5.6758,159.474,0.0152,0,0,1,0.0,0.0,0.0,169.0,159.0,0.9146,0.9673,0.9571,0.9079,-0.9146,-0.9673,-0.8826,-0.9795,0.0,0.8781,0.9095,0.7778,30.0,150.0,0.0,60.0,60.0,150.0,150.0,150.0,4.0,6.0,-3.2,-0.0,110.2035,0.0075,0.0935,0.0188,0.9795,1.0375,,,,
20,2026-04-10T21:12:30+00:00,2026-04-10T21:26:30+00:00,14.0,-19.0,157.0,138.0,161.0,138.0,23.0,29,bajada,17:12,2026-04-10,,-0.1786,0.6658,0.2143,0.9543,-0.9543,-0.0226,0.0661,0.1333,-0.2333,0.1367,0.0699,-0.0002,0.0029,0.0056,-0.0122,0.0002,0.0029,0.0,0.0001,0.0005,-0.0002,0.0,0.0001,6,7,0.0357,0.2143,0.000823,0.005952,0.0,0.001521,0.6271,842.033,60.145,44.318,29.036,1.0022,0.9978,587702.0,0.1367,0.0002,142.357,0.0699,0.0,1.9249,0.5596,0.1487,0.3219,0.9055,1.5076,0.001149,0.00267,0.9619,0.8857,0.5849,0.4498,2.1405,138.0,0.0,9.0,1.4214,0.8929,141.2,0.046,0,0,1,0.0,0.0,0.0,161.0,138.0,0.9543,0.9923,0.9849,0.9462,-0.9543,-0.9923,-0.931,-0.9894,0.0,0.8876,0.9125,0.8332,30.0,330.0,60.0,210.0,240.0,210.0,210.0,330.0,4.0,19.0,-5.6,-0.0,44.3175,0.0098,0.0479,0.1189,0.9923,0.4853,,,,
21,2026-04-10T23:05:30+00:00,2026-04-10T23:16:30+00:00,11.0,94.0,138.0,232.0,232.0,138.0,94.0,23,subida,19:05,2026-04-10,,0.0455,0.2386,0.0909,-0.8927,0.8927,0.1424,0.6527,3.1333,0.0,9.8178,0.668,0.0,0.0322,0.1044,-0.1044,0.0218,0.0322,-0.0002,0.0017,0.0035,-0.007,0.0001,0.0017,2,2,0.0455,0.0,0.003759,0.052222,0.0,0.011641,1.8107,728.671,66.243,7.752,31.681,1.093,0.9149,1168392.0,9.8178,0.0218,225.388,0.668,8e-06,0.4262,-0.0,0.1112,0.6381,1.0,1.7701,0.001449,0.005405,0.7775,0.5184,-0.0143,-0.0265,3.0029,232.0,0.0,0.0,-2.9318,6.5952,232.0,0.1183,0,0,1,0.0,0.0,0.0,232.0,138.0,-0.8927,-0.9612,-0.9595,-0.8872,0.8927,0.9612,0.8514,0.9801,0.0,-0.8773,-0.9214,-0.7436,60.0,0.0,0.0,0.0,60.0,60.0,60.0,60.0,0.0,0.0,75.2,-0.0,7.7518,0.8925,0.071,0.0109,0.9801,1.1295,1.0,0.16,0.0033,47.51
22,2026-04-11T07:27:00+00:00,2026-04-11T07:38:30+00:00,11.5,-4.0,227.0,223.0,231.0,223.0,8.0,24,bajada,03:27,2026-04-11,,-0.0435,0.2064,0.1304,0.87,-0.87,-0.0058,0.0766,0.2333,-0.2667,0.1356,0.0768,0.0002,0.0047,0.0111,-0.0167,0.0005,0.0047,-0.0,0.0003,0.0009,-0.0009,0.0,0.0003,3,3,0.0435,0.087,0.000528,0.005473,0.0,0.001311,0.2982,692.004,60.174,173.001,28.833,1.0029,0.9971,1199375.0,0.1356,0.0005,223.549,0.0768,0.0,0.7417,0.3059,0.1112,1.2094,0.6788,1.5283,0.001389,0.008576,0.5107,0.0964,-0.0136,-0.0251,3.3249,223.0,0.0,0.0,3.4892,11.2128,223.05,0.0079,0,0,1,0.0,0.0,0.0,231.0,223.0,0.87,0.9267,0.9207,0.8796,-0.87,-0.9267,-0.8356,-0.9402,0.0,0.8454,0.8793,0.7174,60.0,90.0,0.0,30.0,30.0,90.0,90.0,90.0,4.0,4.0,-1.0,-0.0,173.001,0.0118,0.1345,0.009,0.9402,1.8483,1.0,8.52,0.1787,39.15
23,2026-04-11T12:49:00+00:00,2026-04-11T13:02:30+00:00,13.5,-9.0,221.0,212.0,232.0,212.0,20.0,28,bajada,08:49,2026-04-11,,-0.1111,0.5169,0.2593,0.9033,-0.9033,-0.0111,0.0985,0.3667,-0.2667,0.2656,0.0992,-0.0,0.0049,0.0122,-0.0189,0.0006,0.0049,-0.0,0.0003,0.0006,-0.001,0.0,0.0003,7,8,0.037,0.1481,0.000904,0.006873,0.0,0.001822,0.6677,813.895,60.289,90.433,29.068,1.0047,0.9953,1291540.0,0.2656,0.0006,214.771,0.0992,0.0,1.6122,0.517,0.1325,0.6512,0.7628,1.3735,0.00119,0.003136,0.9175,0.8183,0.4871,0.2233,2.3567,212.0,0.0,3.75,2.0471,3.7062,213.75,0.0229,1,0,1,11.0,0.708,0.074,232.0,212.0,0.9033,0.9239,0.9076,0.9041,-0.9033,-0.9239,-0.8902,-0.9211,0.0,0.826,0.8352,0.7934,60.0,270.0,120.0,120.0,210.0,270.0,270.0,270.0,11.0,9.0,-0.2,-0.0,90.4328,0.0197,0.0863,0.0574,0.9239,0.8944,1.0,13.88,0.2913,33.78
24,2026-04-11T18:02:00+00:00,2026-04-11T18:14:30+00:00,12.5,-10.0,212.0,202.0,219.0,202.0,17.0,26,bajada,14:02,2026-04-11,,-0.12,0.6489,0.36,0.949,-0.949,-0.0133,0.0849,0.2333,-0.3333,0.1844,0.0859,-0.0,0.0049,0.0111,-0.0189,0.0006,0.0049,-0.0,0.0003,0.001,-0.0009,0.0,0.0003,9,11,0.04,0.16,0.000671,0.004705,0.0,0.001159,0.4649,752.711,60.217,75.271,28.95,1.0035,0.9965,1091478.0,0.1844,0.0006,204.89,0.0859,0.0,2.0059,0.4842,0.2231,0.5467,0.7882,1.4463,0.001282,0.003551,0.9043,0.7894,0.4823,0.3365,2.2482,202.0,0.0,5.0,1.7237,2.5882,204.136,0.0207,0,0,1,0.0,0.0,0.0,219.0,202.0,0.949,0.9713,0.9614,0.9421,-0.949,-0.9713,-0.9342,-0.9597,0.0,0.851,0.8705,0.8473,60.0,360.0,90.0,150.0,240.0,240.0,240.0,360.0,7.0,10.0,-1.8,-0.0,75.2711,0.0148,0.122,0.0779,0.9713,0.7907,1.0,19.1,0.4007,28.57
25,2026-04-11T21:50:00+00:00,2026-04-11T22:01:00+00:00,11.0,-10.0,200.0,190.0,200.0,190.0,10.0,23,bajada,17:50,2026-04-11,,-0.1364,0.5921,0.2727,0.9414,-0.9414,-0.0152,0.0411,0.0,-0.1667,0.0422,0.0438,0.0,0.0021,0.0056,-0.0056,0.0001,0.0021,0.0,0.0001,0.0004,-0.0002,0.0,0.0001,6,7,0.0,0.1364,0.000397,0.002778,0.0,0.000673,0.2323,660.63,60.057,66.063,28.723,1.0008,0.9992,846173.0,0.0422,0.0001,191.808,0.0438,0.0,1.3603,0.4444,0.1651,0.2462,1.0,1.5734,0.001449,0.003622,0.8808,0.7871,0.4808,0.1942,2.2995,190.0,0.0,3.0,1.651,1.5688,191.105,0.0161,0,0,1,0.0,0.0,0.0,200.0,190.0,0.9414,0.9907,0.9848,0.932,-0.9414,-0.9907,-0.9119,-0.995,0.0,0.8927,0.9232,0.8093,0.0,210.0,0.0,60.0,150.0,210.0,210.0,210.0,0.0,10.0,-4.0,0.0,66.063,0.0038,0.0406,0.0808,0.995,0.3874,1.0,22.9,0.4804,24.77
26,2026-04-12T01:35:00+00:00,2026-04-12T01:48:30+00:00,13.5,-11.0,188.0,177.0,192.0,177.0,15.0,28,bajada,21:35,2026-04-11,,-0.0741,0.4699,0.2222,0.9273,-0.9273,-0.0136,0.0948,0.2333,-0.3,0.2478,0.0958,-0.0002,0.0055,0.01,-0.0178,0.0008,0.0055,0.0,0.0003,0.0009,-0.0009,0.0,0.0003,6,6,0.0741,0.1481,0.000784,0.006493,0.0,0.001607,0.5612,813.657,60.271,73.969,29.059,1.0044,0.9956,897227.0,0.2478,0.0008,179.008,0.0958,0.0,1.4417,0.517,0.1112,0.8204,0.7521,1.3735,0.00119,0.004164,0.8468,0.671,0.4081,0.3235,2.8076,177.0,0.0,0.5,1.973,2.8083,178.208,0.0221,0,1,1,0.0,0.0,0.0,192.0,179.0,0.9273,0.9773,0.9696,0.9163,-0.9273,-0.9773,-0.8966,-0.9856,0.0,0.8864,0.9164,0.7849,30.0,210.0,180.0,60.0,150.0,30.0,30.0,210.0,4.0,11.0,-4.4,-0.0,73.9688,0.0184,0.0912,0.0348,0.9856,1.1268,1.0,26.65,0.5591,21.02
27,2026-04-12T03:57:30+00:00,2026-04-12T04:20:30+00:00,23.0,-9.0,177.0,168.0,236.0,168.0,68.0,47,bajada,23:57,2026-04-11,,-0.0217,0.2582,0.2826,0.4336,-0.4336,-0.0065,0.4385,1.9667,-2.0,8.8478,0.4386,-0.0,0.0256,0.0667,-0.1322,0.0295,0.0256,-0.0,0.0016,0.0066,-0.0066,0.0001,0.0016,13,14,0.1087,0.1304,0.002404,0.033042,0.0,0.006985,2.8979,1467.297,63.796,163.033,31.219,1.0632,0.9405,1439584.0,8.8478,0.0295,175.013,0.4386,6e-06,1.5225,0.5258,0.1727,1.0183,0.7631,1.7727,0.000709,0.006524,0.6546,0.2712,0.1561,0.1142,4.2304,176.0,8.0,8.0,4.0173,19.7541,172.821,0.0617,2,2,2,15.0,0.669,0.087,196.0,173.0,0.4336,0.3736,0.3699,0.4367,-0.4336,-0.3736,-0.454,-0.3362,0.0,0.1635,0.2121,0.4764,60.0,780.0,510.0,600.0,780.0,690.0,690.0,780.0,59.0,9.0,-4.233,0.0,163.033,0.3847,0.1759,0.0056,0.4764,1.8051,1.0,29.02,0.6089,18.64
28,2026-04-12T10:53:30+00:00,2026-04-12T11:04:30+00:00,11.0,-5.0,168.0,163.0,171.0,163.0,8.0,23,bajada,06:53,2026-04-12,,-0.0455,0.278,0.0909,0.8937,-0.8937,-0.0076,0.0492,0.1,-0.2,0.0544,0.0497,-0.0002,0.0024,0.0044,-0.01,0.0001,0.0024,0.0,0.0001,0.0005,-0.0001,0.0,0.0001,2,2,0.0455,0.0909,0.000515,0.004926,0.0,0.001293,0.2815,660.81,60.074,132.162,28.731,1.0012,0.9988,616070.0,0.0544,0.0001,163.663,0.0497,0.0,0.7654,0.3165,0.1178,0.8417,0.7991,1.5734,0.001449,0.004739,0.8509,0.6162,-0.0176,-0.0327,2.8237,163.0,0.0,0.0,3.0059,7.8911,163.105,0.0116,0,0,1,0.0,0.0,0.0,171.0,163.0,0.8937,0.9568,0.9499,0.8932,-0.8937,-0.9568,-0.8554,-0.9748,0.0,0.8729,0.9124,0.7486,30.0,90.0,0.0,60.0,60.0,90.0,90.0,90.0,3.0,5.0,-4.2,0.0,132.162,0.0049,0.0992,0.0126,0.9748,1.3243,1.0,35.96,0.7544,11.71
29,2026-04-12T11:49:30+00:00,2026-04-12T12:04:30+00:00,15.0,-25.0,163.0,138.0,163.0,138.0,25.0,31,bajada,07:49,2026-04-12,,-0.0667,0.7009,0.3,0.96,-0.96,-0.0278,0.1311,0.1667,-0.4667,0.5389,0.134,-0.0,0.007,0.0156,-0.02,0.0014,0.007,0.0,0.0004,0.0012,-0.0009,0.0,0.0004,9,10,0.1,0.1667,0.001338,0.006642,0.0,0.001893,1.2031,907.789,60.519,36.312,29.284,1.0083,0.9918,649795.0,0.5389,0.0014,144.78,0.134,1e-06,1.9148,0.5561,0.1325,0.5923,0.8205,1.4383,0.001075,0.002631,0.9168,0.8638,0.7066,0.535,1.9686,138.0,0.0,13.5,0.9809,-0.7198,143.04,0.064,1,2,1,9.0,0.711,0.067,157.0,148.0,0.96,0.9847,0.9781,0.9521,-0.96,-0.9847,-0.9445,-0.973,0.0,0.8693,0.8879,0.8496,0.0,360.0,270.0,180.0,300.0,300.0,300.0,360.0,0.0,25.0,-0.857,0.0,36.3116,0.0359,0.0785,0.0468,0.9847,0.8519,1.0,36.89,0.774,10.78
30,2026-04-12T14:19:00+00:00,2026-04-12T14:32:30+00:00,13.5,-13.0,138.0,125.0,144.0,125.0,19.0,28,bajada,10:19,2026-04-12,,-0.1111,0.6244,0.2963,0.9466,-0.9466,-0.016,0.0705,0.1333,-0.3,0.1411,0.0723,-0.0002,0.0034,0.01,-0.0122,0.0003,0.0034,0.0,0.0002,0.0007,-0.0004,0.0,0.0002,8,9,0.0741,0.1852,0.000587,0.004105,0.0,0.001075,0.4769,812.085,60.154,62.468,29.003,1.0024,0.9976,462154.0,0.1411,0.0003,128.474,0.0723,0.0,2.013,0.5464,0.1526,0.3928,0.8359,1.3735,0.00119,0.002698,0.9557,0.894,0.5425,0.3176,2.1027,125.0,0.0,5.5,1.5912,1.3652,127.417,0.0426,1,0,1,6.0,0.792,0.074,144.0,125.0,0.9466,0.978,0.966,0.9397,-0.9466,-0.978,-0.9269,-0.9766,0.0,0.8739,0.8931,0.8243,60.0,330.0,90.0,150.0,240.0,240.0,240.0,330.0,6.0,13.0,-2.6,-0.0,62.4681,0.0105,0.0599,0.0694,0.978,0.5395,1.0,39.38,0.8262,8.28
31,2026-04-12T15:47:00+00:00,2026-04-12T15:58:30+00:00,11.5,0.0,125.0,125.0,125.0,11.0,114.0,24,mixto,11:47,2026-04-12,,0.0,0.0819,0.1304,0.0304,-0.0304,0.0,1.1206,3.8,-3.8,28.88,1.1206,0.0,0.0661,0.2533,-0.1267,0.0963,0.0661,0.0002,0.004,0.0127,-0.0127,0.0003,0.004,3,3,0.0435,0.0435,0.006597,0.063333,0.0,0.018235,3.8,865.763,75.284,865762592.453,36.073,1.2547,0.797,359496.0,28.88,0.0963,122.389,1.1206,8e-05,0.2499,0.2052,0.2166,1.5407,0.8209,1.7194,0.001389,0.009028,0.4167,-0.0473,-0.0062,-0.0114,3.585,125.0,0.0,0.0,-4.5873,19.0435,125.0,0.1894,0,1,1,0.0,0.0,0.0,125.0,11.0,0.0304,0.0644,0.0851,0.0,-0.0304,-0.0644,-0.011,-0.0658,0.0,0.0629,0.0907,0.0,0.0,60.0,690.0,690.0,690.0,0.0,0.0,90.0,0.0,114.0,-22.8,-0.0,865.763,2.5113,0.3337,0.0,0.0907,2.6491,1.0,40.85,0.857,6.82
32,2026-04-12T21:26:30+00:00,2026-04-12T21:40:00+00:00,13.5,-12.0,125.0,113.0,130.0,113.0,17.0,28,bajada,17:26,2026-04-12,,-0.0741,0.6397,0.2963,0.9479,-0.9479,-0.0148,0.071,0.1667,-0.2333,0.1422,0.0726,-0.0,0.0039,0.0078,-0.0133,0.0004,0.0039,-0.0,0.0002,0.0007,-0.0006,0.0,0.0002,8,7,0.0741,0.1481,0.000563,0.003328,0.0,0.000927,0.4313,812.115,60.157,67.676,29.004,1.0025,0.9975,379133.0,0.1422,0.0004,116.364,0.0726,0.0,1.6122,0.476,0.1252,0.501,0.8117,1.3735,0.00119,0.002684,0.9302,0.8861,0.6663,0.37,1.9098,113.0,0.0,5.75,1.2347,0.0808,115.583,0.0442,0,1,1,0.0,0.0,0.0,130.0,123.0,0.9479,0.973,0.9617,0.9364,-0.9479,-0.973,-0.9325,-0.9672,0.0,0.8674,0.8812,0.8322,60.0,270.0,90.0,210.0,210.0,180.0,180.0,270.0,5.0,12.0,-1.2,-0.0,67.6762,0.0105,0.0627,0.0474,0.973,0.6881,1.0,46.51,0.9757,1.16
33,2026-04-12T21:52:30+00:00,2026-04-12T22:06:30+00:00,14.0,-9.0,113.0,104.0,118.0,104.0,14.0,29,bajada,17:52,2026-04-12,,-0.1071,0.4363,0.2143,0.9135,-0.9135,-0.0107,0.1309,0.3667,-0.4667,0.4833,0.1314,0.0002,0.0076,0.0156,-0.0278,0.0016,0.0076,-0.0,0.0005,0.0014,-0.0013,0.0,0.0005,6,5,0.0714,0.1786,0.001136,0.006918,0.0,0.001998,0.8908,847.003,60.5,94.111,29.207,1.0083,0.9918,326722.0,0.4833,0.0016,106.143,0.1314,1e-06,1.4704,0.5436,0.1112,1.0628,0.6707,1.5076,0.001149,0.005245,0.7495,0.4797,0.3659,0.4292,2.936,104.0,0.0,3.0,1.9003,2.437,105.32,0.0373,1,1,1,8.0,0.65,0.071,117.0,107.0,0.9135,0.9459,0.9384,0.9086,-0.9135,-0.9459,-0.8936,-0.9411,0.0,0.8465,0.8662,0.8006,210.0,240.0,90.0,30.0,150.0,150.0,150.0,240.0,5.0,9.0,-1.0,-0.0,94.1114,0.0345,0.1182,0.0467,0.9459,1.6023,1.0,46.94,0.9848,0.72
34,2026-04-13T10:23:00+00:00,2026-04-13T10:37:30+00:00,14.5,-4.0,102.0,98.0,119.0,98.0,21.0,30,bajada,06:23,2026-04-13,,0.0,0.4408,0.3448,0.4241,-0.4241,-0.0046,0.163,0.4667,-0.4333,0.7711,0.1631,-0.0,0.0089,0.0156,-0.0256,0.0022,0.0089,-0.0,0.0005,0.0013,-0.0012,0.0,0.0005,10,9,0.1379,0.1379,0.001396,0.007778,0.0,0.002314,1.1397,881.151,60.769,220.288,29.372,1.0128,0.9874,309538.0,0.7711,0.0022,101.577,0.1631,2e-06,1.6323,0.4444,0.1325,0.8693,0.7149,1.4721,0.001111,0.003559,0.863,0.6961,0.525,0.3665,2.4828,98.0,0.0,4.0,1.7583,1.7266,100.0,0.0591,1,1,1,17.0,1.121,0.069,119.0,103.0,0.4241,0.3505,0.3265,0.4349,-0.4241,-0.3505,-0.4682,-0.3171,0.0,0.2655,0.2161,0.4632,90.0,330.0,0.0,270.0,270.0,330.0,330.0,330.0,17.0,4.0,4.514,-0.0,220.2877,0.0532,0.1152,0.0,0.4682,1.2797,,,,
35,2026-04-13T10:41:00+00:00,2026-04-13T10:52:30+00:00,11.5,0.0,98.0,98.0,138.0,98.0,40.0,24,mixto,06:41,2026-04-13,,0.0,0.0819,0.1304,-0.0304,0.0304,0.0,0.3932,1.3333,-1.3333,3.5556,0.3932,0.0,0.0232,0.0444,-0.0889,0.0119,0.0232,-0.0001,0.0014,0.0044,-0.0044,0.0,0.0014,3,3,0.0435,0.0435,0.002315,0.022222,0.0,0.006398,1.3333,730.0,63.478,730000000.0,30.417,1.058,0.9452,239936.0,3.5556,0.0119,99.987,0.3932,1.5e-05,0.2499,0.2052,0.2166,1.5407,0.8209,1.5283,0.001389,0.009028,0.4167,-0.0473,-0.0062,-0.0114,3.585,98.0,0.0,0.0,4.5873,19.0435,98.0,0.0802,1,0,1,40.0,0.5,0.087,138.0,98.0,-0.0304,-0.0644,-0.0851,0.0,0.0304,0.0644,0.011,0.0658,0.0,-0.0629,-0.0907,0.0,60.0,0.0,690.0,690.0,690.0,0.0,0.0,90.0,40.0,0.0,8.0,0.0,730.0,0.3092,0.3337,0.0,0.0907,2.3547,,,,
36,2026-04-13T12:20:30+00:00,2026-04-13T12:33:30+00:00,13.0,75.0,98.0,173.0,187.0,98.0,89.0,27,subida,08:20,2026-04-13,,-0.1538,0.1013,0.2692,-0.8695,0.8695,0.0962,0.5755,2.9667,-0.1667,8.8522,0.5835,-0.0,0.0283,0.0989,-0.1011,0.0201,0.0283,-0.0001,0.0015,0.0034,-0.0067,0.0001,0.0015,7,9,0.0385,0.1923,0.003278,0.049444,0.0,0.010273,1.9132,844.683,64.976,11.262,31.285,1.078,0.9277,786683.0,8.8522,0.0201,170.694,0.5835,1.1e-05,0.9683,0.5858,0.1218,0.5974,0.9576,1.7611,0.003704,0.005749,0.7654,0.4464,-0.147,-0.0914,3.2845,173.0,0.0,1.0,-3.0161,7.7334,174.217,0.1217,1,0,1,14.0,1.539,0.077,187.0,98.0,-0.8695,-0.9429,-0.944,-0.8561,0.8695,0.9429,0.825,0.9581,0.0,-0.8648,-0.9128,-0.7029,60.0,0.0,0.0,0.0,270.0,270.0,270.0,270.0,14.0,0.0,52.2,-0.0,11.2624,0.6809,0.0728,0.0156,0.9581,1.0521,2.0,0.07,0.004,18.49
37,2026-04-13T13:13:00+00:00,2026-04-13T13:24:30+00:00,11.5,-2.0,173.0,171.0,200.0,168.0,32.0,24,mixto,09:13,2026-04-13,,0.0435,0.0449,0.3478,0.3373,-0.3373,-0.0029,0.2932,0.9,-1.0667,1.9778,0.2932,-0.0,0.0173,0.0356,-0.0656,0.0066,0.0173,-0.0,0.001,0.0034,-0.0032,0.0,0.001,8,8,0.1304,0.087,0.00202,0.01622,0.0,0.004464,1.2295,714.673,62.145,357.337,29.778,1.0358,0.9655,704766.0,1.9778,0.0066,171.363,0.2932,3e-06,0.6584,0.3701,0.3969,1.1869,0.7748,2.1014,0.001389,0.008336,0.4547,0.0415,0.0598,-0.0708,3.5402,171.0,1.0,3.0,4.0631,16.048,170.05,0.0363,1,2,2,3.0,0.5,0.087,171.0,168.0,0.3373,0.3716,0.3466,0.3712,-0.3373,-0.3716,-0.3204,-0.4001,0.0,0.4081,0.3926,0.2422,60.0,90.0,0.0,0.0,150.0,150.0,150.0,390.0,27.0,5.0,2.4,0.0,357.3365,0.172,0.4711,0.002,0.4081,2.4942,2.0,0.95,0.0512,17.62
38,2026-04-13T13:26:30+00:00,2026-04-13T13:39:30+00:00,13.0,-11.0,171.0,160.0,174.0,160.0,14.0,27,bajada,09:26,2026-04-13,,-0.1154,0.6247,0.3077,0.9465,-0.9465,-0.0141,0.0516,0.1,-0.2,0.0744,0.0535,0.0,0.0024,0.0067,-0.0067,0.0001,0.0024,-0.0,0.0001,0.0004,-0.0003,0.0,0.0001,8,9,0.0385,0.1538,0.00044,0.002491,0.0,0.000744,0.3312,781.11,60.085,71.01,28.93,1.0013,0.9987,716639.0,0.0744,0.0001,162.918,0.0535,0.0,1.783,0.4879,0.1526,0.2459,0.8833,1.4089,0.001235,0.002468,0.9521,0.9116,0.6304,0.2545,1.8267,160.0,0.0,3.5,1.3933,0.3988,162.13,0.0284,1,0,1,3.0,0.875,0.077,174.0,160.0,0.9465,0.976,0.9644,0.9443,-0.9465,-0.976,-0.9282,-0.9763,0.0,0.8721,0.8893,0.8179,60.0,300.0,120.0,180.0,210.0,210.0,210.0,300.0,3.0,11.0,-0.6,-0.0,71.01,0.0057,0.0375,0.0721,0.9763,0.3464,2.0,1.18,0.0633,17.39
39,2026-04-13T16:47:00+00:00,2026-04-13T16:58:30+00:00,11.5,-2.0,160.0,158.0,167.0,158.0,9.0,24,mixto,12:47,2026-04-13,,0.0,0.1779,0.1304,0.7015,-0.7015,-0.0029,0.0792,0.2333,-0.3,0.1444,0.0792,0.0,0.0047,0.01,-0.0178,0.0005,0.0047,-0.0,0.0003,0.0009,-0.0009,0.0,0.0003,3,3,0.0435,0.0435,0.000496,0.004437,0.0,0.00122,0.2989,692.127,60.185,346.063,28.839,1.0031,0.9969,603333.0,0.1444,0.0005,158.552,0.0792,0.0,0.6584,0.2052,0.1112,1.1928,0.7936,1.5283,0.001389,0.007599,0.5763,0.2005,-0.0123,-0.0226,3.4622,158.0,0.0,0.0,4.0144,15.3267,158.1,0.0117,0,0,1,0.0,0.0,0.0,167.0,158.0,0.7015,0.7309,0.7137,0.7245,-0.7015,-0.7309,-0.6829,-0.7417,0.0,0.6651,0.6788,0.591,60.0,90.0,0.0,0.0,90.0,90.0,90.0,90.0,7.0,2.0,0.2,0.0,346.0635,0.0126,0.1326,0.0,0.7417,1.823,2.0,4.52,0.2433,14.05
40,2026-04-13T19:05:00+00:00,2026-04-13T19:21:00+00:00,16.0,-16.0,158.0,142.0,161.0,142.0,19.0,33,bajada,15:05,2026-04-13,,-0.125,0.6916,0.4062,0.9588,-0.9588,-0.0167,0.0928,0.2,-0.3,0.2844,0.0943,-0.0001,0.0053,0.01,-0.0167,0.0009,0.0053,0.0,0.0003,0.0009,-0.0009,0.0,0.0003,13,12,0.0938,0.2188,0.000861,0.004926,0.0,0.001363,0.7785,964.215,60.263,60.263,29.219,1.0043,0.9958,704524.0,0.2844,0.0009,146.114,0.0943,0.0,2.1515,0.6901,0.1252,0.719,0.768,1.3757,0.00101,0.00282,0.9333,0.8355,0.6393,0.5516,2.2571,142.0,0.0,7.0,1.2159,0.1316,145.0,0.0395,1,2,1,6.0,0.55,0.062,153.0,147.0,0.9588,0.9875,0.9809,0.9502,-0.9588,-0.9875,-0.9403,-0.9799,0.0,0.8725,0.8955,0.8386,30.0,420.0,60.0,180.0,240.0,300.0,300.0,420.0,3.0,16.0,-1.543,0.0,60.2634,0.0178,0.09,0.0864,0.9875,0.9891,2.0,6.82,0.3671,11.75
41,2026-04-13T23:44:30+00:00,2026-04-13T23:56:00+00:00,11.5,-1.0,142.0,141.0,142.0,25.0,117.0,24,mixto,19:44,2026-04-13,,0.0,0.0785,0.1304,0.0658,-0.0658,-0.0014,1.1451,3.8667,-3.9,30.1611,1.1451,0.0,0.0676,0.2589,-0.13,0.1005,0.0676,0.0002,0.0041,0.013,-0.0129,0.0004,0.0041,3,3,0.0435,0.0435,0.006749,0.065,0.0,0.018659,3.8841,870.601,75.704,870.601,36.275,1.2617,0.7926,458454.0,30.1611,0.1005,138.211,1.1451,6.6e-05,0.2499,0.2052,0.2166,1.5317,0.8219,1.7194,0.009722,0.009073,0.4114,-0.0552,-0.006,-0.011,3.5848,141.0,0.0,0.0,-4.5863,19.0373,141.0,0.1703,0,0,1,0.0,0.0,0.0,142.0,25.0,0.0658,0.1023,0.1228,0.0357,-0.0658,-0.1023,-0.045,-0.1042,0.0,0.0975,0.1267,0.0291,0.0,60.0,0.0,0.0,90.0,90.0,90.0,90.0,0.0,117.0,-24.0,0.0,870.601,2.6227,0.3318,0.0,0.1267,2.6336,2.0,11.47,0.618,7.09
42,2026-04-14T00:06:00+00:00,2026-04-14T00:19:30+00:00,13.5,-13.0,144.0,131.0,145.0,131.0,14.0,28,bajada,20:06,2026-04-13,,-0.1111,0.4659,0.1852,0.926,-0.926,-0.016,0.0983,0.3,-0.2333,0.2678,0.0996,0.0002,0.0054,0.0133,-0.0178,0.0008,0.0054,-0.0,0.0003,0.0007,-0.001,0.0,0.0003,5,5,0.0741,0.1852,0.000725,0.004992,0.0,0.001348,0.5926,813.964,60.294,62.613,29.07,1.0048,0.9953,495461.0,0.2678,0.0008,133.023,0.0996,1e-06,1.3703,0.558,0.1112,0.9203,0.7521,1.3735,0.00119,0.004535,0.7211,0.6,0.6784,0.1091,2.612,131.0,0.0,0.5,1.9655,2.6903,132.167,0.0296,1,1,1,9.0,0.571,0.074,145.0,136.0,0.926,0.9788,0.9743,0.9148,-0.926,-0.9788,-0.8937,-0.9886,0.0,0.8894,0.9211,0.7806,90.0,210.0,30.0,120.0,150.0,150.0,150.0,210.0,1.0,13.0,-1.2,-0.0,62.6126,0.0198,0.1023,0.0518,0.9886,1.264,2.0,11.83,0.6373,6.73
43,2026-04-14T06:26:00+00:00,2026-04-14T06:42:00+00:00,16.0,-20.0,131.0,111.0,131.0,111.0,20.0,33,bajada,02:26,2026-04-14,,-0.125,0.7037,0.3125,0.9572,-0.9572,-0.0208,0.066,0.1,-0.2667,0.1533,0.0692,0.0,0.0037,0.0089,-0.0122,0.0004,0.0037,0.0,0.0002,0.0007,-0.0006,0.0,0.0002,10,12,0.0312,0.1562,0.000535,0.003333,0.0,0.00083,0.4795,962.274,60.142,48.114,29.16,1.0022,0.9979,439800.0,0.1533,0.0004,115.444,0.0692,0.0,1.7564,0.5208,0.1229,0.2901,0.9302,1.3757,0.00101,0.002615,0.9208,0.8715,0.6988,0.4982,2.1785,111.0,0.0,8.0,1.1759,0.1126,114.222,0.0545,0,1,1,0.0,0.0,0.0,131.0,116.0,0.9572,0.9947,0.9894,0.9504,-0.9572,-0.9947,-0.9338,-0.9922,0.0,0.8882,0.9143,0.8253,0.0,360.0,60.0,150.0,300.0,360.0,360.0,360.0,0.0,20.0,-3.886,-0.0,48.1137,0.0096,0.0357,0.088,0.9947,0.3991,2.0,18.17,0.9785,0.4
44,2026-04-14T11:45:00+00:00,2026-04-14T12:18:00+00:00,33.0,112.0,111.0,223.0,223.0,97.0,126.0,67,subida,07:45,2026-04-14,,0.0,0.5665,0.1818,-0.7417,0.7417,0.0566,0.5188,4.2,-0.3667,17.9778,0.5219,0.0,0.0249,0.14,-0.14,0.0402,0.0249,-0.0,0.0014,0.0047,-0.0093,0.0001,0.0014,12,15,0.0758,0.0758,0.001617,0.035,0.0,0.005956,3.2084,2084.501,63.167,18.612,31.112,1.0511,0.9514,1536243.0,17.9778,0.0402,151.423,0.5219,1.2e-05,1.2376,0.299,0.0963,0.1158,0.9052,1.5392,0.000498,0.001196,0.9761,0.9572,0.8695,0.7744,1.7831,109.0,12.0,126.0,0.776,-1.3587,136.564,0.3965,0,1,3,0.0,0.0,0.0,223.0,97.0,-0.7417,-0.6127,-0.6395,-0.7373,0.7417,0.6127,0.7675,0.5343,0.0,-0.1775,-0.2596,-0.8578,1380.0,750.0,510.0,510.0,1380.0,870.0,870.0,1380.0,0.0,14.0,-0.549,0.0,18.6116,0.5448,0.0112,0.0,0.8578,0.1782,3.0,1.17,0.0224,50.93
45,2026-04-14T17:14:30+00:00,2026-04-14T17:28:00+00:00,13.5,-15.0,225.0,210.0,225.0,210.0,15.0,28,bajada,13:14,2026-04-14,,-0.1111,0.4917,0.2222,0.9282,-0.9282,-0.0185,0.0766,0.1667,-0.2667,0.1678,0.0788,-0.0,0.0043,0.0089,-0.0144,0.0005,0.0043,0.0,0.0003,0.0008,-0.0008,0.0,0.0003,6,6,0.037,0.1481,0.000581,0.003889,0.0,0.001048,0.4293,812.484,60.184,54.166,29.017,1.0029,0.9971,1261079.0,0.1678,0.0005,212.223,0.0788,0.0,1.2988,0.517,0.1112,0.585,0.8671,1.3735,0.00119,0.004043,0.8578,0.7215,0.3995,0.2714,2.7826,210.0,0.0,0.75,1.9754,2.7909,211.292,0.0204,0,1,1,0.0,0.0,0.0,225.0,213.0,0.9282,0.9843,0.9796,0.9142,-0.9282,-0.9843,-0.894,-0.9945,0.0,0.8949,0.9293,0.7799,0.0,210.0,60.0,60.0,150.0,150.0,150.0,210.0,0.0,15.0,-5.4,-0.0,54.1656,0.0124,0.0651,0.0546,0.9945,0.8035,3.0,6.66,0.1278,45.44
46,2026-04-14T21:44:30+00:00,2026-04-14T21:59:00+00:00,14.5,-17.0,210.0,193.0,212.0,193.0,19.0,30,bajada,17:44,2026-04-14,,-0.1379,0.6799,0.3448,0.9555,-0.9555,-0.0195,0.0776,0.2,-0.3,0.1856,0.08,0.0002,0.0043,0.01,-0.0167,0.0005,0.0043,-0.0,0.0003,0.0009,-0.0008,0.0,0.0003,10,11,0.0345,0.1724,0.000607,0.004151,0.0,0.001064,0.5135,872.745,60.189,51.338,29.092,1.003,0.997,1162064.0,0.1856,0.0005,196.813,0.08,0.0,1.9546,0.4737,0.1501,0.448,0.8643,1.4721,0.001111,0.00287,0.8864,0.8389,0.7294,0.4411,2.0805,193.0,0.0,7.0,1.3493,0.6022,195.625,0.0285,0,1,1,0.0,0.0,0.0,212.0,206.0,0.9555,0.9917,0.9856,0.9513,-0.9555,-0.9917,-0.9329,-0.9906,0.0,0.8853,0.9098,0.823,90.0,360.0,30.0,120.0,270.0,270.0,270.0,360.0,2.0,17.0,-2.171,0.0,51.3379,0.0128,0.0672,0.0938,0.9917,0.6595,3.0,11.16,0.2142,40.94
47,2026-04-15T00:50:30+00:00,2026-04-15T01:02:00+00:00,11.5,-6.0,191.0,185.0,194.0,185.0,9.0,24,bajada,20:50,2026-04-14,,0.0,0.3056,0.1304,0.8973,-0.8973,-0.0087,0.0654,0.1,-0.3,0.1,0.0659,0.0,0.0036,0.01,-0.0133,0.0003,0.0036,-0.0,0.0002,0.0008,-0.0006,0.0,0.0002,3,3,0.0435,0.0435,0.000447,0.003284,0.0,0.000921,0.2967,691.471,60.128,115.245,28.811,1.0021,0.9979,829323.0,0.1,0.0003,185.89,0.0659,0.0,0.6584,0.2052,0.1112,0.6596,0.8209,1.5283,0.001389,0.005216,0.8204,0.5899,-0.0195,-0.0359,2.9229,185.0,0.0,0.0,2.4825,4.6144,185.3,0.0127,0,0,1,0.0,0.0,0.0,194.0,185.0,0.8973,0.9563,0.9482,0.9063,-0.8973,-0.9563,-0.8614,-0.9706,0.0,0.8729,0.9081,0.7392,60.0,90.0,0.0,0.0,90.0,90.0,90.0,90.0,3.0,6.0,-3.0,0.0,115.2452,0.0087,0.0733,0.0,0.9706,1.0081,3.0,14.26,0.2737,37.84
48,2026-04-15T08:40:00+00:00,2026-04-15T08:54:00+00:00,14.0,-14.0,185.0,171.0,185.0,171.0,14.0,29,bajada,04:40,2026-04-15,,-0.1429,0.6629,0.2857,0.952,-0.952,-0.0167,0.0423,0.0,-0.1667,0.0578,0.0454,0.0,0.0022,0.0056,-0.0056,0.0001,0.0022,0.0,0.0001,0.0004,-0.0002,0.0,0.0001,8,9,0.0,0.1429,0.000353,0.002778,0.0,0.000658,0.2656,840.863,60.062,60.062,28.995,1.0009,0.9991,876839.0,0.0578,0.0001,173.885,0.0454,0.0,1.5921,0.4538,0.1387,0.1631,1.0,1.5076,0.001149,0.002767,0.9336,0.869,0.6504,0.4245,2.1272,171.0,0.0,6.0,1.3169,0.3769,173.16,0.0256,0,0,1,0.0,0.0,0.0,185.0,171.0,0.952,0.9936,0.9875,0.9414,-0.952,-0.9936,-0.9265,-0.9933,0.0,0.8924,0.9188,0.8265,0.0,300.0,60.0,180.0,240.0,300.0,300.0,300.0,0.0,14.0,-3.0,-0.0,60.0616,0.0041,0.0226,0.0947,0.9936,0.2459,3.0,22.08,0.4239,30.02
49,2026-04-15T10:45:00+00:00,2026-04-15T10:57:00+00:00,12.0,-14.0,171.0,157.0,172.0,157.0,15.0,25,bajada,06:45,2026-04-15,,-0.125,0.568,0.3333,0.9407,-0.9407,-0.0194,0.0876,0.2,-0.3333,0.1933,0.0898,0.0,0.0053,0.0122,-0.0178,0.0007,0.0053,0.0,0.0003,0.001,-0.001,0.0,0.0003,8,8,0.0417,0.1667,0.000453,0.003035,0.0,0.000865,0.2984,722.847,60.237,51.632,28.914,1.0038,0.9962,638343.0,0.1933,0.0007,159.793,0.0898,0.0,1.5142,0.5497,0.1431,0.488,0.8387,1.486,0.001333,0.003587,0.8621,0.765,0.5446,0.1551,2.3047,157.0,0.0,3.0,1.6606,1.2697,158.857,0.0302,0,0,1,0.0,0.0,0.0,172.0,157.0,0.9407,0.9864,0.9787,0.9358,-0.9407,-0.9864,-0.913,-0.9915,0.0,0.8895,0.9171,0.8026,90.0,240.0,60.0,60.0,180.0,240.0,240.0,240.0,1.0,14.0,-3.4,-0.0,51.6319,0.0161,0.0698,0.071,0.9915,0.7252,3.0,24.17,0.4639,27.93
50,2026-04-15T13:59:00+00:00,2026-04-15T14:08:30+00:00,9.5,-5.0,153.0,148.0,153.0,148.0,5.0,20,bajada,09:59,2026-04-15,,-0.1053,0.5086,0.2105,0.9303,-0.9303,-0.0088,0.0261,0.0,-0.1,0.0144,0.0276,0.0,0.0013,0.0033,-0.0033,0.0,0.0013,0.0,0.0001,0.0002,-0.0001,0.0,0.0001,4,5,0.0,0.1053,0.000263,0.001667,0.0,0.000434,0.1331,570.216,60.023,114.043,28.511,1.0003,0.9997,442878.0,0.0144,0.0,148.808,0.0276,0.0,1.054,0.3816,0.1798,0.2961,1.0,1.5127,0.001667,0.004271,0.8041,0.718,0.3558,-0.0867,2.3836,148.0,0.0,0.5,1.8878,2.2441,148.375,0.0105,0,0,1,0.0,0.0,0.0,153.0,148.0,0.9303,0.9855,0.9794,0.9156,-0.9303,-0.9855,-0.8975,-0.9963,0.0,0.892,0.9246,0.793,0.0,150.0,0.0,60.0,60.0,150.0,150.0,150.0,0.0,5.0,-2.4,0.0,114.0432,0.0015,0.0532,0.0536,0.9963,0.4479,3.0,27.4,0.5259,24.7
51,2026-04-15T20:42:00+00:00,2026-04-15T20:53:00+00:00,11.0,-7.0,146.0,139.0,146.0,139.0,7.0,23,bajada,16:42,2026-04-15,,-0.0455,0.2386,0.0909,0.8927,-0.8927,-0.0106,0.0486,0.0,-0.2333,0.0544,0.0497,0.0,0.0024,0.0078,-0.0078,0.0001,0.0024,0.0,0.0001,0.0005,-0.0003,0.0,0.0001,2,2,0.0,0.0455,0.000419,0.003889,0.0,0.000981,0.231,660.806,60.073,94.401,28.731,1.0012,0.9988,448373.0,0.0544,0.0001,139.623,0.0497,0.0,0.4262,0.2124,0.1112,0.6381,1.0,1.5734,0.001449,0.005405,0.7775,0.5184,-0.0143,-0.0265,3.0029,139.0,0.0,0.0,2.9318,6.5952,139.0,0.0141,0,0,1,0.0,0.0,0.0,146.0,139.0,0.8927,0.9612,0.9595,0.8872,-0.8927,-0.9612,-0.8514,-0.9801,0.0,0.8773,0.9214,0.7436,0.0,60.0,0.0,0.0,60.0,60.0,60.0,60.0,0.0,7.0,-5.6,0.0,94.4009,0.0049,0.071,0.0109,0.9801,1.004,3.0,34.12,0.6548,17.98
52,2026-04-15T21:28:30+00:00,2026-04-15T21:41:30+00:00,13.0,-8.0,136.0,128.0,139.0,128.0,11.0,27,bajada,17:28,2026-04-15,,0.0,0.4727,0.2308,0.9222,-0.9222,-0.0103,0.0772,0.1333,-0.3,0.1578,0.0779,-0.0001,0.0039,0.01,-0.01,0.0004,0.0039,0.0,0.0002,0.0007,-0.0003,0.0,0.0002,6,4,0.0769,0.0769,0.000923,0.004926,0.0,0.0015,0.6737,782.33,60.179,97.791,28.975,1.0029,0.9971,454797.0,0.1578,0.0004,129.786,0.0779,0.0,1.1905,0.3073,0.1112,0.7202,0.7652,1.4089,0.001235,0.003641,0.8473,0.735,0.4814,0.1604,2.4049,128.0,0.0,0.0,1.6368,1.0382,129.174,0.0263,1,1,1,4.0,0.861,0.077,137.0,133.0,0.9222,0.9625,0.9522,0.9062,-0.9222,-0.9625,-0.8977,-0.9696,0.0,0.8696,0.8921,0.7819,30.0,180.0,60.0,60.0,180.0,180.0,180.0,180.0,3.0,8.0,-0.8,-0.0,97.7913,0.0121,0.0801,0.0,0.9696,1.0147,3.0,34.89,0.6697,17.21
53,2026-04-16T10:01:30+00:00,2026-04-16T10:20:30+00:00,19.0,-27.0,128.0,101.0,128.0,101.0,27.0,39,bajada,06:01,2026-04-16,,-0.0789,0.8021,0.3947,0.9737,-0.9737,-0.0237,0.1313,0.3,-0.4333,0.6767,0.1334,-0.0,0.0075,0.0144,-0.0244,0.0021,0.0075,0.0,0.0005,0.0013,-0.0011,0.0,0.0005,15,17,0.1053,0.1842,0.001234,0.006071,0.0,0.001635,1.4022,1149.884,60.52,42.588,29.484,1.0084,0.9917,466692.0,0.6767,0.0021,109.391,0.1334,1e-06,2.4081,0.5812,0.1372,0.6713,0.7865,1.3552,0.000855,0.00233,0.9277,0.8768,0.7933,0.6677,1.9581,101.0,0.0,15.0,0.708,-1.0344,108.0,0.0876,0,4,1,0.0,0.0,0.0,128.0,108.0,0.9737,0.9863,0.9831,0.9665,-0.9737,-0.9863,-0.9633,-0.9692,0.0,0.8437,0.8688,0.877,0.0,570.0,150.0,210.0,450.0,360.0,360.0,570.0,0.0,27.0,-1.214,0.0,42.5883,0.0356,0.0921,0.0633,0.9863,0.9097,3.0,47.44,0.9106,4.66
54,2026-04-16T14:09:30+00:00,2026-04-16T14:23:30+00:00,14.0,-16.0,104.0,88.0,104.0,88.0,16.0,29,bajada,10:09,2026-04-16,,-0.1071,0.5521,0.1786,0.9385,-0.9385,-0.019,0.0814,0.2,-0.3,0.1956,0.0836,0.0002,0.0031,0.01,-0.0067,0.0003,0.0031,-0.0,0.0002,0.0005,-0.0004,0.0,0.0002,5,5,0.0357,0.1429,0.000866,0.005498,0.0,0.001409,0.7374,842.892,60.207,52.681,29.065,1.0033,0.9967,241106.0,0.1956,0.0003,91.181,0.0836,1e-06,1.3325,0.3765,0.1171,0.5157,0.8575,1.5076,0.001149,0.003259,0.9244,0.7996,0.4657,0.4548,2.3181,88.0,0.0,8.0,1.3267,0.1905,90.32,0.0568,1,1,1,6.0,1.05,0.071,102.0,96.0,0.9385,0.9798,0.9758,0.923,-0.9385,-0.9798,-0.9136,-0.9794,0.0,0.881,0.9064,0.8138,0.0,240.0,30.0,60.0,60.0,90.0,90.0,240.0,0.0,16.0,-3.8,-0.0,52.6808,0.014,0.0604,0.0591,0.9798,0.7775,3.0,51.58,0.9899,0.53
55,2026-04-19T01:26:30+00:00,2026-04-19T01:39:00+00:00,12.5,-17.0,146.0,129.0,146.0,129.0,17.0,26,bajada,21:26,2026-04-18,,-0.12,0.6202,0.24,0.9434,-0.9434,-0.0227,0.0691,0.0667,-0.3,0.1322,0.0727,0.0,0.0037,0.0122,-0.01,0.0003,0.0037,0.0,0.0002,0.0007,-0.0006,0.0,0.0002,6,8,0.04,0.16,0.000646,0.005,0.0,0.001095,0.4292,751.952,60.156,44.232,28.921,1.0023,0.9977,453919.0,0.1322,0.0003,132.13,0.0727,0.0,1.6385,0.5004,0.1803,0.3708,0.9391,1.4463,0.001282,0.003631,0.8723,0.7737,0.5032,0.2533,2.507,129.0,0.0,4.0,1.776,2.2612,131.045,0.0373,0,0,2,0.0,0.0,0.0,146.0,129.0,0.9434,0.9914,0.9872,0.9331,-0.9434,-0.9914,-0.9141,-0.994,0.0,0.8895,0.9216,0.8142,0.0,300.0,90.0,60.0,150.0,300.0,300.0,300.0,0.0,17.0,-5.4,-0.0,44.2325,0.0106,0.0669,0.0744,0.994,0.5363,,,,
56,2026-04-19T05:11:00+00:00,2026-04-19T05:28:00+00:00,17.0,-6.0,129.0,123.0,135.0,123.0,12.0,35,bajada,01:11,2026-04-19,,-0.0294,0.5811,0.3235,0.8328,-0.8328,-0.0059,0.1136,0.2333,-0.3,0.44,0.1138,0.0,0.0066,0.0167,-0.0167,0.0014,0.0066,-0.0,0.0004,0.0009,-0.0009,0.0,0.0004,11,13,0.1176,0.1471,0.000947,0.004167,0.0,0.001404,0.9448,1026.495,60.382,171.082,29.328,1.0064,0.9937,554744.0,0.44,0.0014,125.896,0.1138,1e-06,1.8438,0.55,0.1286,0.9225,0.6142,1.319,0.000952,0.003664,0.8246,0.6712,0.5972,0.4505,2.523,123.0,0.0,5.0,1.2035,-0.0105,125.172,0.0328,3,3,1,6.333,0.859,0.176,135.0,126.0,0.8328,0.8,0.7864,0.8356,-0.8328,-0.8,-0.8508,-0.7598,0.0,0.6592,0.6504,0.808,60.0,420.0,240.0,150.0,150.0,420.0,420.0,420.0,6.0,6.0,0.214,0.0,171.0825,0.0259,0.1186,0.0171,0.8508,1.2168,,,,
57,2026-04-19T09:44:00+00:00,2026-04-19T09:58:00+00:00,14.0,-16.0,123.0,107.0,123.0,107.0,16.0,29,bajada,05:44,2026-04-19,,-0.1071,0.5876,0.25,0.9431,-0.9431,-0.019,0.0928,0.2333,-0.3667,0.2511,0.0947,-0.0,0.0051,0.01,-0.02,0.0007,0.0051,0.0,0.0003,0.001,-0.0009,0.0,0.0003,7,7,0.0357,0.1429,0.000742,0.005519,0.0,0.001381,0.5953,843.685,60.263,52.73,29.093,1.0042,0.9958,352124.0,0.2511,0.0007,110.192,0.0947,1e-06,1.5754,0.4647,0.1243,0.5285,0.8427,1.5076,0.001149,0.003419,0.8612,0.7697,0.5827,0.3269,2.4006,107.0,0.0,6.0,1.4168,0.5159,109.28,0.0472,0,1,1,0.0,0.0,0.0,123.0,113.0,0.9431,0.9871,0.9812,0.9327,-0.9431,-0.9871,-0.9163,-0.9882,0.0,0.8889,0.9163,0.815,0.0,270.0,210.0,60.0,150.0,30.0,30.0,270.0,0.0,16.0,-3.6,-0.0,52.7303,0.0179,0.0657,0.0629,0.9882,0.7968,,,,
58,2026-04-19T15:52:00+00:00,2026-04-19T16:03:30+00:00,11.5,-10.0,104.0,94.0,104.0,94.0,10.0,24,bajada,11:52,2026-04-19,,-0.1304,0.4909,0.1739,0.9284,-0.9284,-0.0145,0.0378,0.0,-0.1333,0.0378,0.0405,0.0,0.0016,0.0044,-0.0033,0.0001,0.0016,0.0,0.0001,0.0002,-0.0001,0.0,0.0001,4,5,0.0,0.1304,0.000357,0.001937,0.0,0.000626,0.2324,690.565,60.049,69.056,28.774,1.0007,0.9993,219108.0,0.0378,0.0001,95.548,0.0405,0.0,1.1761,0.4329,0.1418,0.2607,1.0,1.5283,0.001389,0.003673,0.8874,0.7885,0.3127,0.0811,2.4783,94.0,0.0,0.75,1.9906,2.5814,94.8,0.0318,0,0,1,0.0,0.0,0.0,104.0,94.0,0.9284,0.9853,0.9793,0.9269,-0.9284,-0.9853,-0.894,-0.9967,0.0,0.8956,0.9298,0.7705,0.0,180.0,60.0,60.0,90.0,180.0,180.0,180.0,0.0,10.0,-4.8,-0.0,69.0565,0.0033,0.037,0.064,0.9967,0.3984,,,,
59,2026-04-19T16:48:00+00:00,2026-04-19T16:59:00+00:00,11.0,100.0,94.0,194.0,194.0,94.0,100.0,23,subida,12:48,2026-04-19,,0.0455,0.2386,0.0909,-0.8927,0.8927,0.1515,0.6943,3.3333,0.0,11.1111,0.7107,0.0,0.0343,0.1111,-0.1111,0.0247,0.0343,-0.0002,0.0018,0.0037,-0.0074,0.0001,0.0019,2,2,0.0455,0.0,0.003952,0.055556,0.0,0.012384,1.8937,734.403,66.764,7.344,31.931,1.1002,0.9089,808028.0,11.1111,0.0247,187.434,0.7107,1.4e-05,0.4262,-0.0,0.1112,0.6381,1.0,1.7701,0.001449,0.005405,0.7775,0.5184,-0.0143,-0.0265,3.0029,194.0,0.0,0.0,-2.9318,6.5952,194.0,0.1521,0,0,1,0.0,0.0,0.0,194.0,94.0,-0.8927,-0.9612,-0.9595,-0.8872,0.8927,0.9612,0.8514,0.9801,0.0,-0.8773,-0.9214,-0.7436,60.0,0.0,0.0,0.0,60.0,60.0,60.0,60.0,0.0,0.0,80.0,0.0,7.344,1.0101,0.071,0.0109,0.9801,1.1295,4.0,0.3,0.0066,45.05
60,2026-04-19T20:35:30+00:00,2026-04-19T20:50:00+00:00,14.5,-18.0,192.0,174.0,192.0,174.0,18.0,30,bajada,16:35,2026-04-19,,-0.1724,0.6879,0.3103,0.9578,-0.9578,-0.0207,0.0556,0.1,-0.2,0.1022,0.0594,-0.0,0.0026,0.0044,-0.01,0.0002,0.0026,0.0,0.0001,0.0004,-0.0004,0.0,0.0001,9,9,0.0345,0.2069,0.000443,0.003598,0.0,0.000844,0.3816,871.525,60.105,48.418,29.051,1.0015,0.9985,954241.0,0.1022,0.0002,178.348,0.0594,0.0,1.8832,0.574,0.1252,0.2566,0.922,1.4721,0.001111,0.002423,0.9383,0.9083,0.705,0.4543,1.9178,174.0,0.0,9.25,1.1188,-0.4038,177.125,0.0359,0,1,1,0.0,0.0,0.0,192.0,184.0,0.9578,0.991,0.9832,0.9531,-0.9578,-0.991,-0.9373,-0.989,0.0,0.8852,0.9061,0.8276,0.0,330.0,120.0,150.0,270.0,210.0,210.0,330.0,0.0,18.0,-3.143,-0.0,48.4181,0.007,0.0321,0.1186,0.991,0.3777,4.0,4.09,0.0902,41.26
61,2026-04-20T00:29:30+00:00,2026-04-20T00:40:30+00:00,11.0,-9.0,174.0,165.0,174.0,165.0,9.0,23,bajada,20:29,2026-04-19,,-0.1364,0.5521,0.1364,0.9339,-0.9339,-0.0136,0.0358,0.0,-0.1333,0.0322,0.0383,0.0001,0.0016,0.0044,-0.0044,0.0001,0.0016,0.0,0.0001,0.0003,-0.0001,0.0,0.0001,3,5,0.0,0.1364,0.000325,0.001384,0.0,0.000488,0.2159,660.482,60.044,73.387,28.717,1.0006,0.9994,636929.0,0.0322,0.0001,166.411,0.0383,0.0,1.1546,0.3823,0.1603,0.3151,1.0,1.5734,0.001449,0.003994,0.8411,0.7348,0.4424,0.1774,2.4162,165.0,0.0,2.0,1.6851,1.7248,165.842,0.0153,0,0,1,0.0,0.0,0.0,174.0,165.0,0.9339,0.9877,0.9833,0.9233,-0.9339,-0.9877,-0.9017,-0.9961,0.0,0.8932,0.9264,0.797,0.0,180.0,30.0,60.0,60.0,180.0,180.0,180.0,0.0,9.0,-3.6,-0.0,73.3869,0.0029,0.0505,0.0753,0.9961,0.4958,4.0,7.99,0.1762,37.36
62,2026-04-20T02:17:00+00:00,2026-04-20T02:28:30+00:00,11.5,-1.0,165.0,164.0,165.0,42.0,123.0,24,mixto,22:17,2026-04-19,,0.0,0.0787,0.1304,0.0641,-0.0641,-0.0014,1.2041,4.0667,-4.1,33.3478,1.2041,0.0,0.0711,0.2722,-0.1367,0.1112,0.0711,0.0002,0.0043,0.0136,-0.0136,0.0004,0.0043,3,3,0.0435,0.0435,0.007096,0.068333,0.0,0.019618,4.0839,882.24,76.717,882.24,36.76,1.2786,0.7821,621030.0,33.3478,0.1112,160.861,1.2041,5.4e-05,0.2499,0.2052,0.2166,1.5322,0.8218,1.7194,0.009722,0.009071,0.4116,-0.0549,-0.006,-0.0111,3.5848,164.0,0.0,0.0,-4.5864,19.0379,164.0,0.1534,0,0,1,0.0,0.0,0.0,165.0,42.0,0.0641,0.1004,0.1209,0.0339,-0.0641,-0.1004,-0.0433,-0.1024,0.0,0.0958,0.125,0.0277,0.0,60.0,0.0,0.0,90.0,90.0,90.0,90.0,0.0,123.0,-25.2,-0.0,882.24,2.8998,0.3319,0.0,0.125,2.6345,4.0,9.78,0.2157,35.57
63,2026-04-20T04:18:30+00:00,2026-04-20T04:29:30+00:00,11.0,-7.0,162.0,155.0,165.0,155.0,10.0,23,bajada,00:18,2026-04-20,,0.0,0.2269,0.0909,0.8873,-0.8873,-0.0106,0.0734,0.1,-0.3333,0.1211,0.0742,-0.0002,0.004,0.0111,-0.0144,0.0003,0.004,0.0,0.0002,0.0009,-0.0004,0.0,0.0002,2,2,0.0455,0.0455,0.000701,0.007115,0.0,0.001738,0.3767,661.772,60.161,94.539,28.773,1.0026,0.9974,557994.0,0.1211,0.0003,155.758,0.0742,0.0,0.5132,0.2124,0.1112,0.8912,0.8351,1.5734,0.001449,0.005613,0.7571,0.4756,-0.0138,-0.0256,3.0765,155.0,0.0,0.0,3.1032,7.9946,155.0,0.0156,0,0,1,0.0,0.0,0.0,165.0,155.0,0.8873,0.9536,0.9495,0.8834,-0.8873,-0.9536,-0.8472,-0.9723,0.0,0.8703,0.9126,0.7404,30.0,60.0,0.0,0.0,60.0,60.0,60.0,60.0,3.0,7.0,-6.2,-0.0,94.5389,0.011,0.0991,0.0,0.9723,1.4022,4.0,11.81,0.2604,33.54
64,2026-04-20T10:49:00+00:00,2026-04-20T11:04:00+00:00,15.0,-13.0,153.0,140.0,158.0,140.0,18.0,31,bajada,06:49,2026-04-20,,-0.1,0.7284,0.3667,0.959,-0.959,-0.0144,0.0687,0.1667,-0.2333,0.1478,0.0702,-0.0,0.004,0.0078,-0.0111,0.0005,0.004,-0.0,0.0003,0.0006,-0.0006,0.0,0.0003,11,13,0.0667,0.1667,0.000545,0.002778,0.0,0.000685,0.4652,902.2,60.147,69.4,29.103,1.0023,0.9977,644970.0,0.1478,0.0005,144.241,0.0702,0.0,2.0188,0.5411,0.1787,0.384,0.8106,1.4383,0.001075,0.002255,0.9481,0.9153,0.7252,0.4773,1.7351,140.0,0.0,7.0,1.13,-0.0986,143.16,0.0394,1,0,1,5.0,0.562,0.067,158.0,140.0,0.959,0.9699,0.9594,0.9489,-0.959,-0.9699,-0.9509,-0.9552,0.0,0.8436,0.8569,0.863,60.0,420.0,150.0,210.0,300.0,420.0,420.0,420.0,5.0,13.0,-0.4,-0.0,69.4,0.0099,0.0686,0.0728,0.9699,0.5523,4.0,18.32,0.4039,27.03
65,2026-04-20T15:14:30+00:00,2026-04-20T15:27:00+00:00,12.5,-9.0,140.0,131.0,150.0,131.0,19.0,26,bajada,11:14,2026-04-20,,-0.04,0.401,0.2,0.8924,-0.8924,-0.012,0.1111,0.3333,-0.3333,0.3122,0.1118,0.0,0.0063,0.0111,-0.0222,0.0009,0.0063,-0.0,0.0004,0.0011,-0.0011,0.0,0.0004,5,5,0.04,0.08,0.000719,0.005556,0.0,0.001596,0.4776,754.566,60.365,83.841,29.022,1.006,0.994,461281.0,0.3122,0.0009,133.198,0.1118,1e-06,0.8451,0.3482,0.1171,0.6294,0.7537,1.4463,0.001282,0.004106,0.88,0.7356,0.2197,-0.0487,2.4383,131.0,0.0,0.0,2.2261,4.2913,132.227,0.0351,1,0,1,10.0,0.5,0.08,150.0,131.0,0.8924,0.9315,0.9166,0.889,-0.8924,-0.9315,-0.868,-0.9405,0.0,0.8457,0.8657,0.768,60.0,150.0,0.0,0.0,150.0,150.0,150.0,150.0,10.0,9.0,-0.0,-0.0,83.8407,0.025,0.0737,0.016,0.9405,0.9103,4.0,22.74,0.5015,22.61
66,2026-04-20T15:51:30+00:00,2026-04-20T16:05:30+00:00,14.0,-13.0,131.0,118.0,136.0,118.0,18.0,29,bajada,11:51,2026-04-20,,-0.1071,0.4282,0.2143,0.9199,-0.9199,-0.0155,0.1649,0.5,-0.6,0.7678,0.1656,0.0002,0.0095,0.02,-0.0367,0.0024,0.0095,-0.0,0.0006,0.0019,-0.0018,0.0,0.0006,6,5,0.0714,0.1786,0.001139,0.009132,0.0,0.00234,0.9751,850.863,60.776,65.451,29.34,1.0128,0.9874,421897.0,0.7678,0.0024,120.616,0.1656,2e-06,1.4704,0.515,0.1112,0.9691,0.6949,1.5076,0.001149,0.005595,0.6663,0.4292,0.4486,0.1751,2.9962,118.0,0.0,3.0,1.9188,2.4993,119.64,0.0405,0,2,1,0.0,0.0,0.0,136.0,121.0,0.9199,0.9604,0.9558,0.9137,-0.9199,-0.9604,-0.8952,-0.959,0.0,0.8627,0.8882,0.7983,210.0,240.0,30.0,60.0,150.0,240.0,240.0,240.0,5.0,13.0,-1.8,-0.0,65.451,0.0548,0.1078,0.0459,0.9604,1.461,4.0,23.36,0.5151,21.99
67,2026-04-20T21:15:00+00:00,2026-04-20T21:30:00+00:00,15.0,-3.0,118.0,115.0,127.0,115.0,12.0,31,mixto,17:15,2026-04-20,,-0.0667,0.5758,0.2667,0.322,-0.322,-0.0033,0.0696,0.3,-0.1667,0.1456,0.0697,0.0,0.0033,0.01,-0.01,0.0003,0.0033,-0.0,0.0002,0.0004,-0.0007,0.0,0.0002,8,10,0.0333,0.1,0.000684,0.005,0.0,0.001102,0.5608,902.15,60.143,300.717,29.102,1.0024,0.9976,434911.0,0.1456,0.0003,118.446,0.0697,0.0,1.6475,0.3646,0.2108,0.2021,0.8021,1.4383,0.001075,0.001872,0.9694,0.9231,0.7248,0.4445,1.4299,115.0,0.0,5.0,1.0766,-0.4907,117.72,0.0392,1,0,2,9.0,3.2,0.067,127.0,115.0,0.322,0.2,0.1827,0.312,-0.322,-0.2,-0.3942,-0.1282,0.0,0.074,0.0109,0.441,60.0,420.0,0.0,0.0,420.0,420.0,420.0,420.0,9.0,3.0,4.114,-0.0,300.7167,0.0097,0.0426,0.0384,0.441,0.2907,4.0,28.75,0.634,16.6
68,2026-04-21T00:19:00+00:00,2026-04-21T00:31:00+00:00,12.0,-14.0,117.0,103.0,117.0,102.0,15.0,25,bajada,20:19,2026-04-20,,-0.125,0.4122,0.2917,0.9161,-0.9161,-0.0194,0.068,0.1333,-0.2333,0.12,0.0707,0.0002,0.0028,0.0078,-0.0044,0.0002,0.0028,-0.0,0.0001,0.0004,-0.0003,0.0,0.0001,7,5,0.0417,0.1667,0.000777,0.003811,0.0,0.00112,0.5426,721.784,60.149,51.556,28.871,1.0023,0.9977,274291.0,0.12,0.0002,104.746,0.0707,0.0,1.2554,0.4676,0.1431,0.6175,0.8937,1.8575,0.001333,0.004619,0.8359,0.6434,0.1844,0.0637,2.8554,103.0,0.0,0.0,2.0586,3.2257,104.0,0.0354,1,1,1,3.0,0.938,0.083,106.0,102.0,0.9161,0.9771,0.9744,0.908,-0.9161,-0.9771,-0.8791,-0.9883,0.0,0.8875,0.9267,0.7653,0.0,120.0,30.0,90.0,180.0,240.0,240.0,240.0,0.0,15.0,-6.6,-0.0,51.556,0.01,0.0884,0.0515,0.9883,1.147,4.0,31.82,0.7016,13.53
69,2026-04-21T09:02:00+00:00,2026-04-21T09:16:30+00:00,14.5,-7.0,102.0,95.0,108.0,95.0,13.0,30,bajada,05:02,2026-04-21,,0.0,0.5533,0.3103,0.8677,-0.8677,-0.008,0.0933,0.2,-0.3,0.2544,0.0937,0.0,0.0052,0.0144,-0.0111,0.0008,0.0052,-0.0,0.0003,0.0008,-0.0006,0.0,0.0003,9,7,0.1034,0.1034,0.000768,0.003574,0.0,0.001189,0.6411,873.76,60.259,124.823,29.125,1.0043,0.9957,287160.0,0.2544,0.0008,97.837,0.0937,1e-06,1.4486,0.449,0.1112,0.6631,0.6788,1.4721,0.001111,0.002832,0.8839,0.8171,0.723,0.3316,1.9926,95.0,0.0,6.25,1.2903,0.126,96.792,0.046,3,1,1,5.333,0.847,0.207,108.0,104.0,0.8677,0.8594,0.8428,0.8552,-0.8677,-0.8594,-0.8725,-0.8465,0.0,0.7514,0.7423,0.7885,60.0,270.0,180.0,180.0,270.0,270.0,270.0,270.0,6.0,7.0,2.514,0.0,124.8229,0.0175,0.0737,0.0,0.8725,0.9761,4.0,40.53,0.8938,4.82
70,2026-04-21T13:38:00+00:00,2026-04-21T13:49:30+00:00,11.5,-8.0,95.0,87.0,99.0,87.0,12.0,24,bajada,09:38,2026-04-21,,-0.087,0.3563,0.2174,0.9086,-0.9086,-0.0116,0.0877,0.2333,-0.3333,0.18,0.0885,0.0002,0.0053,0.0111,-0.0189,0.0006,0.0053,-0.0,0.0003,0.001,-0.001,0.0,0.0003,5,5,0.0435,0.1304,0.000574,0.005473,0.0,0.001344,0.331,692.645,60.23,86.581,28.86,1.0038,0.9962,186943.0,0.18,0.0006,88.257,0.0885,1e-06,1.1387,0.4329,0.1252,0.825,0.7585,1.5283,0.001389,0.005919,0.7463,0.5125,0.0931,-0.0448,2.827,87.0,0.0,0.0,2.6387,6.0178,87.45,0.0332,0,0,1,0.0,0.0,0.0,99.0,87.0,0.9086,0.9647,0.9576,0.9128,-0.9086,-0.9647,-0.8745,-0.9778,0.0,0.8788,0.912,0.7524,60.0,150.0,30.0,30.0,90.0,150.0,150.0,150.0,4.0,8.0,-2.2,0.0,86.5806,0.0157,0.1033,0.031,0.9778,1.2608,4.0,45.13,0.9952,0.22
71,2026-04-21T14:03:30+00:00,2026-04-21T14:30:00+00:00,26.5,68.0,87.0,155.0,171.0,87.0,84.0,54,subida,10:03,2026-04-21,,-0.0189,0.009,0.2075,-0.8316,0.8316,0.0428,0.3776,2.7333,-0.2667,7.6533,0.38,0.0,0.0179,0.0911,-0.0889,0.0167,0.0179,-0.0001,0.001,0.0029,-0.006,0.0,0.001,11,14,0.0755,0.0943,0.001792,0.045556,0.0,0.00683,2.2205,1650.017,62.265,24.265,30.556,1.0368,0.9645,1402152.0,7.6533,0.0167,161.139,0.38,5e-06,1.1915,0.3745,0.1124,0.5377,0.9289,1.8117,0.000617,0.004223,0.8545,0.5711,0.0997,0.0822,3.9519,162.0,7.0,16.0,-3.3968,13.0517,162.818,0.1004,1,0,2,16.0,12.465,0.038,171.0,87.0,-0.8316,-0.919,-0.9217,-0.8219,0.8316,0.919,0.7794,0.9402,0.0,-0.8766,-0.9216,-0.6496,90.0,0.0,0.0,0.0,990.0,990.0,990.0,990.0,16.0,0.0,16.412,0.0,24.265,0.2888,0.0604,0.0002,0.9402,0.9742,,,,
72,2026-04-21T22:34:00+00:00,2026-04-21T22:49:30+00:00,15.5,-14.0,157.0,143.0,215.0,143.0,72.0,32,bajada,18:34,2026-04-21,,-0.0645,0.3276,0.2903,0.7024,-0.7024,-0.0151,0.4942,1.9333,-1.9,7.5778,0.4944,0.0,0.0287,0.0644,-0.1278,0.0248,0.0287,-0.0001,0.0017,0.0062,-0.0064,0.0001,0.0017,9,10,0.0968,0.1613,0.002843,0.033042,0.0,0.008225,2.2464,1003.114,64.717,71.651,31.347,1.0785,0.9272,714961.0,7.5778,0.0248,149.474,0.4944,1.1e-05,1.1841,0.5443,0.1436,1.1459,0.7872,1.4062,0.001042,0.006257,0.6696,0.3736,0.2266,0.2027,3.5724,143.0,0.0,11.0,4.0688,17.8128,146.385,0.0874,1,0,2,58.0,0.504,0.065,215.0,143.0,0.7024,0.6984,0.6787,0.7111,-0.7024,-0.6984,-0.7035,-0.6844,0.0,0.6095,0.607,0.6464,60.0,390.0,120.0,270.0,270.0,330.0,330.0,390.0,58.0,14.0,-4.629,-0.0,71.651,0.4889,0.1646,0.0211,0.7111,1.6114,,,,
73,2026-04-22T02:43:00+00:00,2026-04-22T02:56:30+00:00,13.5,-13.0,142.0,129.0,142.0,129.0,13.0,28,bajada,22:43,2026-04-21,,-0.1111,0.4417,0.2222,0.9221,-0.9221,-0.016,0.0987,0.3,-0.3667,0.27,0.1,0.0002,0.0055,0.0122,-0.0222,0.0008,0.0055,-0.0,0.0003,0.0011,-0.0011,0.0,0.0003,6,5,0.037,0.1481,0.00065,0.005546,0.0,0.0014,0.5134,813.955,60.293,62.612,29.07,1.0048,0.9953,479591.0,0.27,0.0008,130.875,0.1,1e-06,1.3703,0.4318,0.1112,0.8396,0.7931,1.3735,0.00119,0.005444,0.7572,0.5461,0.3131,0.2631,3.0516,129.0,0.0,0.5,1.9186,2.1642,130.125,0.0286,0,1,1,0.0,0.0,0.0,142.0,131.0,0.9221,0.9772,0.974,0.9093,-0.9221,-0.9772,-0.8885,-0.9861,0.0,0.8873,0.9215,0.776,0.0,210.0,30.0,90.0,120.0,60.0,60.0,210.0,0.0,13.0,-5.2,-0.0,62.6119,0.02,0.0934,0.0491,0.9861,1.1532,,,,
74,2026-04-22T07:25:30+00:00,2026-04-22T07:41:00+00:00,15.5,-20.0,127.0,107.0,127.0,107.0,20.0,32,bajada,03:25,2026-04-22,,-0.129,0.7424,0.3871,0.9643,-0.9643,-0.0215,0.0797,0.2,-0.2,0.2111,0.0825,-0.0,0.0049,0.0133,-0.0133,0.0007,0.0049,0.0,0.0003,0.0008,-0.0009,0.0,0.0003,12,13,0.0645,0.1935,0.000432,0.002222,0.0,0.00063,0.3813,933.142,60.203,46.657,29.161,1.0031,0.9969,402203.0,0.2111,0.0007,112.111,0.0825,1e-06,1.9931,0.6309,0.1398,0.4586,0.8437,1.4062,0.001042,0.002774,0.9075,0.8768,0.7104,0.5148,2.085,107.0,0.0,11.0,0.9996,-0.4985,110.885,0.0605,1,1,1,6.0,0.5,0.065,118.0,112.0,0.9643,0.9935,0.9877,0.9585,-0.9643,-0.9935,-0.9458,-0.9839,0.0,0.8776,0.9006,0.8552,0.0,390.0,60.0,240.0,270.0,390.0,390.0,390.0,0.0,20.0,-2.971,0.0,46.6571,0.0136,0.0641,0.0958,0.9935,0.6449,,,,
75,2026-04-22T14:54:00+00:00,2026-04-22T15:05:00+00:00,11.0,69.0,101.0,170.0,170.0,101.0,69.0,23,subida,10:54,2026-04-22,,0.0455,0.2386,0.0909,-0.8927,0.8927,0.1045,0.4791,2.3,0.0,5.29,0.4904,0.0,0.0237,0.0767,-0.0767,0.0118,0.0237,-0.0001,0.0013,0.0026,-0.0051,0.0,0.0013,2,2,0.0455,0.0,0.002971,0.038333,0.0,0.008578,1.4749,705.24,64.113,10.221,30.663,1.0628,0.941,627302.0,5.29,0.0118,165.148,0.4904,8e-06,0.4262,-0.0,0.1112,0.6381,1.0,1.7701,0.001449,0.005405,0.7775,0.5184,-0.0143,-0.0265,3.0029,170.0,0.0,0.0,-2.9318,6.5952,170.0,0.1186,0,0,1,0.0,0.0,0.0,170.0,101.0,-0.8927,-0.9612,-0.9595,-0.8872,0.8927,0.9612,0.8514,0.9801,0.0,-0.8773,-0.9214,-0.7436,60.0,0.0,0.0,0.0,60.0,60.0,60.0,60.0,0.0,0.0,55.2,-0.0,10.2209,0.4809,0.071,0.0109,0.9801,1.1295,6.0,0.03,0.0014,23.27
76,2026-04-22T15:20:00+00:00,2026-04-22T15:33:30+00:00,13.5,-16.0,170.0,154.0,170.0,154.0,16.0,28,bajada,11:20,2026-04-22,,-0.1481,0.6345,0.3333,0.9471,-0.9471,-0.0198,0.0597,0.0667,-0.2667,0.1067,0.0629,0.0002,0.0032,0.0089,-0.0111,0.0003,0.0032,-0.0,0.0002,0.0007,-0.0005,0.0,0.0002,9,10,0.037,0.1852,0.000471,0.002189,0.0,0.000712,0.3631,811.58,60.117,50.724,28.985,1.0018,0.9982,690840.0,0.1067,0.0003,157.076,0.0629,0.0,1.7156,0.5464,0.1418,0.3101,0.9372,1.3735,0.00119,0.003318,0.8822,0.8244,0.6254,0.3554,2.2237,154.0,0.0,3.5,1.324,0.1984,156.333,0.0311,0,1,1,0.0,0.0,0.0,170.0,162.0,0.9471,0.9919,0.9864,0.9332,-0.9471,-0.9919,-0.9198,-0.9953,0.0,0.8937,0.9212,0.8107,0.0,300.0,30.0,150.0,210.0,210.0,210.0,300.0,0.0,16.0,-2.8,-0.0,50.7238,0.0079,0.044,0.094,0.9953,0.4259,6.0,0.47,0.02,22.83
77,2026-04-22T21:51:00+00:00,2026-04-22T22:02:30+00:00,11.5,-7.0,154.0,147.0,154.0,142.0,12.0,24,bajada,17:51,2026-04-22,,-0.087,0.0658,0.087,0.8612,-0.8612,-0.0101,0.0617,0.1667,-0.2,0.09,0.0626,0.0002,0.003,0.0122,-0.0056,0.0002,0.0031,-0.0,0.0002,0.0006,-0.0006,0.0,0.0002,2,4,0.0435,0.1304,0.000321,0.00361,0.0,0.000805,0.215,691.34,60.117,98.763,28.806,1.0019,0.9981,520464.0,0.09,0.0002,147.262,0.0626,0.0,0.9834,0.2707,0.1178,1.0652,0.9012,1.7194,0.005556,0.007708,0.6392,0.2427,-0.4701,-0.0048,3.2218,147.0,0.0,0.0,1.2013,7.202,147.05,0.0126,0,0,1,0.0,0.0,0.0,154.0,142.0,0.8612,0.9349,0.938,0.8655,-0.8612,-0.9349,-0.8169,-0.9497,0.0,0.8562,0.9041,0.6956,0.0,90.0,0.0,30.0,60.0,60.0,60.0,120.0,0.0,12.0,-7.6,0.0,98.7629,0.0078,0.1255,0.0057,0.9497,1.8315,6.0,6.98,0.2997,16.32
78,2026-04-23T01:25:30+00:00,2026-04-23T01:39:30+00:00,14.0,-9.0,142.0,133.0,148.0,133.0,15.0,29,bajada,21:25,2026-04-22,,-0.1071,0.5861,0.1786,0.9392,-0.9392,-0.0107,0.0649,0.2,-0.2333,0.1211,0.0658,-0.0,0.0034,0.0067,-0.0144,0.0003,0.0034,-0.0,0.0002,0.0007,-0.0007,0.0,0.0002,5,6,0.0357,0.1429,0.000573,0.004165,0.0,0.001066,0.4488,841.799,60.128,93.533,29.028,1.0021,0.9979,531402.0,0.1211,0.0003,135.367,0.0658,0.0,1.5325,0.4319,0.1299,0.5143,0.799,1.5076,0.001149,0.002824,0.9462,0.8502,0.546,0.3838,2.1213,133.0,0.0,6.0,1.5994,1.7463,134.72,0.0289,0,0,1,0.0,0.0,0.0,148.0,133.0,0.9392,0.9695,0.9575,0.9337,-0.9392,-0.9695,-0.9205,-0.9659,0.0,0.8689,0.8858,0.8244,60.0,270.0,120.0,120.0,240.0,180.0,180.0,270.0,6.0,9.0,-1.4,-0.0,93.5332,0.0086,0.0668,0.0628,0.9695,0.7754,6.0,10.56,0.4531,12.74
79,2026-04-23T08:59:30+00:00,2026-04-23T09:12:00+00:00,12.5,-12.0,131.0,119.0,131.0,119.0,12.0,26,bajada,04:59,2026-04-23,,-0.12,0.5275,0.24,0.9327,-0.9327,-0.016,0.0463,0.0,-0.2,0.06,0.049,0.0,0.0024,0.0067,-0.0067,0.0001,0.0024,0.0,0.0001,0.0004,-0.0002,0.0,0.0001,6,7,0.0,0.12,0.000382,0.003333,0.0,0.000771,0.2483,750.893,60.071,62.574,28.881,1.0011,0.9989,380024.0,0.06,0.0001,120.898,0.049,0.0,1.2595,0.4106,0.1325,0.2465,1.0,1.4463,0.001282,0.003586,0.8878,0.7835,0.4744,0.167,2.5177,119.0,0.0,2.25,1.9045,2.4951,120.091,0.0293,0,0,1,0.0,0.0,0.0,131.0,119.0,0.9327,0.9876,0.9821,0.9175,-0.9327,-0.9876,-0.8993,-0.9979,0.0,0.8969,0.9301,0.7926,0.0,210.0,0.0,60.0,150.0,210.0,210.0,210.0,0.0,12.0,-3.6,-0.0,62.5744,0.0048,0.0327,0.0633,0.9979,0.3565,6.0,18.12,0.7779,5.17
80,2026-04-23T13:14:00+00:00,2026-04-23T13:30:00+00:00,16.0,-14.0,117.0,103.0,122.0,103.0,19.0,33,bajada,09:14,2026-04-23,,-0.0625,0.6699,0.25,0.9531,-0.9531,-0.0146,0.0707,0.1667,-0.2667,0.1667,0.0722,0.0,0.0035,0.0089,-0.0089,0.0004,0.0035,-0.0,0.0002,0.0006,-0.0004,0.0,0.0002,8,9,0.0312,0.0938,0.000757,0.003574,0.0,0.001071,0.7082,962.47,60.154,68.748,29.166,1.0025,0.9975,378328.0,0.1667,0.0004,107.072,0.0722,0.0,1.6322,0.3491,0.1319,0.2956,0.8664,1.3757,0.00101,0.002233,0.9548,0.9118,0.7077,0.4645,1.9637,103.0,0.0,6.0,1.2901,0.4036,105.852,0.0553,1,0,2,5.0,0.906,0.062,122.0,103.0,0.9531,0.9757,0.9648,0.9518,-0.9531,-0.9757,-0.9384,-0.9697,0.0,0.8651,0.8807,0.8366,60.0,360.0,120.0,210.0,210.0,360.0,360.0,360.0,5.0,14.0,-1.371,0.0,68.7479,0.0104,0.039,0.0419,0.9757,0.4067,6.0,22.37,0.9599,0.93
81,2026-04-23T14:16:00+00:00,2026-04-23T14:27:00+00:00,11.0,54.0,103.0,157.0,157.0,103.0,54.0,23,subida,10:16,2026-04-23,,0.0455,0.2386,0.0909,-0.8927,0.8927,0.0818,0.3749,1.8,0.0,3.24,0.3838,0.0,0.0185,0.06,-0.06,0.0072,0.0185,-0.0001,0.001,0.002,-0.004,0.0,0.001,2,2,0.0455,0.0,0.002492,0.03,0.0,0.006782,1.2696,691.774,62.889,12.811,30.077,1.0447,0.9573,538847.0,3.24,0.0072,153.063,0.3838,6e-06,0.4262,-0.0,0.1112,0.6381,1.0,1.7701,0.001449,0.005405,0.7775,0.5184,-0.0143,-0.0265,3.0029,157.0,0.0,0.0,-2.9318,6.5952,157.0,0.0999,0,0,1,0.0,0.0,0.0,157.0,103.0,-0.8927,-0.9612,-0.9595,-0.8872,0.8927,0.9612,0.8514,0.9801,0.0,-0.8773,-0.9214,-0.7436,60.0,0.0,0.0,0.0,60.0,60.0,60.0,60.0,0.0,0.0,43.2,0.0,12.8106,0.2945,0.071,0.0109,0.9801,1.1295,7.0,0.03,0.0013,26.53
82,2026-04-23T16:24:00+00:00,2026-04-23T16:38:00+00:00,14.0,-16.0,159.0,143.0,159.0,143.0,16.0,29,bajada,12:24,2026-04-23,,-0.1786,0.6063,0.25,0.9406,-0.9406,-0.019,0.06,0.1,-0.2,0.1111,0.063,0.0001,0.0031,0.0067,-0.01,0.0003,0.0031,-0.0,0.0002,0.0006,-0.0004,0.0,0.0002,7,8,0.0714,0.25,0.000448,0.002491,0.0,0.000739,0.3813,841.658,60.118,52.604,29.023,1.0018,0.9982,615818.0,0.1111,0.0003,145.723,0.063,0.0,1.6444,0.5526,0.1335,0.6086,0.8575,1.5076,0.001149,0.003495,0.8696,0.7769,0.5486,0.2838,2.5536,143.0,0.0,4.0,1.638,1.5673,144.92,0.0305,0,2,1,0.0,0.0,0.0,159.0,144.0,0.9406,0.9907,0.9867,0.9337,-0.9406,-0.9907,-0.9097,-0.9958,0.0,0.893,0.9262,0.8067,0.0,330.0,30.0,90.0,150.0,210.0,210.0,330.0,0.0,16.0,-4.4,-0.0,52.6036,0.0079,0.0812,0.1083,0.9958,0.9175,7.0,2.17,0.0816,24.4
83,2026-04-23T22:24:00+00:00,2026-04-23T22:38:00+00:00,14.0,-16.0,143.0,127.0,149.0,127.0,22.0,29,bajada,18:24,2026-04-23,,-0.1071,0.6993,0.3214,0.9583,-0.9583,-0.019,0.0902,0.2,-0.3,0.2378,0.0922,0.0,0.0052,0.0144,-0.0167,0.0007,0.0052,-0.0,0.0003,0.001,-0.0008,0.0,0.0003,9,10,0.0714,0.1786,0.000722,0.003333,0.0,0.000935,0.5784,843.521,60.251,52.72,29.087,1.004,0.996,502836.0,0.2378,0.0007,131.678,0.0922,0.0,1.8841,0.5813,0.1603,0.4747,0.8059,1.5076,0.001149,0.002607,0.9391,0.8814,0.6596,0.4027,1.9321,127.0,0.0,7.0,1.2497,0.2623,130.68,0.0495,1,0,1,4.0,0.5,0.071,144.0,127.0,0.9583,0.9799,0.9702,0.9494,-0.9583,-0.9799,-0.9442,-0.9688,0.0,0.8616,0.8793,0.8563,60.0,360.0,90.0,180.0,240.0,270.0,270.0,360.0,6.0,16.0,-0.2,-0.0,52.7201,0.017,0.0761,0.0749,0.9799,0.7157,7.0,8.17,0.3074,18.4
84,2026-04-24T01:50:30+00:00,2026-04-24T02:04:30+00:00,14.0,-17.0,127.0,110.0,127.0,110.0,17.0,29,bajada,21:50,2026-04-23,,-0.1786,0.6198,0.25,0.9414,-0.9414,-0.0202,0.0457,0.0,-0.1667,0.07,0.05,0.0002,0.002,0.0044,-0.0056,0.0001,0.002,-0.0,0.0001,0.0003,-0.0003,0.0,0.0001,7,8,0.0,0.1786,0.000361,0.002164,0.0,0.000581,0.2813,841.045,60.075,49.473,29.002,1.001,0.999,369573.0,0.07,0.0001,112.889,0.05,0.0,1.6611,0.5003,0.1387,0.2388,1.0,1.5076,0.001149,0.003304,0.9115,0.8104,0.5027,0.3739,2.4476,110.0,0.0,6.0,1.6657,1.7808,112.04,0.0412,0,0,1,0.0,0.0,0.0,127.0,110.0,0.9414,0.9917,0.9877,0.9331,-0.9414,-0.9917,-0.9107,-0.9961,0.0,0.8952,0.9276,0.8074,0.0,300.0,30.0,90.0,240.0,240.0,240.0,300.0,0.0,17.0,-5.4,-0.0,49.4732,0.005,0.0331,0.1107,0.9961,0.36,7.0,11.61,0.437,14.96
85,2026-04-24T09:30:00+00:00,2026-04-24T09:45:00+00:00,15.0,-17.0,109.0,92.0,110.0,92.0,18.0,31,bajada,05:30,2026-04-24,,-0.1333,0.7683,0.3333,0.9686,-0.9686,-0.0189,0.0676,0.1333,-0.2333,0.1478,0.0702,0.0,0.0032,0.0078,-0.0078,0.0003,0.0032,0.0,0.0002,0.0004,-0.0004,0.0,0.0002,10,10,0.0667,0.2,0.00088,0.003887,0.0,0.001064,0.7938,902.201,60.147,53.071,29.103,1.0023,0.9977,294225.0,0.1478,0.0003,97.422,0.0702,1e-06,2.0188,0.6058,0.1787,0.4459,0.8511,1.4383,0.001075,0.002182,0.932,0.9213,0.7979,0.6005,1.5968,92.0,0.0,12.0,0.7685,-1.1451,96.36,0.0687,1,2,1,4.0,0.583,0.067,110.0,104.0,0.9686,0.9788,0.9728,0.9563,-0.9686,-0.9788,-0.9612,-0.9584,0.0,0.8456,0.8607,0.8766,120.0,420.0,180.0,270.0,300.0,270.0,270.0,420.0,1.0,17.0,-0.4,-0.0,53.0706,0.0099,0.0797,0.1024,0.9788,0.6413,7.0,19.27,0.7252,7.3
86,2026-04-24T17:53:00+00:00,2026-04-24T18:04:00+00:00,11.0,105.0,86.0,191.0,191.0,86.0,105.0,23,subida,13:53,2026-04-24,,0.0455,0.2386,0.0909,-0.8927,0.8927,0.1591,0.729,3.5,0.0,12.25,0.7462,0.0,0.036,0.1167,-0.1167,0.0272,0.036,-0.0002,0.0019,0.0039,-0.0078,0.0001,0.0019,2,2,0.0455,0.0,0.004114,0.058333,0.0,0.013004,1.9637,739.202,67.2,7.04,32.139,1.1061,0.9041,780893.0,12.25,0.0272,184.26,0.7462,1.6e-05,0.4262,-0.0,0.1112,0.6381,1.0,1.7701,0.001449,0.005405,0.7775,0.5184,-0.0143,-0.0265,3.0029,191.0,0.0,0.0,-2.9318,6.5952,191.0,0.1627,0,0,1,0.0,0.0,0.0,191.0,86.0,-0.8927,-0.9612,-0.9595,-0.8872,0.8927,0.9612,0.8514,0.9801,0.0,-0.8773,-0.9214,-0.7436,60.0,0.0,0.0,0.0,60.0,60.0,60.0,60.0,0.0,0.0,84.0,0.0,7.04,1.1136,0.071,0.0109,0.9801,1.1295,8.0,1.22,0.0376,31.18
87,2026-04-24T18:19:30+00:00,2026-04-24T18:39:00+00:00,19.5,-11.0,191.0,180.0,198.0,177.0,21.0,40,bajada,14:19,2026-04-24,,-0.0769,0.5628,0.359,0.9283,-0.9283,-0.0094,0.0799,0.2333,-0.3,0.2522,0.0804,-0.0,0.0044,0.01,-0.0156,0.0007,0.0044,-0.0,0.0003,0.0009,-0.0007,0.0,0.0003,14,17,0.0769,0.1538,0.000767,0.00416,0.0,0.001117,0.862,1173.735,60.192,106.703,29.343,1.0031,0.9969,1327100.0,0.2522,0.0007,182.147,0.0804,0.0,2.3512,0.5236,0.2578,0.5069,0.7744,1.8627,0.000833,0.001812,0.9608,0.9126,0.7759,0.6711,1.5706,180.0,3.0,9.0,1.025,-0.1181,181.156,0.0326,1,2,2,7.0,0.6,0.051,198.0,177.0,0.9283,0.9542,0.9392,0.9229,-0.9283,-0.9542,-0.9208,-0.9467,0.0,0.881,0.8844,0.8159,60.0,480.0,120.0,240.0,360.0,300.0,300.0,960.0,7.0,14.0,-0.095,-0.0,106.7032,0.0129,0.1307,0.0433,0.9542,0.9442,8.0,1.66,0.0512,30.74
88,2026-04-24T22:35:30+00:00,2026-04-24T22:51:00+00:00,15.5,-11.0,175.0,164.0,179.0,162.0,17.0,32,bajada,18:35,2026-04-24,,-0.0968,0.5891,0.2258,0.9106,-0.9106,-0.0118,0.0902,0.3,-0.2333,0.2567,0.091,-0.0001,0.0048,0.0167,-0.0178,0.0007,0.0048,0.0,0.0003,0.0007,-0.0011,0.0,0.0003,7,11,0.0968,0.1935,0.000858,0.003605,0.0,0.001071,0.7908,933.8,60.245,84.891,29.181,1.004,0.996,895505.0,0.2567,0.0007,167.286,0.091,0.0,2.1995,0.53,0.2478,0.4702,0.7511,2.0312,0.001042,0.002028,0.9453,0.9196,0.7648,0.5194,1.5459,164.0,2.0,10.0,0.9401,-0.8352,166.385,0.0394,2,2,3,6.5,1.536,0.129,179.0,162.0,0.9106,0.92,0.9029,0.9044,-0.9106,-0.92,-0.911,-0.9,0.0,0.8338,0.8278,0.8248,30.0,360.0,270.0,210.0,300.0,330.0,330.0,750.0,4.0,13.0,1.143,-0.0,84.8909,0.0166,0.1165,0.057,0.92,0.9551,8.0,5.92,0.1829,26.48
89,2026-04-25T07:29:30+00:00,2026-04-25T07:42:00+00:00,12.5,-2.0,156.0,154.0,164.0,154.0,10.0,26,mixto,03:29,2026-04-25,,0.04,0.3303,0.16,0.5207,-0.5207,-0.0027,0.0942,0.2,-0.3,0.2222,0.0943,-0.0002,0.0055,0.0144,-0.0167,0.0007,0.0055,0.0,0.0003,0.0009,-0.001,0.0,0.0003,4,4,0.12,0.08,0.000505,0.003787,0.0,0.001017,0.378,753.284,60.263,376.642,28.972,1.0044,0.9956,626407.0,0.2222,0.0007,155.218,0.0943,0.0,1.0759,0.3159,0.1112,0.9162,0.7114,1.4463,0.001282,0.00518,0.7573,0.53,0.2767,-0.0427,2.8835,154.0,0.0,0.0,2.2861,3.6913,154.545,0.0181,1,0,1,8.0,0.886,0.08,164.0,154.0,0.5207,0.5022,0.4715,0.5229,-0.5207,-0.5022,-0.5308,-0.4943,0.0,0.4457,0.4246,0.485,60.0,150.0,0.0,0.0,150.0,150.0,150.0,150.0,8.0,2.0,2.0,-0.0,376.642,0.0178,0.1019,0.0132,0.5308,1.3251,8.0,14.82,0.4576,17.57
90,2026-04-25T09:48:00+00:00,2026-04-25T09:59:00+00:00,11.0,-8.0,149.0,141.0,149.0,141.0,8.0,23,bajada,05:48,2026-04-25,,-0.1364,0.7402,0.2727,0.9624,-0.9624,-0.0121,0.0311,0.0,-0.1,0.0244,0.0333,0.0,0.0016,0.0033,-0.0033,0.0001,0.0016,0.0,0.0001,0.0002,-0.0001,0.0,0.0001,6,8,0.0,0.1364,0.000422,0.001667,0.0,0.000455,0.2662,660.366,60.033,82.546,28.712,1.0005,0.9995,469915.0,0.0244,0.0001,142.937,0.0333,0.0,1.6494,0.4444,0.2607,0.1744,1.0,1.5734,0.001449,0.00325,0.8862,0.8404,0.6046,0.3424,1.9966,141.0,0.0,3.5,1.1339,-0.0441,142.474,0.0184,0,0,1,0.0,0.0,0.0,149.0,141.0,0.9624,0.9948,0.9896,0.953,-0.9624,-0.9948,-0.9423,-0.9859,0.0,0.8741,0.9003,0.8516,0.0,300.0,60.0,60.0,180.0,300.0,300.0,300.0,0.0,8.0,-2.4,0.0,82.5457,0.0022,0.0455,0.101,0.9948,0.2744,8.0,17.13,0.5288,15.27
91,2026-04-25T16:23:30+00:00,2026-04-25T16:37:00+00:00,13.5,-10.0,141.0,131.0,141.0,131.0,10.0,28,bajada,12:23,2026-04-25,,-0.0741,0.6369,0.3333,0.9504,-0.9504,-0.0123,0.0545,0.1,-0.1667,0.0844,0.0559,-0.0,0.0032,0.0067,-0.0089,0.0003,0.0032,0.0,0.0002,0.0005,-0.0005,0.0,0.0002,9,9,0.0741,0.1481,0.000366,0.001937,0.0,0.000554,0.2824,811.26,60.093,81.126,28.974,1.0015,0.9985,496688.0,0.0844,0.0003,133.187,0.0559,0.0,1.6442,0.5118,0.1418,0.541,0.8278,1.3735,0.00119,0.003095,0.8829,0.8144,0.6911,0.3764,2.1438,131.0,0.0,2.75,1.3627,0.3289,132.667,0.0258,0,2,1,0.0,0.0,0.0,141.0,136.0,0.9504,0.9896,0.9823,0.9413,-0.9504,-0.9896,-0.9264,-0.9899,0.0,0.8879,0.9121,0.8204,0.0,300.0,60.0,120.0,210.0,210.0,210.0,300.0,0.0,10.0,-2.0,-0.0,81.126,0.0063,0.0767,0.0472,0.9899,0.7431,8.0,23.73,0.7323,8.68
92,2026-04-25T20:38:00+00:00,2026-04-25T20:53:30+00:00,15.5,-16.0,131.0,115.0,131.0,115.0,16.0,32,bajada,16:38,2026-04-25,,-0.129,0.6487,0.2581,0.9497,-0.9497,-0.0172,0.0752,0.2333,-0.2,0.1844,0.0771,0.0,0.0043,0.0133,-0.0122,0.0005,0.0043,0.0,0.0003,0.0006,-0.0009,0.0,0.0003,8,9,0.0323,0.1613,0.00069,0.003333,0.0,0.000955,0.6126,932.74,60.177,58.296,29.148,1.0028,0.9972,447519.0,0.1844,0.0005,118.258,0.0771,0.0,1.6297,0.5862,0.1221,0.5917,0.8465,1.4062,0.001042,0.003131,0.8996,0.8038,0.5872,0.5437,2.3927,115.0,0.0,6.0,1.3554,0.6592,117.192,0.0415,1,1,1,7.0,0.688,0.065,127.0,120.0,0.9497,0.991,0.9865,0.9449,-0.9497,-0.991,-0.9241,-0.9887,0.0,0.8887,0.9161,0.8259,0.0,330.0,150.0,180.0,120.0,330.0,330.0,330.0,0.0,16.0,-3.029,-0.0,58.2963,0.0119,0.0722,0.0837,0.991,0.832,8.0,27.97,0.8632,4.43
93,2026-04-25T23:48:00+00:00,2026-04-26T00:01:30+00:00,13.5,-14.0,118.0,104.0,118.0,104.0,14.0,28,bajada,19:48,2026-04-25,,-0.1481,0.5917,0.2963,0.9436,-0.9436,-0.0173,0.0761,0.2333,-0.2,0.1644,0.078,0.0,0.004,0.0111,-0.0111,0.0004,0.004,0.0,0.0002,0.0005,-0.0007,0.0,0.0002,8,8,0.037,0.1852,0.000747,0.003587,0.0,0.00112,0.5771,812.443,60.181,58.032,29.016,1.0029,0.9971,319444.0,0.1644,0.0004,106.812,0.078,1e-06,1.7105,0.643,0.1252,0.6799,0.8278,1.3735,0.00119,0.00337,0.8942,0.785,0.5205,0.4853,2.3299,104.0,0.0,3.5,1.4525,0.6457,106.0,0.0427,1,1,1,7.0,0.792,0.074,116.0,109.0,0.9436,0.9867,0.9811,0.9289,-0.9436,-0.9867,-0.9173,-0.9885,0.0,0.8881,0.9145,0.8094,0.0,270.0,150.0,60.0,210.0,120.0,120.0,270.0,0.0,14.0,-4.8,-0.0,58.0316,0.0122,0.0851,0.0876,0.9885,0.9338,8.0,31.13,0.9609,1.27
94,2026-04-26T02:40:00+00:00,2026-04-26T02:51:00+00:00,11.0,70.0,104.0,174.0,174.0,104.0,70.0,23,subida,22:40,2026-04-25,,0.0455,0.2386,0.0909,-0.8927,0.8927,0.1061,0.486,2.3333,0.0,5.4444,0.4975,0.0,0.024,0.0778,-0.0778,0.0121,0.024,-0.0001,0.0013,0.0026,-0.0052,0.0,0.0013,2,2,0.0455,0.0,0.003002,0.038889,0.0,0.008699,1.4882,706.158,64.196,10.088,30.703,1.064,0.9399,657428.0,5.4444,0.0121,169.068,0.4975,8e-06,0.4262,-0.0,0.1112,0.6381,1.0,1.7701,0.001449,0.005405,0.7775,0.5184,-0.0143,-0.0265,3.0029,174.0,0.0,0.0,-2.9318,6.5952,174.0,0.1175,0,0,1,0.0,0.0,0.0,174.0,104.0,-0.8927,-0.9612,-0.9595,-0.8872,0.8927,0.9612,0.8514,0.9801,0.0,-0.8773,-0.9214,-0.7436,60.0,0.0,0.0,0.0,60.0,60.0,60.0,60.0,0.0,0.0,56.0,0.0,10.088,0.4949,0.071,0.0109,0.9801,1.1295,9.0,0.17,0.0064,25.95
95,2026-04-26T03:02:30+00:00,2026-04-26T03:13:30+00:00,11.0,-4.0,171.0,167.0,175.0,167.0,8.0,23,bajada,23:02,2026-04-25,,-0.0909,0.4637,0.1818,0.911,-0.911,-0.0061,0.0445,0.1333,-0.1333,0.0444,0.0449,-0.0002,0.0022,0.0022,-0.0089,0.0001,0.0022,0.0,0.0001,0.0004,-0.0001,0.0,0.0001,4,5,0.0455,0.1364,0.000526,0.004329,0.0,0.00117,0.2979,660.664,60.06,165.166,28.725,1.001,0.999,648903.0,0.0444,0.0001,167.968,0.0449,0.0,1.2087,0.4834,0.1526,0.6838,0.7405,1.5734,0.001449,0.003775,0.8812,0.7438,0.311,0.0222,2.4513,167.0,0.0,1.0,2.3323,5.0624,167.526,0.0116,1,0,1,4.0,0.5,0.091,175.0,167.0,0.911,0.9516,0.9371,0.9084,-0.911,-0.9516,-0.8862,-0.9568,0.0,0.8588,0.8815,0.787,30.0,180.0,0.0,90.0,90.0,180.0,180.0,180.0,4.0,4.0,-2.0,0.0,165.166,0.004,0.1043,0.0422,0.9568,1.0759,9.0,0.54,0.0207,25.57
96,2026-04-26T09:10:30+00:00,2026-04-26T09:24:00+00:00,13.5,-17.0,165.0,148.0,165.0,148.0,17.0,28,bajada,05:10,2026-04-26,,-0.1852,0.6225,0.2593,0.9441,-0.9441,-0.021,0.0464,0.0,-0.1667,0.07,0.0509,0.0002,0.0022,0.0056,-0.0056,0.0001,0.0022,-0.0,0.0001,0.0004,-0.0003,0.0,0.0001,7,8,0.0,0.1852,0.000373,0.002164,0.0,0.000577,0.2812,811.045,60.077,47.709,28.966,1.0011,0.9989,638817.0,0.07,0.0001,151.046,0.0509,0.0,1.6122,0.5118,0.1325,0.1995,1.0,1.3735,0.00119,0.003259,0.896,0.8353,0.5853,0.3521,2.2928,148.0,0.0,4.25,1.4634,0.8087,150.208,0.0329,0,0,1,0.0,0.0,0.0,165.0,148.0,0.9441,0.9925,0.9872,0.931,-0.9441,-0.9925,-0.9146,-0.9977,0.0,0.8969,0.9265,0.8035,0.0,270.0,30.0,120.0,210.0,210.0,210.0,270.0,0.0,17.0,-4.2,-0.0,47.7085,0.0052,0.0264,0.1153,0.9977,0.274,9.0,6.67,0.2556,19.44
97,2026-04-26T13:12:30+00:00,2026-04-26T13:26:00+00:00,13.5,-16.0,148.0,132.0,148.0,132.0,16.0,28,bajada,09:12,2026-04-26,,-0.1481,0.6091,0.2963,0.945,-0.945,-0.0198,0.0491,0.0,-0.1667,0.0756,0.0529,0.0,0.0025,0.0056,-0.0056,0.0002,0.0025,0.0,0.0002,0.0004,-0.0003,0.0,0.0002,8,9,0.0,0.1481,0.000345,0.002778,0.0,0.000656,0.2484,811.127,60.083,50.695,28.969,1.0012,0.9988,510749.0,0.0756,0.0002,135.059,0.0529,0.0,1.5407,0.4635,0.1325,0.14,1.0,1.3735,0.00119,0.002981,0.8993,0.8591,0.6076,0.2721,2.2455,132.0,0.0,3.75,1.5228,0.8946,134.125,0.0375,0,0,1,0.0,0.0,0.0,148.0,132.0,0.945,0.9921,0.9853,0.932,-0.945,-0.9921,-0.9162,-0.9976,0.0,0.8968,0.9252,0.805,0.0,270.0,60.0,150.0,210.0,210.0,210.0,270.0,0.0,16.0,-3.0,-0.0,50.6954,0.0056,0.0186,0.0902,0.9976,0.1923,9.0,10.71,0.41,15.41
98,2026-04-26T18:09:30+00:00,2026-04-26T18:22:30+00:00,13.0,-11.0,132.0,121.0,136.0,121.0,15.0,27,bajada,14:09,2026-04-26,,-0.1154,0.5295,0.2692,0.9316,-0.9316,-0.0141,0.1125,0.3,-0.3667,0.3344,0.1134,0.0001,0.0067,0.0156,-0.0222,0.0011,0.0067,-0.0,0.0004,0.0011,-0.0013,0.0,0.0004,7,8,0.0769,0.1923,0.000777,0.004415,0.0,0.001352,0.5635,784.912,60.378,71.356,29.071,1.0062,0.9938,413013.0,0.3344,0.0011,123.68,0.1134,1e-06,1.5434,0.6284,0.1252,0.801,0.7147,1.4089,0.001235,0.003803,0.8413,0.7023,0.5757,0.2951,2.3093,121.0,0.0,3.0,1.5962,1.0474,122.783,0.0376,1,1,1,6.0,0.55,0.077,136.0,126.0,0.9316,0.9659,0.9556,0.9243,-0.9316,-0.9659,-0.9107,-0.9692,0.0,0.868,0.887,0.7978,60.0,240.0,30.0,120.0,180.0,150.0,150.0,240.0,4.0,11.0,-2.2,-0.0,71.3556,0.0257,0.1003,0.0611,0.9692,1.1285,9.0,15.66,0.5996,10.46
99,2026-04-26T22:19:30+00:00,2026-04-26T22:36:30+00:00,17.0,-16.0,121.0,105.0,125.0,105.0,20.0,35,bajada,18:19,2026-04-26,,-0.1176,0.703,0.3529,0.9589,-0.9589,-0.0157,0.0912,0.2,-0.2667,0.2911,0.0925,-0.0001,0.0053,0.0133,-0.0156,0.0009,0.0053,0.0,0.0003,0.0008,-0.0009,0.0,0.0003,12,13,0.0882,0.2059,0.000769,0.005411,0.0,0.001212,0.7265,1024.322,60.254,64.02,29.266,1.0041,0.9959,421490.0,0.2911,0.0009,109.739,0.0925,1e-06,2.0152,0.6848,0.1171,0.6218,0.7639,1.319,0.000952,0.002307,0.9272,0.8876,0.7693,0.5313,2.0188,105.0,0.0,9.0,1.1501,-0.0753,108.483,0.0598,1,2,1,6.0,0.833,0.059,125.0,107.0,0.9589,0.9796,0.9697,0.9523,-0.9589,-0.9796,-0.9452,-0.9688,0.0,0.8637,0.8805,0.8566,30.0,420.0,150.0,390.0,300.0,300.0,300.0,420.0,4.0,16.0,-1.714,0.0,64.0201,0.0171,0.0728,0.0827,0.9796,0.8202,9.0,19.82,0.7591,6.29
100,2026-04-27T04:10:30+00:00,2026-04-27T04:22:00+00:00,11.5,0.0,99.0,99.0,106.0,99.0,7.0,24,mixto,00:10,2026-04-27,,0.0,0.1107,0.2609,-0.0501,0.0501,0.0,0.0716,0.2333,-0.2333,0.1178,0.0716,0.0,0.0042,0.0078,-0.0156,0.0004,0.0042,-0.0,0.0003,0.0008,-0.0008,0.0,0.0003,6,5,0.087,0.087,0.000497,0.003889,0.0,0.001117,0.2996,691.745,60.152,691744872.716,28.823,1.0025,0.9975,237059.0,0.1178,0.0004,99.385,0.0716,0.0,0.4972,0.335,0.3765,1.4284,0.7709,1.5283,0.011111,0.008841,0.3572,-0.0739,0.2954,-0.037,3.4737,99.0,0.0,0.0,4.1187,15.8461,99.0,0.0145,2,1,1,4.5,0.5,0.174,106.0,99.0,-0.0501,-0.0989,-0.1188,-0.0239,0.0501,0.0989,0.0215,0.1085,0.0,-0.1036,-0.1406,0.0,60.0,0.0,690.0,690.0,690.0,0.0,0.0,180.0,7.0,0.0,1.4,0.0,691.745,0.0102,0.5378,0.0,0.1406,2.183,9.0,25.68,0.9831,0.44
101,2026-04-27T04:48:00+00:00,2026-04-27T04:59:30+00:00,11.5,99.0,99.0,198.0,198.0,99.0,99.0,24,subida,00:48,2026-04-27,,0.087,0.3112,0.087,-0.9037,0.9037,0.1435,0.4652,1.7,0.0,5.45,0.4868,0.0,0.0166,0.0567,-0.0533,0.0061,0.0166,-0.0001,0.0007,0.0018,-0.002,0.0,0.0007,2,2,0.087,0.0,0.002793,0.028333,0.0,0.006809,1.5862,745.773,64.85,7.533,31.074,1.0699,0.9347,865386.0,5.45,0.0061,189.889,0.4868,6e-06,0.6584,-0.0,0.1112,0.4415,1.0,1.7194,0.001389,0.004378,0.8792,0.6966,-0.0186,-0.0342,2.7813,198.0,0.0,0.0,-2.5944,5.0696,195.6,0.1514,0,0,1,0.0,0.0,0.0,198.0,99.0,-0.9037,-0.9701,-0.9666,-0.906,0.9037,0.9701,0.8635,0.9847,0.0,-0.8864,-0.9277,-0.739,90.0,0.0,0.0,60.0,60.0,90.0,90.0,90.0,0.0,0.0,69.6,0.0,7.5331,0.4739,0.0491,0.0271,0.9847,0.7591,10.0,0.13,0.0033,39.82
102,2026-04-27T10:26:00+00:00,2026-04-27T10:40:30+00:00,14.5,-8.0,195.0,187.0,200.0,184.0,16.0,30,bajada,06:26,2026-04-27,,-0.0345,0.4602,0.3793,0.9052,-0.9052,-0.0092,0.1046,0.2333,-0.3333,0.32,0.105,0.0,0.0057,0.0111,-0.0167,0.0009,0.0057,0.0,0.0003,0.0009,-0.0008,0.0,0.0003,11,11,0.1034,0.1379,0.001022,0.004532,0.0,0.001523,0.9031,874.71,60.325,109.339,29.157,1.0054,0.9947,1073251.0,0.32,0.0009,189.143,0.105,0.0,1.7338,0.4997,0.266,0.839,0.7249,1.4721,0.001111,0.004021,0.8336,0.6867,0.4673,0.297,2.7156,187.0,0.0,3.0,1.5676,1.334,188.292,0.0213,1,2,1,7.0,0.925,0.069,200.0,184.0,0.9052,0.9312,0.9194,0.9025,-0.9052,-0.9312,-0.8893,-0.931,0.0,0.8372,0.8489,0.7832,90.0,330.0,60.0,150.0,150.0,270.0,270.0,360.0,5.0,11.0,-0.171,0.0,109.3388,0.0221,0.2232,0.0159,0.9312,1.2351,10.0,5.77,0.1443,34.18
103,2026-04-27T14:35:30+00:00,2026-04-27T14:49:00+00:00,13.5,-7.0,183.0,176.0,189.0,176.0,13.0,28,bajada,10:35,2026-04-27,,-0.037,0.4277,0.2593,0.9088,-0.9088,-0.0086,0.0988,0.2333,-0.3,0.2656,0.0992,0.0,0.0059,0.0111,-0.0167,0.0009,0.0059,-0.0,0.0004,0.0009,-0.0009,0.0,0.0004,7,7,0.0741,0.1111,0.000653,0.004151,0.0,0.001288,0.4984,813.919,60.29,116.274,29.069,1.0048,0.9952,883180.0,0.2656,0.0009,177.601,0.0992,0.0,1.1607,0.4318,0.1112,0.9816,0.6824,1.3735,0.00119,0.005439,0.7593,0.5606,0.254,0.1507,2.9097,176.0,0.0,0.25,2.1167,3.6673,176.958,0.0183,0,1,1,0.0,0.0,0.0,189.0,177.0,0.9088,0.9478,0.9365,0.901,-0.9088,-0.9478,-0.8848,-0.9531,0.0,0.8564,0.8782,0.7788,60.0,210.0,90.0,90.0,150.0,150.0,150.0,210.0,6.0,7.0,-1.8,-0.0,116.2741,0.0197,0.1092,0.0158,0.9531,1.3482,10.0,9.93,0.2484,30.02
104,2026-04-27T20:40:30+00:00,2026-04-27T20:54:30+00:00,14.0,-15.0,172.0,157.0,175.0,157.0,18.0,29,bajada,16:40,2026-04-27,,-0.0714,0.5961,0.2143,0.9453,-0.9453,-0.0179,0.0699,0.1,-0.2667,0.1456,0.0721,-0.0001,0.0037,0.0089,-0.0111,0.0004,0.0037,0.0,0.0002,0.0006,-0.0003,0.0,0.0002,6,8,0.0357,0.1071,0.000719,0.005473,0.0,0.001285,0.5437,842.153,60.154,56.144,29.04,1.0024,0.9976,744185.0,0.1456,0.0004,160.192,0.0721,0.0,1.3494,0.3816,0.1229,0.2933,0.9092,1.5076,0.001149,0.002799,0.927,0.8585,0.6159,0.3361,2.1816,157.0,0.0,8.0,1.4078,0.6078,159.28,0.0333,0,0,1,0.0,0.0,0.0,175.0,157.0,0.9453,0.9876,0.9791,0.9344,-0.9453,-0.9876,-0.9194,-0.9905,0.0,0.891,0.9162,0.8168,30.0,240.0,60.0,150.0,240.0,240.0,240.0,240.0,3.0,15.0,-3.0,-0.0,56.1435,0.0104,0.036,0.0426,0.9905,0.4422,10.0,16.01,0.4007,23.94
105,2026-04-28T00:15:30+00:00,2026-04-28T00:30:00+00:00,14.5,-14.0,157.0,143.0,157.0,143.0,14.0,30,bajada,20:15,2026-04-27,,-0.1034,0.572,0.2759,0.9403,-0.9403,-0.0161,0.0981,0.2333,-0.3,0.2867,0.0994,0.0001,0.0057,0.01,-0.0178,0.0009,0.0057,0.0,0.0003,0.0009,-0.0009,0.0,0.0003,8,8,0.069,0.1724,0.000624,0.003882,0.0,0.001125,0.5617,874.227,60.292,62.445,29.141,1.0047,0.9953,636255.0,0.2867,0.0009,145.631,0.0994,0.0,1.6323,0.5341,0.1112,0.8417,0.773,1.4721,0.001111,0.003995,0.8056,0.6728,0.6334,0.4671,2.5369,143.0,0.0,4.0,1.4295,0.6144,144.625,0.0298,0,2,1,0.0,0.0,0.0,157.0,147.0,0.9403,0.9844,0.9802,0.9316,-0.9403,-0.9844,-0.9134,-0.9871,0.0,0.8867,0.9142,0.799,0.0,270.0,30.0,60.0,180.0,120.0,120.0,270.0,0.0,14.0,-1.143,-0.0,62.4448,0.0198,0.0936,0.0591,0.9871,1.2391,10.0,19.59,0.4904,20.36
106,2026-04-28T09:46:30+00:00,2026-04-28T10:01:30+00:00,15.0,-14.0,143.0,129.0,146.0,129.0,17.0,31,bajada,05:46,2026-04-28,,-0.1,0.7301,0.3333,0.9637,-0.9637,-0.0156,0.066,0.1333,-0.2,0.1378,0.0678,-0.0001,0.0038,0.0078,-0.0111,0.0004,0.0038,0.0,0.0002,0.0006,-0.0006,0.0,0.0002,10,13,0.0667,0.1667,0.000578,0.004926,0.0,0.001057,0.4641,902.052,60.137,64.432,29.098,1.0022,0.9978,545682.0,0.1378,0.0004,132.675,0.0678,0.0,2.0728,0.5411,0.1582,0.4762,0.8321,1.4383,0.001075,0.002629,0.9175,0.8699,0.7102,0.5067,2.0898,129.0,0.0,8.0,1.1258,0.0035,131.76,0.0377,0,1,1,0.0,0.0,0.0,146.0,134.0,0.9637,0.9911,0.9843,0.9562,-0.9637,-0.9911,-0.9462,-0.9813,0.0,0.8737,0.896,0.8502,30.0,390.0,60.0,150.0,300.0,390.0,390.0,390.0,3.0,14.0,-2.743,-0.0,64.4323,0.0092,0.0753,0.073,0.9911,0.6849,10.0,29.11,0.7286,10.84
107,2026-04-28T12:36:30+00:00,2026-04-28T12:50:30+00:00,14.0,-11.0,132.0,121.0,132.0,121.0,11.0,29,bajada,08:36,2026-04-28,,-0.0714,0.48,0.2857,0.9267,-0.9267,-0.0131,0.0709,0.1667,-0.2,0.1456,0.0721,0.0,0.0043,0.01,-0.0122,0.0005,0.0043,0.0,0.0003,0.0006,-0.0007,0.0,0.0003,8,8,0.0714,0.1429,0.00042,0.003333,0.0,0.000812,0.3152,842.167,60.155,76.561,29.04,1.0025,0.9975,436079.0,0.1456,0.0005,122.626,0.0721,0.0,1.242,0.5111,0.1112,0.7939,0.7895,1.5076,0.001149,0.004481,0.8274,0.6321,0.3182,0.2729,2.951,121.0,0.0,1.0,2.003,2.9349,121.96,0.0256,0,2,1,0.0,0.0,0.0,132.0,122.0,0.9267,0.982,0.9782,0.9175,-0.9267,-0.982,-0.8929,-0.9906,0.0,0.8911,0.9261,0.787,0.0,240.0,210.0,60.0,120.0,180.0,180.0,240.0,0.0,11.0,-4.8,-0.0,76.5606,0.0104,0.0883,0.0343,0.9906,1.1969,10.0,31.94,0.7995,8.01
108,2026-04-28T20:23:00+00:00,2026-04-28T20:37:00+00:00,14.0,-13.0,124.0,111.0,126.0,108.0,18.0,29,bajada,16:23,2026-04-28,,-0.0714,0.5501,0.3571,0.9356,-0.9356,-0.0155,0.0998,0.2667,-0.2333,0.2856,0.101,-0.0001,0.0055,0.0111,-0.0167,0.0008,0.0055,0.0,0.0003,0.0006,-0.0009,0.0,0.0003,10,9,0.1429,0.2143,0.000938,0.005276,0.0,0.001313,0.7579,844.238,60.303,64.941,29.112,1.0049,0.9951,378202.0,0.2856,0.0008,114.199,0.101,1e-06,2.091,0.6789,0.162,0.7123,0.7576,1.6752,0.001149,0.002968,0.9003,0.8164,0.6448,0.3407,2.0882,111.0,0.0,7.0,1.1629,-0.1449,113.6,0.0478,1,2,1,8.0,0.536,0.071,126.0,108.0,0.9356,0.969,0.9588,0.9272,-0.9356,-0.969,-0.9155,-0.9659,0.0,0.8738,0.8903,0.8176,30.0,300.0,60.0,150.0,240.0,240.0,240.0,360.0,2.0,16.0,-1.8,-0.0,64.9414,0.0204,0.1154,0.0393,0.969,1.1932,10.0,39.72,0.9942,0.23
109,2026-04-28T21:02:30+00:00,2026-04-28T21:14:00+00:00,11.5,95.0,111.0,206.0,206.0,111.0,95.0,24,subida,17:02,2026-04-28,,0.087,0.3041,0.087,-0.9026,0.9026,0.1377,0.4522,1.8333,0.0,5.1389,0.4727,0.0,0.0165,0.0611,-0.0444,0.006,0.0165,-0.0001,0.0007,0.0015,-0.0026,0.0,0.0007,2,2,0.087,0.0,0.002836,0.030556,0.0,0.007092,1.5838,742.65,64.578,7.817,30.944,1.0662,0.9379,943354.0,5.1389,0.006,198.258,0.4727,5e-06,0.6584,-0.0,0.1112,0.4611,1.0,1.7194,0.001389,0.004439,0.87,0.6842,-0.018,-0.0332,2.8083,206.0,0.0,0.0,-2.6704,5.4766,204.0,0.1373,0,0,1,0.0,0.0,0.0,206.0,111.0,-0.9026,-0.9694,-0.9662,-0.9045,0.9026,0.9694,0.8622,0.984,0.0,-0.8858,-0.9275,-0.7378,90.0,0.0,0.0,60.0,60.0,90.0,90.0,90.0,0.0,0.0,68.0,-0.0,7.8174,0.4469,0.0513,0.0265,0.984,0.7928,11.0,0.38,0.0093,39.96
110,2026-04-28T23:55:30+00:00,2026-04-29T00:07:30+00:00,12.0,-9.0,203.0,194.0,203.0,194.0,9.0,25,bajada,19:55,2026-04-28,,-0.125,0.4434,0.1667,0.9227,-0.9227,-0.0125,0.0344,0.0,-0.1333,0.0322,0.0366,0.0,0.0015,0.0033,-0.0044,0.0001,0.0015,0.0,0.0001,0.0002,-0.0003,0.0,0.0001,4,4,0.0,0.125,0.000255,0.001667,0.0,0.000489,0.166,720.482,60.04,80.054,28.819,1.0006,0.9994,953554.0,0.0322,0.0001,195.3,0.0366,0.0,1.0263,0.4202,0.1178,0.1975,1.0,1.486,0.001333,0.003471,0.9131,0.8031,0.3278,-0.052,2.429,194.0,0.0,0.0,1.9685,2.2483,194.667,0.0144,0,0,1,0.0,0.0,0.0,203.0,194.0,0.9227,0.9818,0.9753,0.9153,-0.9227,-0.9818,-0.8868,-0.9959,0.0,0.8944,0.9306,0.7705,0.0,150.0,60.0,60.0,120.0,150.0,150.0,150.0,0.0,9.0,-3.4,-0.0,80.0536,0.0027,0.0233,0.0554,0.9959,0.2935,11.0,3.26,0.0808,37.08
111,2026-04-29T08:01:30+00:00,2026-04-29T08:17:30+00:00,16.0,-19.0,194.0,175.0,198.0,175.0,23.0,33,bajada,04:01,2026-04-29,,-0.0938,0.6418,0.375,0.9493,-0.9493,-0.0198,0.104,0.2333,-0.4333,0.3589,0.1059,-0.0001,0.0057,0.0144,-0.0189,0.001,0.0057,0.0,0.0003,0.0011,-0.0007,0.0,0.0003,12,11,0.0938,0.1875,0.001132,0.009198,0.0,0.001946,0.9824,965.24,60.328,50.802,29.25,1.0053,0.9948,1057053.0,0.3589,0.001,178.975,0.1059,0.0,1.7534,0.6087,0.147,0.6919,0.8022,1.3757,0.00101,0.003352,0.8799,0.773,0.5571,0.4245,2.6214,175.0,0.0,7.0,1.6345,2.1531,177.778,0.0327,2,2,1,4.5,1.019,0.125,186.0,179.0,0.9493,0.9889,0.9854,0.9399,-0.9493,-0.9889,-0.9244,-0.9856,0.0,0.8805,0.9102,0.8177,30.0,420.0,180.0,60.0,270.0,360.0,360.0,420.0,4.0,19.0,-6.514,0.0,50.8021,0.0224,0.1017,0.0602,0.9889,0.9518,11.0,11.36,0.2816,28.98
112,2026-04-29T12:15:00+00:00,2026-04-29T12:29:30+00:00,14.5,-14.0,173.0,159.0,178.0,159.0,19.0,30,bajada,08:15,2026-04-29,,-0.069,0.6601,0.3448,0.9481,-0.9481,-0.0161,0.1,0.1667,-0.4,0.2978,0.1013,-0.0,0.0057,0.0133,-0.0189,0.0009,0.0057,-0.0,0.0004,0.0011,-0.0008,0.0,0.0004,10,11,0.1034,0.1724,0.00078,0.004627,0.0,0.001197,0.6603,874.364,60.301,62.455,29.145,1.0049,0.9951,799869.0,0.2978,0.0009,163.286,0.1013,0.0,1.7914,0.5684,0.1649,0.6042,0.7641,1.4721,0.001111,0.00272,0.9287,0.8653,0.6905,0.4721,1.9196,159.0,0.0,6.0,1.1741,-0.196,162.083,0.0382,0,2,1,0.0,0.0,0.0,178.0,160.0,0.9481,0.9644,0.9536,0.9381,-0.9481,-0.9644,-0.9377,-0.9565,0.0,0.8504,0.8613,0.8378,60.0,360.0,90.0,210.0,270.0,210.0,210.0,360.0,5.0,14.0,-0.8,-0.0,62.4546,0.0205,0.0996,0.0455,0.9644,0.8894,11.0,15.58,0.3864,24.75
113,2026-04-29T21:24:00+00:00,2026-04-29T21:37:00+00:00,13.0,-15.0,156.0,141.0,156.0,141.0,15.0,27,bajada,17:24,2026-04-29,,-0.1538,0.6605,0.3077,0.9521,-0.9521,-0.0192,0.0464,0.0,-0.1667,0.0656,0.0502,0.0,0.0024,0.0056,-0.0056,0.0001,0.0024,0.0,0.0001,0.0004,-0.0003,0.0,0.0001,8,9,0.0,0.1538,0.000348,0.002222,0.0,0.000601,0.2487,780.979,60.075,52.065,28.925,1.0011,0.9989,561088.0,0.0656,0.0001,144.156,0.0502,0.0,1.5766,0.4737,0.1418,0.1409,1.0,1.4089,0.001235,0.002865,0.9148,0.8675,0.6163,0.3588,2.1043,141.0,0.0,5.0,1.3246,0.375,143.304,0.0338,0,0,1,0.0,0.0,0.0,156.0,141.0,0.9521,0.9939,0.9872,0.944,-0.9521,-0.9939,-0.9265,-0.9952,0.0,0.8919,0.9184,0.8116,0.0,270.0,60.0,120.0,180.0,270.0,270.0,270.0,0.0,15.0,-3.6,-0.0,52.0653,0.005,0.02,0.1016,0.9952,0.1985,11.0,24.73,0.6132,15.6
114,2026-04-29T23:51:00+00:00,2026-04-30T00:02:30+00:00,11.5,-5.0,141.0,136.0,147.0,136.0,11.0,24,bajada,19:51,2026-04-29,,0.0,0.3626,0.1739,0.8759,-0.8759,-0.0072,0.0702,0.1,-0.3,0.1144,0.0705,-0.0002,0.0036,0.01,-0.0133,0.0003,0.0036,-0.0,0.0002,0.0008,-0.0004,0.0,0.0002,4,5,0.087,0.087,0.00048,0.004105,0.0,0.001073,0.3454,691.687,60.147,138.337,28.82,1.0024,0.9976,451738.0,0.1144,0.0003,137.195,0.0705,0.0,1.1387,0.335,0.1252,0.7282,0.7532,1.5283,0.001389,0.004225,0.8852,0.7083,0.1064,-0.0464,2.6555,136.0,0.0,0.0,2.5188,5.2325,136.45,0.0203,1,0,1,6.0,0.667,0.087,147.0,136.0,0.8759,0.9184,0.9022,0.8856,-0.8759,-0.9184,-0.8496,-0.9304,0.0,0.8348,0.8573,0.7346,60.0,150.0,0.0,90.0,90.0,150.0,150.0,150.0,6.0,5.0,-1.2,0.0,138.3374,0.0099,0.0912,0.0,0.9304,1.1129,11.0,27.18,0.674,13.15
115,2026-04-30T01:27:00+00:00,2026-04-30T01:42:00+00:00,15.0,-18.0,136.0,118.0,136.0,118.0,18.0,31,bajada,21:27,2026-04-29,,-0.1667,0.7339,0.3333,0.9553,-0.9553,-0.02,0.063,0.1667,-0.1667,0.1311,0.0661,0.0001,0.0031,0.0089,-0.0056,0.0003,0.0031,0.0,0.0002,0.0004,-0.0005,0.0,0.0002,10,12,0.0333,0.2,0.000659,0.002749,0.0,0.000813,0.5962,901.956,60.13,50.109,29.095,1.002,0.998,459973.0,0.1311,0.0003,121.811,0.0661,0.0,1.8992,0.5892,0.1696,0.523,0.886,1.4383,0.001075,0.003254,0.8722,0.8056,0.6268,0.4649,2.3787,118.0,0.0,7.0,1.2177,0.6091,120.88,0.0407,1,1,1,5.0,1.0,0.067,127.0,122.0,0.9553,0.9932,0.9917,0.947,-0.9553,-0.9932,-0.931,-0.9872,0.0,0.8759,0.9086,0.8325,0.0,420.0,30.0,240.0,210.0,390.0,390.0,420.0,0.0,18.0,-4.0,-0.0,50.1087,0.0087,0.0887,0.1223,0.9932,0.7522,11.0,28.78,0.7136,11.55
116,2026-04-30T10:05:00+00:00,2026-04-30T10:17:00+00:00,12.0,-6.0,116.0,110.0,122.0,108.0,14.0,25,bajada,06:05,2026-04-30,,-0.0417,0.3123,0.25,0.881,-0.881,-0.0083,0.0728,0.2,-0.2,0.1289,0.0733,0.0,0.0036,0.0067,-0.0133,0.0003,0.0036,-0.0,0.0002,0.0004,-0.0007,0.0,0.0002,6,8,0.0833,0.125,0.000639,0.005,0.0,0.001295,0.429,721.916,60.16,120.319,28.877,1.0026,0.9974,308916.0,0.1289,0.0003,111.16,0.0733,0.0,0.9961,0.4875,0.2587,0.72,0.7609,1.6718,0.001333,0.003968,0.9011,0.7146,0.1404,-0.156,2.6323,110.0,0.0,0.0,2.3435,4.8474,110.571,0.027,1,1,1,6.0,0.5,0.083,122.0,108.0,0.881,0.932,0.9188,0.885,-0.881,-0.932,-0.8495,-0.9494,0.0,0.8525,0.8808,0.7367,60.0,210.0,0.0,0.0,120.0,120.0,120.0,240.0,6.0,8.0,-2.4,-0.0,120.3193,0.0107,0.1863,0.013,0.9494,1.2037,11.0,37.42,0.9277,2.92
117,2026-04-30T12:29:00+00:00,2026-04-30T12:42:30+00:00,13.5,-10.0,111.0,101.0,111.0,101.0,10.0,28,bajada,08:29,2026-04-30,,-0.1111,0.6257,0.2593,0.9468,-0.9468,-0.0123,0.0538,0.1333,-0.2,0.0822,0.0552,0.0,0.0029,0.0067,-0.0111,0.0002,0.0029,0.0,0.0002,0.0006,-0.0005,0.0,0.0002,7,10,0.037,0.1481,0.000525,0.002773,0.0,0.000772,0.4157,811.225,60.091,81.123,28.972,1.0014,0.9986,297115.0,0.0822,0.0002,103.011,0.0552,0.0,1.7987,0.476,0.1696,0.5962,0.8501,1.3735,0.00119,0.00383,0.8786,0.7625,0.4557,0.45,2.535,101.0,0.0,2.5,1.5377,1.1082,102.458,0.0301,0,1,1,0.0,0.0,0.0,111.0,105.0,0.9468,0.9893,0.9849,0.9357,-0.9468,-0.9893,-0.9207,-0.9887,0.0,0.8848,0.9137,0.8161,0.0,330.0,60.0,90.0,210.0,210.0,210.0,330.0,0.0,10.0,-3.6,-0.0,81.1225,0.0061,0.1011,0.0695,0.9893,0.8189,11.0,39.82,0.9872,0.52
118,2026-04-30T14:22:30+00:00,2026-04-30T14:33:30+00:00,11.0,46.0,101.0,147.0,147.0,101.0,46.0,23,subida,10:22,2026-04-30,,0.0455,0.2386,0.0909,-0.8927,0.8927,0.0697,0.3194,1.5333,0.0,2.3511,0.3269,0.0,0.0158,0.0511,-0.0511,0.0052,0.0158,-0.0001,0.0008,0.0017,-0.0034,0.0,0.0009,2,2,0.0455,0.0,0.002222,0.025556,0.0,0.00584,1.1499,684.918,62.265,14.89,29.779,1.0352,0.966,474191.0,2.3511,0.0052,143.586,0.3269,5e-06,0.4262,-0.0,0.1112,0.6381,1.0,1.7701,0.001449,0.005405,0.7775,0.5184,-0.0143,-0.0265,3.0029,147.0,0.0,0.0,-2.9318,6.5952,147.0,0.0906,0,0,1,0.0,0.0,0.0,147.0,101.0,-0.8927,-0.9612,-0.9595,-0.8872,0.8927,0.9612,0.8514,0.9801,0.0,-0.8773,-0.9214,-0.7436,60.0,0.0,0.0,0.0,60.0,60.0,60.0,60.0,0.0,0.0,36.8,0.0,14.8895,0.2137,0.071,0.0109,0.9801,1.1295,12.0,0.21,0.0102,20.12
119,2026-04-30T20:56:00+00:00,2026-04-30T21:06:30+00:00,10.5,-9.0,147.0,138.0,147.0,138.0,9.0,22,bajada,16:56,2026-04-30,,-0.0952,0.4287,0.1429,0.9176,-0.9176,-0.0143,0.0443,0.0,-0.1667,0.0456,0.0466,0.0002,0.002,0.0056,-0.0056,0.0001,0.002,-0.0,0.0001,0.0004,-0.0002,0.0,0.0001,3,4,0.0,0.0952,0.000399,0.002207,0.0,0.000733,0.2312,630.679,60.065,70.075,28.667,1.001,0.999,425748.0,0.0456,0.0001,139.112,0.0466,0.0,0.8315,0.2892,0.1418,0.3656,1.0,1.6216,0.001515,0.004827,0.7864,0.625,0.3209,-0.0593,2.6384,138.0,0.0,0.0,2.063,3.0558,138.556,0.0175,0,0,1,0.0,0.0,0.0,147.0,138.0,0.9176,0.9793,0.9757,0.9122,-0.9176,-0.9793,-0.8806,-0.994,0.0,0.8915,0.9289,0.7643,0.0,120.0,30.0,30.0,120.0,120.0,120.0,120.0,0.0,9.0,-2.4,0.0,70.0754,0.0043,0.0518,0.0408,0.994,0.5929,12.0,6.77,0.3328,13.57
120,2026-04-30T21:55:00+00:00,2026-04-30T22:09:00+00:00,14.0,-5.0,138.0,133.0,146.0,133.0,13.0,29,bajada,17:55,2026-04-30,,-0.0357,0.4669,0.2857,0.8645,-0.8645,-0.006,0.1024,0.2667,-0.3333,0.2944,0.1025,0.0,0.0064,0.0178,-0.02,0.0011,0.0064,-0.0,0.0004,0.0013,-0.001,0.0,0.0004,8,7,0.1071,0.1429,0.000573,0.004444,0.0,0.001086,0.4319,844.341,60.31,168.868,29.115,1.0052,0.9949,526382.0,0.2944,0.0011,134.726,0.1025,1e-06,1.6444,0.5042,0.1178,1.0172,0.6801,1.5076,0.001149,0.004853,0.7644,0.5277,0.4533,0.3234,2.6573,133.0,0.0,3.0,2.136,4.1726,134.08,0.0232,1,1,1,6.0,0.5,0.071,142.0,136.0,0.8645,0.8736,0.8575,0.855,-0.8645,-0.8736,-0.8586,-0.8602,0.0,0.7737,0.7763,0.7791,60.0,270.0,90.0,90.0,240.0,270.0,270.0,270.0,8.0,5.0,1.2,-0.0,168.8682,0.021,0.1198,0.0167,0.8736,1.5335,12.0,7.75,0.3811,12.58
121,2026-05-01T01:03:30+00:00,2026-05-01T01:15:30+00:00,12.0,-15.0,133.0,118.0,133.0,118.0,15.0,25,bajada,21:03,2026-04-30,,-0.125,0.5827,0.2083,0.9363,-0.9363,-0.0208,0.0622,0.0,-0.2667,0.1033,0.0656,0.0002,0.0029,0.0089,-0.0089,0.0002,0.0029,-0.0,0.0002,0.0006,-0.0003,0.0,0.0002,5,7,0.0,0.125,0.000601,0.002749,0.0,0.000935,0.4106,721.529,60.127,48.102,28.861,1.0019,0.9981,363529.0,0.1033,0.0002,120.587,0.0656,0.0,1.5917,0.3739,0.261,0.2588,1.0,2.0433,0.001333,0.004208,0.8378,0.7114,0.4079,0.1054,2.645,120.0,2.0,2.0,1.8631,2.2742,119.81,0.0333,0,0,2,0.0,0.0,0.0,133.0,118.0,0.9363,0.9871,0.9847,0.927,-0.9363,-0.9871,-0.9042,-0.9934,0.0,0.8777,0.9185,0.7968,0.0,390.0,30.0,30.0,120.0,120.0,120.0,390.0,0.0,15.0,-5.2,-0.0,48.1019,0.0086,0.0675,0.0728,0.9934,0.5288,12.0,10.89,0.5357,9.44
122,2026-05-01T02:31:30+00:00,2026-05-01T02:49:00+00:00,17.5,-14.0,118.0,104.0,123.0,104.0,19.0,36,bajada,22:31,2026-04-30,,-0.0286,0.7253,0.2286,0.9628,-0.9628,-0.0133,0.0643,0.1,-0.2,0.1511,0.0657,-0.0001,0.0029,0.0078,-0.01,0.0003,0.0029,-0.0,0.0002,0.0004,-0.0004,0.0,0.0002,8,11,0.1143,0.1429,0.000591,0.004428,0.0,0.001015,0.6296,1052.251,60.129,75.161,29.229,1.0021,0.9979,422278.0,0.1511,0.0003,108.305,0.0657,0.0,1.9628,0.4466,0.1542,0.3911,0.8126,1.2925,0.000926,0.002311,0.961,0.9092,0.6251,0.4667,2.0623,104.0,0.0,8.25,0.9923,-0.0946,107.367,0.0506,2,1,1,3.5,1.271,0.114,123.0,111.0,0.9628,0.9774,0.9717,0.9609,-0.9628,-0.9774,-0.952,-0.9593,0.0,0.8431,0.8646,0.8656,60.0,450.0,150.0,180.0,420.0,360.0,360.0,450.0,5.0,14.0,-3.143,0.0,75.1608,0.0086,0.0603,0.0207,0.9774,0.5055,12.0,12.36,0.6078,7.97
123,2026-05-01T07:37:30+00:00,2026-05-01T07:48:00+00:00,10.5,2.0,104.0,106.0,110.0,104.0,6.0,22,mixto,03:37,2026-05-01,,0.0476,0.0044,0.2381,-0.7442,0.7442,0.0032,0.0553,0.1333,-0.1667,0.0644,0.0554,-0.0001,0.003,0.0056,-0.01,0.0002,0.003,-0.0,0.0002,0.0005,-0.0004,0.0,0.0002,5,5,0.1429,0.0952,0.000478,0.003054,0.0,0.000789,0.2987,630.962,60.092,315.481,28.68,1.0015,0.9985,247642.0,0.0644,0.0002,106.096,0.0554,0.0,1.21,0.3953,0.1542,1.2981,0.7591,2.027,0.010606,0.00945,0.2665,-0.218,0.4474,-0.2117,2.71,106.0,0.0,0.0,1.9644,5.8696,105.944,0.0102,1,1,1,5.0,0.562,0.095,110.0,105.0,-0.7442,-0.8188,-0.8274,-0.7213,0.7442,0.8188,0.6999,0.8398,0.0,-0.7537,-0.8024,-0.5968,60.0,0.0,0.0,90.0,30.0,30.0,30.0,180.0,4.0,0.0,1.4,-0.0,315.481,0.0061,0.2002,0.0002,0.8398,2.6312,12.0,17.46,0.8586,2.88
124,2026-05-01T08:32:00+00:00,2026-05-01T08:46:30+00:00,14.5,-6.0,106.0,100.0,106.0,92.0,14.0,30,bajada,04:32,2026-05-01,,-0.0345,0.1253,0.2069,0.8602,-0.8602,-0.0069,0.0916,0.2667,-0.3,0.2444,0.0918,0.0,0.0049,0.0189,-0.0111,0.0007,0.0049,0.0,0.0003,0.0008,-0.0009,0.0,0.0003,6,7,0.069,0.1034,0.000748,0.006109,0.0,0.001515,0.6315,873.611,60.249,145.602,29.12,1.0041,0.9959,303177.0,0.2444,0.0007,100.528,0.0918,1e-06,1.2868,0.3946,0.1278,0.9704,0.8045,1.4721,0.006667,0.006685,0.698,0.2701,0.0672,0.2389,3.3582,100.0,0.0,0.75,-0.2904,5.319,100.208,0.0237,1,1,1,5.0,0.5,0.069,106.0,101.0,0.8602,0.9255,0.9227,0.849,-0.8602,-0.9255,-0.8202,-0.9432,0.0,0.8528,0.8919,0.699,0.0,240.0,0.0,60.0,60.0,60.0,60.0,270.0,0.0,14.0,-2.286,-0.0,145.6018,0.0169,0.124,0.0043,0.9432,1.4285,12.0,18.37,0.9033,1.97
125,2026-05-01T11:24:00+00:00,2026-05-01T11:39:00+00:00,15.0,91.0,98.0,189.0,203.0,98.0,105.0,31,subida,07:24,2026-05-01,,-0.1,0.0695,0.3667,-0.8646,0.8646,0.1011,0.6331,3.5,-0.1667,12.3322,0.6412,0.0,0.0308,0.1167,-0.1167,0.0274,0.0308,-0.0001,0.0016,0.0039,-0.0078,0.0001,0.0017,11,13,0.0667,0.1667,0.003445,0.058333,0.0,0.011298,2.3292,980.429,65.362,10.774,31.627,1.0838,0.9226,1093592.0,12.3322,0.0274,187.822,0.6412,1.1e-05,1.181,0.5128,0.2262,0.5492,0.9517,1.5981,0.003226,0.005484,0.7778,0.4717,-0.108,-0.1153,3.4657,189.0,0.0,5.5,-3.2867,9.5086,191.28,0.1271,1,0,1,14.0,2.783,0.067,203.0,98.0,-0.8646,-0.94,-0.9417,-0.8569,0.8646,0.94,0.8186,0.958,0.0,-0.867,-0.9151,-0.7018,60.0,0.0,0.0,0.0,450.0,450.0,450.0,450.0,14.0,0.0,47.429,0.0,10.7739,0.8221,0.1242,0.007,0.958,0.8777,13.0,0.22,0.007,30.9
126,2026-05-01T11:55:30+00:00,2026-05-01T12:07:00+00:00,11.5,-6.0,189.0,183.0,200.0,183.0,17.0,24,bajada,07:55,2026-05-01,,-0.0435,0.3308,0.2174,0.847,-0.847,-0.0087,0.1213,0.3667,-0.4333,0.34,0.1216,-0.0,0.0071,0.0144,-0.0267,0.0011,0.0071,-0.0,0.0004,0.0014,-0.0013,0.0,0.0004,5,5,0.0435,0.087,0.000771,0.006656,0.0,0.001786,0.4637,694.914,60.427,115.819,28.955,1.0071,0.993,817671.0,0.34,0.0011,184.58,0.1216,0.0,1.0554,0.335,0.1252,0.8783,0.7728,1.5283,0.001389,0.005545,0.7704,0.5337,0.0971,-0.0447,2.881,183.0,0.0,0.0,3.048,9.3484,183.7,0.0203,0,0,1,0.0,0.0,0.0,200.0,183.0,0.847,0.8808,0.8643,0.8547,-0.847,-0.8808,-0.8259,-0.8907,0.0,0.7982,0.8143,0.7171,60.0,150.0,90.0,90.0,150.0,150.0,150.0,150.0,11.0,6.0,1.0,0.0,115.819,0.0296,0.11,0.0144,0.8907,1.3423,13.0,0.74,0.0238,30.38
127,2026-05-01T16:43:30+00:00,2026-05-01T16:55:30+00:00,12.0,-5.0,180.0,175.0,181.0,175.0,6.0,25,bajada,12:43,2026-05-01,,-0.0417,0.3267,0.1667,0.9051,-0.9051,-0.0069,0.0593,0.1667,-0.2,0.0856,0.0597,0.0,0.0037,0.01,-0.0122,0.0003,0.0037,0.0,0.0002,0.0006,-0.0007,0.0,0.0002,4,4,0.0417,0.0833,0.000289,0.002222,0.0,0.000641,0.1831,721.273,60.106,144.255,28.851,1.0017,0.9983,771662.0,0.0856,0.0003,175.689,0.0597,0.0,0.8743,0.3588,0.1112,0.896,0.7455,1.486,0.001333,0.006053,0.6468,0.378,0.3695,-0.0383,3.0353,175.0,0.0,0.0,2.3292,3.5983,175.286,0.0099,0,0,1,0.0,0.0,0.0,181.0,175.0,0.9051,0.9637,0.9582,0.9011,-0.9051,-0.9637,-0.8695,-0.9777,0.0,0.878,0.914,0.7552,90.0,120.0,0.0,60.0,60.0,60.0,60.0,120.0,1.0,5.0,-1.8,-0.0,144.2546,0.0071,0.0996,0.0136,0.9777,1.3315,13.0,5.54,0.1781,25.57
128,2026-05-01T23:04:30+00:00,2026-05-01T23:17:00+00:00,12.5,-13.0,177.0,164.0,177.0,164.0,13.0,26,bajada,19:04,2026-05-01,,-0.12,0.6867,0.2,0.9485,-0.9485,-0.0173,0.0482,0.0,-0.1667,0.0656,0.0512,0.0002,0.0022,0.0056,-0.0056,0.0001,0.0022,-0.0,0.0001,0.0004,-0.0002,0.0,0.0001,5,7,0.0,0.12,0.000602,0.002749,0.0,0.000822,0.4297,750.977,60.078,57.767,28.884,1.0012,0.9988,720439.0,0.0656,0.0001,166.461,0.0512,0.0,1.5422,0.3639,0.2204,0.2353,1.0,1.4463,0.001282,0.004031,0.8275,0.7584,0.5785,0.2695,2.4534,164.0,0.0,3.0,1.4399,1.1263,165.909,0.0213,0,0,2,0.0,0.0,0.0,177.0,164.0,0.9485,0.9926,0.99,0.9351,-0.9485,-0.9926,-0.9212,-0.9927,0.0,0.8841,0.9162,0.824,0.0,330.0,30.0,30.0,150.0,330.0,330.0,330.0,0.0,13.0,-2.0,-0.0,57.7675,0.0052,0.0519,0.0824,0.9927,0.3403,13.0,11.89,0.3822,19.23
129,2026-05-02T01:37:00+00:00,2026-05-02T01:50:00+00:00,13.0,-13.0,161.0,148.0,161.0,148.0,13.0,27,bajada,21:37,2026-05-01,,-0.1154,0.5699,0.3077,0.9415,-0.9415,-0.0167,0.0859,0.2333,-0.3,0.1989,0.0875,0.0,0.0053,0.0144,-0.0178,0.0007,0.0053,0.0,0.0003,0.0009,-0.0011,0.0,0.0003,8,8,0.0385,0.1538,0.00041,0.002773,0.0,0.000668,0.3155,782.937,60.226,60.226,28.998,1.0036,0.9964,613191.0,0.1989,0.0007,150.701,0.0875,0.0,1.4414,0.5239,0.1252,0.5527,0.8185,1.4089,0.001235,0.003427,0.8876,0.7759,0.5387,0.309,2.2639,148.0,0.0,3.0,1.4475,0.3354,149.957,0.0308,0,1,1,0.0,0.0,0.0,161.0,153.0,0.9415,0.9847,0.9765,0.9331,-0.9415,-0.9847,-0.9151,-0.9905,0.0,0.8885,0.9141,0.7976,0.0,240.0,60.0,120.0,180.0,90.0,90.0,240.0,0.0,13.0,-3.6,-0.0,60.2259,0.0153,0.0692,0.0658,0.9905,0.7787,13.0,14.43,0.4638,16.68
130,2026-05-02T10:12:30+00:00,2026-05-02T10:25:00+00:00,12.5,-12.0,148.0,136.0,156.0,136.0,20.0,26,bajada,06:12,2026-05-02,,-0.16,0.6203,0.32,0.9466,-0.9466,-0.016,0.1163,0.4,-0.3667,0.3444,0.1174,0.0002,0.0063,0.0133,-0.0256,0.001,0.0063,-0.0,0.0004,0.0011,-0.0013,0.0,0.0004,8,9,0.04,0.2,0.001056,0.007497,0.0,0.001831,0.7909,755.011,60.401,62.918,29.039,1.0066,0.9935,505168.0,0.3444,0.001,139.39,0.1174,1e-06,1.9769,0.5809,0.2231,0.7519,0.7478,1.4463,0.001282,0.003889,0.7928,0.6938,0.6498,0.3043,2.3256,136.0,0.0,5.0,1.8285,3.3832,138.455,0.0344,1,1,1,12.0,0.523,0.08,156.0,144.0,0.9466,0.9664,0.9608,0.9423,-0.9466,-0.9664,-0.9333,-0.9521,0.0,0.8398,0.8605,0.8505,90.0,360.0,120.0,150.0,270.0,360.0,360.0,360.0,8.0,12.0,1.2,-0.0,62.9176,0.0276,0.1677,0.0992,0.9664,1.0875,13.0,23.02,0.74,8.09
131,2026-05-02T13:58:00+00:00,2026-05-02T14:13:00+00:00,15.0,-14.0,136.0,122.0,137.0,122.0,15.0,31,bajada,09:58,2026-05-02,,0.0,0.6256,0.4,0.9492,-0.9492,-0.0156,0.1043,0.1667,-0.4,0.3333,0.1054,-0.0,0.0064,0.0167,-0.0189,0.0012,0.0064,0.0,0.0004,0.0012,-0.0008,0.0,0.0004,12,12,0.1667,0.1667,0.000764,0.003811,0.0,0.001118,0.6606,904.895,60.326,64.635,29.19,1.0053,0.9947,485579.0,0.3333,0.0012,125.155,0.1054,1e-06,2.0037,0.5892,0.1325,0.8557,0.7359,1.4383,0.001075,0.003704,0.8486,0.7184,0.5521,0.4379,2.463,122.0,0.0,5.5,1.375,0.5013,124.08,0.0381,1,2,1,4.0,0.5,0.067,128.0,124.0,0.9492,0.9853,0.9798,0.9403,-0.9492,-0.9853,-0.9266,-0.9825,0.0,0.8783,0.9038,0.8249,150.0,360.0,90.0,60.0,180.0,240.0,240.0,360.0,1.0,14.0,-0.286,-0.0,64.6354,0.0222,0.1134,0.0,0.9853,1.2308,13.0,26.78,0.8607,4.33
132,2026-05-02T18:34:30+00:00,2026-05-02T18:45:30+00:00,11.0,39.0,122.0,161.0,161.0,122.0,39.0,23,subida,14:34,2026-05-02,,0.0455,0.2386,0.0909,-0.8927,0.8927,0.0591,0.2708,1.3,0.0,1.69,0.2772,0.0,0.0134,0.0433,-0.0433,0.0038,0.0134,-0.0001,0.0007,0.0014,-0.0029,0.0,0.0007,2,2,0.0455,0.0,0.001968,0.021667,0.0,0.005018,1.0331,679.204,61.746,17.415,29.531,1.0273,0.9734,574109.0,1.69,0.0038,157.991,0.2772,3e-06,0.4262,-0.0,0.1112,0.6381,1.0,1.7701,0.001449,0.005405,0.7775,0.5184,-0.0143,-0.0265,3.0029,161.0,0.0,0.0,-2.9318,6.5952,161.0,0.0697,0,0,1,0.0,0.0,0.0,161.0,122.0,-0.8927,-0.9612,-0.9595,-0.8872,0.8927,0.9612,0.8514,0.9801,0.0,-0.8773,-0.9214,-0.7436,60.0,0.0,0.0,0.0,60.0,60.0,60.0,60.0,0.0,0.0,31.2,0.0,17.4155,0.1536,0.071,0.0109,0.9801,1.1295,14.0,0.11,0.0035,30.94
133,2026-05-02T20:36:00+00:00,2026-05-02T20:49:00+00:00,13.0,-10.0,159.0,149.0,159.0,149.0,10.0,27,bajada,16:36,2026-05-02,,-0.1538,0.6183,0.1538,0.9476,-0.9476,-0.0128,0.0308,0.0,-0.1,0.0289,0.0333,0.0,0.0012,0.0033,-0.0033,0.0,0.0012,0.0,0.0001,0.0002,-0.0001,0.0,0.0001,4,5,0.0,0.1538,0.000359,0.001667,0.0,0.000516,0.2658,780.432,60.033,78.043,28.905,1.0005,0.9995,616242.0,0.0289,0.0,151.075,0.0333,0.0,1.3952,0.4547,0.1387,0.1365,1.0,1.4089,0.001235,0.002733,0.9398,0.8832,0.6058,0.3323,2.018,149.0,0.0,3.5,1.2803,-0.0029,150.522,0.0225,0,0,1,0.0,0.0,0.0,159.0,149.0,0.9476,0.9898,0.9823,0.9355,-0.9476,-0.9898,-0.922,-0.9945,0.0,0.8917,0.9168,0.8047,0.0,240.0,60.0,180.0,210.0,210.0,210.0,240.0,0.0,10.0,-1.8,-0.0,78.0432,0.0022,0.0189,0.0951,0.9945,0.1923,14.0,2.13,0.0687,28.92
134,2026-05-03T02:11:00+00:00,2026-05-03T02:27:30+00:00,16.5,-12.0,147.0,135.0,153.0,135.0,18.0,34,bajada,22:11,2026-05-02,,-0.1212,0.7028,0.2424,0.9531,-0.9531,-0.0121,0.0616,0.1667,-0.2167,0.13,0.0628,0.0,0.0026,0.0061,-0.0083,0.0002,0.0026,-0.0,0.0001,0.0004,-0.0003,0.0,0.0001,8,9,0.0909,0.2121,0.000705,0.004115,0.0,0.001033,0.6775,991.935,60.117,82.661,29.175,1.0019,0.9981,656520.0,0.13,0.0002,138.958,0.0628,0.0,1.8374,0.5699,0.1263,0.4587,0.8063,1.3467,0.00098,0.002102,0.9625,0.9277,0.6939,0.4844,1.8583,135.0,0.0,7.5,1.103,0.0565,138.0,0.039,2,1,1,4.0,0.757,0.121,153.0,142.0,0.9531,0.9623,0.9519,0.9561,-0.9531,-0.9623,-0.9463,-0.9442,0.0,0.8385,0.8493,0.8626,90.0,390.0,150.0,360.0,360.0,270.0,270.0,390.0,6.0,12.0,-0.886,-0.0,82.6612,0.0079,0.0579,0.0852,0.9623,0.6177,14.0,7.72,0.2485,23.33
135,2026-05-03T09:35:30+00:00,2026-05-03T09:48:00+00:00,12.5,-9.0,133.0,124.0,141.0,124.0,17.0,26,bajada,05:35,2026-05-03,,-0.12,0.6205,0.36,0.9407,-0.9407,-0.012,0.0889,0.2667,-0.3333,0.2011,0.0897,-0.0,0.0052,0.0111,-0.02,0.0006,0.0052,-0.0,0.0003,0.001,-0.001,0.0,0.0003,9,10,0.04,0.16,0.000618,0.004992,0.0,0.001254,0.4153,752.954,60.236,83.662,28.96,1.0039,0.9961,418493.0,0.2011,0.0006,126.87,0.0897,0.0,2.083,0.4842,0.2819,0.602,0.7613,1.9886,0.001282,0.004086,0.8714,0.7504,0.3925,0.1675,2.4711,126.0,2.0,3.5,2.0023,3.9991,126.136,0.0312,0,0,2,0.0,0.0,0.0,141.0,124.0,0.9407,0.9586,0.949,0.9364,-0.9407,-0.9586,-0.9254,-0.9497,0.0,0.8198,0.8484,0.843,60.0,450.0,90.0,150.0,210.0,450.0,450.0,450.0,8.0,9.0,-1.2,-0.0,83.6616,0.0161,0.1697,0.0745,0.9586,1.1971,14.0,15.12,0.4871,15.93
136,2026-05-03T13:35:30+00:00,2026-05-03T13:51:00+00:00,15.5,-11.0,124.0,113.0,130.0,113.0,17.0,32,bajada,09:35,2026-05-03,,-0.0645,0.6734,0.2581,0.9437,-0.9437,-0.0118,0.0755,0.1333,-0.2,0.1811,0.0764,-0.0001,0.004,0.0089,-0.01,0.0005,0.004,-0.0,0.0002,0.0005,-0.0006,0.0,0.0002,8,9,0.129,0.1935,0.00069,0.003054,0.0,0.000954,0.6455,932.701,60.174,84.791,29.147,1.0028,0.9972,435670.0,0.1811,0.0005,116.682,0.0764,0.0,1.805,0.6547,0.1286,0.6839,0.7325,1.4062,0.001042,0.002363,0.94,0.8986,0.7174,0.4983,1.8984,113.0,0.0,8.25,1.0528,-0.4109,115.769,0.0453,3,2,1,4.667,0.614,0.194,130.0,118.0,0.9437,0.9534,0.9409,0.9394,-0.9437,-0.9534,-0.9372,-0.9345,0.0,0.8379,0.8445,0.8559,60.0,330.0,150.0,240.0,240.0,120.0,120.0,330.0,6.0,11.0,-1.314,0.0,84.791,0.0117,0.0879,0.0434,0.9534,0.9617,14.0,19.12,0.6159,11.93
137,2026-05-03T18:42:00+00:00,2026-05-03T18:53:00+00:00,11.0,-8.0,113.0,105.0,113.0,103.0,10.0,23,bajada,14:42,2026-05-03,,0.0,0.0447,0.1818,0.8476,-0.8476,-0.0121,0.0715,0.0667,-0.3333,0.1156,0.0725,-0.0,0.0035,0.0111,-0.0111,0.0003,0.0035,0.0,0.0002,0.0007,-0.0004,0.0,0.0002,4,5,0.0455,0.0455,0.000691,0.005556,0.0,0.001368,0.3932,661.689,60.154,82.711,28.769,1.0025,0.9975,254151.0,0.1156,0.0003,105.119,0.0725,0.0,1.2647,0.2124,0.2201,0.4822,0.945,1.9668,0.002899,0.005371,0.7925,0.4865,-0.1105,-0.1914,2.9624,105.0,0.0,2.0,2.2863,4.5534,104.474,0.0248,0,1,2,0.0,0.0,0.0,113.0,103.0,0.8476,0.9298,0.9287,0.8407,-0.8476,-0.9298,-0.7982,-0.9615,0.0,0.8637,0.914,0.6838,0.0,60.0,0.0,0.0,270.0,270.0,270.0,270.0,0.0,10.0,-8.0,-0.0,82.7111,0.0105,0.1061,0.0,0.9615,0.9484,14.0,24.23,0.7805,6.82
138,2026-05-03T20:11:30+00:00,2026-05-03T20:26:30+00:00,15.0,-12.0,112.0,100.0,119.0,93.0,26.0,31,bajada,16:11,2026-05-03,,-0.1333,0.0669,0.2333,0.8362,-0.8362,-0.0133,0.1798,0.7333,-0.3667,0.975,0.1803,0.0002,0.0091,0.0278,-0.0339,0.0024,0.0091,0.0,0.0005,0.0011,-0.0021,0.0,0.0005,7,7,0.0667,0.2,0.001514,0.009802,0.0,0.002466,1.4077,913.607,60.907,76.134,29.471,1.015,0.9852,318102.25,0.975,0.0024,101.298,0.1803,3e-06,1.5335,0.5588,0.2166,0.7766,0.7248,1.7579,0.004301,0.006352,0.6786,0.3556,-0.201,-0.403,3.2299,100.0,0.0,0.0,1.8296,4.1891,100.48,0.0489,2,1,1,11.0,0.81,0.133,119.0,93.0,0.8362,0.8899,0.896,0.8337,-0.8362,-0.8899,-0.8036,-0.8858,0.0,0.7969,0.8373,0.7099,240.0,90.0,30.0,30.0,60.0,120.0,120.0,300.0,7.0,19.0,-6.629,-0.0,76.1339,0.065,0.1682,0.0089,0.896,1.3652,14.0,25.73,0.8285,5.33
139,2026-05-03T21:08:00+00:00,2026-05-03T21:19:00+00:00,11.0,-14.0,100.0,86.0,100.0,86.0,14.0,23,bajada,17:08,2026-05-03,,-0.0455,0.2386,0.0909,0.8927,-0.8927,-0.0212,0.0972,0.0,-0.4667,0.2178,0.0995,0.0,0.0048,0.0156,-0.0156,0.0005,0.0048,0.0,0.0003,0.001,-0.0005,0.0,0.0003,2,2,0.0,0.0455,0.00082,0.007778,0.0,0.001933,0.4488,663.106,60.282,47.365,28.831,1.0045,0.9955,175316.0,0.2178,0.0005,87.307,0.0995,1e-06,0.4262,0.2124,0.1112,0.6381,1.0,1.5734,0.001449,0.005405,0.7775,0.5184,-0.0143,-0.0265,3.0029,86.0,0.0,0.0,2.9318,6.5952,86.0,0.0452,0,0,1,0.0,0.0,0.0,100.0,86.0,0.8927,0.9612,0.9595,0.8872,-0.8927,-0.9612,-0.8514,-0.9801,0.0,0.8773,0.9214,0.7436,0.0,60.0,0.0,0.0,60.0,60.0,60.0,60.0,0.0,14.0,-11.2,0.0,47.3647,0.0198,0.071,0.0109,0.9801,1.004,14.0,26.67,0.8588,4.38
140,2026-05-04T00:42:00+00:00,2026-05-04T00:55:30+00:00,13.5,-1.0,88.0,87.0,111.0,87.0,24.0,28,mixto,20:42,2026-05-03,,0.0,0.1893,0.1852,0.0491,-0.0491,-0.0012,0.1611,0.5,-0.4667,0.7011,0.1611,0.0,0.0076,0.0156,-0.0278,0.0015,0.0076,-0.0,0.0004,0.0009,-0.0012,0.0,0.0004,5,5,0.1111,0.1111,0.001362,0.012646,0.0,0.002839,1.0944,820.083,60.747,820.083,29.289,1.0124,0.9877,222932.0,0.7011,0.0015,89.229,0.1611,3e-06,0.8774,0.4162,0.2166,0.7203,0.7859,1.3735,0.00119,0.004297,0.8219,0.6182,0.1317,-0.0961,3.0169,87.0,0.0,0.25,2.9922,8.4919,87.833,0.0596,1,0,1,23.0,0.937,0.074,111.0,87.0,0.0491,-0.031,-0.0438,0.025,-0.0491,0.031,-0.0986,0.0677,0.0,-0.0682,-0.125,0.13,150.0,210.0,0.0,0.0,210.0,210.0,210.0,210.0,23.0,1.0,3.4,-0.0,820.083,0.0519,0.156,0.0,0.13,0.9893,14.0,30.23,0.9737,0.82
141,2026-05-04T01:42:30+00:00,2026-05-04T02:00:30+00:00,18.0,76.0,87.0,163.0,166.0,87.0,79.0,37,subida,21:42,2026-05-03,,0.0278,0.2192,0.1667,-0.8926,0.8926,0.0704,0.3065,1.6333,-0.1333,3.56,0.3145,0.0,0.0117,0.03,-0.0544,0.0048,0.0117,-0.0,0.0006,0.0018,-0.0026,0.0,0.0006,6,7,0.0833,0.0556,0.00172,0.01601,0.0,0.004246,1.684,1119.036,62.169,14.724,30.244,1.0336,0.9675,931179.0,3.56,0.0048,158.641,0.3145,4e-06,0.4804,0.2868,0.1405,0.4636,0.9652,1.6896,0.000901,0.004056,0.9328,0.7001,-0.008,-0.0139,3.3545,163.0,0.0,0.0,-3.2424,8.8627,162.871,0.1184,0,0,2,0.0,0.0,0.0,166.0,87.0,-0.8926,-0.9615,-0.9611,-0.8826,0.8926,0.9615,0.8499,0.9756,0.0,-0.8824,-0.9272,-0.7339,480.0,0.0,60.0,60.0,450.0,450.0,450.0,510.0,3.0,0.0,30.643,0.0,14.7242,0.1978,0.0651,0.0061,0.9756,0.7833,15.0,0.16,0.0102,15.29
142,2026-05-04T02:38:00+00:00,2026-05-04T02:51:00+00:00,13.0,-13.0,161.0,148.0,170.0,148.0,22.0,27,bajada,22:38,2026-05-03,,0.0,0.504,0.1923,0.8931,-0.8931,-0.0167,0.1227,0.2,-0.5667,0.3989,0.1239,0.0,0.0057,0.0133,-0.0222,0.0008,0.0057,-0.0,0.0003,0.0012,-0.0009,0.0,0.0003,5,6,0.0769,0.0769,0.001009,0.006414,0.0,0.001812,0.7673,785.639,60.434,60.434,29.098,1.0071,0.993,625898.0,0.3989,0.0008,152.254,0.1239,1e-06,1.3033,0.2784,0.1243,0.2496,0.7913,1.4089,0.001235,0.002622,0.9465,0.8789,0.5257,0.1309,1.9431,148.0,0.0,2.5,1.4398,0.3243,151.0,0.0487,1,0,1,9.0,1.757,0.077,170.0,148.0,0.8931,0.9078,0.892,0.8828,-0.8931,-0.9078,-0.884,-0.9083,0.0,0.8108,0.8145,0.7811,150.0,210.0,0.0,180.0,180.0,210.0,210.0,210.0,9.0,13.0,3.6,-0.0,60.4338,0.0307,0.031,0.0,0.9083,0.3517,15.0,1.08,0.0701,14.37
143,2026-05-04T10:30:30+00:00,2026-05-04T10:48:00+00:00,17.5,-6.0,149.0,143.0,184.0,141.0,43.0,36,bajada,06:30,2026-05-04,,0.0286,0.4567,0.3429,0.1235,-0.1235,-0.0057,0.2367,0.9667,-0.6333,1.9622,0.2368,-0.0001,0.0104,0.0322,-0.0322,0.0036,0.0104,0.0,0.0006,0.0012,-0.0021,0.0,0.0006,12,14,0.1714,0.1429,0.002138,0.013095,0.0,0.003276,2.309,1076.168,61.495,179.361,29.894,1.0249,0.9757,850008.0,1.9622,0.0036,153.66,0.2368,2e-06,2.2189,0.4466,0.1221,0.2846,0.7638,1.7233,0.000926,0.001793,0.966,0.915,0.6808,0.5043,1.5753,143.0,2.0,24.0,0.9504,-0.6899,150.967,0.1005,2,1,2,24.0,1.927,0.114,184.0,165.0,0.1235,-0.0143,-0.0214,0.1346,-0.1235,0.0143,-0.2098,0.0923,0.0,-0.1321,-0.1991,0.2965,120.0,450.0,0.0,0.0,870.0,870.0,870.0,870.0,35.0,8.0,14.143,0.0,179.3613,0.1121,0.0347,0.0131,0.2965,0.4905,15.0,8.96,0.5798,6.49
144,2026-05-04T12:46:30+00:00,2026-05-04T13:03:00+00:00,16.5,-4.0,142.0,138.0,174.0,136.0,38.0,34,bajada,08:46,2026-05-04,,-0.0606,0.4473,0.303,0.0382,-0.0382,-0.004,0.194,0.6,-0.7667,1.2422,0.194,-0.0,0.0074,0.0189,-0.0256,0.0018,0.0074,-0.0,0.0004,0.0015,-0.001,0.0,0.0004,10,13,0.0909,0.1515,0.001737,0.008209,0.0,0.002726,1.6549,1007.036,61.032,251.759,29.619,1.0172,0.9831,743507.0,1.2422,0.0018,147.878,0.194,2e-06,1.7197,0.4648,0.1296,0.171,0.813,1.7956,0.00098,0.001652,0.9831,0.944,0.6979,0.4244,1.4571,138.0,2.0,24.75,0.9833,-0.8803,145.464,0.0998,1,0,2,32.0,4.597,0.061,174.0,136.0,0.0382,-0.0892,-0.104,0.0581,-0.0382,0.0892,-0.1179,0.1627,0.0,-0.1584,-0.2408,0.1929,90.0,390.0,0.0,0.0,600.0,600.0,600.0,600.0,32.0,6.0,15.657,0.0,251.759,0.0753,0.0222,0.0271,0.2408,0.307,15.0,11.22,0.7265,4.22
145,2026-05-04T16:22:00+00:00,2026-05-04T16:37:00+00:00,15.0,0.0,138.0,138.0,148.0,134.0,14.0,31,mixto,12:22,2026-05-04,,0.0333,0.0002,0.2,-0.0467,0.0467,0.0,0.1033,0.3667,-0.3333,0.32,0.1033,-0.0001,0.0061,0.0122,-0.0233,0.0011,0.0061,0.0,0.0004,0.0011,-0.0012,0.0,0.0004,6,7,0.1,0.0667,0.000784,0.005831,0.0,0.001559,0.6469,904.681,60.312,904680964.547,29.183,1.0052,0.9948,591323.0,0.32,0.0011,138.112,0.1033,1e-06,0.6121,0.3039,0.1296,1.0347,0.7373,1.9178,0.011828,0.009113,0.442,-0.1051,-0.0543,-0.0787,3.6538,138.0,0.0,0.0,3.4241,15.1081,137.84,0.0149,0,1,2,0.0,0.0,0.0,148.0,134.0,-0.0467,-0.0648,-0.0545,-0.0333,0.0467,0.0648,0.0356,0.1019,0.0,-0.0957,-0.0934,0.0,270.0,60.0,900.0,900.0,900.0,0.0,0.0,300.0,10.0,4.0,-0.8,0.0,904.681,0.0213,0.1341,0.0,0.1019,1.9843,15.0,14.82,0.959,0.63
146,2026-05-04T17:51:30+00:00,2026-05-04T18:06:00+00:00,14.5,29.0,132.0,161.0,172.0,132.0,40.0,30,subida,13:51,2026-05-04,,0.0345,0.5066,0.2759,-0.9325,0.9325,0.0333,0.2244,1.0667,-0.3667,1.4922,0.2268,-0.0,0.0122,0.0322,-0.0478,0.0042,0.0122,-0.0,0.0007,0.002,-0.0027,0.0,0.0007,8,7,0.1379,0.1034,0.001642,0.010744,0.0,0.002945,1.3859,889.044,61.313,30.657,29.635,1.0213,0.9791,726682.0,1.4922,0.0042,155.637,0.2268,2e-06,1.4486,0.4109,0.1163,0.5627,0.8556,1.7992,0.001111,0.003484,0.8691,0.747,0.5614,0.3101,2.4588,161.0,0.0,13.5,-1.0407,-0.3831,156.792,0.0691,2,2,1,6.0,0.568,0.138,143.0,137.0,-0.9325,-0.9751,-0.9675,-0.9215,0.9325,0.9751,0.9064,0.9818,0.0,-0.8823,-0.9065,-0.7901,240.0,0.0,90.0,60.0,270.0,90.0,90.0,270.0,11.0,0.0,4.114,-0.0,30.6567,0.1029,0.0654,0.0175,0.9818,1.0124,,,,
147,2026-05-04T23:22:00+00:00,2026-05-04T23:38:00+00:00,16.0,-26.0,159.0,133.0,159.0,133.0,26.0,33,bajada,19:22,2026-05-04,,-0.125,0.5938,0.1875,0.942,-0.942,-0.0271,0.1065,0.2667,-0.3333,0.3867,0.1099,0.0,0.0041,0.0089,-0.0111,0.0005,0.0041,0.0,0.0002,0.0005,-0.0006,0.0,0.0002,6,6,0.0312,0.1562,0.001235,0.005556,0.0,0.001829,1.1389,965.674,60.355,37.141,29.263,1.0055,0.9945,630609.0,0.3867,0.0005,138.237,0.1099,1e-06,1.7504,0.4341,0.1379,0.3051,0.8794,1.3757,0.00101,0.003296,0.9445,0.8084,0.3504,0.2939,2.5406,133.0,0.0,8.0,1.46,1.1964,136.63,0.0547,1,1,2,8.0,1.35,0.062,149.0,141.0,0.942,0.9821,0.9814,0.9335,-0.942,-0.9821,-0.9169,-0.9746,0.0,0.8703,0.9025,0.8147,0.0,390.0,60.0,330.0,90.0,360.0,360.0,390.0,0.0,26.0,-8.686,0.0,37.1413,0.0242,0.0421,0.0742,0.9821,0.4197,,,,
148,2026-05-05T02:26:30+00:00,2026-05-05T02:40:00+00:00,13.5,-23.0,133.0,110.0,140.0,108.0,32.0,28,bajada,22:26,2026-05-04,,-0.0741,0.4344,0.3704,0.9223,-0.9223,-0.0284,0.152,0.2333,-0.7333,0.6456,0.1546,-0.0,0.0084,0.0244,-0.0322,0.0018,0.0084,-0.0,0.0005,0.0019,-0.0013,0.0,0.0005,10,11,0.0741,0.1481,0.001089,0.007355,0.0,0.001893,0.8562,818.802,60.652,35.6,29.243,1.0105,0.9896,363402.0,0.6456,0.0018,113.924,0.1546,2e-06,1.2988,0.5118,0.2587,0.4824,0.8707,1.5452,0.00119,0.003875,0.8906,0.7564,0.2887,0.1096,2.675,110.0,0.0,1.5,2.2254,3.7145,112.125,0.0704,0,0,1,0.0,0.0,0.0,140.0,108.0,0.9223,0.9777,0.9697,0.9117,-0.9223,-0.9777,-0.8883,-0.9901,0.0,0.892,0.9246,0.7732,60.0,300.0,0.0,90.0,150.0,210.0,210.0,330.0,7.0,25.0,-9.0,-0.0,35.6001,0.0478,0.1248,0.0322,0.9901,0.7454,,,,
149,2026-05-05T08:57:30+00:00,2026-05-05T09:13:00+00:00,15.5,-14.0,112.0,98.0,121.0,98.0,23.0,32,bajada,04:57,2026-05-05,,-0.129,0.6767,0.3548,0.9485,-0.9485,-0.0151,0.0979,0.3,-0.3333,0.3044,0.0991,-0.0,0.0054,0.0111,-0.0211,0.0009,0.0054,-0.0,0.0003,0.0011,-0.001,0.0,0.0003,11,12,0.0968,0.2258,0.000958,0.005276,0.0,0.00144,0.8443,934.488,60.29,66.749,29.203,1.0047,0.9953,336692.0,0.3044,0.0009,102.575,0.0991,1e-06,2.0556,0.6414,0.2904,0.682,0.7445,1.4062,0.001042,0.002515,0.9319,0.8804,0.7195,0.5157,1.9633,98.0,0.0,6.75,1.274,0.4781,101.308,0.0625,2,2,1,3.5,0.5,0.129,115.0,98.0,0.9485,0.9615,0.9498,0.9418,-0.9485,-0.9615,-0.9395,-0.9469,0.0,0.8432,0.8546,0.8555,60.0,360.0,210.0,240.0,330.0,270.0,270.0,450.0,9.0,14.0,0.114,-0.0,66.7491,0.0196,0.1981,0.0873,0.9615,0.959,,,,
150,2026-05-05T14:39:30+00:00,2026-05-05T14:56:00+00:00,16.5,-13.0,98.0,85.0,102.0,85.0,17.0,34,bajada,10:39,2026-05-05,,-0.0909,0.6055,0.2727,0.9469,-0.9469,-0.0131,0.086,0.2667,-0.2667,0.25,0.087,0.0001,0.0043,0.0089,-0.0111,0.0006,0.0043,-0.0,0.0002,0.0006,-0.0007,0.0,0.0002,9,12,0.0606,0.1515,0.00095,0.004926,0.0,0.001327,0.9369,993.702,60.224,76.439,29.227,1.0037,0.9964,264621.0,0.25,0.0006,88.221,0.087,1e-06,1.955,0.4831,0.1286,0.6901,0.7712,1.3467,0.00098,0.003024,0.8749,0.8151,0.673,0.4533,2.2598,85.0,0.0,6.75,1.4411,0.9418,87.143,0.055,1,2,1,8.0,0.875,0.061,102.0,87.0,0.9469,0.9764,0.9699,0.938,-0.9469,-0.9764,-0.9281,-0.973,0.0,0.8698,0.8898,0.8286,120.0,390.0,30.0,180.0,270.0,270.0,270.0,390.0,4.0,13.0,1.943,-0.0,76.4386,0.0152,0.0887,0.055,0.9764,0.9294,,,,
151,2026-05-05T20:14:30+00:00,2026-05-05T20:27:00+00:00,12.5,-9.0,83.0,74.0,116.0,61.0,55.0,26,bajada,16:14,2026-05-05,,0.0,0.1044,0.24,0.6624,-0.6624,-0.012,0.4601,1.3,-1.8333,5.2967,0.4603,0.0,0.0283,0.0744,-0.1044,0.0192,0.0283,0.0,0.0018,0.006,-0.0051,0.0001,0.0018,6,6,0.12,0.12,0.002165,0.019044,0.0,0.00445,1.6391,805.438,64.435,89.493,30.978,1.0738,0.9312,152341.0,5.2967,0.0192,76.546,0.4603,3.5e-05,1.0759,0.4994,0.1252,1.2449,0.7149,1.8079,0.012821,0.009917,0.3195,-0.205,0.1956,0.0001,3.5773,74.0,0.0,0.0,3.4388,13.7244,74.727,0.1157,0,0,1,0.0,0.0,0.0,116.0,61.0,0.6624,0.692,0.6818,0.6868,-0.6624,-0.692,-0.644,-0.6988,0.0,0.6283,0.6437,0.5697,90.0,120.0,0.0,180.0,60.0,210.0,210.0,210.0,33.0,22.0,-2.2,-0.0,89.4931,0.4237,0.1559,0.0,0.6988,2.2507,,,,
152,2026-05-05T22:27:00+00:00,2026-05-05T22:43:00+00:00,16.0,16.0,81.0,97.0,131.0,81.0,50.0,33,subida,18:27,2026-05-05,,0.125,0.0998,0.4062,-0.6499,0.6499,0.0167,0.2615,0.8,-0.7667,2.1978,0.2621,-0.0,0.0134,0.0311,-0.0422,0.0056,0.0134,-0.0,0.0008,0.0019,-0.0024,0.0,0.0008,13,16,0.2188,0.0938,0.002166,0.013333,0.0,0.003346,1.9441,990.089,61.881,61.881,30.003,1.0312,0.9697,333992.0,2.1978,0.0056,100.603,0.2621,7e-06,2.2869,0.3665,0.2007,0.3998,0.7998,1.8343,0.00101,0.003101,0.9069,0.7559,0.4006,-0.0284,2.4912,95.0,3.0,10.0,1.104,0.8378,98.741,0.1154,2,1,3,26.0,1.782,0.125,131.0,92.0,-0.6499,-0.7565,-0.7602,-0.6297,0.6499,0.7565,0.5806,0.8022,0.0,-0.7226,-0.7941,-0.4563,300.0,0.0,0.0,360.0,360.0,510.0,510.0,870.0,34.0,0.0,13.257,0.914,61.8806,0.1374,0.0802,0.0125,0.8022,0.7334,,,,
153,2026-05-05T23:37:00+00:00,2026-05-05T23:52:00+00:00,15.0,-9.0,97.0,88.0,110.0,88.0,22.0,31,bajada,19:37,2026-05-05,,-0.1,0.5655,0.2,0.7143,-0.7143,-0.01,0.1062,0.4333,-0.2667,0.3411,0.1066,0.0,0.0044,0.0144,-0.0144,0.0006,0.0044,-0.0,0.0002,0.0004,-0.001,0.0,0.0002,6,6,0.0333,0.1333,0.001127,0.007222,0.0,0.001825,0.9395,904.965,60.331,100.552,29.192,1.0055,0.9946,271263.0,0.3411,0.0006,93.544,0.1066,1e-06,1.5917,0.4114,0.1221,0.2522,0.7762,1.4383,0.001075,0.001857,0.981,0.9445,0.7067,0.4069,1.499,88.0,0.0,9.0,1.1078,-0.5104,91.92,0.0868,1,0,1,13.0,3.188,0.067,110.0,88.0,0.7143,0.6606,0.6401,0.7034,-0.7143,-0.6606,-0.747,-0.621,0.0,0.5485,0.5109,0.709,60.0,300.0,270.0,270.0,300.0,30.0,30.0,300.0,13.0,9.0,4.571,-0.0,100.5517,0.0227,0.0308,0.0566,0.747,0.3627,,,,
154,2026-05-06T00:48:00+00:00,2026-05-06T00:59:30+00:00,11.5,-1.0,88.0,87.0,93.5,87.0,6.5,24,mixto,20:48,2026-05-05,,0.0,0.1479,0.1304,0.5566,-0.5566,-0.0014,0.0592,0.1833,-0.2167,0.0806,0.0592,-0.0,0.0035,0.0072,-0.0133,0.0003,0.0035,-0.0,0.0002,0.0007,-0.0006,0.0,0.0002,3,3,0.0435,0.0435,0.000364,0.003332,0.0,0.000928,0.2164,691.196,60.104,691.196,28.8,1.0017,0.9983,183179.25,0.0806,0.0003,87.364,0.0592,0.0,0.6584,0.2052,0.1112,1.2904,0.8029,1.5283,0.001389,0.008073,0.5246,0.1194,-0.0104,-0.0192,3.5252,87.0,0.0,0.0,4.2869,17.1424,87.05,0.015,0,0,1,0.0,0.0,0.0,93.5,87.0,0.5566,0.5708,0.5511,0.5836,-0.5566,-0.5708,-0.547,-0.579,0.0,0.5181,0.5214,0.476,60.0,90.0,0.0,0.0,90.0,90.0,90.0,90.0,5.5,1.0,0.5,0.0,691.196,0.007,0.1435,0.0,0.5836,1.9721,,,,
155,2026-05-06T02:48:30+00:00,2026-05-06T03:04:00+00:00,15.5,-6.0,93.0,87.0,104.0,87.0,17.0,32,bajada,22:48,2026-05-05,,-0.1613,0.6724,0.2903,0.6846,-0.6846,-0.0065,0.0804,0.3667,-0.1167,0.2015,0.0806,-0.0,0.0039,0.0122,-0.0152,0.0005,0.0039,-0.0,0.0002,0.0006,-0.0009,0.0,0.0002,9,12,0.0968,0.2581,0.000917,0.006111,0.0,0.001383,0.7882,932.957,60.191,155.493,29.155,1.0032,0.9969,267657.19,0.2015,0.0005,91.456,0.0806,1e-06,2.5465,0.6725,0.2199,0.5016,0.7544,1.7188,0.001042,0.002407,0.9435,0.8804,0.6481,0.4208,2.0247,89.0,2.0,4.375,1.2193,0.4433,90.635,0.0508,2,1,2,7.0,1.482,0.129,104.0,93.0,0.6846,0.5983,0.5826,0.6823,-0.6846,-0.5983,-0.7225,-0.5366,0.0,0.4139,0.3863,0.7314,60.0,750.0,330.0,330.0,360.0,750.0,750.0,750.0,11.0,6.0,3.048,-0.0,155.4928,0.013,0.1103,0.1085,0.7314,0.8622,,,,
156,2026-05-06T09:23:00+00:00,2026-05-06T09:35:00+00:00,12.0,-8.0,89.0,81.0,95.0,81.0,14.0,25,bajada,05:23,2026-05-06,,-0.0833,0.3928,0.125,0.9061,-0.9061,-0.0111,0.0906,0.2,-0.3,0.2,0.0913,0.0002,0.0044,0.0122,-0.0156,0.0004,0.0044,-0.0,0.0002,0.0007,-0.0005,0.0,0.0002,3,3,0.0833,0.1667,0.000973,0.006347,0.0,0.001966,0.6415,722.959,60.247,90.37,28.918,1.004,0.996,171046.0,0.2,0.0004,82.715,0.0913,1e-06,1.4154,0.4539,0.1252,0.8735,0.7089,1.486,0.001333,0.004151,0.8309,0.6689,0.3736,-0.0029,2.6396,81.0,0.0,0.0,2.2716,4.2477,81.857,0.0427,1,0,1,11.0,0.847,0.083,95.0,81.0,0.9061,0.9467,0.9375,0.9067,-0.9061,-0.9467,-0.8813,-0.9545,0.0,0.8563,0.8785,0.7734,90.0,180.0,120.0,30.0,150.0,180.0,180.0,180.0,6.0,8.0,1.0,-0.0,90.3699,0.0167,0.1094,0.0327,0.9545,1.298,,,,
157,2026-05-06T15:00:00+00:00,2026-05-06T15:13:30+00:00,13.5,23.0,81.0,104.0,119.0,81.0,38.0,28,subida,11:00,2026-05-06,,-0.0741,0.0043,0.2963,-0.8265,0.8265,0.0284,0.2607,1.2667,-0.3667,1.8567,0.2622,-0.0,0.0138,0.0422,-0.05,0.0049,0.0138,-0.0001,0.0008,0.0019,-0.0031,0.0,0.0008,8,7,0.0741,0.1481,0.002086,0.021111,0.0,0.004492,1.4355,832.113,61.638,36.179,29.718,1.0269,0.9738,305692.0,1.8567,0.0049,104.487,0.2622,6e-06,1.2988,0.517,0.1252,0.7622,0.8546,1.7169,0.003571,0.006456,0.623,0.3185,-0.0787,-0.3024,3.463,104.0,0.0,0.5,-1.5644,4.2808,105.0,0.0724,1,1,1,15.0,0.724,0.074,119.0,110.0,-0.8265,-0.9068,-0.9105,-0.8112,0.8265,0.9068,0.7776,0.928,0.0,-0.8377,-0.8901,-0.663,60.0,0.0,0.0,0.0,270.0,270.0,270.0,270.0,15.0,0.0,17.8,-0.0,36.1788,0.1375,0.0954,0.0003,0.928,1.3086,,,,
158,2026-05-06T15:34:00+00:00,2026-05-06T15:48:00+00:00,14.0,-16.0,104.0,88.0,104.0,88.0,16.0,29,bajada,11:34,2026-05-06,,-0.1429,0.7171,0.3929,0.9559,-0.9559,-0.019,0.0669,0.1667,-0.2,0.1356,0.0696,0.0,0.0036,0.01,-0.0067,0.0004,0.0036,0.0,0.0002,0.0005,-0.0005,0.0,0.0002,11,14,0.0357,0.1786,0.000706,0.003333,0.0,0.000822,0.5643,842.019,60.144,52.626,29.035,1.0022,0.9978,244588.0,0.1356,0.0004,91.837,0.0696,1e-06,1.8905,0.5629,0.277,0.4045,0.874,2.0102,0.001149,0.003577,0.8984,0.7891,0.4849,0.3503,2.6784,92.0,4.0,6.0,1.2864,1.1105,91.04,0.0497,1,1,1,5.0,2.0,0.071,93.0,88.0,0.9559,0.9912,0.9901,0.9493,-0.9559,-0.9912,-0.9301,-0.9874,0.0,0.8511,0.8967,0.8407,0.0,330.0,60.0,60.0,240.0,330.0,330.0,480.0,0.0,16.0,-5.2,-0.0,52.6262,0.0097,0.112,0.1025,0.9912,0.8131,,,,
159,2026-05-07T00:54:30+00:00,2026-05-07T01:10:30+00:00,16.0,32.0,89.0,121.0,144.0,89.0,55.0,33,subida,20:54,2026-05-06,,-0.125,0.0145,0.2812,-0.7986,0.7986,0.0333,0.3287,1.8333,-0.2,3.4933,0.3304,0.0,0.0163,0.0611,-0.0656,0.0083,0.0163,-0.0001,0.0009,0.0023,-0.0042,0.0,0.0009,9,11,0.0625,0.1875,0.002094,0.030556,0.0,0.005744,1.615,994.619,62.164,31.082,30.14,1.0355,0.9657,503255.0,3.4933,0.0083,123.492,0.3304,7e-06,1.7416,0.5814,0.1171,0.5018,0.8975,1.6815,0.00202,0.005178,0.8163,0.4762,-0.0515,-0.14,3.5444,121.0,0.0,6.0,-1.1868,3.4864,123.556,0.0895,1,0,1,23.0,2.355,0.062,144.0,89.0,-0.7986,-0.8842,-0.8903,-0.779,0.7986,0.8842,0.7462,0.9037,0.0,-0.8224,-0.8785,-0.6258,60.0,0.0,0.0,0.0,360.0,360.0,360.0,360.0,23.0,0.0,23.086,0.0,31.0818,0.2183,0.0588,0.0018,0.9037,0.8438,,,,
160,2026-05-25T06:30:00+00:00,2026-05-25T06:47:30+00:00,17.5,58.0,90.0,148.0,168.0,90.0,78.0,36,subida,02:30,2026-05-25,,-0.0857,0.2745,0.4,-0.8889,0.8889,0.0552,0.4247,2.5,-0.2,6.42,0.4283,-0.0,0.0202,0.0833,-0.08,0.0138,0.0202,-0.0,0.0012,0.0028,-0.0054,0.0,0.0012,14,17,0.1143,0.2,0.00186,0.022213,0.0,0.004937,1.9673,1103.312,63.046,19.023,30.648,1.0492,0.9531,731963.0,6.42,0.0138,142.591,0.4283,9e-06,1.6601,0.61,0.1372,0.1226,0.9083,1.7233,0.001852,0.002776,0.9343,0.839,0.4939,0.1204,2.4888,148.0,2.0,2.75,-1.3201,0.1522,142.8,0.179,1,0,1,20.0,2.88,0.057,168.0,90.0,-0.8889,-0.9492,-0.9379,-0.8762,0.8889,0.9492,0.8516,0.9707,0.0,-0.885,-0.9144,-0.724,240.0,0.0,60.0,60.0,570.0,510.0,510.0,570.0,20.0,0.0,-0.357,0.0,19.0226,0.3669,0.0168,0.0235,0.9707,0.2113,17.0,0.15,0.0078,19.13
161,2026-05-25T12:17:00+00:00,2026-05-25T12:32:30+00:00,15.5,-15.0,148.0,133.0,153.0,133.0,20.0,32,bajada,08:17,2026-05-25,,-0.0968,0.7227,0.3548,0.9614,-0.9614,-0.0161,0.0775,0.1667,-0.2333,0.1944,0.0792,-0.0,0.0046,0.01,-0.0133,0.0006,0.0046,-0.0,0.0003,0.0008,-0.0007,0.0,0.0003,11,12,0.0968,0.1935,0.000441,0.002778,0.0,0.000734,0.3821,932.893,60.187,62.193,29.153,1.003,0.997,605116.0,0.1944,0.0006,137.513,0.0792,0.0,1.9695,0.6512,0.1325,0.5402,0.7933,1.4062,0.001042,0.002353,0.9391,0.9019,0.7515,0.5617,1.8247,133.0,0.0,7.5,1.0539,-0.3574,136.462,0.0449,1,1,1,2.0,0.5,0.065,148.0,142.0,0.9614,0.9789,0.9694,0.9546,-0.9614,-0.9789,-0.95,-0.9639,0.0,0.8606,0.8746,0.8644,60.0,390.0,90.0,240.0,330.0,240.0,240.0,390.0,5.0,15.0,-0.971,0.0,62.1929,0.0125,0.0716,0.07,0.9789,0.7596,17.0,5.93,0.3077,13.35
162,2026-05-25T15:15:30+00:00,2026-05-25T15:31:00+00:00,15.5,-5.0,130.0,125.0,137.0,125.0,12.0,32,bajada,11:15,2026-05-25,,-0.0323,0.5825,0.3226,0.8642,-0.8642,-0.0054,0.0817,0.2333,-0.2,0.2078,0.0819,-0.0,0.0049,0.0111,-0.0133,0.0007,0.0049,-0.0,0.0003,0.0007,-0.0007,0.0,0.0003,10,10,0.0968,0.129,0.000528,0.003889,0.0,0.000965,0.4486,933.089,60.199,186.618,29.159,1.0033,0.9967,517227.0,0.2078,0.0007,127.135,0.0819,0.0,1.7425,0.4687,0.1171,0.8669,0.6829,1.4062,0.001042,0.003741,0.8371,0.726,0.6247,0.4512,2.2612,125.0,0.0,4.25,1.3388,0.7794,126.538,0.0255,1,1,1,7.0,0.6,0.065,137.0,129.0,0.8642,0.8479,0.832,0.8628,-0.8642,-0.8479,-0.8735,-0.816,0.0,0.7278,0.7188,0.8147,60.0,330.0,180.0,270.0,270.0,330.0,330.0,330.0,7.0,5.0,0.629,-0.0,186.6178,0.0134,0.1015,0.0188,0.8735,1.219,17.0,8.91,0.462,10.38
163,2026-05-25T21:04:30+00:00,2026-05-25T21:17:00+00:00,12.5,-11.0,121.0,110.0,121.0,110.0,11.0,26,bajada,17:04,2026-05-25,,-0.08,0.5558,0.24,0.9372,-0.9372,-0.0147,0.0508,0.0667,-0.1667,0.07,0.0529,-0.0,0.0029,0.0056,-0.0078,0.0002,0.0029,0.0,0.0002,0.0004,-0.0004,0.0,0.0002,6,7,0.04,0.12,0.000372,0.002778,0.0,0.000682,0.2487,751.044,60.084,68.277,28.886,1.0013,0.9987,325544.0,0.07,0.0002,111.897,0.0529,0.0,1.3364,0.4106,0.1325,0.4037,0.9131,1.4463,0.001282,0.003663,0.8817,0.7756,0.5084,0.2355,2.4767,110.0,0.0,2.25,1.6697,1.5464,111.182,0.0301,0,0,1,0.0,0.0,0.0,121.0,110.0,0.9372,0.9886,0.9827,0.9222,-0.9372,-0.9886,-0.906,-0.9962,0.0,0.8955,0.9264,0.8009,0.0,210.0,60.0,60.0,150.0,210.0,210.0,210.0,0.0,11.0,-3.0,-0.0,68.2767,0.0056,0.0535,0.0445,0.9962,0.5839,17.0,14.72,0.7636,4.56
164,2026-05-25T23:05:00+00:00,2026-05-25T23:20:30+00:00,15.5,-15.0,110.0,95.0,116.0,95.0,21.0,32,bajada,19:05,2026-05-25,,-0.0968,0.6807,0.2903,0.9497,-0.9497,-0.0161,0.1033,0.2,-0.3,0.3389,0.1046,0.0,0.0055,0.01,-0.0167,0.0009,0.0055,-0.0,0.0003,0.0009,-0.0009,0.0,0.0003,9,9,0.0968,0.1935,0.001098,0.004151,0.0,0.001455,1.0041,935.014,60.324,62.334,29.219,1.0053,0.9948,319673.0,0.3389,0.0009,99.949,0.1046,1e-06,2.0252,0.5604,0.1178,0.7195,0.7454,1.4062,0.001042,0.002414,0.9298,0.8803,0.7341,0.5546,1.8349,95.0,0.0,11.25,0.9976,-0.5914,98.692,0.068,1,2,1,5.0,0.958,0.065,112.0,103.0,0.9497,0.9591,0.9494,0.9435,-0.9497,-0.9591,-0.9435,-0.9374,0.0,0.8394,0.8472,0.8637,60.0,360.0,210.0,240.0,330.0,60.0,60.0,360.0,6.0,15.0,-0.457,0.0,62.3343,0.0219,0.0848,0.0659,0.9591,1.0118,17.0,16.73,0.8678,2.55
165,2026-05-26T01:42:30+00:00,2026-05-26T01:53:30+00:00,11.0,45.0,95.0,140.0,140.0,95.0,45.0,23,subida,21:42,2026-05-25,,0.0455,0.2386,0.0909,-0.8927,0.8927,0.0682,0.3124,1.5,0.0,2.25,0.3198,0.0,0.0154,0.05,-0.05,0.005,0.0154,-0.0001,0.0008,0.0017,-0.0033,0.0,0.0008,2,2,0.0455,0.0,0.002187,0.025,0.0,0.005722,1.134,684.083,62.189,15.202,29.743,1.0341,0.967,429650.0,2.25,0.005,136.676,0.3198,5e-06,0.4262,-0.0,0.1112,0.6381,1.0,1.7701,0.001449,0.005405,0.7775,0.5184,-0.0143,-0.0265,3.0029,140.0,0.0,0.0,-2.9318,6.5952,140.0,0.0932,0,0,1,0.0,0.0,0.0,140.0,95.0,-0.8927,-0.9612,-0.9595,-0.8872,0.8927,0.9612,0.8514,0.9801,0.0,-0.8773,-0.9214,-0.7436,60.0,0.0,0.0,0.0,60.0,60.0,60.0,60.0,0.0,0.0,36.0,0.0,15.2018,0.2045,0.071,0.0109,0.9801,1.1295,18.0,0.04,0.0021,19.34
166,2026-05-26T07:17:30+00:00,2026-05-26T07:32:00+00:00,14.5,-2.0,130.0,128.0,139.0,128.0,11.0,30,mixto,03:17,2026-05-26,,-0.1034,0.4965,0.2414,0.344,-0.344,-0.0023,0.0655,0.3,-0.1,0.1244,0.0655,0.0,0.0034,0.01,-0.0133,0.0003,0.0034,-0.0,0.0002,0.0006,-0.0008,0.0,0.0002,7,9,0.0345,0.1379,0.000579,0.005,0.0,0.001113,0.4463,871.836,60.127,435.918,29.061,1.0021,0.9979,507858.0,0.1244,0.0003,130.11,0.0655,0.0,1.6256,0.492,0.1299,0.3957,0.8099,1.4721,0.001111,0.002519,0.9323,0.8565,0.6382,0.3004,1.8658,128.0,0.0,2.75,1.318,0.1984,129.458,0.0258,1,0,1,9.0,2.625,0.069,139.0,128.0,0.344,0.2489,0.2255,0.342,-0.344,-0.2489,-0.4019,-0.2056,0.0,0.163,0.0993,0.4159,60.0,300.0,0.0,0.0,300.0,300.0,300.0,300.0,9.0,2.0,2.571,0.0,435.918,0.0086,0.0514,0.0513,0.4159,0.5825,18.0,5.62,0.2902,13.76
167,2026-05-26T07:51:00+00:00,2026-05-26T08:04:30+00:00,13.5,-5.0,127.0,122.0,133.0,122.0,11.0,28,bajada,03:51,2026-05-26,,-0.0741,0.5642,0.2963,0.8597,-0.8597,-0.0062,0.0622,0.2,-0.1333,0.1056,0.0625,0.0,0.0034,0.0067,-0.0111,0.0003,0.0034,-0.0,0.0002,0.0005,-0.0006,0.0,0.0002,8,7,0.0741,0.1481,0.000495,0.003333,0.0,0.000919,0.3655,811.574,60.117,162.315,28.985,1.0019,0.9981,431083.0,0.1056,0.0003,124.08,0.0625,0.0,1.6391,0.517,0.1252,0.5896,0.7126,1.3735,0.00119,0.002701,0.9132,0.8547,0.6833,0.2716,1.854,122.0,0.0,3.5,1.4031,0.6921,123.5,0.0267,1,1,1,6.0,0.625,0.074,133.0,129.0,0.8597,0.8477,0.83,0.8491,-0.8597,-0.8477,-0.8669,-0.8272,0.0,0.7386,0.7268,0.7917,60.0,270.0,210.0,210.0,270.0,270.0,270.0,270.0,6.0,5.0,1.2,-0.0,162.3148,0.0078,0.0738,0.0418,0.8669,0.8098,18.0,6.18,0.319,13.2
168,2026-05-26T11:09:00+00:00,2026-05-26T11:21:30+00:00,12.5,-12.0,119.0,107.0,122.0,107.0,15.0,26,bajada,07:09,2026-05-26,,-0.08,0.6182,0.24,0.9473,-0.9473,-0.016,0.064,0.1,-0.2667,0.1089,0.066,-0.0001,0.0035,0.0089,-0.0122,0.0003,0.0035,0.0,0.0002,0.0007,-0.0003,0.0,0.0002,6,8,0.04,0.12,0.000751,0.006021,0.0,0.001346,0.4957,751.613,60.129,62.634,28.908,1.002,0.998,311950.0,0.1089,0.0003,109.536,0.066,0.0,1.5373,0.4106,0.1696,0.4039,0.8893,1.4463,0.001282,0.003385,0.8835,0.7999,0.5271,0.2764,2.3777,107.0,0.0,4.0,1.6915,2.0861,108.682,0.0368,0,0,1,0.0,0.0,0.0,122.0,107.0,0.9473,0.99,0.9832,0.9356,-0.9473,-0.99,-0.9213,-0.9893,0.0,0.8877,0.915,0.823,30.0,270.0,60.0,60.0,150.0,270.0,270.0,270.0,3.0,12.0,-3.6,-0.0,62.6344,0.0087,0.0685,0.0495,0.99,0.5842,18.0,9.48,0.4893,9.9
169,2026-05-26T11:36:00+00:00,2026-05-26T11:48:30+00:00,12.5,-4.0,105.0,101.0,111.0,101.0,10.0,26,bajada,07:36,2026-05-26,,0.0,0.456,0.32,0.8648,-0.8648,-0.0053,0.0888,0.2,-0.3,0.1978,0.0889,0.0,0.0056,0.0156,-0.0167,0.0008,0.0056,-0.0,0.0004,0.0011,-0.0009,0.0,0.0004,8,7,0.12,0.12,0.000511,0.003333,0.0,0.000872,0.3485,752.926,60.234,188.232,28.959,1.0039,0.9961,272501.0,0.1978,0.0008,102.376,0.0889,1e-06,1.5059,0.455,0.1418,1.0547,0.6694,1.4463,0.001282,0.006093,0.6986,0.4246,0.3414,0.3253,2.7275,101.0,0.0,1.75,2.0047,3.6077,101.864,0.0241,2,0,1,3.5,0.719,0.16,107.0,101.0,0.8648,0.8724,0.8585,0.8547,-0.8648,-0.8724,-0.8601,-0.8521,0.0,0.7675,0.7701,0.7844,60.0,240.0,0.0,150.0,90.0,240.0,240.0,240.0,6.0,4.0,0.2,-0.0,188.2315,0.0158,0.1496,0.0,0.8724,1.5254,18.0,9.93,0.5125,9.45
170,2026-05-26T16:12:00+00:00,2026-05-26T16:23:30+00:00,11.5,-6.0,99.0,93.0,99.0,93.0,6.0,24,bajada,12:12,2026-05-26,,-0.087,0.4057,0.087,0.9175,-0.9175,-0.0087,0.0282,0.0,-0.1,0.02,0.0295,0.0,0.001,0.0033,-0.0033,0.0,0.001,0.0,0.0,0.0001,-0.0001,0.0,0.0,2,4,0.0,0.087,0.000208,0.00166,0.0,0.000494,0.1496,690.299,60.026,115.05,28.762,1.0004,0.9996,211599.0,0.02,0.0,93.897,0.0295,0.0,0.7852,0.3059,0.1243,0.1959,1.0,1.5283,0.001389,0.003592,0.9404,0.8053,0.1515,-0.049,2.4003,93.0,0.0,0.0,2.0009,2.1859,93.45,0.0216,0,0,1,0.0,0.0,0.0,99.0,93.0,0.9175,0.9766,0.9692,0.9187,-0.9175,-0.9766,-0.8815,-0.9906,0.0,0.8907,0.9259,0.7573,0.0,120.0,0.0,90.0,90.0,120.0,120.0,120.0,0.0,6.0,-1.8,0.0,115.0498,0.0017,0.0244,0.0353,0.9906,0.2994,18.0,14.53,0.7498,4.85
171,2026-05-26T18:36:30+00:00,2026-05-26T18:48:00+00:00,11.5,-1.0,93.0,92.0,93.0,0.0,93.0,24,mixto,14:36,2026-05-26,,0.0,0.0777,0.1304,0.075,-0.075,-0.0014,0.9092,3.0667,-3.1,19.0144,0.9092,0.0,0.0537,0.2056,-0.1033,0.0634,0.0537,0.0002,0.0033,0.0103,-0.0103,0.0002,0.0033,3,3,0.0435,0.0435,0.005362,0.051667,0.0,0.01482,3.0854,824.487,71.694,824.487,34.354,1.1949,0.8369,195042.0,19.0144,0.0634,90.148,0.9092,9.7e-05,0.2499,0.2052,0.2166,1.5294,0.8221,1.7194,0.009722,0.009084,0.41,-0.0573,-0.0059,-0.0109,3.5847,92.0,0.0,0.0,-4.5856,19.0336,92.0,0.2085,0,0,1,0.0,0.0,0.0,93.0,0.0,0.075,0.112,0.1324,0.0449,-0.075,-0.112,-0.0537,-0.1141,0.0,0.1063,0.136,0.0366,0.0,60.0,0.0,0.0,90.0,90.0,90.0,90.0,0.0,93.0,-19.2,-0.0,824.487,1.6534,0.3313,0.0,0.136,2.6297,18.0,16.94,0.874,2.44
172,2026-05-26T21:34:30+00:00,2026-05-26T21:50:00+00:00,15.5,95.0,92.0,187.0,198.0,92.0,106.0,32,subida,17:34,2026-05-26,,-0.0323,0.1049,0.2903,-0.8732,0.8732,0.1022,0.5929,3.3333,-0.1667,11.2211,0.6016,-0.0,0.0289,0.1111,-0.1111,0.025,0.0289,-0.0001,0.0015,0.0037,-0.0074,0.0001,0.0016,9,11,0.0968,0.129,0.003083,0.055556,0.0,0.01047,2.126,1006.042,64.906,10.59,31.439,1.0762,0.9292,1090017.0,11.2211,0.025,184.562,0.6016,1e-05,1.1982,0.4695,0.149,0.5917,0.9588,1.7188,0.002083,0.005273,0.7678,0.5047,-0.027,-0.0988,3.4851,187.0,0.0,4.25,-3.5005,10.5752,188.385,0.1296,1,0,1,11.0,2.271,0.065,198.0,92.0,-0.8732,-0.9469,-0.9481,-0.8687,0.8732,0.9469,0.8279,0.9662,0.0,-0.8717,-0.919,-0.7167,150.0,0.0,0.0,0.0,360.0,360.0,360.0,360.0,11.0,0.0,47.429,0.0,10.5899,0.7239,0.0882,0.0034,0.9662,1.017,19.0,0.14,0.0037,38.24
173,2026-05-26T22:26:30+00:00,2026-05-26T22:38:00+00:00,11.5,0.0,185.0,185.0,185.0,56.0,129.0,24,mixto,18:26,2026-05-26,,0.0,0.0819,0.1304,0.0304,-0.0304,0.0,1.268,4.3,-4.3,36.98,1.268,0.0,0.0749,0.2867,-0.1433,0.1233,0.0749,0.0002,0.0045,0.0143,-0.0143,0.0004,0.0045,3,3,0.0435,0.0435,0.007465,0.071667,0.0,0.020634,4.3,894.885,77.816,894884880.656,37.287,1.2969,0.771,790311.0,36.98,0.1233,181.465,1.268,4.7e-05,0.2499,0.2052,0.2166,1.5407,0.8209,1.7194,0.001389,0.009028,0.4167,-0.0473,-0.0062,-0.0114,3.585,185.0,0.0,0.0,-4.5873,19.0435,185.0,0.1435,0,1,1,0.0,0.0,0.0,185.0,56.0,0.0304,0.0644,0.0851,0.0,-0.0304,-0.0644,-0.011,-0.0658,0.0,0.0629,0.0907,0.0,0.0,60.0,690.0,690.0,690.0,0.0,0.0,90.0,0.0,129.0,-25.8,0.0,894.885,3.2157,0.3337,0.0,0.0907,2.6491,19.0,1.01,0.0263,37.38
174,2026-05-27T00:02:30+00:00,2026-05-27T00:19:00+00:00,16.5,0.0,181.0,181.0,193.0,179.0,14.0,34,mixto,20:02,2026-05-26,,0.0,0.4825,0.4848,-0.0559,0.0559,0.0,0.0765,0.3,-0.1667,0.1933,0.0765,0.0,0.0036,0.01,-0.01,0.0004,0.0036,-0.0,0.0002,0.0004,-0.0007,0.0,0.0002,16,15,0.1515,0.1515,0.000948,0.005,0.0,0.001076,0.8924,992.864,60.174,992863796.447,29.202,1.0029,0.9971,1144983.0,0.1933,0.0004,183.51,0.0765,0.0,2.3179,0.5223,0.3216,0.4282,0.7625,1.9452,0.00098,0.001715,0.9635,0.919,0.7667,0.5598,1.2759,181.0,2.0,11.0,0.7184,-1.1475,182.929,0.0274,3,2,2,5.333,2.106,0.182,193.0,179.0,-0.0559,-0.1947,-0.2075,-0.0398,0.0559,0.1947,-0.0364,0.2776,0.0,-0.2759,-0.3458,0.129,120.0,480.0,990.0,990.0,990.0,0.0,0.0,870.0,12.0,2.0,5.486,0.571,992.864,0.0117,0.1377,0.0,0.3458,0.8329,19.0,2.61,0.068,35.77
175,2026-05-27T09:29:00+00:00,2026-05-27T09:45:00+00:00,16.0,-8.0,187.0,179.0,189.0,179.0,10.0,33,bajada,05:29,2026-05-27,,-0.0312,0.7185,0.25,0.9571,-0.9571,-0.0083,0.0456,0.0667,-0.2,0.0689,0.0464,-0.0,0.0024,0.0067,-0.0067,0.0002,0.0024,-0.0,0.0001,0.0004,-0.0003,0.0,0.0001,8,8,0.0625,0.0938,0.000402,0.001667,0.0,0.000616,0.3817,961.027,60.064,120.128,29.122,1.001,0.999,1088406.0,0.0689,0.0002,181.609,0.0464,0.0,1.5975,0.3491,0.1296,0.4274,0.8346,1.3757,0.00101,0.002202,0.9545,0.9061,0.7517,0.5977,1.7391,179.0,0.0,6.0,0.7418,-1.1832,181.148,0.0193,0,1,2,0.0,0.0,0.0,189.0,186.0,0.9571,0.963,0.9549,0.9551,-0.9571,-0.963,-0.9528,-0.9431,0.0,0.8352,0.8442,0.8661,60.0,360.0,180.0,180.0,360.0,270.0,270.0,360.0,2.0,8.0,-0.057,-0.0,120.1284,0.0043,0.0554,0.0224,0.963,0.588,19.0,12.05,0.3139,26.33
176,2026-05-27T13:10:00+00:00,2026-05-27T13:15:30+00:00,5.5,4.0,181.0,185.0,185.0,181.0,4.0,12,subida,09:10,2026-05-27,,0.0909,0.4196,0.1818,-0.9138,0.9138,0.0121,0.0383,0.1333,0.0,0.0178,0.0402,0.0,0.002,0.0044,-0.0044,0.0,0.002,-0.0,0.0001,0.0001,-0.0003,0.0,0.0001,2,2,0.0909,0.0,0.000462,0.002222,0.0,0.00071,0.1329,330.265,60.048,82.566,27.522,1.0007,0.9993,407772.0,0.0178,0.0,184.339,0.0402,0.0,0.65,-0.0,0.2877,0.6792,1.0,2.0912,0.002778,0.005853,0.6732,0.5273,-0.0667,-0.1429,1.9883,185.0,0.0,0.0,-1.7889,1.2,184.6,0.0081,0,0,1,0.0,0.0,0.0,185.0,181.0,-0.9138,-0.9729,-0.9648,-0.9071,0.9138,0.9729,0.8809,0.9889,0.0,-0.8744,-0.9064,-0.7483,60.0,0.0,0.0,0.0,60.0,60.0,60.0,60.0,0.0,0.0,-0.0,-0.0,82.5662,0.0032,0.1954,0.0381,0.9889,1.4203,19.0,15.73,0.4099,22.65
177,2026-05-27T13:43:00+00:00,2026-05-27T13:57:30+00:00,14.5,-7.0,185.0,178.0,192.0,178.0,14.0,30,bajada,09:43,2026-05-27,,-0.1034,0.6646,0.3793,0.9007,-0.9007,-0.008,0.0687,0.2333,-0.2,0.1389,0.0692,-0.0,0.0039,0.0078,-0.0111,0.0004,0.0039,-0.0,0.0002,0.0006,-0.0006,0.0,0.0002,11,12,0.069,0.1724,0.000562,0.003889,0.0,0.000937,0.4479,872.065,60.142,124.581,29.069,1.0023,0.9977,982261.0,0.1389,0.0004,180.948,0.0692,0.0,1.8703,0.6017,0.1603,0.565,0.7159,1.4721,0.001111,0.002665,0.9239,0.8841,0.6939,0.4288,1.7896,178.0,0.0,6.5,1.1929,0.1024,180.125,0.0229,1,1,1,7.0,1.333,0.069,192.0,183.0,0.9007,0.8845,0.869,0.8939,-0.9007,-0.8845,-0.9093,-0.8633,0.0,0.755,0.749,0.8337,60.0,390.0,210.0,210.0,270.0,390.0,390.0,390.0,7.0,7.0,0.8,-0.0,124.5807,0.0096,0.0906,0.0687,0.9093,0.8317,19.0,16.28,0.4242,22.1
178,2026-05-27T15:10:00+00:00,2026-05-27T15:21:00+00:00,11.0,-6.0,180.0,174.0,180.0,171.0,9.0,23,bajada,11:10,2026-05-27,,0.0,0.1584,0.1364,0.8784,-0.8784,-0.0091,0.0668,0.1,-0.3,0.1,0.0674,0.0002,0.0032,0.01,-0.01,0.0002,0.0032,0.0,0.0002,0.0007,-0.0003,0.0,0.0002,3,3,0.0455,0.0455,0.000716,0.005,0.0,0.001273,0.3945,661.471,60.134,110.245,28.76,1.0022,0.9978,679896.0,0.1,0.0002,171.932,0.0674,0.0,0.6784,0.2124,0.1112,0.7163,0.916,1.5734,0.001449,0.00455,0.8734,0.4954,-0.0189,-0.0351,2.7718,171.0,0.0,0.0,2.6959,5.5678,171.158,0.0149,0,1,1,0.0,0.0,0.0,180.0,171.0,0.8784,0.9541,0.9507,0.8732,-0.8784,-0.9541,-0.8378,-0.9762,0.0,0.8891,0.9338,0.7223,0.0,60.0,0.0,0.0,660.0,660.0,660.0,660.0,0.0,9.0,-7.2,1.8,110.2452,0.0091,0.0797,0.0,0.9762,1.127,19.0,17.73,0.462,20.65
179,2026-05-27T19:50:30+00:00,2026-05-27T20:07:00+00:00,16.5,-34.0,179.0,145.0,179.0,143.0,36.0,34,bajada,15:50,2026-05-27,,-0.1212,0.543,0.303,0.9332,-0.9332,-0.0343,0.1389,0.2,-0.6333,0.6756,0.1431,-0.0,0.0069,0.0211,-0.0211,0.0015,0.0069,0.0,0.0004,0.0014,-0.0008,0.0,0.0004,10,14,0.1212,0.2424,0.001607,0.010556,0.0,0.002282,1.4809,999.583,60.581,29.4,29.4,1.0091,0.991,763485.0,0.6756,0.0015,149.851,0.1431,1e-06,1.8818,0.6776,0.2364,0.5996,0.8533,1.9452,0.00098,0.003314,0.8797,0.7716,0.494,0.4015,2.6613,145.0,2.0,10.75,1.864,3.0662,147.714,0.0626,2,2,2,7.0,0.716,0.121,162.0,147.0,0.9332,0.9863,0.9828,0.9211,-0.9332,-0.9863,-0.9024,-0.9909,0.0,0.8995,0.9308,0.7908,0.0,390.0,0.0,210.0,150.0,300.0,300.0,750.0,0.0,36.0,-10.914,0.0,29.3995,0.0409,0.1417,0.0658,0.9909,1.1663,19.0,22.41,0.5838,15.97
180,2026-05-27T23:57:30+00:00,2026-05-28T00:13:30+00:00,16.0,-14.0,148.0,134.0,155.0,134.0,21.0,33,bajada,19:57,2026-05-27,,-0.1562,0.7779,0.375,0.9443,-0.9443,-0.0146,0.0645,0.2333,-0.1333,0.14,0.0661,0.0,0.0031,0.0078,-0.0078,0.0003,0.0031,-0.0,0.0002,0.0003,-0.0005,0.0,0.0002,12,13,0.0312,0.1875,0.000677,0.003889,0.0,0.000988,0.6116,962.084,60.13,68.72,29.154,1.0021,0.9979,646260.0,0.14,0.0003,139.942,0.0661,0.0,2.1886,0.5481,0.1787,0.2378,0.8346,1.3757,0.00101,0.001734,0.9725,0.9623,0.8394,0.6262,1.3927,134.0,0.0,13.0,0.8313,-0.8239,138.852,0.0513,1,0,1,7.0,1.188,0.062,155.0,134.0,0.9443,0.9247,0.9137,0.9404,-0.9443,-0.9247,-0.9538,-0.8968,0.0,0.7712,0.774,0.8843,60.0,480.0,270.0,300.0,360.0,270.0,270.0,480.0,7.0,14.0,1.371,0.0,68.7203,0.0088,0.0425,0.1215,0.9538,0.3271,19.0,26.52,0.6911,11.86
181,2026-05-28T04:58:00+00:00,2026-05-28T05:11:00+00:00,13.0,-10.0,134.0,124.0,137.0,124.0,13.0,27,bajada,00:58,2026-05-28,,-0.0769,0.5245,0.2308,0.9351,-0.9351,-0.0128,0.0628,0.1,-0.2333,0.1067,0.0641,-0.0001,0.0034,0.0078,-0.0111,0.0003,0.0034,0.0,0.0002,0.0006,-0.0004,0.0,0.0002,6,6,0.0769,0.1538,0.000694,0.005473,0.0,0.001312,0.4799,781.587,60.122,78.159,28.948,1.002,0.9981,427974.0,0.1067,0.0003,125.9,0.0641,0.0,1.4053,0.5731,0.1178,0.651,0.807,1.4089,0.001235,0.003467,0.9066,0.7771,0.44,0.3148,2.4745,124.0,0.0,2.0,1.8238,2.3314,125.174,0.0278,1,1,1,3.0,0.5,0.077,131.0,128.0,0.9351,0.9835,0.9756,0.9244,-0.9351,-0.9835,-0.9055,-0.9916,0.0,0.8904,0.9195,0.7861,30.0,210.0,150.0,60.0,120.0,210.0,210.0,210.0,3.0,10.0,-3.8,-0.0,78.1587,0.0082,0.0767,0.0403,0.9916,0.9172,19.0,31.53,0.8215,6.85
182,2026-05-28T09:47:30+00:00,2026-05-28T10:03:30+00:00,16.0,-18.0,124.0,106.0,124.0,106.0,18.0,33,bajada,05:47,2026-05-28,,-0.0938,0.6664,0.3438,0.9535,-0.9535,-0.0188,0.079,0.1667,-0.2667,0.2111,0.0812,-0.0,0.0046,0.0111,-0.0144,0.0007,0.0046,0.0,0.0003,0.0008,-0.0009,0.0,0.0003,11,12,0.0625,0.1562,0.000544,0.002778,0.0,0.000909,0.4972,963.131,60.196,53.507,29.186,1.0031,0.9969,399102.0,0.2111,0.0007,109.973,0.0812,1e-06,1.6928,0.5363,0.1286,0.4819,0.8461,1.3757,0.00101,0.002812,0.9113,0.8446,0.646,0.4185,2.3299,106.0,0.0,7.0,1.3464,0.5814,108.667,0.0531,1,2,1,3.0,1.357,0.062,113.0,110.0,0.9535,0.9923,0.9863,0.9482,-0.9535,-0.9923,-0.9292,-0.9906,0.0,0.8871,0.914,0.8204,0.0,360.0,60.0,120.0,240.0,360.0,360.0,360.0,0.0,18.0,-3.371,0.0,53.5073,0.0132,0.062,0.0625,0.9923,0.6629,19.0,36.36,0.9472,2.02
183,2026-05-28T11:37:30+00:00,2026-05-28T11:48:30+00:00,11.0,-55.0,106.0,51.0,106.0,51.0,55.0,23,bajada,07:37,2026-05-28,,-0.0909,0.2508,0.0909,0.8945,-0.8945,-0.0833,0.3607,0.0,-1.7333,3.0144,0.3702,-0.0,0.0173,0.0544,-0.0578,0.0063,0.0173,0.0001,0.0009,0.0037,-0.0017,0.0,0.0009,2,2,0.0,0.0909,0.002478,0.028889,0.0,0.00659,1.2763,690.183,62.744,12.549,30.008,1.0421,0.9596,77408.0,3.0144,0.0063,58.013,0.3702,3.9e-05,0.4262,0.3165,0.1112,0.6175,1.0,1.5734,0.001449,0.005234,0.7962,0.5472,-0.0151,-0.028,2.9629,51.0,0.0,0.0,2.9238,6.566,51.158,0.2767,0,0,1,0.0,0.0,0.0,106.0,51.0,0.8945,0.9628,0.9609,0.8895,-0.8945,-0.9628,-0.8534,-0.9817,0.0,0.8787,0.9226,0.7455,0.0,90.0,0.0,60.0,60.0,60.0,60.0,90.0,0.0,55.0,-43.4,0.0,12.5488,0.274,0.0687,0.0228,0.9817,0.9716,19.0,38.19,0.995,0.19
184,2026-05-28T12:50:00+00:00,2026-05-28T13:05:30+00:00,15.5,37.0,57.0,94.0,103.0,57.0,46.0,32,subida,08:50,2026-05-28,,0.0645,0.5527,0.2258,-0.9396,0.9396,0.0398,0.2038,1.0333,-0.3,1.3367,0.2076,0.0,0.0093,0.0344,-0.0278,0.0026,0.0093,-0.0,0.0005,0.001,-0.0021,0.0,0.0005,7,7,0.129,0.0645,0.001781,0.01273,0.0,0.003166,1.6263,947.092,61.103,25.597,29.597,1.0176,0.9827,244873.0,1.3367,0.0026,87.477,0.2076,5e-06,1.4463,0.2707,0.1221,0.3454,0.9168,1.875,0.001042,0.002898,0.9031,0.8366,0.5495,0.4095,2.2942,94.0,0.0,24.0,-1.0614,-0.5106,88.192,0.1532,2,1,1,6.5,1.354,0.129,103.0,66.0,-0.9396,-0.9799,-0.9729,-0.9288,0.9396,0.9799,0.9148,0.9816,0.0,-0.8849,-0.9082,-0.8127,300.0,0.0,210.0,90.0,330.0,330.0,330.0,330.0,9.0,0.0,6.114,0.0,25.5971,0.0862,0.0422,0.0356,0.9816,0.6476,20.0,0.95,0.0261,35.38
185,2026-05-28T13:28:30+00:00,2026-05-28T13:39:30+00:00,11.0,55.0,94.0,149.0,149.0,94.0,55.0,23,subida,09:28,2026-05-28,,0.0455,0.2386,0.0909,-0.8927,0.8927,0.0833,0.3819,1.8333,0.0,3.3611,0.3909,0.0,0.0189,0.0611,-0.0611,0.0075,0.0189,-0.0001,0.001,0.002,-0.0041,0.0,0.001,2,2,0.0455,0.0,0.002525,0.030556,0.0,0.006901,1.2839,692.65,62.968,12.594,30.115,1.0458,0.9562,483893.0,3.3611,0.0075,145.048,0.3909,7e-06,0.4262,-0.0,0.1112,0.6381,1.0,1.7701,0.001449,0.005405,0.7775,0.5184,-0.0143,-0.0265,3.0029,149.0,0.0,0.0,-2.9318,6.5952,149.0,0.1075,0,0,1,0.0,0.0,0.0,149.0,94.0,-0.8927,-0.9612,-0.9595,-0.8872,0.8927,0.9612,0.8514,0.9801,0.0,-0.8773,-0.9214,-0.7436,60.0,0.0,0.0,0.0,60.0,60.0,60.0,60.0,0.0,0.0,44.0,0.0,12.5936,0.3056,0.071,0.0109,0.9801,1.1295,20.0,1.59,0.0438,34.74
186,2026-05-28T14:22:30+00:00,2026-05-28T14:34:00+00:00,11.5,-3.0,149.0,146.0,175.0,146.0,29.0,24,mixto,10:22,2026-05-28,,-0.0435,0.1648,0.2174,0.2414,-0.2414,-0.0043,0.2609,0.8667,-0.9,1.5656,0.2609,0.0,0.0154,0.03,-0.0589,0.0052,0.0154,-0.0,0.0009,0.003,-0.0029,0.0,0.0009,5,6,0.0435,0.087,0.001638,0.014716,0.0,0.004175,0.9625,710.126,61.75,236.709,29.589,1.0292,0.9717,532071.0,1.5656,0.0052,148.895,0.2609,3e-06,0.6584,0.335,0.2904,1.3035,0.8092,1.9104,0.002778,0.008592,0.4743,0.039,0.0144,-0.0054,3.5522,148.0,0.0,0.0,4.3885,17.9193,147.75,0.0372,0,0,2,0.0,0.0,0.0,175.0,146.0,0.2414,0.1984,0.1826,0.2693,-0.2414,-0.1984,-0.2538,-0.1878,0.0,0.1123,0.1008,0.2615,60.0,570.0,90.0,90.0,570.0,570.0,570.0,570.0,26.0,3.0,4.6,0.0,236.7087,0.1361,0.3785,0.0072,0.2693,2.4902,20.0,2.49,0.0686,33.84
187,2026-05-28T14:44:00+00:00,2026-05-28T14:55:00+00:00,11.0,1.0,146.0,147.0,152.0,146.0,6.0,23,mixto,10:44,2026-05-28,,0.0,0.0822,0.1818,-0.4714,0.4714,0.0015,0.0555,0.2,-0.1667,0.0678,0.0555,0.0,0.0027,0.0067,-0.0067,0.0002,0.0027,-0.0,0.0001,0.0004,-0.0004,0.0,0.0001,4,3,0.0455,0.0455,0.000599,0.003333,0.0,0.001095,0.3632,661.008,60.092,661.008,28.739,1.0015,0.9985,499411.0,0.0678,0.0002,147.355,0.0555,0.0,0.8405,0.2124,0.1252,1.0013,0.838,1.7701,0.005797,0.005985,0.7334,0.377,-0.1659,-0.0157,3.0338,147.0,0.0,0.0,2.7178,5.9603,147.0,0.0099,1,0,1,5.0,0.958,0.091,152.0,146.0,-0.4714,-0.548,-0.5646,-0.4725,0.4714,0.548,0.4258,0.5723,0.0,-0.5092,-0.5653,-0.3572,60.0,0.0,0.0,0.0,120.0,120.0,120.0,120.0,5.0,0.0,4.8,0.0,661.008,0.0062,0.1254,0.0,0.5723,1.7724,20.0,2.85,0.0784,33.48
188,2026-05-28T18:09:30+00:00,2026-05-28T18:26:00+00:00,16.5,1.0,147.0,148.0,158.0,146.0,12.0,34,mixto,14:09,2026-05-28,,0.0606,0.2759,0.2424,-0.1501,0.1501,0.001,0.0839,0.2,-0.4,0.2322,0.0839,0.0,0.004,0.0133,-0.0133,0.0005,0.004,-0.0,0.0002,0.0009,-0.0004,0.0,0.0002,8,11,0.0909,0.0303,0.000844,0.003333,0.0,0.001129,0.8195,993.386,60.205,993.386,29.217,1.0034,0.9966,758510.0,0.2322,0.0005,149.362,0.0839,0.0,1.6807,0.1547,0.1838,0.0945,0.8112,1.9452,0.00098,0.002224,0.9544,0.8698,0.6023,0.313,1.9556,146.5,0.5,6.0,1.0922,-0.3949,148.714,0.0302,1,1,4,11.0,3.188,0.061,158.0,146.0,-0.1501,-0.278,-0.2814,-0.1173,0.1501,0.278,0.0614,0.3686,0.0,-0.3374,-0.4062,0.0423,210.0,390.0,0.0,0.0,900.0,900.0,900.0,900.0,10.0,1.0,2.286,0.914,993.386,0.0141,0.0174,0.0167,0.4062,0.1838,20.0,6.28,0.1727,30.06
189,2026-05-28T23:41:30+00:00,2026-05-28T23:58:00+00:00,16.5,-5.0,145.0,140.0,158.0,140.0,18.0,34,bajada,19:41,2026-05-28,,-0.0909,0.5708,0.3636,0.4086,-0.4086,-0.0051,0.1161,0.4333,-0.3333,0.4456,0.1162,0.0,0.0061,0.0144,-0.0178,0.0012,0.0061,-0.0,0.0004,0.0007,-0.0011,0.0,0.0004,12,12,0.0606,0.1515,0.00118,0.007222,0.0,0.001723,1.0953,996.494,60.394,199.299,29.309,1.0065,0.9935,714642.0,0.4456,0.0012,144.979,0.1162,1e-06,1.7053,0.5548,0.1214,0.579,0.7329,1.3467,0.00098,0.002124,0.9498,0.8875,0.7481,0.5716,1.5847,140.0,0.0,10.0,0.903,-0.8593,143.929,0.0463,2,1,1,13.0,1.928,0.121,158.0,150.0,0.4086,0.2932,0.2782,0.4315,-0.4086,-0.2932,-0.4782,-0.2169,0.0,0.1611,0.1003,0.5205,60.0,390.0,0.0,0.0,390.0,390.0,390.0,390.0,13.0,5.0,2.971,-0.0,199.2988,0.027,0.0703,0.0519,0.5205,0.7797,20.0,11.81,0.325,24.52
190,2026-05-29T00:19:30+00:00,2026-05-29T00:26:30+00:00,7.0,1.0,140.0,141.0,145.0,140.0,5.0,15,mixto,20:19,2026-05-28,,0.0,0.101,0.2857,-0.4766,0.4766,0.0024,0.057,0.1667,-0.1333,0.0456,0.057,0.0,0.0028,0.0056,-0.0056,0.0001,0.0028,-0.0,0.0002,0.0003,-0.0004,0.0,0.0002,4,5,0.0714,0.0714,0.000756,0.002778,0.0,0.000925,0.2987,420.679,60.097,420.679,28.045,1.0016,0.9984,301085.0,0.0456,0.0001,141.677,0.057,0.0,1.2419,0.2991,0.3228,0.672,0.8217,2.0837,0.002222,0.005173,0.8706,0.5247,-0.4231,-0.0769,2.1211,141.0,0.0,0.0,1.3426,0.0976,141.538,0.012,1,0,1,4.0,1.45,0.143,145.0,140.0,-0.4766,-0.5948,-0.5947,-0.4971,0.4766,0.5948,0.4063,0.6689,0.0,-0.5995,-0.6724,-0.2891,60.0,0.0,0.0,0.0,150.0,150.0,150.0,150.0,4.0,0.0,5.0,-0.0,420.679,0.0065,0.2169,0.0,0.6724,1.4002,20.0,12.44,0.3424,23.89
191,2026-05-29T02:01:00+00:00,2026-05-29T02:05:30+00:00,4.5,2.0,140.0,142.0,144.0,140.0,4.0,10,mixto,22:01,2026-05-28,,0.0,0.0303,0.3333,-0.7121,0.7121,0.0074,0.0491,0.1333,-0.0667,0.0222,0.0497,-0.0006,0.0018,0.0022,-0.0044,0.0,0.0019,0.0,0.0001,0.0001,-0.0001,0.0,0.0001,3,4,0.1111,0.1111,0.00077,0.002207,0.0,0.000856,0.1986,270.332,60.074,135.166,27.033,1.0012,0.9988,202792.0,0.0222,0.0,142.405,0.0497,0.0,1.2955,0.4106,0.8473,1.0,0.8503,1.9932,0.003333,0.008509,0.6236,0.1111,-0.5238,-0.1111,2.1308,142.0,0.0,1.5,-0.1111,-0.4444,142.5,0.0084,1,0,1,2.0,1.375,0.222,144.0,140.0,-0.7121,-0.8231,-0.824,-0.6694,0.7121,0.8231,0.6507,0.9027,0.0,-0.7912,-0.8501,-0.5189,30.0,0.0,0.0,0.0,120.0,120.0,120.0,120.0,2.0,0.0,8.0,-0.0,135.166,0.0049,0.8473,0.0,0.9027,1.9932,20.0,14.13,0.389,22.2
192,2026-05-29T02:57:30+00:00,2026-05-29T03:01:30+00:00,4.0,1.0,137.0,138.0,141.0,137.0,4.0,9,mixto,22:57,2026-05-28,,0.0,0.1243,0.375,-0.5111,0.5111,0.0042,0.0588,0.1333,-0.1,0.0278,0.0589,-0.0006,0.0024,0.0033,-0.0044,0.0,0.0024,0.0,0.0001,0.0002,-0.0001,0.0,0.0001,3,2,0.125,0.125,0.000978,0.003035,0.0,0.001076,0.2315,240.415,60.104,240.415,26.713,1.0017,0.9983,172795.0,0.0278,0.0,138.562,0.0589,0.0,1.2244,0.4444,0.6931,1.0,0.797,2.1133,0.003704,0.007159,0.738,0.1635,-0.0856,-0.214,1.7361,138.0,0.0,0.0,1.1212,-0.3381,138.429,0.0097,1,0,1,3.0,0.938,0.25,141.0,137.0,-0.5111,-0.6299,-0.6367,-0.4636,0.5111,0.6299,0.4444,0.723,0.0,-0.6114,-0.6922,-0.3281,30.0,0.0,0.0,0.0,90.0,90.0,90.0,90.0,3.0,0.0,8.0,-0.0,240.415,0.0069,0.6931,0.0,0.723,2.1133,20.0,15.07,0.4149,21.26
193,2026-05-29T03:40:30+00:00,2026-05-29T03:55:00+00:00,14.5,-4.0,135.0,131.0,147.0,131.0,16.0,30,bajada,23:40,2026-05-28,,-0.1034,0.5685,0.3448,0.4446,-0.4446,-0.0046,0.09,0.4,-0.1667,0.2356,0.0901,-0.0,0.0043,0.0133,-0.0133,0.0005,0.0043,-0.0,0.0002,0.0004,-0.0009,0.0,0.0002,10,12,0.0345,0.1379,0.000856,0.006667,0.0,0.001568,0.6703,873.438,60.237,218.359,29.115,1.0039,0.9961,544633.0,0.2356,0.0005,134.738,0.0901,0.0,1.8879,0.4444,0.1663,0.3177,0.8006,1.4721,0.001111,0.002235,0.9588,0.8972,0.6316,0.3893,1.7295,131.0,0.0,5.0,1.2808,0.327,133.542,0.0395,1,0,1,12.0,2.417,0.069,147.0,131.0,0.4446,0.3456,0.324,0.4411,-0.4446,-0.3456,-0.5035,-0.295,0.0,0.2287,0.1723,0.5201,60.0,360.0,0.0,0.0,360.0,360.0,360.0,360.0,12.0,4.0,4.057,-0.0,218.3595,0.0162,0.0528,0.0588,0.5201,0.4677,20.0,15.79,0.4346,20.54
194,2026-05-29T09:11:30+00:00,2026-05-29T09:18:00+00:00,6.5,1.0,123.0,124.0,128.0,123.0,5.0,14,mixto,05:11,2026-05-29,,0.0,0.0559,0.3077,-0.4962,0.4962,0.0026,0.0591,0.1667,-0.1333,0.0456,0.0592,0.0,0.0029,0.0056,-0.0056,0.0001,0.0029,-0.0,0.0001,0.0003,-0.0004,0.0,0.0002,4,3,0.0769,0.0769,0.000809,0.002778,0.0,0.001042,0.2981,390.679,60.105,390.679,27.906,1.0017,0.9983,216786.0,0.0456,0.0001,124.438,0.0592,0.0,1.1488,0.3159,0.2877,1.0049,0.8178,2.1756,0.004762,0.006285,0.7538,0.3364,-0.2537,-0.0455,2.2545,124.0,0.0,0.0,1.7942,1.7347,124.25,0.012,1,0,1,4.0,0.95,0.154,128.0,123.0,-0.4962,-0.5993,-0.6014,-0.5262,0.4962,0.5993,0.435,0.6963,0.0,-0.5837,-0.6499,-0.3441,60.0,0.0,0.0,0.0,120.0,120.0,120.0,120.0,4.0,0.0,-0.0,-0.0,390.679,0.007,0.2891,0.0,0.6963,2.1863,20.0,21.31,0.5865,15.03
195,2026-05-29T09:40:00+00:00,2026-05-29T09:56:30+00:00,16.5,-4.0,124.0,120.0,135.0,120.0,15.0,34,bajada,05:40,2026-05-29,,-0.0909,0.5343,0.3333,0.5353,-0.5353,-0.004,0.113,0.3,-0.3667,0.4222,0.1131,-0.0,0.0061,0.0122,-0.02,0.0012,0.0061,-0.0,0.0004,0.0011,-0.0009,0.0,0.0004,11,11,0.0909,0.1818,0.001196,0.004992,0.0,0.001654,1.1532,996.206,60.376,249.052,29.3,1.0063,0.9938,515827.0,0.4222,0.0012,123.172,0.1131,1e-06,2.0524,0.6091,0.1308,0.8298,0.6942,1.3467,0.00098,0.003155,0.9012,0.7441,0.5414,0.5354,2.2972,120.0,0.0,4.0,1.2573,0.1806,122.357,0.0369,3,2,1,8.0,0.939,0.182,135.0,122.0,0.5353,0.4474,0.4305,0.5579,-0.5353,-0.4474,-0.587,-0.3904,0.0,0.3137,0.2712,0.601,210.0,420.0,0.0,300.0,300.0,420.0,420.0,420.0,11.0,4.0,2.514,-0.0,249.0515,0.0256,0.1085,0.0486,0.601,1.1175,20.0,21.78,0.5995,14.55
196,2026-05-29T14:05:00+00:00,2026-05-29T14:19:00+00:00,14.0,-10.0,122.0,112.0,124.0,109.0,15.0,29,bajada,10:05,2026-05-29,,-0.0714,0.2306,0.2143,0.8908,-0.8908,-0.0119,0.1467,0.5,-0.4,0.6067,0.1472,0.0002,0.0091,0.0278,-0.03,0.0022,0.0091,0.0,0.0006,0.0015,-0.0019,0.0,0.0006,6,8,0.0714,0.1429,0.000655,0.004705,0.0,0.001215,0.5617,848.748,60.625,84.875,29.267,1.0103,0.9898,371957.0,0.6067,0.0022,113.252,0.1472,2e-06,0.9946,0.4892,0.1171,1.0388,0.7084,1.5076,0.001149,0.00888,0.4446,-0.0472,0.022,0.1513,3.4594,112.0,0.0,0.0,2.2216,4.005,112.64,0.0284,0,2,1,0.0,0.0,0.0,124.0,109.0,0.8908,0.9449,0.9462,0.8775,-0.8908,-0.9449,-0.8581,-0.9496,0.0,0.8542,0.89,0.7584,210.0,180.0,150.0,30.0,60.0,60.0,60.0,240.0,2.0,13.0,-4.6,-0.0,84.8748,0.0433,0.1216,0.0165,0.9496,1.5661,20.0,26.2,0.7211,10.13
197,2026-05-30T00:41:00+00:00,2026-05-30T00:59:30+00:00,18.5,63.0,94.0,157.0,172.0,94.0,78.0,38,subida,20:41,2026-05-29,,0.0811,0.063,0.2703,-0.8654,0.8654,0.0568,0.2913,1.4667,-0.4333,3.2589,0.2968,-0.0,0.0105,0.0489,-0.0233,0.004,0.0105,-0.0,0.0005,0.001,-0.0023,0.0,0.0005,10,9,0.1622,0.0811,0.00224,0.024444,0.0,0.004704,2.187,1147.95,62.051,18.221,30.209,1.0325,0.9685,936919.0,3.2589,0.004,157.022,0.2968,3e-06,1.0797,0.3159,0.1174,0.4594,0.92,1.7953,0.003509,0.004242,0.9186,0.6528,-0.1099,-0.1694,3.4283,159.0,2.0,2.0,-3.227,10.2105,159.281,0.1004,1,0,2,15.0,2.798,0.054,172.0,94.0,-0.8654,-0.9417,-0.9433,-0.8592,0.8654,0.9417,0.8194,0.96,0.0,-0.8732,-0.9209,-0.7061,240.0,0.0,0.0,60.0,60.0,810.0,810.0,810.0,15.0,0.0,29.0,-0.0,18.2214,0.1762,0.0539,0.0051,0.96,0.8248,21.0,0.32,0.0085,36.98
198,2026-05-30T03:33:00+00:00,2026-05-30T03:44:30+00:00,11.5,-1.0,151.0,150.0,151.0,144.0,7.0,24,mixto,23:33,2026-05-29,,0.0,0.0285,0.1304,0.5217,-0.5217,-0.0014,0.0641,0.2,-0.2333,0.0944,0.0641,0.0,0.0038,0.0144,-0.0078,0.0003,0.0038,0.0,0.0002,0.0007,-0.0007,0.0,0.0002,3,3,0.0435,0.0435,0.000405,0.003889,0.0,0.001064,0.233,691.4,60.122,691.4,28.808,1.002,0.998,538838.0,0.0944,0.0003,149.839,0.0641,0.0,0.6584,0.2052,0.1112,1.3958,0.837,1.7194,0.009722,0.009673,0.337,-0.1638,-0.0026,-0.0047,3.5318,150.0,0.0,0.0,-4.1927,17.0022,150.0,0.0083,0,0,1,0.0,0.0,0.0,151.0,144.0,0.5217,0.5846,0.5987,0.4994,-0.5217,-0.5846,-0.4845,-0.5937,0.0,0.5373,0.5816,0.4073,0.0,60.0,0.0,0.0,90.0,90.0,90.0,90.0,0.0,7.0,-2.0,0.0,691.4,0.0082,0.1552,0.0,0.5987,2.3999,21.0,3.18,0.0853,34.12
199,2026-05-30T04:02:30+00:00,2026-05-30T04:19:30+00:00,17.0,17.0,150.0,167.0,177.0,150.0,27.0,35,subida,00:02,2026-05-30,,0.1471,0.0597,0.2941,-0.8567,0.8567,0.0167,0.0837,0.2667,-0.2333,0.2478,0.0854,-0.0001,0.0037,0.0078,-0.01,0.0005,0.0037,-0.0,0.0002,0.0005,-0.0004,0.0,0.0002,10,11,0.2059,0.0588,0.000721,0.003332,0.0,0.000987,0.7243,1023.676,60.216,60.216,29.248,1.0035,0.9965,975807.0,0.2478,0.0005,166.974,0.0854,0.0,1.8793,0.253,0.1171,0.3408,0.8949,1.7586,0.001905,0.003136,0.9096,0.7749,0.3653,-0.1331,2.6763,167.0,0.0,1.5,-1.291,2.392,167.448,0.0325,2,1,1,6.0,0.994,0.118,177.0,172.0,-0.8567,-0.9398,-0.9358,-0.8497,0.8567,0.9398,0.8057,0.9708,0.0,-0.8841,-0.9314,-0.6832,240.0,0.0,30.0,60.0,120.0,390.0,390.0,420.0,10.0,0.0,7.143,-0.0,60.2162,0.0146,0.0399,0.0088,0.9708,0.5993,21.0,3.67,0.0985,33.62
200,2026-05-30T08:58:00+00:00,2026-05-30T09:04:30+00:00,6.5,0.0,164.0,164.0,168.0,164.0,4.0,14,mixto,04:58,2026-05-30,,0.0,0.3399,0.2308,-0.121,0.121,0.0,0.0523,0.1333,-0.1333,0.0356,0.0523,-0.0004,0.0022,0.0044,-0.0044,0.0001,0.0022,0.0,0.0001,0.0003,-0.0001,0.0,0.0001,3,4,0.0769,0.0769,0.000708,0.002222,0.0,0.000892,0.2649,390.531,60.082,390530983.802,27.895,1.0014,0.9986,380528.0,0.0356,0.0001,164.865,0.0523,0.0,0.7496,0.3159,0.3228,0.7453,0.792,1.6317,0.002381,0.005127,0.8816,0.5991,-0.1901,-0.1515,1.9597,164.0,0.0,0.0,1.3926,-0.0606,164.667,0.01,1,0,1,4.0,1.5,0.154,168.0,164.0,-0.121,-0.2285,-0.2509,-0.1307,0.121,0.2285,0.0575,0.3397,0.0,-0.2568,-0.3321,0.0,30.0,0.0,390.0,390.0,390.0,0.0,0.0,120.0,4.0,0.0,8.0,-0.0,390.531,0.0055,0.2406,0.0,0.3397,1.2161,21.0,8.6,0.2306,28.7
201,2026-05-30T09:11:00+00:00,2026-05-30T09:28:30+00:00,17.5,-15.0,164.0,149.0,174.0,149.0,25.0,36,bajada,05:11,2026-05-30,,-0.1143,0.727,0.2857,0.926,-0.926,-0.0143,0.1204,0.3333,-0.3667,0.5144,0.1212,0.0,0.0065,0.0233,-0.0189,0.0014,0.0065,-0.0,0.0004,0.001,-0.0014,0.0,0.0004,10,10,0.0571,0.1714,0.001095,0.006898,0.0,0.00176,1.0996,1057.535,60.431,70.502,29.376,1.0071,0.993,870376.0,0.5144,0.0014,155.49,0.1212,1e-06,1.9865,0.5482,0.1263,0.5469,0.7339,1.2925,0.000926,0.002208,0.938,0.9032,0.7535,0.5731,1.8076,149.0,0.0,13.0,0.8728,-0.5471,154.167,0.0523,2,0,2,10.0,0.951,0.114,174.0,149.0,0.926,0.9041,0.8932,0.9319,-0.926,-0.9041,-0.9373,-0.8721,0.0,0.7547,0.7541,0.8748,60.0,450.0,360.0,420.0,450.0,240.0,240.0,450.0,10.0,15.0,0.071,-0.0,70.5023,0.0294,0.0691,0.0831,0.9373,0.7069,21.0,8.82,0.2364,28.48
202,2026-05-30T10:27:30+00:00,2026-05-30T10:39:00+00:00,11.5,-1.0,149.0,148.0,155.0,148.0,7.0,24,mixto,06:27,2026-05-30,,-0.0435,0.289,0.2174,0.4774,-0.4774,-0.0014,0.056,0.2,-0.1667,0.0722,0.056,-0.0,0.0033,0.0067,-0.0122,0.0002,0.0033,-0.0,0.0002,0.0006,-0.0006,0.0,0.0002,5,6,0.0435,0.087,0.000393,0.003333,0.0,0.000878,0.233,691.075,60.093,691.075,28.795,1.0016,0.9984,530199.0,0.0722,0.0002,148.633,0.056,0.0,1.1761,0.3701,0.1418,0.9415,0.8043,1.5283,0.001389,0.005921,0.6769,0.4059,0.2787,-0.0283,3.0642,148.0,0.0,0.25,3.276,10.8975,148.3,0.0101,1,0,1,6.0,0.55,0.087,155.0,148.0,0.4774,0.4471,0.4218,0.4842,-0.4774,-0.4471,-0.4951,-0.4401,0.0,0.3872,0.3592,0.4514,60.0,180.0,0.0,0.0,180.0,180.0,180.0,180.0,6.0,1.0,1.8,0.0,691.075,0.0063,0.1335,0.0126,0.4951,1.4389,21.0,10.09,0.2706,27.21
203,2026-05-30T11:19:00+00:00,2026-05-30T11:33:30+00:00,14.5,0.0,148.0,148.0,152.0,29.0,123.0,30,mixto,07:19,2026-05-30,,-0.0345,0.0763,0.2414,-0.0016,0.0016,-0.0,1.0421,3.9667,-3.9667,31.4956,1.0421,0.0,0.0612,0.2644,-0.1322,0.1049,0.0612,0.0002,0.0037,0.0132,-0.0132,0.0004,0.0037,7,10,0.069,0.1034,0.005768,0.066111,0.0,0.017171,4.1994,1055.845,72.817,1055845209.27,35.195,1.2136,0.824,640253.0,31.4956,0.1049,146.088,1.0421,4.9e-05,0.2108,0.3946,0.1634,1.3815,0.8241,1.4721,0.001111,0.008816,0.4718,-0.0254,0.0016,-0.0011,3.9014,148.0,0.0,0.0,-5.1717,24.8526,148.083,0.1487,0,1,2,0.0,0.0,0.0,152.0,29.0,-0.0016,0.0218,0.0436,-0.0221,0.0016,-0.0218,0.0172,-0.0215,0.0,0.0164,0.0375,-0.0196,510.0,60.0,870.0,870.0,870.0,0.0,0.0,630.0,4.0,119.0,6.8,0.0,1055.845,2.1721,0.2257,0.0026,0.0436,2.0337,21.0,10.95,0.2936,26.35
204,2026-05-30T11:58:00+00:00,2026-05-30T12:15:30+00:00,17.5,-13.0,148.0,135.0,160.0,135.0,25.0,36,bajada,07:58,2026-05-30,,-0.1143,0.7111,0.3429,0.8964,-0.8964,-0.0124,0.0999,0.4,-0.2333,0.3544,0.1006,-0.0,0.0049,0.0133,-0.0133,0.0008,0.0049,-0.0,0.0003,0.0005,-0.0009,0.0,0.0003,12,13,0.0571,0.1714,0.001166,0.006667,0.0,0.00163,1.1595,1055.201,60.297,81.169,29.311,1.0049,0.9951,716541.0,0.3544,0.0008,141.081,0.1006,0.0,2.0812,0.6023,0.1552,0.4593,0.7427,1.2925,0.000926,0.001834,0.9606,0.9355,0.8018,0.6177,1.6611,135.0,0.0,12.0,1.0537,-0.1996,139.767,0.0559,2,1,1,8.0,0.964,0.114,160.0,138.0,0.8964,0.8684,0.8531,0.8901,-0.8964,-0.8684,-0.9114,-0.8416,0.0,0.7268,0.7189,0.8478,60.0,480.0,240.0,330.0,390.0,240.0,240.0,480.0,12.0,13.0,1.286,-0.0,81.1693,0.0203,0.0713,0.0813,0.9114,0.5936,21.0,11.6,0.311,25.7
205,2026-05-30T16:27:00+00:00,2026-05-30T16:38:00+00:00,11.0,-6.0,134.0,128.0,134.0,128.0,6.0,23,bajada,12:27,2026-05-30,,-0.0909,0.3374,0.0909,0.9073,-0.9073,-0.0091,0.0305,0.0,-0.1333,0.0222,0.0318,0.0,0.0012,0.0044,-0.0022,0.0,0.0012,0.0,0.0001,0.0002,-0.0001,0.0,0.0001,2,2,0.0,0.0909,0.000265,0.001664,0.0,0.000538,0.166,660.332,60.03,110.055,28.71,1.0005,0.9995,381016.0,0.0222,0.0,128.709,0.0318,0.0,0.6784,0.3165,0.1178,0.4175,1.0,1.5734,0.001449,0.004231,0.9137,0.7148,-0.0217,-0.0402,2.6254,128.0,0.0,0.0,2.3328,3.6451,128.211,0.0142,0,0,1,0.0,0.0,0.0,134.0,128.0,0.9073,0.972,0.9673,0.9066,-0.9073,-0.972,-0.8682,-0.99,0.0,0.8865,0.9272,0.7599,0.0,90.0,60.0,60.0,90.0,90.0,90.0,90.0,0.0,6.0,-4.0,-0.0,110.0553,0.002,0.0492,0.0307,0.99,0.6569,21.0,16.08,0.4312,21.22
206,2026-05-30T21:47:00+00:00,2026-05-30T22:01:30+00:00,14.5,-12.0,126.0,114.0,132.0,114.0,18.0,30,bajada,17:47,2026-05-30,,-0.069,0.6372,0.3448,0.949,-0.949,-0.0138,0.0985,0.2,-0.2667,0.2867,0.0994,0.0,0.0058,0.0133,-0.0156,0.0009,0.0058,-0.0,0.0004,0.0008,-0.001,0.0,0.0004,10,10,0.1034,0.1724,0.000664,0.004714,0.0,0.001227,0.548,874.245,60.293,72.854,29.141,1.0048,0.9952,412806.0,0.2867,0.0009,117.304,0.0994,1e-06,1.9546,0.5684,0.1418,0.7649,0.7308,1.4721,0.001111,0.003509,0.8827,0.7898,0.5663,0.4177,2.3207,114.0,0.0,6.25,1.4038,0.8589,116.25,0.0421,0,2,1,0.0,0.0,0.0,132.0,118.0,0.949,0.9747,0.9652,0.9466,-0.949,-0.9747,-0.9329,-0.9689,0.0,0.8639,0.8815,0.8294,60.0,360.0,90.0,120.0,210.0,180.0,180.0,360.0,6.0,12.0,-2.743,-0.0,72.8538,0.0198,0.1085,0.044,0.9747,1.126,21.0,21.42,0.5742,15.88
207,2026-05-30T22:10:30+00:00,2026-05-30T22:22:00+00:00,11.5,0.0,114.0,114.0,114.0,0.0,114.0,24,mixto,18:10,2026-05-30,,0.0,0.0819,0.1304,0.0304,-0.0304,0.0,1.1206,3.8,-3.8,28.88,1.1206,0.0,0.0661,0.2533,-0.1267,0.0963,0.0661,0.0002,0.004,0.0127,-0.0127,0.0003,0.004,3,3,0.0435,0.0435,0.006597,0.063333,0.0,0.018235,3.8,865.763,75.284,865762592.453,36.073,1.2547,0.797,298908.0,28.88,0.0963,111.6,1.1206,9.7e-05,0.2499,0.2052,0.2166,1.5407,0.8209,1.7194,0.001389,0.009028,0.4167,-0.0473,-0.0062,-0.0114,3.585,114.0,0.0,0.0,-4.5873,19.0435,114.0,0.2085,0,1,1,0.0,0.0,0.0,114.0,0.0,0.0304,0.0644,0.0851,0.0,-0.0304,-0.0644,-0.011,-0.0658,0.0,0.0629,0.0907,0.0,0.0,60.0,690.0,690.0,690.0,0.0,0.0,90.0,0.0,114.0,-22.8,0.0,865.763,2.5113,0.3337,0.0,0.0907,2.6491,21.0,21.81,0.5847,15.49
208,2026-05-31T01:58:30+00:00,2026-05-31T02:11:00+00:00,12.5,-11.0,113.0,102.0,113.0,102.0,11.0,26,bajada,21:58,2026-05-30,,-0.12,0.5194,0.24,0.9333,-0.9333,-0.0147,0.0526,0.1,-0.2,0.0744,0.0546,0.0,0.003,0.0067,-0.01,0.0002,0.003,0.0,0.0002,0.0006,-0.0006,0.0,0.0002,6,7,0.04,0.16,0.000351,0.001667,0.0,0.000567,0.249,751.11,60.089,68.283,28.889,1.0014,0.9986,280495.0,0.0744,0.0002,103.867,0.0546,0.0,1.3654,0.5448,0.1252,0.4323,0.8821,1.4463,0.001282,0.003695,0.8771,0.787,0.4566,0.0795,2.4713,102.0,0.0,1.5,1.7519,1.5054,103.136,0.0337,0,1,1,0.0,0.0,0.0,113.0,107.0,0.9333,0.9864,0.9796,0.9179,-0.9333,-0.9864,-0.9009,-0.9967,0.0,0.8959,0.9275,0.7943,0.0,210.0,60.0,90.0,150.0,150.0,150.0,210.0,0.0,11.0,-2.4,-0.0,68.2827,0.006,0.0541,0.0623,0.9967,0.6252,21.0,25.61,0.6866,11.69
209,2026-05-31T07:48:30+00:00,2026-05-31T08:02:30+00:00,14.0,-26.0,104.0,78.0,110.0,76.0,34.0,29,bajada,03:48,2026-05-31,,-0.0714,0.5072,0.2857,0.9323,-0.9323,-0.031,0.138,0.3333,-0.4667,0.56,0.1414,0.0002,0.0072,0.0156,-0.0267,0.0014,0.0072,-0.0,0.0004,0.0014,-0.0014,0.0,0.0004,8,8,0.1071,0.1786,0.001303,0.007575,0.0,0.002003,1.0197,848.143,60.582,32.621,29.246,1.0092,0.9909,202110.0,0.56,0.0014,83.482,0.1414,3e-06,1.6084,0.515,0.2201,0.4546,0.8293,1.8427,0.001149,0.002785,0.942,0.8574,0.5676,0.2662,2.061,78.0,2.0,5.0,1.4262,0.5587,81.52,0.1191,0,1,2,0.0,0.0,0.0,110.0,96.0,0.9323,0.9789,0.9687,0.9218,-0.9323,-0.9789,-0.9044,-0.9873,0.0,0.8959,0.9179,0.797,60.0,240.0,90.0,180.0,210.0,180.0,180.0,450.0,6.0,28.0,-4.0,-0.0,32.6209,0.04,0.1001,0.0362,0.9873,0.8377,21.0,31.44,0.8429,5.86
210,2026-05-31T08:20:30+00:00,2026-05-31T08:26:30+00:00,6.0,0.0,78.0,78.0,82.0,78.0,4.0,13,mixto,04:20,2026-05-31,,0.0,0.263,0.25,-0.0832,0.0832,0.0,0.0544,0.1333,-0.1333,0.0356,0.0544,-0.0004,0.0023,0.0044,-0.0044,0.0001,0.0023,0.0,0.0001,0.0003,-0.0001,0.0,0.0001,3,2,0.0833,0.0833,0.000761,0.003311,0.0,0.00109,0.2645,360.531,60.088,360530983.802,27.733,1.0015,0.9985,80372.0,0.0356,0.0001,78.629,0.0544,0.0,0.6194,0.335,0.2877,1.0926,0.7873,1.7079,0.002564,0.005779,0.8316,0.428,-0.0545,-0.1136,2.1195,78.0,0.0,0.0,1.9188,1.6818,78.364,0.0184,1,0,1,4.0,1.0,0.167,82.0,78.0,-0.0832,-0.1661,-0.1933,-0.0822,0.0832,0.1661,0.0352,0.2176,0.0,-0.1756,-0.2407,0.0,30.0,0.0,360.0,360.0,360.0,0.0,0.0,90.0,4.0,0.0,8.0,-0.0,360.531,0.0059,0.3143,0.0,0.2407,1.8661,21.0,31.98,0.8572,5.33
211,2026-05-31T08:34:00+00:00,2026-05-31T08:46:30+00:00,12.5,-1.0,78.0,77.0,90.0,77.0,13.0,26,mixto,04:34,2026-05-31,,0.0,0.2395,0.16,0.1308,-0.1308,-0.0013,0.1179,0.4,-0.4333,0.3478,0.1179,0.0,0.0057,0.0144,-0.0144,0.0008,0.0057,-0.0,0.0003,0.001,-0.0009,0.0,0.0003,4,5,0.04,0.04,0.001163,0.006944,0.0,0.002085,0.8075,755.007,60.401,755.007,29.039,1.0067,0.9934,160977.0,0.3478,0.0008,78.686,0.1179,2e-06,0.5159,0.1923,0.1171,0.624,0.8161,1.4463,0.001282,0.004304,0.9068,0.6704,-0.0571,-0.0346,2.7918,77.0,0.0,0.0,2.3893,3.7436,77.682,0.0526,1,0,1,12.0,1.481,0.08,90.0,77.0,0.1308,0.0731,0.0462,0.1506,-0.1308,-0.0731,-0.1649,-0.0529,0.0,0.0495,0.0023,0.1701,60.0,150.0,0.0,0.0,150.0,150.0,150.0,150.0,12.0,1.0,7.2,-0.0,755.007,0.0278,0.0731,0.0,0.1701,0.9025,21.0,32.2,0.8633,5.1
212,2026-05-31T12:29:00+00:00,2026-05-31T12:35:30+00:00,6.5,1.0,70.0,71.0,75.0,70.0,5.0,14,mixto,08:29,2026-05-31,,0.0,0.0559,0.3077,-0.4962,0.4962,0.0026,0.0591,0.1667,-0.1333,0.0456,0.0592,0.0,0.0029,0.0056,-0.0056,0.0001,0.0029,-0.0,0.0001,0.0003,-0.0004,0.0,0.0002,4,3,0.0769,0.0769,0.000809,0.002778,0.0,0.001042,0.2981,390.679,60.105,390.679,27.906,1.0017,0.9983,71460.0,0.0456,0.0001,71.444,0.0592,1e-06,1.1488,0.3159,0.2877,1.0049,0.8178,2.1756,0.004762,0.006285,0.7538,0.3364,-0.2537,-0.0455,2.2545,71.0,0.0,0.0,1.7942,1.7347,71.25,0.021,1,0,1,4.0,0.95,0.154,75.0,70.0,-0.4962,-0.5993,-0.6014,-0.5262,0.4962,0.5993,0.435,0.6963,0.0,-0.5837,-0.6499,-0.3441,60.0,0.0,0.0,0.0,120.0,120.0,120.0,120.0,4.0,0.0,-0.0,-0.0,390.679,0.007,0.2891,0.0,0.6963,2.1863,21.0,36.12,0.9683,1.18
213,2026-05-31T14:33:30+00:00,2026-05-31T15:03:30+00:00,30.0,72.0,68.0,140.0,151.0,68.0,83.0,61,subida,10:33,2026-05-31,,0.0,0.5366,0.2833,-0.9345,0.9345,0.04,0.2636,1.5,-0.3333,4.2667,0.2667,0.0,0.0102,0.05,-0.0444,0.0061,0.0102,-0.0,0.0005,0.0017,-0.002,0.0,0.0005,17,20,0.1,0.1,0.001656,0.01622,0.0,0.003324,2.9305,1849.404,61.647,25.686,30.318,1.0266,0.9741,957490.0,4.2667,0.0061,125.286,0.2667,4e-06,2.1325,0.4223,0.2225,0.2232,0.8767,1.7501,0.000546,0.001481,0.9793,0.9489,0.8037,0.6631,2.1884,138.0,6.0,25.0,-1.091,-0.6599,125.122,0.242,3,2,4,12.667,1.04,0.1,151.0,70.0,-0.9345,-0.9642,-0.9551,-0.9201,0.9345,0.9642,0.9125,0.9697,0.0,-0.8624,-0.8843,-0.8095,480.0,0.0,60.0,450.0,450.0,780.0,780.0,1230.0,11.0,0.0,-0.559,-0.0,25.6862,0.1422,0.0497,0.0,0.9697,0.3906,,,,
214,2026-05-31T16:53:30+00:00,2026-05-31T16:59:30+00:00,6.0,1.0,137.0,138.0,141.0,137.0,4.0,13,mixto,12:53,2026-05-31,,0.0,0.2571,0.25,-0.4992,0.4992,0.0028,0.048,0.1333,-0.1,0.0278,0.0481,-0.0004,0.0019,0.0033,-0.0044,0.0,0.002,0.0,0.0001,0.0002,-0.0001,0.0,0.0001,3,4,0.0833,0.0833,0.000678,0.002207,0.0,0.000764,0.2318,360.415,60.069,360.415,27.724,1.0011,0.9989,250645.0,0.0278,0.0,138.854,0.0481,0.0,1.2389,0.335,0.4925,0.5173,0.8209,1.9925,0.002564,0.004973,0.8371,0.5137,-0.0575,-0.2101,1.7485,138.0,0.0,3.0,0.7133,-1.2743,138.818,0.0105,1,0,1,3.0,1.938,0.167,141.0,137.0,-0.4992,-0.6296,-0.6363,-0.4795,0.4992,0.6296,0.4242,0.7255,0.0,-0.6437,-0.7195,-0.297,30.0,0.0,0.0,0.0,150.0,150.0,150.0,150.0,3.0,0.0,8.0,-0.0,360.415,0.0046,0.2548,0.0,0.7255,1.0307,,,,
215,2026-05-31T21:40:00+00:00,2026-05-31T21:58:30+00:00,18.5,-8.0,144.0,136.0,155.0,136.0,19.0,38,bajada,17:40,2026-05-31,,0.027,0.5068,0.2703,0.6442,-0.6442,-0.0072,0.116,0.3667,-0.4667,0.5,0.1162,0.0,0.0055,0.0156,-0.0156,0.0011,0.0055,0.0,0.0003,0.001,-0.0008,0.0,0.0003,10,11,0.1081,0.0811,0.001175,0.005598,0.0,0.001768,1.3394,1117.23,60.391,139.654,29.401,1.0065,0.9936,762252.0,0.5,0.0011,141.631,0.1162,1e-06,1.8732,0.3159,0.1728,0.392,0.7177,1.381,0.000877,0.002105,0.9521,0.8792,0.6966,0.5627,1.7942,136.0,0.0,9.0,0.7016,-1.0169,140.781,0.0471,2,1,1,9.5,2.03,0.108,155.0,145.0,0.6442,0.5361,0.5432,0.6248,-0.6442,-0.5361,-0.7041,-0.4386,0.0,0.3034,0.2929,0.752,180.0,510.0,0.0,0.0,510.0,510.0,510.0,510.0,11.0,8.0,2.357,0.0,139.6538,0.027,0.0677,0.0137,0.752,0.5414,,,,
216,2026-05-31T23:06:00+00:00,2026-05-31T23:27:00+00:00,21.0,-7.0,141.0,134.0,154.0,134.0,20.0,43,bajada,19:06,2026-05-31,,-0.0238,0.4147,0.4048,0.4551,-0.4551,-0.0056,0.1138,0.4333,-0.4,0.5456,0.114,0.0,0.0062,0.0144,-0.0189,0.0016,0.0062,-0.0,0.0004,0.001,-0.0011,0.0,0.0004,17,18,0.119,0.1429,0.000972,0.004567,0.0,0.00131,1.2126,1267.952,60.379,181.136,29.487,1.0063,0.9937,844606.0,0.5456,0.0016,140.15,0.114,1e-06,2.3439,0.5026,0.2231,0.5014,0.7044,1.7667,0.000775,0.001943,0.931,0.8741,0.7946,0.5808,1.7152,141.0,7.0,12.0,0.67,-0.865,139.257,0.0463,3,4,2,10.333,2.917,0.143,154.0,141.0,0.4551,0.3115,0.3325,0.4518,-0.4551,-0.3115,-0.5244,-0.1996,0.0,-0.0237,0.017,0.636,330.0,750.0,0.0,660.0,660.0,750.0,750.0,750.0,13.0,7.0,-0.357,-0.0,181.136,0.026,0.1119,0.0099,0.636,0.8858,,,,
217,2026-06-01T08:26:00+00:00,2026-06-01T08:39:30+00:00,13.5,-3.0,129.0,126.0,140.0,126.0,14.0,28,mixto,04:26,2026-06-01,,-0.0741,0.3925,0.1481,0.428,-0.428,-0.0037,0.0913,0.3667,-0.2667,0.2256,0.0914,0.0,0.004,0.0122,-0.0122,0.0004,0.004,-0.0,0.0002,0.0005,-0.0008,0.0,0.0002,4,7,0.037,0.1111,0.000907,0.006111,0.0,0.001558,0.6701,813.301,60.244,271.1,29.046,1.0041,0.9959,462203.0,0.2256,0.0004,128.481,0.0914,0.0,1.2719,0.3289,0.1171,0.3113,0.8023,1.3735,0.00119,0.00272,0.9505,0.8651,0.3913,-0.033,2.0705,126.0,0.0,0.75,1.7433,1.3376,127.625,0.037,1,0,1,11.0,2.167,0.074,140.0,126.0,0.428,0.3698,0.3424,0.4242,-0.428,-0.3698,-0.4628,-0.348,0.0,0.3064,0.2591,0.4412,60.0,210.0,0.0,0.0,210.0,210.0,210.0,210.0,11.0,3.0,6.6,-0.0,271.1003,0.0167,0.0365,0.0291,0.4628,0.4276,,,,
218,2026-06-01T09:13:00+00:00,2026-06-01T09:35:00+00:00,22.0,2.0,124.0,126.0,141.0,9.0,132.0,45,mixto,05:13,2026-06-01,,0.0,0.0752,0.1591,-0.1352,0.1352,0.0015,0.8222,3.8,-3.8333,29.7444,0.8222,0.0,0.0479,0.2544,-0.1278,0.0985,0.0479,0.0001,0.0029,0.0127,-0.0127,0.0003,0.0029,7,9,0.0455,0.0455,0.004309,0.063889,0.0,0.013698,4.8594,1505.257,68.421,752.628,33.45,1.1403,0.8769,705698.0,29.7444,0.0985,125.229,0.8222,4.2e-05,0.6532,0.2087,0.186,1.0179,0.8222,1.7086,0.000741,0.007678,0.5566,0.0957,0.0608,0.0216,4.3373,126.0,2.0,3.0,-5.5768,33.0564,125.243,0.1462,1,1,3,15.0,2.458,0.045,141.0,9.0,-0.1352,-0.1341,-0.1099,-0.1483,0.1352,0.1341,0.1411,0.1377,0.0,-0.1731,-0.1357,-0.1158,570.0,60.0,0.0,0.0,720.0,720.0,720.0,720.0,15.0,115.0,7.367,0.0,752.6285,1.352,0.1893,0.0,0.1731,1.7392,,,,
219,2026-06-01T09:50:00+00:00,2026-06-01T10:07:30+00:00,17.5,-6.0,126.0,120.0,134.0,120.0,14.0,36,bajada,05:50,2026-06-01,,-0.0286,0.6556,0.3429,0.6302,-0.6302,-0.0057,0.063,0.1667,-0.2,0.14,0.0632,-0.0,0.0027,0.0067,-0.0044,0.0003,0.0027,-0.0,0.0001,0.0003,-0.0003,0.0,0.0001,12,10,0.1143,0.1429,0.000698,0.003044,0.0,0.000965,0.7121,1052.088,60.119,175.348,29.225,1.002,0.998,558618.0,0.14,0.0003,124.568,0.0632,0.0,1.614,0.502,0.1233,0.4431,0.7211,1.2925,0.000926,0.001495,0.973,0.9597,0.8405,0.6366,1.1842,120.0,0.0,10.0,0.5975,-1.4186,123.967,0.0446,3,1,1,4.333,1.672,0.171,134.0,130.0,0.6302,0.5233,0.5136,0.6455,-0.6302,-0.5233,-0.6931,-0.4495,0.0,0.3463,0.3039,0.7191,90.0,450.0,0.0,0.0,450.0,450.0,450.0,450.0,8.0,6.0,2.429,0.0,175.348,0.008,0.0546,0.0188,0.7191,0.5727,,,,
220,2026-06-01T14:22:00+00:00,2026-06-01T14:33:30+00:00,11.5,0.0,128.0,128.0,134.0,128.0,6.0,24,mixto,10:22,2026-06-01,,-0.0435,0.3314,0.2174,-0.147,0.147,0.0,0.0511,0.2,-0.1,0.06,0.0511,-0.0,0.0028,0.0067,-0.01,0.0002,0.0028,-0.0,0.0002,0.0004,-0.0006,0.0,0.0002,5,6,0.0435,0.087,0.000485,0.003333,0.0,0.000829,0.2991,690.893,60.078,690893370.808,28.787,1.0013,0.9987,398673.0,0.06,0.0002,128.885,0.0511,0.0,0.9738,0.3701,0.3151,0.6067,0.8209,1.5283,0.001389,0.00445,0.78,0.5808,0.3755,0.127,2.5217,128.0,0.0,0.75,1.6857,1.9102,128.6,0.0125,1,0,2,6.0,0.75,0.087,134.0,128.0,-0.147,-0.2628,-0.2787,-0.1451,0.147,0.2628,0.077,0.318,0.0,-0.3039,-0.3771,0.0,60.0,0.0,690.0,690.0,690.0,0.0,0.0,240.0,6.0,0.0,3.0,-0.0,690.893,0.0052,0.1912,0.0144,0.3771,0.9272,,,,
221,2026-06-01T14:44:00+00:00,2026-06-01T15:02:30+00:00,18.5,-8.0,130.0,122.0,139.0,118.0,21.0,38,bajada,10:44,2026-06-01,,0.0,0.6151,0.5135,0.8255,-0.8255,-0.0072,0.106,0.3,-0.2667,0.4178,0.1063,0.0,0.0056,0.0122,-0.0167,0.0011,0.0056,-0.0,0.0003,0.0008,-0.0009,0.0,0.0003,19,17,0.1892,0.1892,0.001196,0.005276,0.0,0.001435,1.2885,1116.19,60.335,139.524,29.373,1.0056,0.9945,596072.0,0.4178,0.0011,125.244,0.1063,1e-06,2.5574,0.5987,0.3054,0.622,0.6809,1.9334,0.000877,0.001752,0.9505,0.9115,0.8478,0.6953,1.2234,122.0,4.0,13.5,0.4982,-1.2591,124.531,0.0554,3,3,3,6.0,0.708,0.162,139.0,118.0,0.8255,0.7826,0.7687,0.8077,-0.8255,-0.7826,-0.8614,-0.7277,0.0,0.6578,0.6373,0.8209,60.0,510.0,300.0,480.0,480.0,720.0,720.0,1020.0,9.0,12.0,2.071,0.857,139.5238,0.0226,0.19,0.0,0.8614,1.2026,,,,
222,2026-06-01T15:45:00+00:00,2026-06-01T15:56:00+00:00,11.0,2.0,122.0,124.0,128.0,122.0,6.0,23,mixto,11:45,2026-06-01,,0.0,0.017,0.1818,-0.6992,0.6992,0.003,0.0512,0.2,-0.1333,0.0578,0.0512,0.0,0.0025,0.0067,-0.0067,0.0001,0.0025,-0.0,0.0001,0.0003,-0.0004,0.0,0.0001,4,3,0.0455,0.0455,0.000552,0.003333,0.0,0.001029,0.3306,660.86,60.078,330.43,28.733,1.0013,0.9987,354680.0,0.0578,0.0001,124.181,0.0512,0.0,0.8405,0.2124,0.1252,0.9469,0.8599,1.7701,0.005797,0.006567,0.6892,0.2906,-0.2571,-0.0049,2.9605,124.0,0.0,0.0,1.7784,4.0464,124.0,0.0105,1,0,1,4.0,0.917,0.091,128.0,122.0,-0.6992,-0.7783,-0.7879,-0.6975,0.6992,0.7783,0.652,0.8021,0.0,-0.716,-0.7711,-0.5602,60.0,0.0,0.0,0.0,120.0,120.0,120.0,120.0,4.0,0.0,4.8,-0.0,330.43,0.0053,0.1186,0.0,0.8021,1.6761,,,,
223,2026-06-01T16:13:00+00:00,2026-06-01T16:25:30+00:00,12.5,-5.0,127.0,122.0,133.0,122.0,11.0,26,bajada,12:13,2026-06-01,,-0.08,0.5363,0.24,0.8397,-0.8397,-0.0067,0.0596,0.2,-0.1667,0.09,0.06,0.0,0.0025,0.0067,-0.0067,0.0002,0.0025,-0.0,0.0001,0.0002,-0.0004,0.0,0.0001,6,6,0.04,0.12,0.0007,0.004124,0.0,0.001174,0.4958,751.34,60.107,150.268,28.898,1.0018,0.9982,403964.0,0.09,0.0002,124.648,0.06,0.0,1.6961,0.4083,0.1803,0.5273,0.7578,1.8079,0.002564,0.003423,0.9395,0.8086,0.2451,0.0197,2.4161,124.0,0.0,0.0,1.8979,3.101,124.091,0.0228,1,0,2,6.0,1.05,0.08,133.0,122.0,0.8397,0.8162,0.8046,0.8515,-0.8397,-0.8162,-0.8349,-0.7969,0.0,0.6362,0.6507,0.7919,60.0,600.0,0.0,150.0,150.0,600.0,600.0,600.0,6.0,5.0,1.6,-0.0,150.268,0.0072,0.0951,0.0429,0.8515,0.9533,,,,
224,2026-06-01T16:33:00+00:00,2026-06-01T16:44:30+00:00,11.5,0.0,122.0,122.0,122.0,113.0,9.0,24,mixto,12:33,2026-06-01,,0.0,0.0819,0.1304,0.0304,-0.0304,0.0,0.0885,0.3,-0.3,0.18,0.0885,0.0,0.0052,0.02,-0.01,0.0006,0.0052,0.0,0.0003,0.001,-0.001,0.0,0.0003,3,3,0.0435,0.0435,0.000521,0.005,0.0,0.00144,0.3,692.642,60.23,692641839.053,28.86,1.0038,0.9962,355101.0,0.18,0.0006,121.638,0.0885,1e-06,0.2499,0.2052,0.2166,1.5407,0.8209,1.7194,0.001389,0.009028,0.4167,-0.0473,-0.0062,-0.0114,3.585,122.0,0.0,0.0,-4.5873,19.0435,122.0,0.0148,0,1,1,0.0,0.0,0.0,122.0,113.0,0.0304,0.0644,0.0851,0.0,-0.0304,-0.0644,-0.011,-0.0658,0.0,0.0629,0.0907,0.0,0.0,60.0,690.0,690.0,690.0,0.0,0.0,90.0,0.0,9.0,-1.8,0.0,692.642,0.0157,0.3337,0.0,0.0907,2.6491,,,,
225,2026-06-01T17:02:30+00:00,2026-06-01T17:20:30+00:00,18.0,-13.0,122.0,109.0,133.0,109.0,24.0,37,bajada,13:02,2026-06-01,,-0.0833,0.726,0.3056,0.8481,-0.8481,-0.012,0.0913,0.2333,-0.3,0.3056,0.0921,0.0,0.0042,0.0111,-0.0089,0.0006,0.0042,-0.0,0.0002,0.0005,-0.0007,0.0,0.0002,11,11,0.1111,0.1944,0.001091,0.004691,0.0,0.001363,1.1526,1084.53,60.252,83.425,29.312,1.0041,0.9959,500622.0,0.3056,0.0006,116.32,0.0921,1e-06,2.1219,0.5684,0.1229,0.4343,0.7254,1.408,0.000901,0.001528,0.9817,0.9605,0.85,0.6971,1.2855,109.0,0.0,13.0,0.6603,-1.1606,115.129,0.0743,3,1,1,6.333,1.438,0.167,133.0,118.0,0.8481,0.7866,0.776,0.8364,-0.8481,-0.7866,-0.8829,-0.733,0.0,0.615,0.5968,0.8573,150.0,480.0,360.0,360.0,480.0,150.0,150.0,480.0,11.0,13.0,3.929,-0.0,83.4254,0.017,0.0534,0.0605,0.8829,0.6115,,,,
226,2026-06-01T17:44:30+00:00,2026-06-01T17:55:30+00:00,11.0,13.0,108.0,121.0,121.0,108.0,13.0,23,subida,13:44,2026-06-01,,0.0455,0.2009,0.2273,-0.8863,0.8863,0.0197,0.0988,0.4333,-0.1333,0.2233,0.1008,0.0,0.0051,0.0144,-0.0144,0.0005,0.0051,-0.0,0.0003,0.0005,-0.001,0.0,0.0003,5,6,0.0909,0.0455,0.000957,0.007222,0.0,0.001797,0.5523,663.227,60.293,51.017,28.836,1.0047,0.9953,329837.0,0.2233,0.0005,119.753,0.1008,1e-06,0.6784,0.2124,0.2587,0.7617,0.8673,1.9668,0.004348,0.005688,0.7314,0.4819,-0.0377,-0.0557,3.0214,121.0,0.0,0.0,-2.7252,5.7072,120.789,0.0309,1,1,2,4.0,6.827,0.091,121.0,117.0,-0.8863,-0.9561,-0.9545,-0.8804,0.8863,0.9561,0.843,0.9767,0.0,-0.8747,-0.9173,-0.7357,60.0,0.0,0.0,480.0,480.0,60.0,60.0,510.0,0.0,0.0,10.4,0.0,51.0175,0.0203,0.1971,0.0091,0.9767,1.4981,,,,
227,2026-06-01T21:16:00+00:00,2026-06-01T21:27:30+00:00,11.5,1.0,121.0,122.0,122.0,116.0,6.0,24,mixto,17:16,2026-06-01,,0.0,0.1536,0.1304,-0.5897,0.5897,0.0014,0.0543,0.2,-0.1667,0.0678,0.0543,0.0,0.0032,0.0122,-0.0067,0.0002,0.0032,0.0,0.0002,0.0006,-0.0006,0.0,0.0002,3,3,0.0435,0.0435,0.000335,0.003054,0.0,0.000848,0.1998,691.008,60.088,691.008,28.792,1.0015,0.9985,355302.0,0.0678,0.0002,121.673,0.0543,0.0,0.6584,0.2052,0.1112,1.2716,0.8012,1.7194,0.001389,0.007985,0.5343,0.1345,-0.0108,-0.0199,3.5149,122.0,0.0,0.0,-4.24,16.8348,121.95,0.01,0,0,1,0.0,0.0,0.0,122.0,116.0,-0.5897,-0.6072,-0.588,-0.616,0.5897,0.6072,0.5781,0.616,0.0,-0.5515,-0.5571,-0.5024,90.0,60.0,0.0,0.0,90.0,90.0,90.0,90.0,0.0,5.0,-0.4,0.0,691.008,0.0059,0.1414,0.0,0.616,2.1864,,,,
228,2026-06-01T21:29:30+00:00,2026-06-01T21:40:30+00:00,11.0,-1.0,122.0,121.0,122.0,116.0,6.0,23,mixto,17:29,2026-06-01,,0.0,0.0214,0.1364,0.5683,-0.5683,-0.0015,0.0555,0.1667,-0.2,0.0678,0.0555,0.0,0.0033,0.0122,-0.0067,0.0002,0.0033,0.0,0.0002,0.0006,-0.0006,0.0,0.0002,3,3,0.0455,0.0455,0.000362,0.003333,0.0,0.000921,0.1998,661.008,60.092,661.008,28.739,1.0015,0.9985,336044.0,0.0678,0.0002,120.874,0.0555,0.0,0.6784,0.2124,0.1178,1.3905,0.838,1.5734,0.008696,0.009463,0.3666,-0.1783,-0.0022,-0.0041,3.3858,121.0,0.0,0.0,-3.9321,15.3722,121.0,0.0089,0,0,1,0.0,0.0,0.0,122.0,116.0,0.5683,0.6343,0.647,0.5433,-0.5683,-0.6343,-0.5293,-0.6519,0.0,0.582,0.6287,0.4554,0.0,60.0,0.0,0.0,90.0,90.0,90.0,90.0,0.0,6.0,-1.8,0.0,661.008,0.0062,0.1638,0.0,0.6519,2.1878,,,,
229,2026-06-01T23:16:00+00:00,2026-06-01T23:34:00+00:00,18.0,-29.0,124.0,95.0,124.0,95.0,29.0,37,bajada,19:16,2026-06-01,,-0.0833,0.7859,0.3611,0.9717,-0.9717,-0.0269,0.103,0.1667,-0.3333,0.4078,0.1064,0.0001,0.006,0.0144,-0.0167,0.0012,0.006,0.0,0.0004,0.001,-0.001,0.0,0.0004,13,15,0.1111,0.1944,0.000734,0.003056,0.0,0.000991,0.8067,1086.01,60.334,37.449,29.352,1.0052,0.9948,400742.0,0.4078,0.0012,104.071,0.1064,1e-06,2.0784,0.5777,0.1486,0.4669,0.8424,1.408,0.000901,0.001973,0.947,0.9247,0.8447,0.7048,1.6363,95.0,0.0,18.0,0.7238,-1.1564,102.484,0.104,1,1,1,6.0,1.5,0.056,123.0,117.0,0.9717,0.9844,0.9792,0.9602,-0.9717,-0.9844,-0.9625,-0.967,0.0,0.8533,0.8706,0.8769,0.0,480.0,60.0,300.0,360.0,450.0,450.0,480.0,0.0,29.0,-0.5,0.0,37.4486,0.0227,0.0694,0.0655,0.9844,0.6574,,,,
230,2026-06-02T00:31:00+00:00,2026-06-02T00:42:00+00:00,11.0,-6.0,97.0,91.0,97.0,91.0,6.0,23,bajada,20:31,2026-06-01,,-0.0909,0.5773,0.1818,0.9391,-0.9391,-0.0091,0.0305,0.0,-0.1333,0.0222,0.0318,0.0,0.0015,0.0044,-0.0044,0.0,0.0015,0.0,0.0001,0.0003,-0.0001,0.0,0.0001,4,5,0.0,0.0909,0.000337,0.002222,0.0,0.00056,0.1995,660.332,60.03,110.055,28.71,1.0005,0.9995,198607.0,0.0222,0.0,92.925,0.0318,0.0,1.1492,0.3454,0.1603,0.3546,1.0,1.9668,0.002899,0.005433,0.7642,0.6383,0.1693,-0.0009,2.9148,93.0,0.0,0.0,1.3051,2.3516,92.684,0.0162,0,0,2,0.0,0.0,0.0,97.0,91.0,0.9391,0.9719,0.9769,0.9313,-0.9391,-0.9719,-0.9036,-0.9717,0.0,0.8022,0.8527,0.8296,0.0,540.0,0.0,60.0,60.0,540.0,540.0,540.0,0.0,6.0,-3.2,-0.0,110.0553,0.002,0.0568,0.0525,0.9769,0.6974,,,,
231,2026-06-02T01:05:30+00:00,2026-06-02T01:11:30+00:00,6.0,3.0,93.0,96.0,98.0,93.0,5.0,13,mixto,21:05,2026-06-01,,0.0,0.0276,0.3333,-0.7957,0.7957,0.0083,0.0511,0.1667,-0.0667,0.0322,0.0518,0.0,0.0026,0.0056,-0.0056,0.0001,0.0026,-0.0,0.0001,0.0002,-0.0004,0.0,0.0001,4,5,0.0833,0.0833,0.000703,0.002778,0.0,0.000796,0.2324,360.48,60.08,120.16,27.729,1.0013,0.9987,120226.0,0.0322,0.0001,96.167,0.0518,0.0,1.4196,0.335,0.619,0.475,0.884,1.9925,0.005128,0.005636,0.8242,0.4568,-0.347,-0.3099,2.019,96.0,0.0,2.0,-0.6932,-0.2018,96.273,0.0167,1,0,1,2.0,1.85,0.167,98.0,93.0,-0.7957,-0.893,-0.8825,-0.8013,0.7957,0.893,0.7417,0.9483,0.0,-0.8621,-0.9056,-0.6032,60.0,0.0,0.0,0.0,180.0,180.0,180.0,180.0,2.0,0.0,-0.0,-0.0,120.16,0.0054,0.294,0.0,0.9483,0.9464,,,,
232,2026-06-02T06:07:00+00:00,2026-06-02T06:18:30+00:00,11.5,0.0,94.0,94.0,102.0,92.0,10.0,24,mixto,02:07,2026-06-02,,0.0435,0.0043,0.2174,0.034,-0.034,0.0,0.0901,0.2667,-0.3333,0.1867,0.0901,-0.0,0.0053,0.0111,-0.02,0.0006,0.0053,-0.0,0.0003,0.001,-0.001,0.0,0.0003,5,6,0.087,0.0435,0.000646,0.004992,0.0,0.001357,0.3986,692.738,60.238,692737718.751,28.864,1.004,0.996,212144.0,0.1867,0.0006,94.018,0.0901,1e-06,0.8887,0.2052,0.2904,1.011,0.7762,1.9104,0.005556,0.009046,0.4502,-0.0522,-0.1714,0.0,3.504,94.0,0.0,0.0,3.2863,12.6,93.8,0.0194,0,1,1,0.0,0.0,0.0,102.0,92.0,0.034,0.0523,0.0372,0.0778,-0.034,-0.0523,-0.0214,-0.0736,0.0,0.0703,0.0772,0.0,60.0,90.0,690.0,690.0,690.0,0.0,0.0,210.0,8.0,2.0,0.4,-0.0,692.738,0.0162,0.2936,0.0002,0.0778,1.9314,,,,
233,2026-06-02T06:49:30+00:00,2026-06-02T07:05:00+00:00,15.5,-8.0,92.0,84.0,102.0,84.0,18.0,32,bajada,02:49,2026-06-02,,0.0,0.6345,0.2581,0.8066,-0.8066,-0.0086,0.0847,0.1333,-0.3333,0.2244,0.0851,-0.0001,0.0043,0.0111,-0.0144,0.0006,0.0043,0.0,0.0003,0.0009,-0.0007,0.0,0.0003,8,10,0.1613,0.1613,0.000703,0.003054,0.0,0.001001,0.6583,933.314,60.214,116.664,29.166,1.0035,0.9965,249684.0,0.2244,0.0006,88.332,0.0851,1e-06,1.844,0.6057,0.1112,0.465,0.7219,1.4062,0.001042,0.001942,0.9606,0.9292,0.7683,0.5123,1.5247,84.0,0.0,9.0,1.0001,-0.6102,87.192,0.0687,2,1,1,6.0,1.458,0.129,102.0,91.0,0.8066,0.7647,0.7455,0.7975,-0.8066,-0.7647,-0.8317,-0.7208,0.0,0.6413,0.6147,0.7902,150.0,330.0,270.0,270.0,330.0,60.0,60.0,330.0,10.0,8.0,3.314,0.0,116.6642,0.0145,0.0517,0.0,0.8317,0.6539,,,,
234,2026-06-02T11:44:00+00:00,2026-06-02T11:50:30+00:00,6.5,0.0,78.0,78.0,83.0,78.0,5.0,14,mixto,07:44,2026-06-02,,0.0,0.0959,0.2308,-0.0699,0.0699,0.0,0.0654,0.1667,-0.1667,0.0556,0.0654,0.0,0.0039,0.0056,-0.0111,0.0002,0.0039,-0.0,0.0002,0.0006,-0.0006,0.0,0.0002,3,3,0.0769,0.0769,0.000496,0.002778,0.0,0.000997,0.1667,390.828,60.127,390827625.303,27.916,1.0021,0.9979,85981.0,0.0556,0.0002,78.368,0.0654,1e-06,0.3712,0.3159,0.4745,1.4977,0.792,1.6317,0.004762,0.009524,0.4286,-0.0888,-0.021,-0.0427,2.8074,78.0,0.0,0.0,3.3282,9.0769,78.0,0.0164,1,0,1,5.0,0.5,0.154,83.0,78.0,-0.0699,-0.1361,-0.1482,-0.1132,0.0699,0.1361,0.0306,0.1961,0.0,-0.1482,-0.1978,0.0,60.0,0.0,390.0,390.0,390.0,0.0,0.0,90.0,5.0,0.0,-0.0,-0.0,390.828,0.0086,0.7107,0.0,0.1978,2.4438,,,,
235,2026-06-02T12:29:30+00:00,2026-06-02T12:53:30+00:00,24.0,19.0,78.0,97.0,114.0,0.0,114.0,49,subida,08:29,2026-06-02,,0.0,0.1767,0.4583,-0.7071,0.7071,0.0132,0.5536,2.6333,-2.6,14.7189,0.5538,-0.0001,0.0315,0.1744,-0.0878,0.0466,0.0315,0.0,0.0019,0.0086,-0.0087,0.0002,0.0019,22,24,0.1667,0.1667,0.002837,0.044704,0.0,0.007364,4.1386,1562.295,65.096,82.226,31.884,1.0848,0.9218,426099.0,14.7189,0.0466,93.252,0.5538,3.5e-05,1.8986,0.5922,0.2231,0.6455,0.774,1.7188,0.00068,0.004529,0.7604,0.5341,0.4486,0.15,3.6908,95.0,9.0,15.0,-3.1036,14.7193,92.902,0.1851,1,1,3,19.0,3.346,0.042,114.0,0.0,-0.7071,-0.718,-0.7083,-0.7052,0.7071,0.718,0.7039,0.709,0.0,-0.6761,-0.6547,-0.6275,510.0,360.0,30.0,30.0,840.0,450.0,450.0,1140.0,17.0,78.0,-0.8,-0.0,82.2261,0.6133,0.144,0.0,0.718,1.1095,,,,
236,2026-06-02T14:53:00+00:00,2026-06-02T15:33:30+00:00,40.5,-11.0,97.0,86.0,110.0,86.0,24.0,82,bajada,10:53,2026-06-02,,-0.037,0.3607,0.2716,0.5801,-0.5801,-0.0045,0.1034,0.3667,-0.3333,0.8678,0.1035,-0.0,0.0053,0.0178,-0.0189,0.0022,0.0053,-0.0,0.0003,0.0009,-0.0012,0.0,0.0003,22,30,0.1111,0.1481,0.000902,0.005276,0.0,0.0013,2.1679,2442.793,60.316,222.072,29.79,1.0053,0.9948,735845.0,0.8678,0.0022,94.73,0.1035,1e-06,2.6539,0.5126,0.2249,0.413,0.6673,1.6282,0.000813,0.001825,0.9564,0.902,0.7428,0.5252,2.7383,96.0,6.0,10.25,0.4178,-0.6291,93.864,0.0734,5,3,5,10.2,1.878,0.123,110.0,89.0,0.5801,0.5056,0.5086,0.5866,-0.5801,-0.5056,-0.5749,-0.4767,0.0,0.2218,0.2661,0.6193,180.0,1830.0,1590.0,630.0,420.0,990.0,990.0,1830.0,13.0,11.0,-0.968,-0.0,222.0721,0.0214,0.0929,0.0133,0.6193,0.6724,,,,
237,2026-06-02T17:41:00+00:00,2026-06-02T17:52:00+00:00,11.0,6.0,90.0,96.0,96.0,90.0,6.0,23,subida,13:41,2026-06-02,,0.0455,0.2386,0.0909,-0.8927,0.8927,0.0091,0.0417,0.2,0.0,0.04,0.0426,0.0,0.0021,0.0067,-0.0067,0.0001,0.0021,-0.0,0.0001,0.0002,-0.0004,0.0,0.0001,2,2,0.0455,0.0,0.00036,0.003333,0.0,0.000842,0.1985,660.594,60.054,110.099,28.721,1.0009,0.9991,209736.0,0.04,0.0001,95.493,0.0426,0.0,0.4262,-0.0,0.1112,0.6381,1.0,1.7701,0.001449,0.005405,0.7775,0.5184,-0.0143,-0.0265,3.0029,96.0,0.0,0.0,-2.9318,6.5952,96.0,0.0177,0,0,1,0.0,0.0,0.0,96.0,90.0,-0.8927,-0.9612,-0.9595,-0.8872,0.8927,0.9612,0.8514,0.9801,0.0,-0.8773,-0.9214,-0.7436,60.0,0.0,0.0,0.0,60.0,60.0,60.0,60.0,0.0,0.0,4.8,0.0,110.099,0.0036,0.071,0.0109,0.9801,1.1295,,,,
238,2026-06-02T18:16:30+00:00,2026-06-02T18:20:30+00:00,4.0,0.0,98.0,98.0,102.0,98.0,4.0,9,mixto,14:16,2026-06-02,,0.0,0.075,0.375,-0.14,0.14,0.0,0.0667,0.1333,-0.1333,0.0356,0.0667,0.0,0.0041,0.0044,-0.0089,0.0001,0.0041,-0.0,0.0003,0.0004,-0.0004,0.0,0.0003,3,3,0.125,0.125,0.000617,0.002222,0.0,0.000924,0.1333,240.531,60.133,240530983.802,26.726,1.0022,0.9978,87236.0,0.0356,0.0001,98.452,0.0667,0.0,0.5033,0.4444,1.204,1.0,0.7602,1.7611,0.011111,0.009259,0.5,-0.1562,-0.0625,-0.1562,2.0,98.0,0.0,0.0,2.4749,4.125,98.0,0.0128,1,0,1,4.0,0.5,0.25,102.0,98.0,-0.14,-0.243,-0.2357,-0.1361,0.14,0.243,0.08,0.3714,0.0,-0.3015,-0.3631,0.0,60.0,0.0,240.0,240.0,240.0,0.0,0.0,90.0,4.0,0.0,-0.0,-0.0,240.531,0.0089,1.204,0.0,0.3714,1.7611,,,,
239,2026-06-02T19:53:30+00:00,2026-06-02T20:06:30+00:00,13.0,-12.0,102.0,90.0,102.0,88.0,14.0,27,bajada,15:53,2026-06-02,,-0.0385,0.3775,0.2692,0.9129,-0.9129,-0.0154,0.0786,0.1667,-0.2333,0.1667,0.0801,0.0,0.0037,0.0122,-0.0078,0.0003,0.0037,0.0,0.0002,0.0006,-0.0006,0.0,0.0002,7,7,0.0769,0.1154,0.000775,0.0049,0.0,0.00133,0.5774,782.474,60.19,65.206,28.981,1.0031,0.997,227938.0,0.1667,0.0003,91.881,0.0801,1e-06,1.5887,0.397,0.1603,0.4349,0.8419,1.9372,0.001235,0.00343,0.8653,0.7775,0.4356,-0.0974,2.4024,90.0,0.0,0.0,1.5578,0.8658,91.217,0.0475,1,1,1,5.0,0.929,0.077,101.0,88.0,0.9129,0.9698,0.9615,0.9004,-0.9129,-0.9698,-0.8782,-0.9862,0.0,0.8888,0.9209,0.7526,0.0,180.0,90.0,60.0,150.0,210.0,210.0,300.0,0.0,14.0,-0.6,-0.0,65.2062,0.0128,0.0697,0.0145,0.9862,0.8425,,,,
240,2026-06-02T21:04:00+00:00,2026-06-02T21:22:00+00:00,18.0,43.0,90.0,133.0,133.0,90.0,43.0,37,subida,17:04,2026-06-02,,0.1111,0.7771,0.1389,-0.9673,0.9673,0.0398,0.1354,0.5667,-0.1333,0.7167,0.1411,-0.0001,0.0067,0.0233,-0.0222,0.0016,0.0067,-0.0,0.0004,0.0015,-0.0014,0.0,0.0004,5,7,0.1389,0.0278,0.000692,0.006493,0.0,0.001452,0.7512,1090.128,60.563,25.352,29.463,1.0086,0.9915,528081.0,0.7167,0.0016,119.467,0.1411,1e-06,1.5799,0.1444,0.1335,0.1648,0.9549,1.8303,0.000901,0.001717,0.9641,0.9551,0.8551,0.7032,1.412,133.0,0.0,37.0,-0.4476,-1.7056,119.161,0.1506,0,0,2,0.0,0.0,0.0,133.0,90.0,-0.9673,-0.9612,-0.9582,-0.9624,0.9673,0.9612,0.9693,0.9276,0.0,-0.8095,-0.8213,-0.9026,480.0,0.0,390.0,450.0,420.0,420.0,420.0,480.0,0.0,0.0,1.857,-0.0,25.3518,0.0398,0.022,0.0863,0.9693,0.3016,,,,
241,2026-06-02T23:09:00+00:00,2026-06-02T23:29:00+00:00,20.0,-12.0,131.0,119.0,142.0,119.0,23.0,41,bajada,19:09,2026-06-02,,-0.1,0.787,0.3,0.8316,-0.8316,-0.01,0.0958,0.3667,-0.2667,0.3711,0.0963,0.0,0.0047,0.0122,-0.0144,0.0009,0.0047,-0.0,0.0003,0.0006,-0.0009,0.0,0.0003,12,14,0.05,0.15,0.001115,0.006111,0.0,0.001511,1.2793,1205.456,60.273,100.455,29.401,1.0045,0.9955,659857.0,0.3711,0.0009,126.862,0.0963,1e-06,1.9169,0.5273,0.1892,0.4369,0.7343,1.5681,0.000813,0.001796,0.9629,0.9255,0.7943,0.65,1.8212,121.0,2.0,8.0,0.7284,-0.7316,125.879,0.0568,2,1,3,8.5,1.363,0.1,142.0,135.0,0.8316,0.7534,0.744,0.8289,-0.8316,-0.7534,-0.8662,-0.6952,0.0,0.5329,0.5293,0.8627,60.0,1080.0,300.0,300.0,600.0,300.0,300.0,1080.0,11.0,12.0,1.0,-0.714,100.4547,0.0186,0.0827,0.0787,0.8662,0.6851,,,,
242,2026-06-03T01:15:30+00:00,2026-06-03T01:27:00+00:00,11.5,0.0,114.0,114.0,121.0,114.0,7.0,24,mixto,21:15,2026-06-02,,-0.087,0.2049,0.3043,-0.5148,0.5148,0.0,0.0565,0.2333,-0.1,0.0733,0.0565,-0.0,0.0031,0.0078,-0.0111,0.0002,0.0031,-0.0,0.0002,0.0005,-0.0006,0.0,0.0002,7,8,0.0435,0.1304,0.000542,0.003889,0.0,0.000948,0.3318,691.089,60.095,691088655.978,28.795,1.0016,0.9984,322305.0,0.0733,0.0002,115.885,0.0565,0.0,1.4136,0.481,0.1866,0.7422,0.8209,2.1014,0.002778,0.005894,0.725,0.3706,-0.0766,-0.0017,3.0797,116.0,0.0,0.5,1.3139,3.0242,115.7,0.0133,1,0,2,7.0,1.375,0.087,121.0,114.0,-0.5148,-0.6429,-0.6434,-0.5131,0.5148,0.6429,0.4658,0.6815,0.0,-0.7254,-0.7705,-0.3157,60.0,0.0,690.0,690.0,690.0,0.0,0.0,600.0,7.0,0.0,3.8,0.0,691.089,0.0064,0.1385,0.0178,0.7705,1.5597,,,,
243,2026-06-03T01:39:30+00:00,2026-06-03T01:51:00+00:00,11.5,-1.0,114.0,113.0,122.0,113.0,9.0,24,mixto,21:39,2026-06-02,,0.0435,0.171,0.087,0.4111,-0.4111,-0.0014,0.0764,0.2,-0.3,0.1344,0.0765,-0.0001,0.0042,0.01,-0.0167,0.0004,0.0043,-0.0,0.0003,0.0009,-0.0007,0.0,0.0003,2,3,0.087,0.0435,0.000505,0.004705,0.0,0.001143,0.3302,691.982,60.172,691.982,28.833,1.0029,0.9971,309485.0,0.1344,0.0004,113.557,0.0765,0.0,0.7417,0.2052,0.1112,1.246,0.8083,1.5283,0.001389,0.006844,0.6326,0.2884,-0.012,-0.0221,3.4232,113.0,0.0,0.0,3.9275,14.5577,113.05,0.0165,1,0,1,8.0,0.556,0.087,122.0,113.0,0.4111,0.4088,0.3829,0.4429,-0.4111,-0.4088,-0.4111,-0.415,0.0,0.3699,0.3616,0.3612,60.0,90.0,0.0,0.0,90.0,90.0,90.0,90.0,8.0,1.0,0.6,0.0,691.982,0.0117,0.1386,0.0074,0.4429,1.9043,,,,
244,2026-06-03T03:32:30+00:00,2026-06-03T03:39:30+00:00,7.0,0.0,111.0,111.0,116.0,111.0,5.0,15,mixto,23:32,2026-06-02,,0.0,0.1669,0.2857,-0.111,0.111,0.0,0.063,0.1667,-0.1667,0.0556,0.063,0.0,0.0031,0.0056,-0.0056,0.0001,0.0031,-0.0,0.0002,0.0004,-0.0004,0.0,0.0002,4,3,0.0714,0.0714,0.000828,0.002778,0.0,0.001103,0.3308,420.828,60.118,420827625.303,28.055,1.002,0.998,187085.0,0.0556,0.0001,111.68,0.063,0.0,0.5665,0.2991,0.4745,1.0549,0.7962,1.5628,0.002222,0.005661,0.7526,0.4423,-0.1346,-0.0769,2.3444,111.0,0.0,0.0,2.1573,2.6538,111.385,0.0152,1,0,1,5.0,1.0,0.143,116.0,111.0,-0.111,-0.2068,-0.2171,-0.1543,0.111,0.2068,0.0533,0.2565,0.0,-0.2326,-0.301,0.0,60.0,0.0,420.0,420.0,420.0,0.0,0.0,120.0,5.0,0.0,5.0,-0.0,420.828,0.0079,0.5006,0.0,0.301,1.6486,,,,
245,2026-06-03T09:54:30+00:00,2026-06-03T10:07:30+00:00,13.0,4.0,113.0,117.0,134.0,113.0,21.0,27,subida,05:54,2026-06-03,,0.0,0.1441,0.2308,-0.5061,0.5061,0.0051,0.1731,0.6,-0.5667,0.78,0.1732,0.0,0.0093,0.02,-0.0278,0.0022,0.0093,-0.0,0.0005,0.0016,-0.0014,0.0,0.0005,6,5,0.0769,0.0769,0.001391,0.01,0.0,0.002531,0.9768,790.93,60.841,197.732,29.294,1.014,0.9862,381161.0,0.78,0.0022,118.815,0.1732,2e-06,1.1905,0.3382,0.1112,0.6718,0.7995,1.7611,0.001235,0.00499,0.7748,0.5034,0.1087,-0.1912,3.0513,117.0,0.0,0.0,1.9572,2.5671,118.0,0.0434,2,0,1,11.0,1.361,0.154,134.0,113.0,-0.5061,-0.5977,-0.6136,-0.4916,0.5061,0.5977,0.4507,0.6169,0.0,-0.564,-0.6294,-0.3628,150.0,0.0,0.0,0.0,180.0,180.0,180.0,180.0,17.0,0.0,8.8,-0.0,197.7325,0.06,0.0747,0.0,0.6294,1.1831,,,,
246,2026-06-03T16:30:30+00:00,2026-06-03T16:42:30+00:00,12.0,-1.0,117.0,116.0,170.0,116.0,54.0,25,mixto,12:30,2026-06-03,,0.0417,0.156,0.125,0.0097,-0.0097,-0.0014,0.4779,1.4667,-1.8,5.4811,0.4779,0.0,0.0232,0.06,-0.07,0.0124,0.0232,-0.0001,0.0012,0.0043,-0.0029,0.0,0.0012,3,3,0.0833,0.0417,0.003117,0.024444,0.0,0.006342,1.971,776.349,64.696,776.349,31.054,1.0783,0.9274,364775.0,5.4811,0.0124,120.793,0.4779,1.5e-05,0.4822,0.1985,0.2166,1.1003,0.8208,1.486,0.001333,0.005366,0.8212,0.4722,-0.0534,-0.0225,3.1447,116.0,0.0,0.0,3.1431,8.0019,116.095,0.1122,1,0,1,53.0,0.944,0.083,170.0,116.0,0.0097,-0.0402,-0.0648,0.0608,-0.0097,0.0402,-0.0388,0.0492,0.0,-0.0464,-0.0873,0.0509,90.0,120.0,0.0,0.0,120.0,120.0,120.0,120.0,53.0,1.0,10.2,-0.0,776.349,0.4568,0.2383,0.0065,0.0873,1.635,,,,
247,2026-06-03T17:43:30+00:00,2026-06-03T17:55:00+00:00,11.5,5.0,116.0,121.0,121.0,107.0,14.0,24,subida,13:43,2026-06-03,,0.0,0.2313,0.1304,-0.8321,0.8321,0.0072,0.1155,0.4667,-0.3,0.3078,0.1157,-0.0,0.0067,0.0256,-0.0156,0.001,0.0067,0.0,0.0004,0.0012,-0.0014,0.0,0.0004,3,3,0.0435,0.0435,0.000743,0.006323,0.0,0.001711,0.4601,694.427,60.385,138.885,28.934,1.0064,0.9937,345822.0,0.3078,0.001,120.039,0.1157,1e-06,0.6584,0.2052,0.1112,1.0165,0.7721,1.7194,0.001389,0.006694,0.6722,0.3525,-0.0154,-0.0284,3.2962,121.0,0.0,0.0,-3.4124,11.168,120.75,0.0253,0,0,1,0.0,0.0,0.0,121.0,107.0,-0.8321,-0.8783,-0.8653,-0.8486,0.8321,0.8783,0.8036,0.8914,0.0,-0.8006,-0.8263,-0.6922,90.0,60.0,0.0,0.0,90.0,90.0,90.0,90.0,0.0,9.0,1.2,0.0,138.8854,0.0268,0.113,0.0,0.8914,1.7478,,,,
248,2026-06-03T21:09:00+00:00,2026-06-03T21:25:30+00:00,16.5,-10.0,121.0,111.0,132.0,111.0,21.0,34,bajada,17:09,2026-06-03,,-0.0606,0.6576,0.303,0.7342,-0.7342,-0.0101,0.1112,0.2333,-0.4667,0.4111,0.1116,-0.0001,0.0053,0.0156,-0.0133,0.0009,0.0053,-0.0,0.0003,0.001,-0.0005,0.0,0.0003,10,11,0.1212,0.1818,0.000996,0.004151,0.0,0.001423,0.9912,995.98,60.362,99.598,29.294,1.006,0.994,469807.0,0.4111,0.0009,117.549,0.1116,1e-06,1.7641,0.579,0.1214,0.51,0.6996,1.3467,0.00098,0.001831,0.9628,0.9344,0.7769,0.5573,1.4572,111.0,0.0,14.0,0.6325,-1.4288,116.429,0.0697,2,2,1,8.5,1.884,0.121,132.0,125.0,0.7342,0.6554,0.643,0.7518,-0.7342,-0.6554,-0.7809,-0.5858,0.0,0.4943,0.4601,0.7792,60.0,390.0,0.0,0.0,390.0,390.0,390.0,390.0,11.0,10.0,3.143,-0.0,99.598,0.0249,0.0619,0.0399,0.7809,0.6868,,,,
249,2026-06-04T00:28:00+00:00,2026-06-04T00:39:30+00:00,11.5,-2.0,116.0,114.0,120.0,114.0,6.0,24,mixto,20:28,2026-06-03,,0.0,0.2227,0.1304,0.8182,-0.8182,-0.0029,0.05,0.1333,-0.2,0.0578,0.0501,0.0,0.0029,0.0067,-0.0111,0.0002,0.0029,-0.0,0.0002,0.0006,-0.0005,0.0,0.0002,3,3,0.0435,0.0435,0.000323,0.002773,0.0,0.00075,0.1995,690.86,60.075,345.43,28.786,1.0012,0.9988,314228.0,0.0578,0.0002,114.424,0.0501,0.0,0.6584,0.2052,0.1112,1.0463,0.7762,1.5283,0.001389,0.006846,0.6563,0.3273,-0.0149,-0.0275,3.3279,114.0,0.0,0.0,3.5168,11.8988,114.1,0.0113,0,0,1,0.0,0.0,0.0,120.0,114.0,0.8182,0.8623,0.8486,0.8356,-0.8182,-0.8623,-0.7908,-0.8751,0.0,0.7859,0.81,0.6816,60.0,90.0,0.0,0.0,90.0,90.0,90.0,90.0,4.0,2.0,-0.4,0.0,345.43,0.005,0.1163,0.0,0.8751,1.5991,,,,
250,2026-06-04T00:48:00+00:00,2026-06-04T01:05:00+00:00,17.0,-21.0,114.0,93.0,123.0,93.0,30.0,35,bajada,20:48,2026-06-03,,-0.1471,0.723,0.3235,0.9018,-0.9018,-0.0206,0.1291,0.3667,-0.6,0.5811,0.1307,0.0001,0.0063,0.02,-0.02,0.0013,0.0063,-0.0,0.0004,0.0013,-0.0009,0.0,0.0004,11,10,0.0588,0.2059,0.001266,0.007174,0.0,0.001872,1.2215,1028.233,60.484,48.963,29.378,1.0079,0.9922,374696.0,0.5811,0.0013,103.468,0.1307,2e-06,1.7546,0.6049,0.1452,0.3116,0.8003,1.319,0.000952,0.001644,0.9677,0.9562,0.8492,0.6506,1.2703,93.0,0.0,21.5,0.5465,-1.5425,101.724,0.119,2,1,1,7.5,1.944,0.118,123.0,115.0,0.9018,0.8609,0.8522,0.9001,-0.9018,-0.8609,-0.9253,-0.8063,0.0,0.7008,0.6894,0.8881,60.0,420.0,360.0,360.0,420.0,390.0,390.0,420.0,9.0,21.0,2.643,-0.0,48.9635,0.0342,0.0452,0.1064,0.9253,0.411,,,,
251,2026-06-04T01:42:00+00:00,2026-06-04T01:58:30+00:00,16.5,21.0,93.0,114.0,129.0,93.0,36.0,34,subida,21:42,2026-06-03,,0.0606,0.2338,0.2727,-0.8942,0.8942,0.0212,0.161,0.5667,-0.5667,0.87,0.1624,0.0,0.0087,0.0189,-0.0378,0.0024,0.0087,-0.0,0.0005,0.0019,-0.0019,0.0,0.0005,9,12,0.1212,0.0606,0.001316,0.009444,0.0,0.002272,1.251,1002.297,60.745,47.728,29.479,1.0122,0.988,430599.0,0.87,0.0024,112.537,0.1624,2e-06,1.1989,0.2828,0.3207,0.6766,0.8771,1.9452,0.00098,0.005106,0.8302,0.5259,0.0548,0.1112,3.3844,114.0,2.0,2.0,-1.4732,5.8037,113.214,0.0526,2,1,2,9.5,1.188,0.121,129.0,112.0,-0.8942,-0.9612,-0.9592,-0.8729,0.8942,0.9612,0.854,0.9752,0.0,-0.8859,-0.9263,-0.7364,360.0,0.0,0.0,60.0,90.0,90.0,90.0,630.0,15.0,0.0,9.143,-0.0,47.7284,0.0527,0.217,0.0142,0.9752,1.3161,,,,
252,2026-06-04T05:13:30+00:00,2026-06-04T05:18:30+00:00,5.0,-4.0,116.0,112.0,116.0,112.0,4.0,11,bajada,01:13,2026-06-04,,-0.1,0.25,0.1,0.8864,-0.8864,-0.0133,0.04,0.0,-0.1333,0.0178,0.0422,0.0005,0.0014,0.0044,0.0,0.0,0.0015,-0.0,0.0,0.0,-0.0001,0.0,0.0001,1,1,0.0,0.1,0.000498,0.002207,0.0,0.000856,0.132,300.265,60.053,75.066,27.297,1.0008,0.9992,138896.0,0.0178,0.0,112.37,0.0422,0.0,0.4395,0.1947,0.2877,1.0,1.0,1.887,0.012121,0.009091,0.4,-0.01,-0.0375,-0.0833,2.3219,112.0,0.0,0.0,2.846,6.1,112.0,0.0102,0,0,1,0.0,0.0,0.0,116.0,112.0,0.8864,0.958,0.9581,0.8696,-0.8864,-0.958,-0.8472,-0.9878,0.0,0.8575,0.9038,0.7483,0.0,30.0,0.0,0.0,30.0,30.0,30.0,30.0,0.0,4.0,-8.0,-0.0,75.0662,0.0036,0.2877,0.025,0.9878,1.887,,,,
253,2026-06-04T09:15:30+00:00,2026-06-04T09:33:00+00:00,17.5,2.0,114.0,116.0,138.0,114.0,24.0,36,mixto,05:15,2026-06-04,,0.0286,0.3529,0.3714,-0.36,0.36,0.0019,0.1488,0.5,-0.6,0.7756,0.1489,-0.0,0.0071,0.02,-0.02,0.0017,0.0071,-0.0,0.0004,0.0013,-0.0009,0.0,0.0004,13,11,0.1714,0.1429,0.001337,0.00558,0.0,0.001883,1.4028,1060.995,60.628,530.497,29.472,1.0105,0.9896,539323.0,0.7756,0.0017,122.398,0.1489,1e-06,1.6796,0.5071,0.1229,0.4469,0.7748,1.5797,0.000926,0.001955,0.9636,0.8798,0.6134,0.4448,1.6818,116.0,0.0,17.25,0.7422,-1.3521,121.367,0.0718,3,2,1,11.333,2.684,0.171,138.0,130.0,-0.36,-0.5075,-0.5081,-0.3403,0.36,0.5075,0.272,0.5823,0.0,-0.5841,-0.6502,-0.1288,360.0,0.0,0.0,0.0,450.0,450.0,450.0,450.0,22.0,0.0,8.357,-0.0,530.4975,0.0443,0.0549,0.0101,0.6502,0.706,,,,
254,2026-06-04T12:27:00+00:00,2026-06-04T12:44:00+00:00,17.0,-7.0,116.0,109.0,133.0,107.0,26.0,35,bajada,08:27,2026-06-04,,-0.0588,0.564,0.3529,0.4146,-0.4146,-0.0069,0.1506,0.5667,-0.6,0.7722,0.1507,0.0,0.0073,0.02,-0.0211,0.0017,0.0073,-0.0,0.0004,0.0013,-0.0013,0.0,0.0004,12,14,0.0882,0.1471,0.001591,0.009444,0.0,0.002231,1.5294,1030.825,60.637,147.261,29.452,1.0106,0.9895,471284.0,0.7722,0.0017,116.04,0.1507,2e-06,1.8438,0.5208,0.2313,0.3507,0.7517,1.7586,0.000952,0.001904,0.9621,0.9068,0.7206,0.5327,1.5983,109.0,2.0,17.0,0.6489,-1.3606,114.897,0.0814,2,1,2,11.0,3.215,0.118,133.0,125.0,0.4146,0.3007,0.2861,0.4292,-0.4146,-0.3007,-0.4847,-0.2135,0.0,0.1722,0.109,0.5314,60.0,420.0,0.0,0.0,600.0,600.0,600.0,600.0,17.0,9.0,3.929,-0.0,147.2607,0.0454,0.0811,0.0332,0.5314,0.6167,,,,
255,2026-06-04T14:13:30+00:00,2026-06-04T14:24:30+00:00,11.0,1.0,109.0,110.0,120.0,109.0,11.0,23,mixto,10:13,2026-06-04,,0.0,0.0803,0.0909,-0.3583,0.3583,0.0015,0.1056,0.3667,-0.3333,0.2456,0.1056,-0.0006,0.0056,0.0111,-0.0233,0.0007,0.0056,0.0,0.0003,0.0011,-0.0004,0.0,0.0003,2,2,0.0455,0.0455,0.000938,0.009655,0.0,0.002635,0.5027,663.576,60.325,663.576,28.851,1.0054,0.9946,280381.0,0.2456,0.0007,110.41,0.1056,1e-06,0.258,0.2124,0.1112,1.4379,0.829,1.7701,0.015942,0.009312,0.3941,-0.1509,-0.0054,-0.01,3.4461,110.0,0.0,0.0,4.4011,17.6436,110.0,0.0186,0,0,1,0.0,0.0,0.0,120.0,109.0,-0.3583,-0.4034,-0.427,-0.3412,0.3583,0.4034,0.3323,0.4127,0.0,-0.3683,-0.4011,-0.286,30.0,0.0,0.0,0.0,60.0,60.0,60.0,60.0,10.0,0.0,-1.4,0.0,663.576,0.0223,0.1599,0.0,0.427,2.5452,,,,
256,2026-06-04T14:36:00+00:00,2026-06-04T14:59:30+00:00,23.5,-3.0,110.0,107.0,115.0,102.0,13.0,48,mixto,10:36,2026-06-04,,0.0213,0.0874,0.1915,0.4333,-0.4333,-0.0021,0.0931,0.3333,-0.4333,0.4078,0.0931,0.0,0.0048,0.0144,-0.02,0.0011,0.0048,-0.0,0.0003,0.0011,-0.0009,0.0,0.0003,9,12,0.0638,0.0426,0.000802,0.00487,0.0,0.001275,1.1139,1415.93,60.252,471.977,29.499,1.0042,0.9958,568451.0,0.4078,0.0011,108.824,0.0931,1e-06,1.913,0.1985,0.1301,0.3586,0.7096,1.7453,0.000694,0.003723,0.8826,0.6815,0.2385,0.1617,3.1846,107.0,5.0,5.0,-0.3929,-0.8727,109.05,0.0314,1,2,2,8.0,9.95,0.043,112.0,102.0,0.4333,0.3654,0.3911,0.4067,-0.4333,-0.3654,-0.464,-0.2973,0.0,0.1254,0.1816,0.5153,60.0,90.0,0.0,0.0,900.0,900.0,900.0,900.0,5.0,8.0,-0.4,0.0,471.9767,0.0174,0.0467,0.0019,0.5153,0.6259,,,,
257,2026-06-04T15:44:00+00:00,2026-06-04T15:57:00+00:00,13.0,-1.0,107.0,106.0,115.0,106.0,9.0,27,mixto,11:44,2026-06-04,,-0.0385,0.4482,0.2308,0.0751,-0.0751,-0.0013,0.067,0.2667,-0.1667,0.1167,0.067,0.0,0.0032,0.0089,-0.0089,0.0003,0.0032,-0.0,0.0002,0.0004,-0.0006,0.0,0.0002,6,8,0.0385,0.0769,0.000776,0.004444,0.0,0.00106,0.5619,781.728,60.133,781.728,28.953,1.0022,0.9978,315210.0,0.1167,0.0003,108.048,0.067,0.0,1.5146,0.3073,0.1769,0.2965,0.8139,1.4089,0.001235,0.00264,0.943,0.8359,0.4987,0.222,1.9462,106.0,0.0,4.0,1.3891,0.3755,107.565,0.0299,1,0,1,8.0,2.15,0.077,115.0,106.0,0.0751,-0.0428,-0.062,0.0923,-0.0751,0.0428,-0.1462,0.0973,0.0,-0.1158,-0.1889,0.206,60.0,300.0,0.0,0.0,300.0,300.0,300.0,300.0,8.0,1.0,4.8,-0.0,781.728,0.009,0.0525,0.0173,0.206,0.4177,,,,
258,2026-06-04T15:59:30+00:00,2026-06-04T16:17:30+00:00,18.0,10.0,106.0,116.0,158.0,106.0,52.0,37,subida,11:59,2026-06-04,,-0.1111,0.1493,0.3056,-0.6716,0.6716,0.0093,0.343,1.7333,-1.1,4.2378,0.3431,-0.0,0.0198,0.0578,-0.0944,0.0137,0.0198,-0.0001,0.0012,0.0044,-0.0051,0.0,0.0012,11,15,0.0278,0.1389,0.002009,0.028889,0.0,0.005723,1.7966,1124.981,62.499,112.498,30.405,1.0416,0.9601,542228.0,4.2378,0.0137,121.057,0.3431,8e-06,1.8835,0.4843,0.4205,0.9195,0.8591,1.8303,0.000901,0.007476,0.5636,0.0818,0.1586,0.1361,4.0124,121.0,3.0,5.0,2.625,12.3586,120.452,0.0639,1,0,5,42.0,0.52,0.056,158.0,106.0,-0.6716,-0.7749,-0.781,-0.655,0.6716,0.7749,0.6164,0.8077,0.0,-0.7796,-0.8236,-0.4898,60.0,0.0,0.0,0.0,900.0,900.0,900.0,900.0,42.0,0.0,4.429,-0.0,112.4981,0.2354,0.3866,0.0166,0.8236,1.683,,,,
259,2026-06-04T16:20:30+00:00,2026-06-04T16:25:30+00:00,5.0,4.0,116.0,120.0,120.0,116.0,4.0,11,subida,12:20,2026-06-04,,0.1,0.25,0.1,-0.8864,0.8864,0.0133,0.04,0.1333,0.0,0.0178,0.0422,-0.0005,0.0014,0.0,-0.0044,0.0,0.0015,0.0,0.0,0.0001,0.0,0.0,0.0001,1,1,0.1,0.0,0.000498,0.002207,0.0,0.000856,0.132,300.265,60.053,75.066,27.297,1.0008,0.9992,157456.0,0.0178,0.0,119.642,0.0422,0.0,0.4395,-0.0,0.2877,1.0,1.0,1.887,0.012121,0.009091,0.4,-0.01,-0.0375,-0.0833,2.3219,120.0,0.0,0.0,-2.846,6.1,120.0,0.0096,0,0,1,0.0,0.0,0.0,120.0,116.0,-0.8864,-0.958,-0.9581,-0.8696,0.8864,0.958,0.8472,0.9878,0.0,-0.8575,-0.9038,-0.7483,30.0,0.0,0.0,0.0,30.0,30.0,30.0,30.0,0.0,0.0,8.0,-0.0,75.0662,0.0036,0.2877,0.025,0.9878,1.887,,,,
260,2026-06-04T17:44:30+00:00,2026-06-04T18:05:30+00:00,21.0,-12.0,101.0,89.0,110.0,89.0,21.0,43,bajada,13:44,2026-06-04,,-0.0476,0.6297,0.3571,0.811,-0.811,-0.0095,0.1057,0.3667,-0.3,0.4733,0.1062,0.0,0.0057,0.0211,-0.0122,0.0013,0.0057,0.0,0.0003,0.001,-0.0011,0.0,0.0003,15,16,0.0952,0.1429,0.000997,0.005258,0.0,0.001273,1.2864,1266.966,60.332,105.581,29.464,1.0055,0.9945,398253.0,0.4733,0.0013,96.238,0.1062,1e-06,2.4729,0.5103,0.1587,0.4218,0.7003,1.7667,0.000775,0.001607,0.9495,0.9231,0.878,0.7335,1.264,93.0,4.0,13.0,0.518,-1.2744,95.114,0.0801,3,1,1,8.0,2.298,0.143,110.0,98.0,0.811,0.7233,0.7296,0.7996,-0.811,-0.7233,-0.8577,-0.6416,0.0,0.4822,0.4862,0.8747,270.0,660.0,480.0,600.0,120.0,660.0,660.0,660.0,9.0,12.0,0.881,-0.0,105.5805,0.0225,0.0669,0.03,0.8747,0.7452,,,,
261,2026-06-04T18:49:00+00:00,2026-06-04T19:00:30+00:00,11.5,1.0,95.0,96.0,96.0,83.0,13.0,24,mixto,14:49,2026-06-04,,0.0435,0.3275,0.2174,0.0611,-0.0611,0.0014,0.1105,0.3333,-0.4,0.2811,0.1106,0.0,0.0065,0.0244,-0.0133,0.0009,0.0065,0.0,0.0004,0.0013,-0.0012,0.0,0.0004,5,6,0.087,0.0435,0.00083,0.006667,0.0,0.001781,0.4979,694.083,60.355,694.083,28.92,1.0059,0.9941,211671.0,0.2811,0.0009,93.913,0.1106,1e-06,1.2069,0.2052,0.2364,0.973,0.8124,1.7194,0.001389,0.006997,0.5839,0.2522,0.2408,0.1604,3.2758,93.0,1.0,3.0,-2.6486,8.6901,94.25,0.0284,0,1,2,0.0,0.0,0.0,96.0,83.0,0.0611,0.1941,0.1961,0.0368,-0.0611,-0.1941,-0.0028,-0.2529,0.0,0.3858,0.3886,-0.1142,450.0,60.0,0.0,0.0,450.0,450.0,450.0,450.0,0.0,12.0,-3.6,0.0,694.083,0.0244,0.23,0.0142,0.3886,1.673,,,,
262,2026-06-04T22:36:00+00:00,2026-06-04T22:51:30+00:00,15.5,-11.0,116.0,105.0,129.0,105.0,24.0,32,bajada,18:36,2026-06-04,,-0.0968,0.6122,0.1935,0.7904,-0.7904,-0.0118,0.0941,0.2333,-0.3667,0.2789,0.0948,0.0,0.0036,0.0122,-0.0089,0.0004,0.0036,-0.0,0.0002,0.0007,-0.0004,0.0,0.0002,6,8,0.0645,0.1613,0.000955,0.004627,0.0,0.001453,0.867,934.1,60.265,84.918,29.191,1.0043,0.9957,395232.0,0.2789,0.0004,111.135,0.0948,1e-06,1.6565,0.4437,0.1171,0.2655,0.7682,1.4062,0.001042,0.001718,0.9789,0.962,0.764,0.5006,1.3771,105.0,0.0,11.75,0.9577,-0.7327,109.538,0.0764,1,0,1,13.0,3.027,0.065,129.0,105.0,0.7904,0.7405,0.7241,0.7801,-0.7904,-0.7405,-0.8207,-0.6883,0.0,0.6127,0.582,0.7866,90.0,330.0,0.0,0.0,330.0,330.0,330.0,330.0,13.0,11.0,5.2,0.0,84.9182,0.018,0.0311,0.0593,0.8207,0.3733,,,,
263,2026-06-04T23:12:30+00:00,2026-06-04T23:24:00+00:00,11.5,-1.0,103.0,102.0,116.0,102.0,14.0,24,mixto,19:12,2026-06-04,,0.0,0.1115,0.1304,0.2725,-0.2725,-0.0014,0.1328,0.4333,-0.4667,0.4056,0.1328,-0.0,0.0078,0.0156,-0.03,0.0014,0.0078,-0.0,0.0005,0.0015,-0.0015,0.0,0.0005,3,3,0.0435,0.0435,0.000797,0.007497,0.0,0.002125,0.4654,695.801,60.504,695.801,28.992,1.0084,0.9917,253158.0,0.4056,0.0014,102.705,0.1328,2e-06,0.2499,0.2052,0.1112,1.4182,0.813,1.5283,0.001389,0.008615,0.4642,0.0254,-0.0081,-0.015,3.5723,102.0,0.0,0.0,4.5172,18.6169,102.05,0.0272,0,0,1,0.0,0.0,0.0,116.0,102.0,0.2725,0.2614,0.2399,0.3031,-0.2725,-0.2614,-0.2781,-0.2649,0.0,0.2349,0.2215,0.2472,60.0,90.0,0.0,0.0,90.0,90.0,90.0,90.0,13.0,1.0,2.0,0.0,695.801,0.0353,0.1577,0.0,0.3031,2.1674,,,,
264,2026-06-04T23:27:00+00:00,2026-06-04T23:38:00+00:00,11.0,8.0,102.0,110.0,110.0,102.0,8.0,23,subida,19:27,2026-06-04,,0.0455,0.2386,0.0909,-0.8927,0.8927,0.0121,0.0555,0.2667,0.0,0.0711,0.0569,0.0,0.0027,0.0089,-0.0089,0.0002,0.0027,-0.0,0.0001,0.0003,-0.0006,0.0,0.0001,2,2,0.0455,0.0,0.000478,0.004444,0.0,0.001119,0.2632,661.048,60.095,82.631,28.741,1.0015,0.9985,274908.0,0.0711,0.0002,109.328,0.0569,0.0,0.4262,-0.0,0.1112,0.6381,1.0,1.7701,0.001449,0.005405,0.7775,0.5184,-0.0143,-0.0265,3.0029,110.0,0.0,0.0,-2.9318,6.5952,110.0,0.0206,0,0,1,0.0,0.0,0.0,110.0,102.0,-0.8927,-0.9612,-0.9595,-0.8872,0.8927,0.9612,0.8514,0.9801,0.0,-0.8773,-0.9214,-0.7436,60.0,0.0,0.0,0.0,60.0,60.0,60.0,60.0,0.0,0.0,6.4,0.0,82.631,0.0065,0.071,0.0109,0.9801,1.1295,,,,
265,2026-06-05T01:34:30+00:00,2026-06-05T01:46:00+00:00,11.5,-4.0,109.0,105.0,140.0,105.0,35.0,24,bajada,21:34,2026-06-04,,0.0,0.1303,0.1304,0.4349,-0.4349,-0.0058,0.3249,1.0333,-1.1667,2.4289,0.325,0.0,0.0192,0.0389,-0.0733,0.0081,0.0192,-0.0001,0.0012,0.0037,-0.0036,0.0,0.0012,3,3,0.0435,0.0435,0.001944,0.018212,0.0,0.005137,1.1412,719.237,62.542,179.809,29.968,1.0424,0.9594,274887.0,2.4289,0.0081,107.022,0.325,9e-06,0.6584,0.2052,0.1112,1.3502,0.8079,1.5283,0.001389,0.008339,0.4951,0.0733,-0.0093,-0.0172,3.552,105.0,0.0,0.0,4.4144,17.9682,105.2,0.0657,0,0,1,0.0,0.0,0.0,140.0,105.0,0.4349,0.4377,0.4169,0.464,-0.4349,-0.4377,-0.4322,-0.4439,0.0,0.3963,0.3919,0.3785,60.0,90.0,0.0,0.0,90.0,90.0,90.0,90.0,31.0,4.0,3.8,-0.0,179.8092,0.2112,0.1501,0.0,0.464,2.0635,,,,
266,2026-06-05T02:31:00+00:00,2026-06-05T02:35:30+00:00,4.5,-1.0,102.0,101.0,105.0,101.0,4.0,10,mixto,22:31,2026-06-04,,0.0,0.234,0.3333,0.4588,-0.4588,-0.0037,0.0554,0.1,-0.1333,0.0278,0.0556,0.0,0.0034,0.0044,-0.0078,0.0001,0.0034,-0.0,0.0002,0.0004,-0.0004,0.0,0.0002,3,4,0.1111,0.1111,0.000444,0.001944,0.0,0.000623,0.1332,270.415,60.092,270.415,27.042,1.0015,0.9985,103443.0,0.0278,0.0001,101.707,0.0556,0.0,1.2955,0.4106,0.8473,1.0,0.731,1.661,0.003333,0.008491,0.4996,0.1032,-0.0274,-0.3475,2.155,101.0,0.0,1.0,2.0283,3.0388,101.375,0.0117,0,0,1,0.0,0.0,0.0,105.0,101.0,0.4588,0.3719,0.3835,0.5,-0.4588,-0.3719,-0.5073,-0.2697,0.0,0.1667,0.1513,0.5684,90.0,120.0,0.0,0.0,120.0,120.0,120.0,120.0,3.0,1.0,-0.0,-0.0,270.415,0.0062,0.8473,0.0,0.5684,1.661,,,,
267,2026-06-05T02:41:30+00:00,2026-06-05T02:53:00+00:00,11.5,3.0,101.0,104.0,112.0,101.0,11.0,24,mixto,22:41,2026-06-04,,-0.0435,0.0288,0.2174,-0.6952,0.6952,0.0043,0.0881,0.3667,-0.2,0.1789,0.0882,-0.0,0.005,0.0122,-0.0189,0.0006,0.005,-0.0,0.0003,0.0009,-0.001,0.0,0.0003,5,6,0.0435,0.087,0.000677,0.006111,0.0,0.001499,0.3958,692.614,60.227,230.871,28.859,1.0038,0.9962,261342.0,0.1789,0.0006,104.352,0.0882,1e-06,1.1761,0.3701,0.1418,0.9248,0.8533,1.7194,0.004167,0.008035,0.4828,0.0597,0.0209,-0.0999,3.505,104.0,0.0,0.0,2.1877,7.7175,104.2,0.0187,1,0,1,8.0,0.515,0.087,112.0,101.0,-0.6952,-0.7773,-0.7872,-0.69,0.6952,0.7773,0.646,0.7946,0.0,-0.7194,-0.7752,-0.5403,60.0,0.0,0.0,0.0,180.0,180.0,180.0,180.0,8.0,0.0,5.2,0.0,230.8713,0.0156,0.1311,0.0013,0.7946,1.5901,,,,
268,2026-06-05T10:27:00+00:00,2026-06-05T10:40:00+00:00,13.0,-4.0,102.0,98.0,113.0,98.0,15.0,27,bajada,06:27,2026-06-05,,-0.0385,0.3794,0.1923,0.6542,-0.6542,-0.0051,0.1085,0.3667,-0.3667,0.3067,0.1086,-0.0,0.0058,0.0122,-0.0156,0.0008,0.0058,-0.0,0.0003,0.0009,-0.0009,0.0,0.0003,5,5,0.0769,0.1154,0.000878,0.006111,0.0,0.001632,0.6193,784.471,60.344,196.118,29.054,1.0057,0.9943,270478.0,0.3067,0.0008,100.088,0.1086,1e-06,1.2646,0.428,0.1112,0.6353,0.7553,1.4089,0.001235,0.003542,0.8753,0.73,0.4025,0.0051,2.39,98.0,0.0,0.0,1.9839,2.5287,99.174,0.0421,1,0,1,11.0,1.062,0.077,113.0,98.0,0.6542,0.6346,0.6093,0.6601,-0.6542,-0.6346,-0.6653,-0.6316,0.0,0.5594,0.5378,0.5984,60.0,180.0,0.0,0.0,180.0,180.0,180.0,180.0,11.0,4.0,3.2,-0.0,196.1178,0.0236,0.0706,0.0146,0.6653,0.8951,,,,
269,2026-06-05T14:33:00+00:00,2026-06-05T14:44:30+00:00,11.5,0.0,100.0,100.0,108.0,100.0,8.0,24,mixto,10:33,2026-06-05,,0.0,0.0819,0.1304,-0.0304,0.0304,0.0,0.0786,0.2667,-0.2667,0.1422,0.0786,0.0,0.0046,0.0089,-0.0178,0.0005,0.0046,-0.0,0.0003,0.0009,-0.0009,0.0,0.0003,3,3,0.0435,0.0435,0.000463,0.004444,0.0,0.00128,0.2667,692.097,60.182,692096698.785,28.837,1.003,0.997,241664.0,0.1422,0.0005,100.346,0.0786,1e-06,0.2499,0.2052,0.2166,1.5407,0.8209,1.5283,0.001389,0.009028,0.4167,-0.0473,-0.0062,-0.0114,3.585,100.0,0.0,0.0,4.5873,19.0435,100.0,0.0159,1,0,1,8.0,0.5,0.087,108.0,100.0,-0.0304,-0.0644,-0.0851,0.0,0.0304,0.0644,0.011,0.0658,0.0,-0.0629,-0.0907,0.0,60.0,0.0,690.0,690.0,690.0,0.0,0.0,90.0,8.0,0.0,1.6,0.0,692.097,0.0124,0.3337,0.0,0.0907,2.3547,,,,
270,2026-06-05T15:05:30+00:00,2026-06-05T15:23:30+00:00,18.0,-12.0,100.0,88.0,114.0,86.0,28.0,37,bajada,11:05,2026-06-05,,0.0,0.6565,0.4444,0.7728,-0.7728,-0.0111,0.1501,0.3333,-0.5667,0.8156,0.1505,0.0,0.0087,0.0222,-0.03,0.0026,0.0087,-0.0,0.0005,0.0016,-0.0017,0.0,0.0005,16,17,0.1667,0.1667,0.001063,0.005556,0.0,0.001525,1.0971,1091.752,60.653,90.979,29.507,1.0108,0.9893,335692.0,0.8156,0.0026,95.251,0.1505,2e-06,1.973,0.6049,0.3137,0.5753,0.6744,1.8303,0.000901,0.001833,0.9483,0.9084,0.8348,0.6764,1.3428,88.0,2.0,17.0,0.6224,-1.262,94.0,0.1023,2,2,2,9.0,1.725,0.111,114.0,93.0,0.7728,0.7065,0.6922,0.7713,-0.7728,-0.7065,-0.8158,-0.6503,0.0,0.5609,0.5299,0.7946,120.0,480.0,330.0,420.0,420.0,480.0,480.0,810.0,14.0,14.0,3.857,-0.0,90.9793,0.0453,0.1805,0.0,0.8158,1.053,,,,
271,2026-06-05T15:29:30+00:00,2026-06-05T15:40:30+00:00,11.0,6.0,88.0,94.0,94.0,88.0,6.0,23,subida,11:29,2026-06-05,,0.0455,0.2386,0.0909,-0.8927,0.8927,0.0091,0.0417,0.2,0.0,0.04,0.0426,0.0,0.0021,0.0067,-0.0067,0.0001,0.0021,-0.0,0.0001,0.0002,-0.0004,0.0,0.0001,2,2,0.0455,0.0,0.00036,0.003333,0.0,0.000842,0.1985,660.594,60.054,110.099,28.721,1.0009,0.9991,201044.0,0.04,0.0001,93.494,0.0426,0.0,0.4262,-0.0,0.1112,0.6381,1.0,1.7701,0.001449,0.005405,0.7775,0.5184,-0.0143,-0.0265,3.0029,94.0,0.0,0.0,-2.9318,6.5952,94.0,0.0181,0,0,1,0.0,0.0,0.0,94.0,88.0,-0.8927,-0.9612,-0.9595,-0.8872,0.8927,0.9612,0.8514,0.9801,0.0,-0.8773,-0.9214,-0.7436,60.0,0.0,0.0,0.0,60.0,60.0,60.0,60.0,0.0,0.0,4.8,-0.0,110.099,0.0036,0.071,0.0109,0.9801,1.1295,,,,
272,2026-06-05T16:40:00+00:00,2026-06-05T16:46:00+00:00,6.0,5.0,96.0,101.0,101.0,96.0,5.0,13,subida,12:40,2026-06-05,,0.0833,0.3929,0.1667,-0.9106,0.9106,0.0139,0.0461,0.1667,0.0,0.0278,0.0481,0.0,0.0024,0.0056,-0.0056,0.0001,0.0024,-0.0,0.0001,0.0002,-0.0004,0.0,0.0001,2,2,0.0833,0.0,0.000532,0.002778,0.0,0.000866,0.1658,360.414,60.069,72.083,27.724,1.0011,0.9989,130643.0,0.0278,0.0001,100.247,0.0481,0.0,0.6194,-0.0,0.2513,0.6643,1.0,1.9925,0.002564,0.005779,0.8316,0.5265,-0.0545,-0.1136,2.1195,101.0,0.0,0.0,-1.9188,1.6818,100.545,0.018,0,0,1,0.0,0.0,0.0,101.0,96.0,-0.9106,-0.9718,-0.9644,-0.9113,0.9106,0.9718,0.8761,0.9899,0.0,-0.8734,-0.9104,-0.76,60.0,0.0,0.0,0.0,60.0,60.0,60.0,60.0,0.0,0.0,-0.0,-0.0,72.0828,0.0046,0.1669,0.0327,0.9899,1.3236,,,,
273,2026-06-05T16:49:00+00:00,2026-06-05T17:00:00+00:00,11.0,-15.0,101.0,86.0,101.0,86.0,15.0,23,bajada,12:49,2026-06-05,,-0.0455,0.2386,0.0909,0.8927,-0.8927,-0.0227,0.1041,0.0,-0.5,0.25,0.1066,0.0,0.0051,0.0167,-0.0167,0.0006,0.0051,0.0,0.0003,0.0011,-0.0006,0.0,0.0003,2,2,0.0,0.0455,0.000874,0.008333,0.0,0.002066,0.4783,663.541,60.322,44.236,28.85,1.0051,0.9949,175718.0,0.25,0.0006,87.407,0.1066,1e-06,0.4262,0.2124,0.1112,0.6381,1.0,1.5734,0.001449,0.005405,0.7775,0.5184,-0.0143,-0.0265,3.0029,86.0,0.0,0.0,2.9318,6.5952,86.0,0.0484,0,0,1,0.0,0.0,0.0,101.0,86.0,0.8927,0.9612,0.9595,0.8872,-0.8927,-0.9612,-0.8514,-0.9801,0.0,0.8773,0.9214,0.7436,0.0,60.0,0.0,0.0,60.0,60.0,60.0,60.0,0.0,15.0,-12.0,0.0,44.2361,0.0227,0.071,0.0109,0.9801,1.004,,,,
274,2026-06-05T17:28:00+00:00,2026-06-05T17:32:30+00:00,4.5,2.0,88.0,90.0,93.0,88.0,5.0,10,mixto,13:28,2026-06-05,,0.0,0.0518,0.3333,-0.7648,0.7648,0.0074,0.0644,0.1667,-0.1,0.0378,0.0648,-0.0,0.0039,0.0056,-0.0089,0.0001,0.0039,-0.0,0.0002,0.0004,-0.0005,0.0,0.0002,3,3,0.1111,0.1111,0.000693,0.002778,0.0,0.000956,0.1663,270.563,60.125,135.282,27.056,1.0021,0.9979,80837.0,0.0378,0.0001,89.909,0.0648,0.0,1.1568,0.4106,0.5108,1.0,0.8305,2.3253,0.01,0.009586,0.3992,-0.1256,-0.0025,-0.0059,2.1821,90.0,0.0,0.0,0.7319,1.1461,89.75,0.0145,0,0,1,0.0,0.0,0.0,93.0,88.0,-0.7648,-0.8447,-0.8366,-0.7625,0.7648,0.8447,0.7201,0.9086,0.0,-0.7803,-0.8236,-0.6048,60.0,0.0,0.0,0.0,90.0,90.0,90.0,90.0,3.0,0.0,-0.0,-0.0,135.2815,0.0084,0.5108,0.0,0.9086,2.3253,,,,
275,2026-06-05T19:50:30+00:00,2026-06-05T19:57:00+00:00,6.5,2.0,92.0,94.0,97.0,92.0,5.0,14,mixto,15:50,2026-06-05,,0.0,0.0161,0.3077,-0.6752,0.6752,0.0051,0.0537,0.1667,-0.1,0.0378,0.0539,0.0,0.0026,0.0056,-0.0056,0.0001,0.0026,-0.0,0.0001,0.0002,-0.0004,0.0,0.0001,4,5,0.0769,0.0769,0.000732,0.002778,0.0,0.000788,0.2656,390.563,60.087,195.282,27.897,1.0014,0.9986,125252.0,0.0378,0.0001,94.586,0.0539,0.0,1.3788,0.3159,0.4925,0.4325,0.8488,2.1756,0.002381,0.005074,0.8424,0.5178,-0.2945,-0.3688,1.9921,94.0,0.0,2.25,0.3294,-0.9518,94.583,0.0177,1,0,1,3.0,1.9,0.154,97.0,92.0,-0.6752,-0.7926,-0.7834,-0.6997,0.6752,0.7926,0.6084,0.8791,0.0,-0.8,-0.8512,-0.4795,60.0,0.0,0.0,0.0,180.0,180.0,180.0,180.0,3.0,0.0,-0.0,-0.0,195.2815,0.0058,0.213,0.0,0.8791,0.9409,,,,
276,2026-06-05T20:00:30+00:00,2026-06-05T20:12:00+00:00,11.5,5.0,94.0,99.0,99.0,91.0,8.0,24,subida,16:00,2026-06-05,,0.0,0.2993,0.1304,-0.8943,0.8943,0.0072,0.0589,0.2667,-0.1,0.0811,0.0594,0.0,0.0033,0.0122,-0.0089,0.0002,0.0033,0.0,0.0002,0.0005,-0.0007,0.0,0.0002,3,3,0.0435,0.0435,0.000402,0.003024,0.0,0.000835,0.2645,691.198,60.104,138.24,28.8,1.0017,0.9983,231774.0,0.0811,0.0002,98.271,0.0594,0.0,0.6584,0.2052,0.1112,0.7053,0.8012,1.7194,0.001389,0.005359,0.8067,0.5678,-0.0192,-0.0353,2.9631,99.0,0.0,0.0,-2.5564,5.1312,98.75,0.0208,0,0,1,0.0,0.0,0.0,99.0,91.0,-0.8943,-0.9524,-0.9439,-0.904,0.8943,0.9524,0.8589,0.9666,0.0,-0.8692,-0.9038,-0.7373,90.0,60.0,0.0,0.0,90.0,90.0,90.0,90.0,0.0,3.0,2.4,0.0,138.2396,0.0071,0.0784,0.0,0.9666,1.2127,,,,
277,2026-06-05T20:15:30+00:00,2026-06-05T20:31:00+00:00,15.5,-15.0,99.0,84.0,112.0,82.0,30.0,32,bajada,16:15,2026-06-05,,-0.0645,0.5903,0.3871,0.8609,-0.8609,-0.0161,0.1284,0.4333,-0.4667,0.5189,0.1294,0.0,0.0062,0.0156,-0.0156,0.0012,0.0062,-0.0,0.0004,0.001,-0.001,0.0,0.0004,12,14,0.0645,0.129,0.001259,0.007222,0.0,0.001837,1.1002,937.48,60.483,62.499,29.296,1.0079,0.9922,263552.0,0.5189,0.0012,90.752,0.1294,2e-06,1.719,0.4268,0.1229,0.2291,0.7807,1.875,0.001042,0.002029,0.9627,0.9403,0.733,0.4598,1.5511,84.0,2.0,15.0,1.0141,-0.4709,88.615,0.1121,1,0,2,13.0,1.656,0.065,112.0,82.0,0.8609,0.8456,0.8269,0.8544,-0.8609,-0.8456,-0.8717,-0.8155,0.0,0.7459,0.7252,0.8065,60.0,330.0,270.0,270.0,540.0,540.0,540.0,540.0,13.0,17.0,3.657,0.0,62.4987,0.0335,0.0282,0.0381,0.8717,0.4296,,,,
278,2026-06-05T20:53:00+00:00,2026-06-05T21:04:00+00:00,11.0,6.0,82.0,88.0,88.0,82.0,6.0,23,subida,16:53,2026-06-05,,0.0455,0.2386,0.0909,-0.8927,0.8927,0.0091,0.0417,0.2,0.0,0.04,0.0426,0.0,0.0021,0.0067,-0.0067,0.0001,0.0021,-0.0,0.0001,0.0002,-0.0004,0.0,0.0001,2,2,0.0455,0.0,0.00036,0.003333,0.0,0.000842,0.1985,660.594,60.054,110.099,28.721,1.0009,0.9991,176072.0,0.04,0.0001,87.495,0.0426,0.0,0.4262,-0.0,0.1112,0.6381,1.0,1.7701,0.001449,0.005405,0.7775,0.5184,-0.0143,-0.0265,3.0029,88.0,0.0,0.0,-2.9318,6.5952,88.0,0.0193,0,0,1,0.0,0.0,0.0,88.0,82.0,-0.8927,-0.9612,-0.9595,-0.8872,0.8927,0.9612,0.8514,0.9801,0.0,-0.8773,-0.9214,-0.7436,60.0,0.0,0.0,0.0,60.0,60.0,60.0,60.0,0.0,0.0,4.8,-0.0,110.099,0.0036,0.071,0.0109,0.9801,1.1295,,,,
279,2026-06-05T21:07:00+00:00,2026-06-05T21:18:30+00:00,11.5,-1.0,88.0,87.0,88.0,0.0,88.0,24,mixto,17:07,2026-06-05,,0.0,0.0774,0.1304,0.0775,-0.0775,-0.0014,0.8601,2.9,-2.9333,17.0144,0.8601,0.0,0.0508,0.1944,-0.0978,0.0567,0.0508,0.0002,0.0031,0.0097,-0.0097,0.0002,0.0031,3,3,0.0435,0.0435,0.005073,0.048889,0.0,0.01402,2.9191,815.0,70.87,815.0,33.958,1.1812,0.8466,174437.0,17.0144,0.0567,85.254,0.8601,9.8e-05,0.2499,0.2052,0.2166,1.5288,0.8222,1.7194,0.009722,0.009088,0.4096,-0.0579,-0.0059,-0.0109,3.5847,87.0,0.0,0.0,-4.5854,19.0325,87.0,0.2085,0,0,1,0.0,0.0,0.0,88.0,0.0,0.0775,0.1147,0.1351,0.0474,-0.0775,-0.1147,-0.0561,-0.1169,0.0,0.1088,0.1386,0.0387,0.0,60.0,0.0,0.0,90.0,90.0,90.0,90.0,0.0,88.0,-18.2,0.0,815.0,1.4795,0.3311,0.0,0.1386,2.6286,,,,
280,2026-06-05T23:14:00+00:00,2026-06-05T23:31:30+00:00,17.5,66.0,91.0,157.0,172.0,91.0,81.0,36,subida,19:14,2026-06-05,,0.0857,0.6521,0.3143,-0.9527,0.9527,0.0629,0.2508,1.1667,-0.3667,2.34,0.2586,0.0,0.0118,0.0389,-0.0311,0.0047,0.0118,-0.0,0.0006,0.0015,-0.0023,0.0,0.0006,11,15,0.1714,0.0857,0.002257,0.014625,0.0,0.003707,2.2126,1079.327,61.676,16.353,29.981,1.0259,0.9747,764954.0,2.34,0.0047,145.769,0.2586,3e-06,1.6979,0.3283,0.132,0.2661,0.9547,1.8669,0.000926,0.002354,0.9267,0.8869,0.7046,0.5655,2.0408,159.0,2.0,37.75,-0.8748,-0.6249,146.267,0.1572,1,0,3,15.0,0.848,0.057,172.0,91.0,-0.9527,-0.9873,-0.9821,-0.9425,0.9527,0.9873,0.9323,0.9825,0.0,-0.8869,-0.9074,-0.825,420.0,0.0,60.0,270.0,330.0,1020.0,1020.0,1020.0,15.0,0.0,8.929,-0.714,16.3534,0.1337,0.0351,0.0559,0.9873,0.4968,,,,
281,2026-06-05T23:38:00+00:00,2026-06-05T23:52:30+00:00,14.5,-2.0,157.0,155.0,166.0,155.0,11.0,30,mixto,19:38,2026-06-05,,-0.069,0.5228,0.3448,0.2166,-0.2166,-0.0023,0.0783,0.3,-0.1667,0.1778,0.0783,0.0,0.0037,0.01,-0.01,0.0004,0.0037,-0.0,0.0002,0.0004,-0.0007,0.0,0.0002,10,8,0.069,0.1379,0.001035,0.005,0.0,0.001394,0.8562,872.63,60.181,436.315,29.088,1.003,0.997,746196.0,0.1778,0.0004,157.712,0.0783,0.0,1.8464,0.454,0.1418,0.6602,0.7498,1.4721,0.001111,0.002494,0.9356,0.8342,0.648,0.4589,1.7917,155.0,0.0,5.0,1.0941,-0.2711,157.0,0.0241,2,1,1,6.5,1.142,0.138,166.0,161.0,0.2166,0.0897,0.075,0.2242,-0.2166,-0.0897,-0.2925,-0.0195,0.0,-0.0284,-0.0941,0.3573,60.0,360.0,0.0,0.0,360.0,360.0,360.0,360.0,9.0,2.0,1.829,0.0,436.315,0.0123,0.0936,0.0361,0.3573,0.9719,,,,
282,2026-06-06T10:08:00+00:00,2026-06-06T10:23:30+00:00,15.5,-14.0,152.0,138.0,152.0,138.0,14.0,32,bajada,06:08,2026-06-06,,-0.129,0.7416,0.3548,0.9656,-0.9656,-0.0151,0.0528,0.1333,-0.1333,0.0933,0.0549,0.0,0.0029,0.0044,-0.0089,0.0002,0.0029,0.0,0.0002,0.0004,-0.0004,0.0,0.0002,11,14,0.0323,0.1613,0.000381,0.002222,0.0,0.000627,0.3657,931.394,60.09,66.528,29.106,1.0014,0.9986,645000.0,0.0933,0.0002,141.973,0.0549,0.0,1.8305,0.5307,0.1728,0.3636,0.8846,1.4062,0.001042,0.002391,0.9446,0.9151,0.7276,0.5992,1.7967,138.0,0.0,10.0,0.9099,-0.8382,141.154,0.0371,1,1,1,4.0,0.5,0.065,152.0,148.0,0.9656,0.985,0.9785,0.9574,-0.9656,-0.985,-0.953,-0.9689,0.0,0.8641,0.8809,0.8673,0.0,420.0,90.0,270.0,330.0,330.0,330.0,420.0,0.0,14.0,-2.057,0.0,66.5281,0.006,0.0628,0.0957,0.985,0.5113,,,,
283,2026-06-06T11:49:30+00:00,2026-06-06T12:05:30+00:00,16.0,-15.0,138.0,123.0,138.0,123.0,15.0,33,bajada,07:49,2026-06-06,,-0.0625,0.538,0.2812,0.9363,-0.9363,-0.0156,0.1,0.2333,-0.3,0.3278,0.1012,0.0001,0.0059,0.0167,-0.0178,0.0011,0.0059,-0.0,0.0004,0.001,-0.0011,0.0,0.0004,9,10,0.125,0.1875,0.000562,0.00416,0.0,0.001042,0.5481,964.849,60.303,64.323,29.238,1.0049,0.9951,521347.0,0.3278,0.0011,125.692,0.1012,1e-06,1.7455,0.5486,0.1171,0.8078,0.7471,1.3757,0.00101,0.003784,0.8447,0.7005,0.567,0.371,2.7064,123.0,0.0,2.0,1.6492,1.203,124.63,0.0369,1,2,1,6.0,0.625,0.062,129.0,123.0,0.9363,0.9843,0.9792,0.9269,-0.9363,-0.9843,-0.9063,-0.9894,0.0,0.8885,0.9201,0.7921,0.0,210.0,30.0,120.0,180.0,150.0,150.0,360.0,0.0,15.0,-1.371,0.0,64.3233,0.0205,0.0946,0.0336,0.9894,1.1113,,,,
284,2026-06-06T18:06:00+00:00,2026-06-06T18:20:00+00:00,14.0,-8.0,122.0,114.0,131.0,114.0,17.0,29,bajada,14:06,2026-06-06,,-0.0357,0.5079,0.2857,0.9099,-0.9099,-0.0095,0.1054,0.3,-0.3333,0.3133,0.1058,-0.0,0.0061,0.0111,-0.0211,0.001,0.0061,-0.0,0.0004,0.0011,-0.001,0.0,0.0004,8,7,0.0714,0.1071,0.000791,0.005276,0.0,0.001486,0.6131,844.597,60.328,105.575,29.124,1.0054,0.9946,392578.0,0.3133,0.001,116.349,0.1058,1e-06,1.3325,0.3816,0.1112,0.8242,0.717,1.5076,0.001149,0.003761,0.8782,0.7015,0.4597,0.3994,2.4908,114.0,0.0,5.0,1.8903,3.2367,115.6,0.0356,0,1,1,0.0,0.0,0.0,131.0,119.0,0.9099,0.9333,0.9193,0.905,-0.9099,-0.9333,-0.8953,-0.9277,0.0,0.8345,0.8464,0.8043,60.0,240.0,90.0,150.0,240.0,150.0,150.0,240.0,9.0,8.0,-0.6,-0.0,105.5746,0.0224,0.0917,0.0181,0.9333,1.2426,,,,
285,2026-06-06T20:22:00+00:00,2026-06-06T20:27:00+00:00,5.0,-4.0,114.0,110.0,114.0,110.0,4.0,11,bajada,16:22,2026-06-06,,-0.1,0.25,0.1,0.8864,-0.8864,-0.0133,0.04,0.0,-0.1333,0.0178,0.0422,0.0005,0.0014,0.0044,0.0,0.0,0.0015,-0.0,0.0,0.0,-0.0001,0.0,0.0001,1,1,0.0,0.1,0.000498,0.002207,0.0,0.000856,0.132,300.265,60.053,75.066,27.297,1.0008,0.9992,133996.0,0.0178,0.0,110.37,0.0422,0.0,0.4395,0.1947,0.2877,1.0,1.0,1.887,0.012121,0.009091,0.4,-0.01,-0.0375,-0.0833,2.3219,110.0,0.0,0.0,2.846,6.1,110.0,0.0104,0,0,1,0.0,0.0,0.0,114.0,110.0,0.8864,0.958,0.9581,0.8696,-0.8864,-0.958,-0.8472,-0.9878,0.0,0.8575,0.9038,0.7483,0.0,30.0,0.0,0.0,30.0,30.0,30.0,30.0,0.0,4.0,-8.0,-0.0,75.0662,0.0036,0.2877,0.025,0.9878,1.887,,,,
286,2026-06-06T23:58:30+00:00,2026-06-07T00:10:00+00:00,11.5,0.0,108.0,108.0,108.0,0.0,108.0,24,mixto,19:58,2026-06-06,,0.0,0.0819,0.1304,0.0304,-0.0304,0.0,1.0616,3.6,-3.6,25.92,1.0616,0.0,0.0627,0.24,-0.12,0.0864,0.0627,0.0002,0.0038,0.012,-0.012,0.0003,0.0038,3,3,0.0435,0.0435,0.00625,0.06,0.0,0.017275,3.6,854.179,74.276,854178500.307,35.591,1.2379,0.8078,268272.0,25.92,0.0864,105.726,1.0616,9.7e-05,0.2499,0.2052,0.2166,1.5407,0.8209,1.7194,0.001389,0.009028,0.4167,-0.0473,-0.0062,-0.0114,3.585,108.0,0.0,0.0,-4.5873,19.0435,108.0,0.2085,0,1,1,0.0,0.0,0.0,108.0,0.0,0.0304,0.0644,0.0851,0.0,-0.0304,-0.0644,-0.011,-0.0658,0.0,0.0629,0.0907,0.0,0.0,60.0,690.0,690.0,690.0,0.0,0.0,90.0,0.0,108.0,-21.6,0.0,854.179,2.2539,0.3337,0.0,0.0907,2.6491,,,,
287,2026-06-07T00:25:30+00:00,2026-06-07T00:37:30+00:00,12.0,-10.0,108.0,98.0,111.0,98.0,13.0,25,bajada,20:25,2026-06-06,,-0.0417,0.4615,0.25,0.9254,-0.9254,-0.0139,0.0838,0.1667,-0.2667,0.1733,0.085,-0.0001,0.0052,0.0144,-0.0133,0.0006,0.0052,0.0,0.0003,0.0009,-0.0009,0.0,0.0003,6,6,0.0833,0.125,0.000539,0.006021,0.0,0.00126,0.314,722.567,60.214,72.257,28.903,1.0035,0.9965,249136.0,0.1733,0.0006,99.827,0.085,1e-06,1.2554,0.4213,0.1252,0.6893,0.7711,1.486,0.001333,0.004106,0.8444,0.6883,0.3959,0.0345,2.6049,98.0,0.0,0.0,2.0208,2.6907,99.0,0.0367,0,0,1,0.0,0.0,0.0,111.0,98.0,0.9254,0.9773,0.9686,0.9196,-0.9254,-0.9773,-0.8937,-0.9885,0.0,0.8874,0.9183,0.78,30.0,180.0,0.0,60.0,120.0,180.0,180.0,180.0,3.0,10.0,-3.4,-0.0,72.2567,0.0144,0.0863,0.0192,0.9885,1.0243,,,,
288,2026-06-07T02:19:30+00:00,2026-06-07T02:30:30+00:00,11.0,41.0,98.0,139.0,139.0,98.0,41.0,23,subida,22:19,2026-06-06,,0.0455,0.2386,0.0909,-0.8927,0.8927,0.0621,0.2847,1.3667,0.0,1.8678,0.2914,0.0,0.0141,0.0456,-0.0456,0.0042,0.0141,-0.0001,0.0008,0.0015,-0.003,0.0,0.0008,2,2,0.0455,0.0,0.002043,0.022778,0.0,0.005253,1.0679,680.804,61.891,16.605,29.6,1.0295,0.9713,424949.0,1.8678,0.0042,135.927,0.2914,4e-06,0.4262,-0.0,0.1112,0.6381,1.0,1.7701,0.001449,0.005405,0.7775,0.5184,-0.0143,-0.0265,3.0029,139.0,0.0,0.0,-2.9318,6.5952,139.0,0.0853,0,0,1,0.0,0.0,0.0,139.0,98.0,-0.8927,-0.9612,-0.9595,-0.8872,0.8927,0.9612,0.8514,0.9801,0.0,-0.8773,-0.9214,-0.7436,60.0,0.0,0.0,0.0,60.0,60.0,60.0,60.0,0.0,0.0,32.8,0.0,16.605,0.1698,0.071,0.0109,0.9801,1.1295,25.0,0.33,0.0209,15.24
289,2026-06-07T04:08:00+00:00,2026-06-07T04:19:30+00:00,11.5,1.0,139.0,140.0,237.0,139.0,98.0,24,mixto,00:08,2026-06-07,,0.0,0.0779,0.1304,-0.0727,0.0727,0.0014,0.9584,3.2667,-3.2333,21.1256,0.9584,-0.0,0.0566,0.1089,-0.2167,0.0704,0.0566,-0.0002,0.0034,0.0108,-0.0109,0.0002,0.0034,3,3,0.0435,0.0435,0.005651,0.054444,0.0,0.01562,3.2517,834.022,72.524,834.022,34.751,1.2087,0.8273,506411.0,21.1256,0.0704,145.26,0.9584,4.2e-05,0.2499,0.2052,0.2166,1.53,0.822,1.7194,0.009722,0.009081,0.4104,-0.0568,-0.0059,-0.011,3.5847,140.0,0.0,0.0,4.5858,19.0346,140.0,0.1348,0,0,1,0.0,0.0,0.0,237.0,139.0,-0.0727,-0.1096,-0.13,-0.0426,0.0727,0.1096,0.0515,0.1117,0.0,-0.1041,-0.1337,-0.0347,60.0,0.0,0.0,0.0,90.0,90.0,90.0,90.0,97.0,0.0,20.2,0.0,834.022,1.837,0.3314,0.0,0.1337,2.6307,25.0,2.13,0.137,13.43
290,2026-06-07T08:31:30+00:00,2026-06-07T08:45:30+00:00,14.0,-15.0,138.0,123.0,138.0,123.0,15.0,29,bajada,04:31,2026-06-07,,-0.0714,0.5795,0.2857,0.943,-0.943,-0.0179,0.106,0.2333,-0.3667,0.3233,0.1075,0.0,0.0066,0.0144,-0.0178,0.0012,0.0066,0.0,0.0004,0.001,-0.0011,0.0,0.0004,8,8,0.0714,0.1429,0.000551,0.003056,0.0,0.000893,0.4457,844.752,60.339,56.317,29.129,1.0055,0.9945,461975.0,0.3233,0.0012,126.215,0.1075,1e-06,1.2804,0.5003,0.1112,0.7192,0.779,1.5076,0.001149,0.003501,0.8829,0.7547,0.5285,0.4103,2.3239,123.0,0.0,6.0,1.2955,-0.0257,125.4,0.042,0,1,1,0.0,0.0,0.0,138.0,130.0,0.943,0.9834,0.9762,0.932,-0.943,-0.9834,-0.9183,-0.9842,0.0,0.8853,0.9096,0.8176,0.0,240.0,60.0,120.0,180.0,90.0,90.0,240.0,0.0,15.0,-4.0,-0.0,56.3168,0.0231,0.08,0.0414,0.9842,1.0843,25.0,6.53,0.4192,9.04
291,2026-06-07T14:59:00+00:00,2026-06-07T15:14:00+00:00,15.0,-16.0,118.0,102.0,121.0,102.0,19.0,31,bajada,10:59,2026-06-07,,-0.1,0.53,0.2,0.9347,-0.9347,-0.0178,0.0918,0.2333,-0.3333,0.2622,0.0935,-0.0001,0.005,0.0111,-0.0156,0.0007,0.005,0.0,0.0003,0.0008,-0.0009,0.0,0.0003,6,7,0.0667,0.1667,0.000947,0.007115,0.0,0.00167,0.7741,903.866,60.258,56.492,29.157,1.0041,0.9959,340204.0,0.2622,0.0007,104.758,0.0935,1e-06,1.4149,0.5688,0.1221,0.7345,0.809,1.4383,0.001075,0.003663,0.8808,0.7372,0.4601,0.3609,2.7828,102.0,0.0,5.0,1.9608,3.1878,103.52,0.0465,1,1,1,7.0,0.5,0.067,109.0,102.0,0.9347,0.9858,0.9807,0.9258,-0.9347,-0.9858,-0.9031,-0.9915,0.0,0.8921,0.9249,0.7925,30.0,240.0,60.0,60.0,210.0,210.0,210.0,300.0,3.0,16.0,-4.743,-0.0,56.4916,0.0175,0.0897,0.053,0.9915,1.0564,25.0,12.98,0.834,2.58
292,2026-06-07T17:45:00+00:00,2026-06-07T17:56:00+00:00,11.0,44.0,102.0,146.0,146.0,102.0,44.0,23,subida,13:45,2026-06-07,,0.0455,0.2386,0.0909,-0.8927,0.8927,0.0667,0.3055,1.4667,0.0,2.1511,0.3127,0.0,0.0151,0.0489,-0.0489,0.0048,0.0151,-0.0001,0.0008,0.0016,-0.0033,0.0,0.0008,2,2,0.0455,0.0,0.002152,0.024444,0.0,0.005605,1.1179,683.254,62.114,15.529,29.707,1.0329,0.9681,468444.0,2.1511,0.0048,142.713,0.3127,5e-06,0.4262,-0.0,0.1112,0.6381,1.0,1.7701,0.001449,0.005405,0.7775,0.5184,-0.0143,-0.0265,3.0029,146.0,0.0,0.0,-2.9318,6.5952,146.0,0.0872,0,0,1,0.0,0.0,0.0,146.0,102.0,-0.8927,-0.9612,-0.9595,-0.8872,0.8927,0.9612,0.8514,0.9801,0.0,-0.8773,-0.9214,-0.7436,60.0,0.0,0.0,0.0,60.0,60.0,60.0,60.0,0.0,0.0,35.2,0.0,15.5285,0.1956,0.071,0.0109,0.9801,1.1295,26.0,0.08,0.0043,19.25
293,2026-06-07T19:50:00+00:00,2026-06-07T20:06:00+00:00,16.0,-8.0,146.0,138.0,158.0,138.0,20.0,33,bajada,15:50,2026-06-07,,-0.1562,0.6591,0.3438,0.7343,-0.7343,-0.0083,0.1007,0.4,-0.2,0.3267,0.101,0.0,0.0048,0.0133,-0.0133,0.0007,0.0048,-0.0,0.0003,0.0005,-0.0009,0.0,0.0003,11,9,0.0938,0.25,0.001159,0.006667,0.0,0.001755,1.0473,964.795,60.3,120.599,29.236,1.005,0.9951,675988.0,0.3267,0.0007,143.124,0.101,0.0,2.3834,0.6503,0.1418,0.6641,0.7161,1.3757,0.00101,0.001954,0.9688,0.9152,0.7397,0.6086,1.5735,138.0,0.0,10.0,0.9835,-0.473,141.963,0.0465,2,1,1,8.5,1.125,0.125,158.0,150.0,0.7343,0.6614,0.6453,0.7463,-0.7343,-0.6614,-0.7771,-0.6109,0.0,0.5099,0.4765,0.7597,60.0,450.0,300.0,360.0,390.0,150.0,150.0,450.0,12.0,8.0,2.343,0.0,120.5994,0.0204,0.0942,0.103,0.7771,0.9136,26.0,2.17,0.1121,17.17
294,2026-06-07T23:48:00+00:00,2026-06-08T00:03:00+00:00,15.0,-13.0,137.0,124.0,143.0,124.0,19.0,31,bajada,19:48,2026-06-07,,-0.1,0.6406,0.2333,0.946,-0.946,-0.0144,0.0914,0.2333,-0.2333,0.2567,0.0925,-0.0,0.0052,0.0144,-0.0144,0.0008,0.0052,-0.0,0.0003,0.0007,-0.0009,0.0,0.0003,7,10,0.0667,0.1667,0.000659,0.00361,0.0,0.00116,0.5625,903.809,60.254,69.524,29.155,1.0041,0.9959,506629.0,0.2567,0.0008,127.839,0.0925,1e-06,1.4139,0.5688,0.1286,0.6656,0.7576,1.4383,0.001075,0.002573,0.9307,0.8667,0.6591,0.4897,1.9375,124.0,0.0,7.5,1.1496,-0.1752,126.8,0.0451,1,1,1,7.0,0.688,0.067,137.0,130.0,0.946,0.9661,0.955,0.9374,-0.946,-0.9661,-0.9335,-0.9567,0.0,0.8573,0.8692,0.8375,60.0,300.0,240.0,180.0,180.0,210.0,210.0,300.0,6.0,13.0,-0.857,-0.0,69.5238,0.0171,0.0856,0.0641,0.9661,0.9573,26.0,6.13,0.3172,13.2
295,2026-06-08T05:38:00+00:00,2026-06-08T05:49:30+00:00,11.5,1.0,122.0,123.0,123.0,0.0,123.0,24,mixto,01:38,2026-06-08,,0.0,0.0851,0.1304,-0.0036,0.0036,0.0014,1.2041,4.1,-4.0667,33.3478,1.2041,0.0,0.0711,0.2722,-0.1367,0.1112,0.0711,0.0002,0.0043,0.0136,-0.0136,0.0004,0.0043,3,3,0.0435,0.0435,0.007084,0.068027,0.0,0.019562,4.0839,882.24,76.717,882.24,36.76,1.2786,0.7821,347477.0,33.3478,0.1112,120.325,1.2041,9.6e-05,0.2499,0.2052,0.2166,1.5261,0.8201,1.7194,0.001389,0.008984,0.4217,-0.0396,-0.0064,-0.0118,3.5848,123.0,0.0,0.0,-4.5864,19.0379,122.95,0.2085,0,0,1,0.0,0.0,0.0,123.0,0.0,-0.0036,0.028,0.0489,-0.0342,0.0036,-0.028,0.0216,-0.0288,0.0,0.0296,0.056,-0.0279,90.0,60.0,0.0,0.0,90.0,90.0,90.0,90.0,0.0,122.0,-23.8,-0.0,882.24,2.8998,0.3306,0.0,0.056,2.624,26.0,11.97,0.619,7.37
296,2026-06-08T09:22:00+00:00,2026-06-08T09:39:30+00:00,17.5,-21.0,123.0,102.0,129.0,102.0,27.0,36,bajada,05:22,2026-06-08,,-0.0571,0.7929,0.3143,0.9643,-0.9643,-0.02,0.1185,0.2333,-0.4667,0.5056,0.1202,0.0,0.0067,0.0189,-0.0233,0.0015,0.0067,-0.0,0.0004,0.0014,-0.001,0.0,0.0004,11,14,0.0857,0.1429,0.001112,0.0049,0.0,0.001409,1.1508,1057.357,60.42,50.35,29.371,1.0068,0.9932,437836.0,0.5056,0.0015,110.282,0.1202,1e-06,2.0986,0.4651,0.1733,0.4999,0.7947,1.8669,0.000926,0.00202,0.9395,0.9148,0.8131,0.6953,1.565,104.0,2.0,19.0,0.6137,-1.2572,109.0,0.0847,1,1,2,3.0,1.333,0.057,117.0,121.0,0.9643,0.9514,0.9465,0.9607,-0.9643,-0.9514,-0.9695,-0.9198,0.0,0.7902,0.8024,0.902,60.0,540.0,330.0,300.0,420.0,360.0,360.0,540.0,6.0,21.0,-1.286,-0.0,50.3503,0.0289,0.0866,0.0453,0.9695,0.9333,26.0,15.7,0.8121,3.63
297,2026-06-08T13:17:30+00:00,2026-06-08T14:00:30+00:00,43.0,13.0,102.0,115.0,139.0,0.0,139.0,87,subida,09:17,2026-06-08,,-0.1395,0.363,0.4767,-0.1414,0.1414,0.005,0.5575,3.5667,-3.4,26.73,0.5575,0.0,0.0264,0.1189,-0.1189,0.0593,0.0264,0.0,0.0015,0.0076,-0.0079,0.0002,0.0015,41,51,0.0581,0.1977,0.002872,0.056667,0.0,0.007972,6.646,2767.446,64.359,212.88,31.81,1.0726,0.9323,886442.0,26.73,0.0593,100.941,0.5575,3e-05,2.3181,0.5479,0.1611,0.1667,0.7923,1.6293,0.000383,0.002246,0.9401,0.8486,0.5442,0.2133,3.5443,98.0,17.0,34.0,-1.7403,3.9477,100.042,0.3058,2,2,8,27.0,4.999,0.047,139.0,0.0,-0.1414,-0.0407,-0.0327,-0.1699,0.1414,0.0407,0.1877,-0.0083,0.0,0.1666,0.1318,-0.2661,1680.0,60.0,330.0,210.0,2370.0,2100.0,2100.0,2370.0,24.0,102.0,9.456,-0.529,212.8805,0.6216,0.0269,0.0506,0.2661,0.2716,,,,
298,2026-06-08T17:06:30+00:00,2026-06-08T17:32:30+00:00,26.0,16.0,112.0,128.0,128.0,112.0,16.0,53,subida,13:06,2026-06-08,,0.1346,0.9761,0.2692,-0.9968,0.9968,0.0103,0.0266,0.1,0.0,0.0422,0.0285,-0.0,0.0014,0.0033,-0.0033,0.0001,0.0014,-0.0,0.0001,0.0001,-0.0002,0.0,0.0001,14,20,0.1346,0.0,0.000346,0.001111,0.0,0.000345,0.5327,1560.632,60.024,97.54,29.446,1.0004,0.9996,771903.0,0.0422,0.0001,120.682,0.0285,0.0,2.9075,-0.0,0.3567,0.0525,1.0,1.6211,0.000629,0.001731,0.9618,0.951,0.8617,0.7802,2.18,122.0,4.0,7.0,-0.1101,-1.243,120.581,0.0402,0,0,7,0.0,0.0,0.0,128.0,112.0,-0.9968,-0.978,-0.9819,-0.9873,0.9968,0.978,0.9904,0.9457,0.0,-0.7571,-0.7953,-0.9448,1440.0,0.0,330.0,540.0,960.0,1170.0,1170.0,1440.0,0.0,0.0,0.388,0.606,97.5395,0.0016,0.0187,0.1314,0.9968,0.0851,,,,
299,2026-06-08T21:20:00+00:00,2026-06-08T21:35:30+00:00,15.5,-21.0,152.0,131.0,155.0,129.0,26.0,32,bajada,17:20,2026-06-08,,0.0645,0.5271,0.3871,0.936,-0.936,-0.0226,0.1605,0.3333,-0.6,0.8144,0.1621,-0.0001,0.0092,0.0311,-0.0222,0.0025,0.0092,0.0,0.0005,0.0018,-0.0014,0.0,0.0005,12,11,0.1935,0.129,0.001522,0.007663,0.0,0.002051,1.3457,941.626,60.75,44.839,29.426,1.0122,0.9879,584075.0,0.8144,0.0025,135.101,0.1621,1e-06,1.6841,0.4268,0.1905,0.6644,0.7593,1.875,0.001042,0.003739,0.815,0.7135,0.6173,0.2257,2.6157,131.0,0.0,9.0,1.3991,0.7232,133.615,0.0538,3,1,2,6.333,0.915,0.194,149.0,144.0,0.936,0.9813,0.9746,0.9335,-0.936,-0.9813,-0.9087,-0.9822,0.0,0.8906,0.9155,0.8075,30.0,330.0,90.0,180.0,240.0,30.0,30.0,480.0,3.0,23.0,-6.857,-0.0,44.8393,0.0525,0.1266,0.034,0.9822,1.2457,,,,
300,2026-06-09T00:27:00+00:00,2026-06-09T00:46:00+00:00,19.0,-24.0,135.0,111.0,138.0,111.0,27.0,39,bajada,20:27,2026-06-08,,-0.0526,0.7506,0.3947,0.9636,-0.9636,-0.0211,0.0995,0.1667,-0.3,0.3933,0.1017,-0.0001,0.0054,0.0122,-0.0144,0.0011,0.0054,0.0,0.0003,0.0009,-0.0007,0.0,0.0003,15,15,0.1579,0.2105,0.001113,0.006568,0.0,0.001497,1.2035,1145.823,60.306,47.743,29.38,1.0049,0.9951,534854.0,0.3933,0.0011,117.108,0.1017,1e-06,2.3417,0.6806,0.1436,0.6312,0.7888,1.3552,0.000855,0.002655,0.9268,0.8553,0.6589,0.5522,2.4219,111.0,0.0,10.0,1.1404,0.4235,115.848,0.0636,3,3,1,5.667,0.655,0.158,129.0,116.0,0.9636,0.9924,0.9899,0.9538,-0.9636,-0.9924,-0.9433,-0.9827,0.0,0.8622,0.8959,0.8471,30.0,570.0,60.0,120.0,210.0,540.0,540.0,570.0,3.0,24.0,-4.0,0.0,47.7426,0.0207,0.0906,0.0395,0.9924,0.8554,,,,
301,2026-06-09T08:31:30+00:00,2026-06-09T08:48:30+00:00,17.0,-14.0,113.0,99.0,121.0,99.0,22.0,35,bajada,04:31,2026-06-09,,-0.1176,0.7229,0.2941,0.9351,-0.9351,-0.0137,0.0841,0.2667,-0.2333,0.2467,0.0852,-0.0,0.0045,0.0089,-0.0167,0.0007,0.0045,-0.0,0.0003,0.0008,-0.0009,0.0,0.0003,10,11,0.0588,0.1765,0.000577,0.004165,0.0,0.001009,0.5644,1023.66,60.215,73.119,29.247,1.0035,0.9965,385157.0,0.2467,0.0007,104.902,0.0852,1e-06,1.7873,0.5677,0.1895,0.472,0.772,1.319,0.000952,0.001844,0.9611,0.9368,0.8138,0.6458,1.4328,99.0,0.0,14.0,0.7028,-1.1122,103.897,0.0685,2,1,2,6.5,0.518,0.118,121.0,113.0,0.9351,0.9124,0.9056,0.9298,-0.9351,-0.9124,-0.9477,-0.8669,0.0,0.7604,0.7587,0.8961,240.0,450.0,330.0,360.0,420.0,120.0,120.0,450.0,8.0,14.0,-0.357,-0.0,73.1186,0.0145,0.0894,0.085,0.9477,0.6226,,,,
302,2026-06-09T12:14:30+00:00,2026-06-09T12:32:30+00:00,18.0,15.0,99.0,114.0,130.0,99.0,31.0,37,subida,08:14,2026-06-09,,-0.0556,0.1149,0.3611,-0.7496,0.7496,0.0139,0.1375,0.7333,-0.1667,0.6878,0.1382,-0.0,0.0061,0.0244,-0.0189,0.0013,0.0061,-0.0,0.0003,0.0004,-0.0014,0.0,0.0003,13,14,0.1389,0.1944,0.001326,0.012222,0.0,0.002409,1.2889,1089.442,60.525,72.629,29.444,1.0086,0.9914,508786.0,0.6878,0.0013,117.265,0.1382,1e-06,2.1765,0.6104,0.153,0.5546,0.8487,1.5488,0.000901,0.003182,0.9215,0.7191,0.2322,0.078,2.9169,114.0,0.0,8.0,-0.5367,1.1166,117.323,0.056,2,2,1,10.0,2.158,0.111,130.0,120.0,-0.7496,-0.8532,-0.8568,-0.7403,0.7496,0.8532,0.6872,0.8898,0.0,-0.8265,-0.8826,-0.5579,150.0,0.0,0.0,0.0,540.0,540.0,540.0,540.0,16.0,0.0,10.786,0.0,72.6295,0.0382,0.0849,0.0064,0.8898,0.859,,,,
303,2026-06-09T13:21:00+00:00,2026-06-09T13:34:00+00:00,13.0,-12.0,117.0,105.0,118.0,105.0,13.0,27,bajada,09:21,2026-06-09,,-0.0769,0.4965,0.2308,0.9311,-0.9311,-0.0154,0.0717,0.1667,-0.2333,0.14,0.0734,-0.0,0.0042,0.01,-0.0133,0.0004,0.0042,0.0,0.0003,0.0007,-0.0008,0.0,0.0003,6,6,0.0385,0.1154,0.000368,0.002222,0.0,0.000702,0.265,782.079,60.16,65.173,28.966,1.0025,0.9975,310238.0,0.14,0.0004,107.193,0.0734,0.0,1.0885,0.443,0.1112,0.4598,0.8447,1.4089,0.001235,0.003377,0.88,0.7877,0.4995,0.0962,2.3466,105.0,0.0,0.0,1.6936,1.2614,106.391,0.0391,0,0,1,0.0,0.0,0.0,118.0,105.0,0.9311,0.9817,0.9734,0.9246,-0.9311,-0.9817,-0.9001,-0.9924,0.0,0.8918,0.9216,0.7789,90.0,180.0,60.0,120.0,120.0,180.0,180.0,180.0,1.0,12.0,-2.2,-0.0,65.1732,0.0108,0.0511,0.0382,0.9924,0.6478,,,,
304,2026-06-09T17:14:30+00:00,2026-06-09T17:25:30+00:00,11.0,68.0,107.0,175.0,175.0,107.0,68.0,23,subida,13:14,2026-06-09,,0.0455,0.2386,0.0909,-0.8927,0.8927,0.103,0.4721,2.2667,0.0,5.1378,0.4833,0.0,0.0233,0.0756,-0.0756,0.0114,0.0233,-0.0001,0.0013,0.0025,-0.005,0.0,0.0013,2,2,0.0455,0.0,0.002939,0.037778,0.0,0.008457,1.4616,704.324,64.029,10.358,30.623,1.0615,0.942,666023.0,5.1378,0.0114,170.169,0.4833,8e-06,0.4262,-0.0,0.1112,0.6381,1.0,1.7701,0.001449,0.005405,0.7775,0.5184,-0.0143,-0.0265,3.0029,175.0,0.0,0.0,-2.9318,6.5952,175.0,0.1133,0,0,1,0.0,0.0,0.0,175.0,107.0,-0.8927,-0.9612,-0.9595,-0.8872,0.8927,0.9612,0.8514,0.9801,0.0,-0.8773,-0.9214,-0.7436,60.0,0.0,0.0,0.0,60.0,60.0,60.0,60.0,0.0,0.0,54.4,0.0,10.3577,0.4671,0.071,0.0109,0.9801,1.1295,27.0,0.04,0.0018,23.51
305,2026-06-09T18:51:30+00:00,2026-06-09T18:57:30+00:00,6.0,-2.0,179.0,177.0,179.0,174.0,5.0,13,mixto,14:51,2026-06-09,,0.0,0.0042,0.3333,0.6863,-0.6863,-0.0056,0.0558,0.1,-0.1667,0.0378,0.0561,0.0,0.0028,0.0056,-0.0056,0.0001,0.0028,0.0,0.0002,0.0004,-0.0002,0.0,0.0002,4,5,0.0833,0.0833,0.000788,0.002778,0.0,0.000896,0.2656,360.563,60.094,180.282,27.736,1.0015,0.9985,405542.0,0.0378,0.0001,176.623,0.0561,0.0,1.3347,0.335,0.47,0.6478,0.8451,2.2772,0.005128,0.005799,0.8905,0.431,-0.5798,-0.0363,2.0253,177.0,0.0,0.0,-0.4946,-0.5617,176.636,0.009,0,1,1,0.0,0.0,0.0,179.0,174.0,0.6863,0.7953,0.7874,0.6855,-0.6863,-0.7953,-0.6234,-0.8728,0.0,0.7761,0.8354,0.4873,0.0,60.0,0.0,0.0,150.0,150.0,150.0,150.0,0.0,5.0,-0.0,-0.0,180.2815,0.0063,0.3045,0.0,0.8728,1.4752,27.0,1.66,0.0704,21.89
306,2026-06-09T20:53:30+00:00,2026-06-09T21:11:00+00:00,17.5,-28.0,179.0,151.0,190.0,151.0,39.0,36,bajada,16:53,2026-06-09,,-0.0571,0.7066,0.3143,0.9394,-0.9394,-0.0267,0.144,0.2667,-0.5333,0.7511,0.1465,-0.0,0.0068,0.02,-0.0133,0.0016,0.0068,-0.0,0.0004,0.001,-0.001,0.0,0.0004,11,14,0.1429,0.2,0.00124,0.007663,0.0,0.001937,1.2723,1060.881,60.622,37.889,29.469,1.01,0.9901,944533.0,0.7511,0.0016,161.978,0.1465,1e-06,2.0365,0.622,0.1308,0.4252,0.7777,1.2925,0.000926,0.001814,0.968,0.9502,0.7943,0.6258,1.5999,151.0,0.0,17.5,0.9561,-0.7719,159.733,0.0876,2,1,1,10.5,1.653,0.114,190.0,155.0,0.9394,0.9323,0.921,0.9283,-0.9394,-0.9323,-0.9422,-0.9145,0.0,0.8001,0.8025,0.8614,210.0,480.0,0.0,270.0,420.0,330.0,330.0,480.0,11.0,28.0,2.857,0.0,37.8886,0.0429,0.0556,0.0403,0.9422,0.5496,27.0,3.69,0.1568,19.86
307,2026-06-10T01:14:30+00:00,2026-06-10T01:32:00+00:00,17.5,21.0,150.0,171.0,173.0,150.0,23.0,36,subida,21:14,2026-06-09,,-0.0286,0.7141,0.3714,-0.962,0.962,0.02,0.1268,0.5667,-0.2,0.5767,0.1284,0.0,0.0069,0.0211,-0.0211,0.0016,0.0069,-0.0,0.0004,0.0008,-0.0014,0.0,0.0004,13,15,0.1143,0.1429,0.001181,0.005269,0.0,0.001587,1.2342,1058.255,60.472,50.393,29.396,1.0077,0.9924,982906.0,0.5767,0.0016,165.236,0.1284,1e-06,1.7751,0.5624,0.1363,0.4769,0.8043,1.7233,0.000926,0.002778,0.9045,0.8414,0.6607,0.4875,2.1663,171.0,0.0,13.0,-0.7331,-1.0617,165.833,0.0468,2,3,1,6.0,1.262,0.114,162.0,152.0,-0.962,-0.9785,-0.9748,-0.9571,0.962,0.9785,0.9501,0.9617,0.0,-0.8443,-0.8674,-0.8627,450.0,0.0,60.0,180.0,180.0,390.0,390.0,480.0,2.0,0.0,2.643,0.0,50.3931,0.033,0.065,0.0204,0.9785,0.8218,27.0,8.04,0.3415,15.51
308,2026-06-10T08:58:00+00:00,2026-06-10T09:11:30+00:00,13.5,-12.0,172.0,160.0,172.0,160.0,12.0,28,bajada,04:58,2026-06-10,,-0.0741,0.5088,0.2222,0.9311,-0.9311,-0.0148,0.0663,0.1333,-0.2,0.1244,0.0679,0.0,0.0037,0.0067,-0.0089,0.0004,0.0037,0.0,0.0002,0.0005,-0.0005,0.0,0.0002,6,6,0.0741,0.1481,0.000571,0.003333,0.0,0.000927,0.4297,811.852,60.137,67.654,28.995,1.0022,0.9978,733896.0,0.1244,0.0004,161.897,0.0679,0.0,1.2988,0.558,0.1112,0.683,0.8278,1.3735,0.00119,0.004046,0.8404,0.7221,0.4387,0.2851,2.7176,160.0,0.0,1.0,1.8218,2.0874,161.167,0.0221,1,1,1,4.0,0.5,0.074,168.0,164.0,0.9311,0.9846,0.9796,0.9141,-0.9311,-0.9846,-0.8984,-0.994,0.0,0.8942,0.9267,0.785,0.0,210.0,120.0,60.0,90.0,210.0,210.0,210.0,0.0,12.0,-3.2,-0.0,67.6543,0.0092,0.0759,0.0377,0.994,0.9381,27.0,15.77,0.6695,7.78
309,2026-06-10T09:15:00+00:00,2026-06-10T09:28:30+00:00,13.5,-12.0,160.0,148.0,168.0,148.0,20.0,28,bajada,05:15,2026-06-10,,-0.1111,0.5528,0.3333,0.9365,-0.9365,-0.0148,0.0962,0.2667,-0.4,0.2556,0.0973,0.0,0.0056,0.0133,-0.0222,0.0008,0.0056,-0.0,0.0003,0.0012,-0.001,0.0,0.0003,9,9,0.037,0.1481,0.000591,0.005519,0.0,0.001351,0.4301,813.725,60.276,67.81,29.062,1.0045,0.9955,637306.0,0.2556,0.0008,150.867,0.0973,0.0,1.6391,0.4635,0.1252,0.5531,0.7973,1.3735,0.00119,0.00358,0.8935,0.7941,0.4619,0.2458,2.3837,148.0,0.0,3.75,1.9337,3.2021,149.917,0.0329,0,0,1,0.0,0.0,0.0,168.0,148.0,0.9365,0.9739,0.9628,0.9281,-0.9365,-0.9739,-0.9134,-0.9762,0.0,0.8768,0.8982,0.807,60.0,270.0,90.0,150.0,210.0,270.0,270.0,270.0,8.0,12.0,-2.4,-0.0,67.8104,0.0189,0.0692,0.0614,0.9762,0.7597,27.0,16.05,0.6815,7.5
310,2026-06-10T13:11:30+00:00,2026-06-10T13:26:00+00:00,14.5,-27.0,148.0,121.0,152.0,121.0,31.0,30,bajada,09:11,2026-06-10,,-0.1724,0.6226,0.2759,0.9475,-0.9475,-0.031,0.0844,0.1333,-0.3333,0.2344,0.0899,-0.0002,0.004,0.0078,-0.0156,0.0005,0.004,0.0,0.0002,0.0008,-0.0003,0.0,0.0002,8,10,0.0345,0.2069,0.000911,0.007575,0.0,0.001731,0.706,873.461,60.239,32.35,29.115,1.0035,0.9965,480588.0,0.2344,0.0005,126.569,0.0899,0.0,1.6071,0.574,0.1501,0.2632,0.9291,1.4721,0.001111,0.002759,0.9302,0.8739,0.5938,0.3091,2.3097,121.0,0.0,7.0,1.6567,1.5371,124.292,0.0692,0,0,1,0.0,0.0,0.0,152.0,121.0,0.9475,0.9927,0.9857,0.9413,-0.9475,-0.9927,-0.9195,-0.997,0.0,0.8942,0.9231,0.8041,30.0,360.0,60.0,150.0,180.0,270.0,270.0,360.0,4.0,27.0,-6.4,0.0,32.3504,0.0162,0.0395,0.1073,0.997,0.3875,27.0,19.99,0.8489,3.56
311,2026-06-10T14:20:00+00:00,2026-06-10T14:31:00+00:00,11.0,-10.0,123.0,113.0,123.0,113.0,10.0,23,bajada,10:20,2026-06-10,,-0.1364,0.4258,0.1364,0.9169,-0.9169,-0.0152,0.0411,0.0,-0.1667,0.0422,0.0438,0.0001,0.0017,0.0056,-0.0033,0.0001,0.0017,0.0,0.0001,0.0003,-0.0002,0.0,0.0001,3,5,0.0,0.1364,0.0003,0.001924,0.0,0.000545,0.1822,660.63,60.057,66.063,28.723,1.0008,0.9992,299980.0,0.0422,0.0001,114.204,0.0438,0.0,1.0534,0.3823,0.1418,0.4162,1.0,1.5734,0.001449,0.004514,0.7988,0.6606,0.3091,-0.0553,2.7382,113.0,0.0,0.0,2.3727,4.5287,113.474,0.0231,0,0,1,0.0,0.0,0.0,123.0,113.0,0.9169,0.9795,0.9763,0.9085,-0.9169,-0.9795,-0.8793,-0.995,0.0,0.8912,0.9305,0.7715,0.0,150.0,30.0,60.0,60.0,150.0,150.0,150.0,0.0,10.0,-5.2,0.0,66.063,0.0038,0.059,0.0581,0.995,0.6548,27.0,21.13,0.8974,2.42
312,2026-06-10T16:09:30+00:00,2026-06-10T16:23:30+00:00,14.0,-12.0,116.0,104.0,118.0,104.0,14.0,29,bajada,12:09,2026-06-10,,-0.1429,0.5324,0.2857,0.9364,-0.9364,-0.0143,0.1025,0.3,-0.3,0.3,0.1035,0.0002,0.0055,0.0167,-0.0133,0.0008,0.0055,-0.0,0.0003,0.0008,-0.001,0.0,0.0003,8,7,0.0714,0.2143,0.000894,0.005747,0.0,0.001476,0.7541,844.429,60.316,70.369,29.118,1.0052,0.9949,328870.0,0.3,0.0008,106.491,0.1035,1e-06,1.868,0.5921,0.1252,0.9131,0.7288,1.5076,0.001149,0.004228,0.8076,0.6365,0.574,0.3766,2.4705,104.0,0.0,3.0,1.6063,1.3394,105.76,0.0381,2,1,1,7.5,0.692,0.143,118.0,109.0,0.9364,0.9735,0.9702,0.9181,-0.9364,-0.9735,-0.9138,-0.9693,0.0,0.8706,0.8946,0.8184,120.0,300.0,210.0,30.0,240.0,30.0,30.0,300.0,2.0,12.0,0.4,-0.0,70.3691,0.0214,0.1143,0.0761,0.9735,1.3766,27.0,22.96,0.9749,0.59
313,2026-06-10T17:44:30+00:00,2026-06-10T17:56:00+00:00,11.5,61.0,104.0,165.0,165.0,104.0,61.0,24,subida,13:44,2026-06-10,,0.087,0.2665,0.087,-0.8972,0.8972,0.0884,0.3447,1.6667,0.0,2.9122,0.3558,0.0,0.0152,0.0556,-0.0433,0.0051,0.0152,-0.0001,0.0008,0.001,-0.0033,0.0,0.0008,2,2,0.087,0.0,0.002432,0.027778,0.0,0.006364,1.3346,720.263,62.632,11.808,30.011,1.0398,0.9617,617073.0,2.9122,0.0051,160.348,0.3558,5e-06,0.6584,-0.0,0.1112,0.5404,1.0,1.7194,0.001389,0.004871,0.8147,0.6057,-0.0154,-0.0284,2.9431,165.0,0.0,0.0,-2.9338,6.7556,164.45,0.1058,0,0,1,0.0,0.0,0.0,165.0,104.0,-0.8972,-0.9652,-0.963,-0.8974,0.8972,0.9652,0.8561,0.9797,0.0,-0.8821,-0.9249,-0.732,90.0,0.0,0.0,60.0,60.0,60.0,60.0,90.0,0.0,0.0,46.6,-0.0,11.8076,0.2532,0.0601,0.0232,0.9797,0.9292,28.0,0.24,0.0059,40.76
314,2026-06-10T20:42:30+00:00,2026-06-10T20:53:30+00:00,11.0,-3.0,168.0,165.0,168.0,162.0,6.0,23,mixto,16:42,2026-06-10,,-0.0455,0.1803,0.2273,0.8099,-0.8099,-0.0045,0.0571,0.1667,-0.2,0.0722,0.0573,0.0,0.0033,0.0122,-0.0067,0.0002,0.0033,0.0,0.0002,0.0006,-0.0006,0.0,0.0002,5,6,0.0455,0.0909,0.000458,0.003333,0.0,0.000907,0.2664,661.075,60.098,220.358,28.742,1.0016,0.9984,635824.0,0.0722,0.0002,166.266,0.0573,0.0,1.4906,0.3454,0.2199,0.8957,0.8022,1.9668,0.001449,0.00734,0.5243,0.1879,0.2289,0.0696,3.1285,167.0,0.0,2.0,-1.3119,1.7192,166.368,0.0082,1,0,2,2.0,6.35,0.091,167.0,162.0,0.8099,0.7982,0.8195,0.7851,-0.8099,-0.7982,-0.7916,-0.7683,0.0,0.5445,0.6137,0.7728,0.0,60.0,90.0,90.0,480.0,480.0,480.0,480.0,0.0,6.0,-1.8,-0.0,220.3583,0.0066,0.197,0.0082,0.8195,1.7617,28.0,3.21,0.0783,37.79
315,2026-06-10T22:00:30+00:00,2026-06-10T22:16:30+00:00,16.0,1.0,165.0,166.0,179.0,165.0,14.0,33,mixto,18:00,2026-06-10,,0.0312,0.3804,0.25,-0.3061,0.3061,0.001,0.0793,0.2667,-0.2,0.2011,0.0793,-0.0,0.0033,0.0089,-0.01,0.0003,0.0033,-0.0,0.0002,0.0004,-0.0004,0.0,0.0002,8,9,0.125,0.0938,0.000833,0.004444,0.0,0.00132,0.7577,962.984,60.186,962.984,29.181,1.0031,0.9969,942930.0,0.2011,0.0003,169.037,0.0793,0.0,1.4674,0.3415,0.1221,0.4067,0.8031,1.6815,0.00101,0.002,0.9652,0.8908,0.6183,0.3279,1.7451,166.0,0.0,7.0,1.0173,-0.7693,168.37,0.0283,1,1,1,13.0,4.49,0.062,179.0,175.0,-0.3061,-0.44,-0.4503,-0.2813,0.3061,0.44,0.2243,0.5013,0.0,-0.4803,-0.5595,-0.1124,210.0,0.0,0.0,0.0,360.0,360.0,360.0,360.0,13.0,0.0,5.714,0.0,962.984,0.0126,0.0497,0.0119,0.5595,0.6839,28.0,4.51,0.11,36.49
316,2026-06-11T04:37:30+00:00,2026-06-11T04:53:30+00:00,16.0,1.0,166.0,167.0,184.0,163.0,21.0,33,mixto,00:37,2026-06-11,,0.0625,0.2694,0.4062,-0.1281,0.1281,0.001,0.1171,0.3333,-0.3333,0.4389,0.1171,-0.0,0.0052,0.0111,-0.0122,0.0008,0.0052,-0.0,0.0003,0.0007,-0.0006,0.0,0.0003,13,15,0.1875,0.125,0.001334,0.007465,0.0,0.001874,1.2539,966.445,60.403,966.445,29.286,1.0067,0.9933,938402.0,0.4389,0.0008,168.631,0.1171,0.0,2.224,0.4591,0.6769,0.5588,0.764,1.9872,0.00101,0.002727,0.954,0.8125,0.4144,0.3088,2.3825,167.0,2.0,7.0,1.4891,1.6667,167.704,0.0319,1,3,2,18.0,1.4,0.062,184.0,163.0,-0.1281,-0.2118,-0.2384,-0.0859,0.1281,0.2118,0.0653,0.2408,0.0,-0.1724,-0.2622,-0.028,90.0,360.0,0.0,0.0,720.0,720.0,720.0,720.0,17.0,3.0,5.943,0.0,966.445,0.0274,0.3783,0.0168,0.2622,1.1104,28.0,11.12,0.2713,29.88
317,2026-06-11T09:42:30+00:00,2026-06-11T09:58:30+00:00,16.0,4.0,165.0,169.0,189.0,165.0,24.0,33,subida,05:42,2026-06-11,,0.0,0.0987,0.2188,-0.5158,0.5158,0.0042,0.1767,0.5,-0.5333,1.0,0.1768,0.0,0.0082,0.0178,-0.0278,0.0021,0.0082,-0.0,0.0005,0.0015,-0.001,0.0,0.0005,7,9,0.1562,0.1562,0.001852,0.01001,0.0,0.002774,1.7833,974.363,60.898,243.591,29.526,1.015,0.9853,964595.0,1.0,0.0021,170.968,0.1768,1e-06,1.7227,0.4591,0.2166,0.7861,0.74,1.8343,0.005051,0.004781,0.8709,0.5521,-0.2129,0.0085,3.1616,169.0,0.0,0.0,2.1551,3.6842,169.741,0.0324,2,1,1,19.5,1.005,0.125,189.0,166.0,-0.5158,-0.6149,-0.6216,-0.495,0.5158,0.6149,0.4559,0.649,0.0,-0.6061,-0.6648,-0.3463,150.0,0.0,270.0,240.0,240.0,360.0,360.0,360.0,20.0,0.0,10.457,-0.0,243.5908,0.0625,0.1703,0.0,0.6648,1.4419,28.0,16.21,0.3953,24.79
318,2026-06-11T14:19:00+00:00,2026-06-11T14:30:30+00:00,11.5,1.0,169.0,170.0,177.0,169.0,8.0,24,mixto,10:19,2026-06-11,,0.0,0.0345,0.1304,-0.4767,0.4767,0.0014,0.0739,0.2667,-0.2333,0.1256,0.0739,0.0,0.0044,0.0089,-0.0167,0.0004,0.0044,-0.0,0.0003,0.0008,-0.0009,0.0,0.0003,3,3,0.0435,0.0435,0.000462,0.004444,0.0,0.001223,0.2662,691.854,60.161,691.854,28.827,1.0027,0.9973,695351.0,0.1256,0.0004,170.214,0.0739,0.0,0.6584,0.2052,0.1112,1.4134,0.8349,1.7194,0.009722,0.009611,0.3452,-0.1523,-0.003,-0.0055,3.5442,170.0,0.0,0.0,4.2947,17.5012,170.0,0.0085,0,0,1,0.0,0.0,0.0,177.0,169.0,-0.4767,-0.5375,-0.5526,-0.4532,0.4767,0.5375,0.4408,0.5459,0.0,-0.4944,-0.5377,-0.3696,60.0,0.0,0.0,0.0,90.0,90.0,90.0,90.0,7.0,0.0,2.2,-0.0,691.854,0.0109,0.1572,0.0,0.5526,2.4302,28.0,20.82,0.5077,20.18
319,2026-06-11T14:48:30+00:00,2026-06-11T15:02:00+00:00,13.5,-9.0,174.0,165.0,174.0,163.0,11.0,28,bajada,10:48,2026-06-11,,-0.1111,0.3959,0.2963,0.9163,-0.9163,-0.0111,0.0388,0.0667,-0.15,0.0439,0.0403,0.0,0.0018,0.005,-0.0033,0.0001,0.0018,0.0,0.0001,0.0003,-0.0002,0.0,0.0001,8,10,0.037,0.1481,0.000405,0.001667,0.0,0.000514,0.3156,810.656,60.049,90.073,28.952,1.0007,0.9993,772705.25,0.0439,0.0001,166.122,0.0403,0.0,2.1011,0.476,0.2729,0.0997,0.9523,2.0603,0.00119,0.002686,0.927,0.8626,0.5813,0.2143,1.978,165.0,2.0,4.875,1.1273,0.11,165.688,0.0199,0,1,2,0.0,0.0,0.0,174.0,163.0,0.9163,0.9761,0.9658,0.9002,-0.9163,-0.9761,-0.8831,-0.9915,0.0,0.9199,0.9381,0.7586,0.0,240.0,60.0,150.0,210.0,480.0,480.0,480.0,0.0,11.0,-1.8,-0.0,90.0729,0.0033,0.0272,0.044,0.9915,0.2054,28.0,21.31,0.5197,19.69
320,2026-06-11T17:39:00+00:00,2026-06-11T17:54:00+00:00,15.0,-18.0,160.0,142.0,175.0,140.0,35.0,31,bajada,13:39,2026-06-11,,0.0333,0.5679,0.3333,0.8926,-0.8926,-0.02,0.1461,0.2333,-0.7,0.6528,0.1475,-0.0002,0.0076,0.0233,-0.0311,0.0017,0.0076,0.0,0.0005,0.0018,-0.0013,0.0,0.0005,10,13,0.1667,0.1333,0.000973,0.007183,0.0,0.001525,0.8966,909.041,60.603,50.502,29.324,1.0098,0.9903,685188.25,0.6528,0.0017,148.67,0.1475,1e-06,1.9723,0.4114,0.1299,0.2504,0.7823,1.9178,0.001075,0.002055,0.9626,0.925,0.733,0.4011,1.5749,142.0,2.0,12.0,1.1694,-0.215,146.62,0.0731,1,0,2,15.0,1.429,0.067,175.0,140.0,0.8926,0.895,0.8779,0.8776,-0.8926,-0.895,-0.8928,-0.8815,0.0,0.8019,0.7915,0.8052,180.0,330.0,210.0,270.0,300.0,300.0,300.0,540.0,15.0,20.0,2.971,0.0,50.5023,0.0435,0.0325,0.0189,0.895,0.4802,28.0,24.15,0.589,16.85
321,2026-06-11T22:24:30+00:00,2026-06-11T22:42:30+00:00,18.0,-10.0,142.0,132.0,157.0,130.0,27.0,37,bajada,18:24,2026-06-11,,-0.1111,0.6146,0.3333,0.7181,-0.7181,-0.0093,0.0894,0.3667,-0.2,0.2911,0.0899,0.0,0.0034,0.0122,-0.0078,0.0004,0.0034,-0.0,0.0002,0.0004,-0.0007,0.0,0.0002,12,14,0.0833,0.1944,0.001042,0.006111,0.0,0.001438,1.0647,1084.287,60.238,108.429,29.305,1.0039,0.9961,706128.0,0.2911,0.0004,138.147,0.0899,0.0,2.0475,0.5386,0.2787,0.231,0.7704,1.8303,0.000901,0.001379,0.9874,0.9767,0.8406,0.6461,1.2245,132.0,2.0,12.0,0.9205,-0.7579,136.871,0.067,1,0,2,15.0,3.909,0.056,157.0,130.0,0.7181,0.6565,0.636,0.7158,-0.7181,-0.6565,-0.7596,-0.6102,0.0,0.5462,0.5023,0.7295,90.0,480.0,360.0,360.0,390.0,780.0,780.0,780.0,15.0,12.0,4.214,0.0,108.4287,0.0162,0.0644,0.0683,0.7596,0.4228,28.0,28.91,0.7051,12.09
322,2026-06-12T05:00:30+00:00,2026-06-12T05:16:30+00:00,16.0,-6.0,128.0,122.0,136.0,121.0,15.0,33,bajada,01:00,2026-06-12,,-0.0625,0.4582,0.3125,0.8407,-0.8407,-0.0063,0.0948,0.2667,-0.2667,0.2889,0.095,-0.0,0.0048,0.01,-0.0144,0.0007,0.0048,-0.0,0.0003,0.0006,-0.0008,0.0,0.0003,10,13,0.125,0.1875,0.000969,0.004444,0.0,0.001388,0.8928,964.286,60.268,160.714,29.221,1.0044,0.9956,510402.0,0.2889,0.0007,124.365,0.095,1e-06,1.825,0.6313,0.1501,0.6295,0.6612,1.6815,0.00101,0.003412,0.899,0.7497,0.3938,0.0433,2.6696,122.0,0.0,3.0,1.5699,1.4872,123.556,0.0317,2,2,1,7.5,0.875,0.125,136.0,121.0,0.8407,0.8391,0.8246,0.8392,-0.8407,-0.8391,-0.8382,-0.8275,0.0,0.7132,0.7257,0.7665,60.0,210.0,180.0,300.0,300.0,450.0,450.0,450.0,8.0,7.0,1.714,-0.0,160.7143,0.0181,0.0945,0.0286,0.8407,1.0585,28.0,35.51,0.8661,5.49
323,2026-06-12T10:20:30+00:00,2026-06-12T10:36:00+00:00,15.5,-16.0,124.0,108.0,130.0,108.0,22.0,32,bajada,06:20,2026-06-12,,-0.129,0.6935,0.3871,0.959,-0.959,-0.0172,0.1164,0.2667,-0.3333,0.4289,0.1176,0.0001,0.007,0.0133,-0.02,0.0015,0.007,-0.0,0.0004,0.001,-0.0011,0.0,0.0004,12,14,0.0968,0.2258,0.001002,0.005519,0.0,0.001541,0.8792,936.306,60.407,58.519,29.26,1.0066,0.9934,410058.0,0.4289,0.0015,113.2,0.1176,1e-06,1.9238,0.6517,0.1844,0.7747,0.7402,1.7188,0.001042,0.004008,0.8505,0.7575,0.5333,0.3806,2.6359,110.0,2.0,4.5,1.4118,1.0767,112.154,0.0494,0,2,2,0.0,0.0,0.0,130.0,114.0,0.959,0.9816,0.9758,0.957,-0.959,-0.9816,-0.9392,-0.972,0.0,0.8513,0.8745,0.8558,60.0,810.0,90.0,150.0,330.0,330.0,330.0,810.0,6.0,16.0,-3.2,-0.571,58.5191,0.0277,0.1429,0.0895,0.9816,1.3316,28.0,40.84,0.9961,0.16
324,2026-06-12T15:03:30+00:00,2026-06-12T15:16:00+00:00,12.5,-25.0,167.0,142.0,167.0,139.0,28.0,26,bajada,11:03,2026-06-12,,-0.04,0.1196,0.24,0.8746,-0.8746,-0.0333,0.1523,0.1,-0.7333,0.6078,0.1559,0.0003,0.0069,0.0278,-0.0178,0.0011,0.0069,0.0,0.0004,0.0015,-0.001,0.0,0.0004,6,7,0.08,0.12,0.001091,0.008381,0.0,0.00218,0.7253,758.245,60.66,30.33,29.163,1.0104,0.9897,525944.0,0.6078,0.0011,142.227,0.1559,1e-06,1.3727,0.3482,0.2877,0.6621,0.9212,1.4463,0.001282,0.005143,0.7768,0.4937,0.1037,-0.0535,3.1275,139.0,0.0,3.0,3.0051,7.8382,140.364,0.046,1,1,2,3.0,1.0,0.08,142.0,139.0,0.8746,0.953,0.9514,0.8565,-0.8746,-0.953,-0.8303,-0.9764,0.0,0.8953,0.9357,0.7134,0.0,60.0,30.0,30.0,90.0,90.0,90.0,540.0,0.0,28.0,-13.8,-0.0,30.3298,0.0486,0.1905,0.0048,0.9764,0.9576,,,,
325,2026-06-12T17:20:30+00:00,2026-06-12T17:36:30+00:00,16.0,-9.0,138.0,129.0,148.0,127.0,21.0,33,bajada,13:20,2026-06-12,,0.0312,0.583,0.3125,0.8542,-0.8542,-0.0094,0.0997,0.2,-0.4,0.3211,0.1002,-0.0,0.0052,0.0167,-0.0178,0.0008,0.0052,-0.0,0.0003,0.0011,-0.0007,0.0,0.0003,10,13,0.125,0.0938,0.00098,0.003517,0.0,0.001206,0.9201,964.701,60.294,107.189,29.233,1.0049,0.9952,583618.0,0.3211,0.0008,132.986,0.1002,1e-06,1.6352,0.3415,0.2123,0.3821,0.7342,1.6815,0.00101,0.002199,0.9497,0.8905,0.7051,0.5021,1.7617,129.0,0.0,9.0,0.9708,-0.4144,132.111,0.0456,2,1,1,6.5,1.865,0.125,148.0,127.0,0.8542,0.8328,0.8166,0.8637,-0.8542,-0.8328,-0.868,-0.807,0.0,0.7221,0.7028,0.7987,150.0,360.0,180.0,330.0,480.0,480.0,480.0,480.0,10.0,11.0,3.886,-0.0,107.189,0.0201,0.0811,0.0182,0.868,0.6425,,,,
326,2026-06-12T23:46:00+00:00,2026-06-12T23:49:30+00:00,3.5,-1.0,133.0,132.0,136.0,132.0,4.0,8,mixto,19:46,2026-06-12,,0.0,0.254,0.4286,0.4292,-0.4292,-0.0048,0.0628,0.1,-0.1333,0.0278,0.063,0.0,0.0039,0.0044,-0.0078,0.0001,0.0039,-0.0,0.0003,0.0004,-0.0004,0.0,0.0003,3,3,0.1429,0.1429,0.000659,0.001944,0.0,0.000747,0.1332,210.415,60.119,210.415,26.302,1.002,0.998,140994.0,0.0278,0.0001,132.756,0.063,0.0,1.2988,0.4842,1.0986,1.0,0.7105,1.875,0.004167,0.009533,0.4044,0.0582,-0.2,-0.5556,1.8985,132.0,0.0,1.0,1.839,1.9671,132.333,0.0098,0,0,1,0.0,0.0,0.0,136.0,132.0,0.4292,0.3362,0.3445,0.4432,-0.4292,-0.3362,-0.4837,-0.202,0.0,0.1515,0.1129,0.5406,60.0,90.0,0.0,0.0,90.0,90.0,90.0,90.0,3.0,1.0,-0.0,0.0,210.415,0.0079,1.0986,0.0,0.5406,1.875,,,,
327,2026-06-13T00:23:30+00:00,2026-06-13T00:48:30+00:00,25.0,-62.0,129.0,67.0,143.0,0.0,143.0,51,bajada,20:23,2026-06-12,,-0.12,0.4877,0.26,0.7658,-0.7658,-0.0413,0.934,4.7,-4.3,43.7044,0.9349,-0.0,0.0537,0.3,-0.1567,0.1412,0.0537,0.0001,0.0032,0.0148,-0.0152,0.0005,0.0032,13,16,0.04,0.16,0.004617,0.071667,0.0,0.014741,5.9895,1748.421,69.937,28.2,34.283,1.1646,0.8586,630091.0,43.7044,0.1412,111.152,0.9349,6.9e-05,1.4942,0.5103,0.1202,0.7655,0.7985,1.7796,0.000654,0.002862,0.8376,0.7306,0.7223,0.6439,2.022,128.0,13.0,74.0,-0.4354,-1.0765,106.195,0.3616,1,0,2,76.0,12.82,0.04,143.0,0.0,0.7658,0.6681,0.6864,0.7555,-0.7658,-0.6681,-0.806,-0.5929,0.0,0.3492,0.4006,0.8467,510.0,60.0,810.0,870.0,870.0,60.0,60.0,900.0,14.0,129.0,10.873,-0.0,28.2003,1.7482,0.092,0.0585,0.8467,1.3623,,,,
328,2026-06-13T04:20:00+00:00,2026-06-13T04:35:00+00:00,15.0,46.0,64.0,110.0,112.0,58.0,54.0,31,subida,00:20,2026-06-13,,0.0,0.6376,0.2667,-0.9424,0.9424,0.0511,0.2431,1.2,-0.2,1.8511,0.2484,0.0,0.0106,0.0456,-0.0222,0.0032,0.0106,0.0,0.0006,0.0017,-0.0023,0.0,0.0006,8,8,0.1,0.1,0.001673,0.013531,0.0,0.003365,1.5064,922.742,61.516,20.06,29.766,1.0239,0.9766,300485.0,1.8511,0.0032,98.453,0.2484,6e-06,1.2803,0.4013,0.1532,0.2262,0.8944,1.7579,0.001075,0.002152,0.9571,0.9253,0.6967,0.4763,1.7032,110.0,0.0,45.0,-0.8984,-1.1344,98.6,0.2196,0,0,2,0.0,0.0,0.0,112.0,58.0,-0.9424,-0.9559,-0.9455,-0.9297,0.9424,0.9559,0.9342,0.9426,0.0,-0.8445,-0.8518,-0.8419,300.0,60.0,90.0,270.0,270.0,270.0,270.0,360.0,2.0,6.0,0.857,0.0,20.0596,0.1234,0.0347,0.0,0.9559,0.3976,,,,
329,2026-06-13T10:37:00+00:00,2026-06-13T10:48:30+00:00,11.5,-1.0,106.0,105.0,106.0,21.0,85.0,24,mixto,06:37,2026-06-13,,0.0,0.0773,0.1304,0.0791,-0.0791,-0.0014,0.8306,2.8,-2.8333,15.8678,0.8306,-0.0,0.049,0.1878,-0.0944,0.0529,0.049,0.0001,0.003,0.0094,-0.0094,0.0002,0.003,3,3,0.0435,0.0435,0.0049,0.047222,0.0,0.01354,2.8193,809.335,70.377,809.335,33.722,1.1729,0.8526,254438.0,15.8678,0.0529,102.964,0.8306,6.2e-05,0.2499,0.2052,0.2166,1.5284,0.8222,1.7194,0.009722,0.00909,0.4094,-0.0582,-0.0059,-0.0109,3.5846,105.0,0.0,0.0,-4.5853,19.0317,105.0,0.1654,0,0,1,0.0,0.0,0.0,106.0,21.0,0.0791,0.1165,0.1368,0.0491,-0.0791,-0.1165,-0.0577,-0.1186,0.0,0.1104,0.1403,0.04,0.0,60.0,0.0,0.0,90.0,90.0,90.0,90.0,0.0,85.0,-17.6,-0.0,809.335,1.3798,0.3311,0.0,0.1403,2.6279,,,,
330,2026-06-13T18:59:00+00:00,2026-06-13T19:05:30+00:00,6.5,0.0,119.0,119.0,119.0,114.0,5.0,14,mixto,14:59,2026-06-13,,0.0,0.0959,0.2308,0.0699,-0.0699,0.0,0.0654,0.1667,-0.1667,0.0556,0.0654,0.0,0.0039,0.0111,-0.0056,0.0002,0.0039,0.0,0.0002,0.0006,-0.0006,0.0,0.0002,3,3,0.0769,0.0769,0.000496,0.002778,0.0,0.000997,0.1667,390.828,60.127,390827625.303,27.916,1.0021,0.9979,197089.0,0.0556,0.0002,118.65,0.0654,0.0,0.3712,0.3159,0.4745,1.4977,0.792,1.9037,0.004762,0.009524,0.4286,-0.0888,-0.021,-0.0427,2.8074,119.0,0.0,0.0,-3.3282,9.0769,119.0,0.0109,0,1,1,0.0,0.0,0.0,119.0,114.0,0.0699,0.1361,0.1482,0.1132,-0.0699,-0.1361,-0.0306,-0.1961,0.0,0.1482,0.1978,0.0,0.0,60.0,390.0,390.0,390.0,0.0,0.0,90.0,0.0,5.0,-0.0,-0.0,390.828,0.0086,0.7107,0.0,0.1978,2.8512,,,,
331,2026-06-13T23:54:30+00:00,2026-06-14T00:00:00+00:00,5.5,-5.0,125.0,120.0,125.0,120.0,5.0,12,bajada,19:54,2026-06-13,,-0.1818,0.4101,0.0909,0.9121,-0.9121,-0.0152,0.0329,0.0,-0.1,0.0144,0.0362,0.0002,0.0011,0.0033,-0.0011,0.0,0.0011,0.0,0.0001,0.0001,-0.0001,0.0,0.0001,1,2,0.0,0.1818,0.000254,0.001384,0.0,0.00043,0.083,330.216,60.039,66.043,27.518,1.0005,0.9995,174754.0,0.0144,0.0,120.677,0.0362,0.0,0.8167,0.3567,0.2877,0.8115,1.0,1.7925,0.002778,0.006387,0.6263,0.4778,-0.062,-0.1329,2.1834,120.0,0.0,0.0,2.0563,2.6106,120.3,0.0128,0,0,1,0.0,0.0,0.0,125.0,120.0,0.9121,0.9771,0.9726,0.8999,-0.9121,-0.9771,-0.876,-0.9946,0.0,0.8794,0.9163,0.7424,0.0,60.0,30.0,30.0,60.0,60.0,60.0,60.0,0.0,5.0,-4.0,-0.0,66.0432,0.0026,0.2335,0.0746,0.9946,1.4546,,,,
332,2026-06-14T15:55:00+00:00,2026-06-14T16:14:30+00:00,19.5,23.0,108.0,131.0,135.0,0.0,135.0,40,subida,11:55,2026-06-14,,-0.1538,0.0625,0.6667,-0.2996,0.2996,0.0197,0.9264,4.3667,-3.6,33.4878,0.9266,-0.0,0.0444,0.1456,-0.1456,0.075,0.0444,0.0001,0.0023,0.008,-0.0097,0.0002,0.0023,26,33,0.1538,0.3077,0.00447,0.06,0.0,0.010531,4.4644,1376.123,70.57,59.831,34.403,1.1759,0.8504,550258.0,33.4878,0.075,117.288,0.9266,6.1e-05,1.5891,0.8031,0.3494,0.7023,0.7624,1.8627,0.0025,0.004992,0.8183,0.5341,-0.0011,-0.1074,3.6499,114.0,9.5,23.0,-3.1937,10.372,119.031,0.2476,1,3,1,30.0,6.311,0.051,135.0,0.0,-0.2996,-0.3076,-0.2925,-0.3284,0.2996,0.3076,0.271,0.3269,0.0,-0.242,-0.2539,-0.2484,210.0,60.0,510.0,450.0,360.0,450.0,450.0,1110.0,4.0,108.0,19.714,7.286,59.8314,1.7173,0.2454,0.0096,0.3284,1.3082,,,,
333,2026-06-14T17:49:30+00:00,2026-06-14T18:00:30+00:00,11.0,-14.0,108.0,94.0,108.0,94.0,14.0,23,bajada,13:49,2026-06-14,,-0.0909,0.4379,0.1818,0.9197,-0.9197,-0.0212,0.0838,0.0,-0.4,0.1644,0.0865,0.0,0.0042,0.0133,-0.0133,0.0004,0.0042,0.0,0.0002,0.0009,-0.0004,0.0,0.0002,4,5,0.0,0.0909,0.000805,0.006667,0.0,0.001637,0.4552,662.378,60.216,47.313,28.799,1.0034,0.9966,213444.0,0.1644,0.0004,96.334,0.0865,1e-06,1.3258,0.3454,0.2364,0.5025,1.0,1.9668,0.002899,0.005305,0.7783,0.5738,0.096,0.0703,2.9761,96.0,0.0,2.0,2.5937,5.4547,95.263,0.0389,0,0,2,0.0,0.0,0.0,108.0,94.0,0.9197,0.9738,0.9739,0.9154,-0.9197,-0.9738,-0.8841,-0.9829,0.0,0.8572,0.9054,0.7872,0.0,420.0,0.0,60.0,60.0,60.0,60.0,420.0,0.0,14.0,-9.6,-0.0,47.3127,0.0149,0.1188,0.0398,0.9829,0.9883,,,,
334,2026-06-14T20:45:00+00:00,2026-06-14T21:02:30+00:00,17.5,5.0,75.0,80.0,95.0,75.0,20.0,36,subida,16:45,2026-06-14,,0.0,0.2044,0.3714,-0.5785,0.5785,0.0048,0.1394,0.3333,-0.3,0.6811,0.1395,0.0,0.0072,0.02,-0.02,0.0018,0.0072,-0.0,0.0004,0.0013,-0.0013,0.0,0.0004,13,15,0.2,0.2,0.001272,0.006448,0.0,0.001783,1.29,1060.016,60.572,212.003,29.445,1.0095,0.9906,245978.0,0.6811,0.0018,82.66,0.1395,3e-06,2.6003,0.622,0.2849,0.6685,0.7158,1.7233,0.000926,0.003847,0.8818,0.664,0.1119,0.0679,2.9259,80.0,1.0,5.25,1.1013,0.2511,81.967,0.0624,3,2,1,10.333,1.091,0.171,95.0,78.0,-0.5785,-0.6917,-0.6991,-0.557,0.5785,0.6917,0.5095,0.7352,0.0,-0.6861,-0.7522,-0.3835,120.0,0.0,0.0,480.0,480.0,570.0,570.0,570.0,15.0,0.0,6.786,-0.0,212.0032,0.0389,0.1905,0.0,0.7522,1.152,,,,
335,2026-06-14T21:40:00+00:00,2026-06-14T21:51:30+00:00,11.5,-1.0,84.0,83.0,91.0,83.0,8.0,24,mixto,17:40,2026-06-14,,0.0,0.1351,0.1304,0.4708,-0.4708,-0.0014,0.0739,0.2333,-0.2667,0.1256,0.0739,0.0,0.0044,0.0089,-0.0167,0.0004,0.0044,-0.0,0.0003,0.0009,-0.0008,0.0,0.0003,3,3,0.0435,0.0435,0.000451,0.004165,0.0,0.001167,0.2662,691.854,60.161,691.854,28.827,1.0027,0.9973,167062.0,0.1256,0.0004,83.432,0.0739,1e-06,0.6584,0.2052,0.1112,1.3337,0.8066,1.5283,0.001389,0.008268,0.5031,0.0857,-0.0096,-0.0177,3.5455,83.0,0.0,0.0,4.3826,17.7644,83.05,0.0192,0,0,1,0.0,0.0,0.0,91.0,83.0,0.4708,0.4768,0.4563,0.4994,-0.4708,-0.4768,-0.466,-0.4836,0.0,0.4321,0.4299,0.4073,60.0,90.0,0.0,0.0,90.0,90.0,90.0,90.0,7.0,1.0,0.8,-0.0,691.854,0.0109,0.1483,0.0,0.4994,2.0383,,,,
336,2026-06-14T23:34:30+00:00,2026-06-15T00:01:00+00:00,26.5,-12.0,80.0,68.0,85.0,68.0,17.0,54,bajada,19:34,2026-06-14,,-0.0377,0.648,0.2642,0.9089,-0.9089,-0.0075,0.0968,0.3667,-0.3333,0.5,0.0971,-0.0,0.0055,0.0167,-0.0222,0.0016,0.0055,0.0,0.0003,0.0012,-0.0013,0.0,0.0003,14,18,0.0943,0.1321,0.000701,0.005535,0.0,0.001174,1.1357,1597.345,60.277,133.112,29.58,1.0046,0.9954,299461.0,0.5,0.0016,74.469,0.0971,2e-06,2.3386,0.499,0.209,0.5977,0.7044,1.7052,0.000617,0.002322,0.9007,0.8453,0.7962,0.6585,2.3582,76.0,4.0,10.0,-0.0607,-1.3858,74.091,0.0717,3,2,4,7.667,1.288,0.113,85.0,74.0,0.9089,0.8491,0.8627,0.8994,-0.9089,-0.8491,-0.9205,-0.7975,0.0,0.5312,0.6058,0.9217,630.0,990.0,120.0,690.0,690.0,210.0,210.0,990.0,5.0,12.0,-0.582,0.0,133.1121,0.0189,0.1249,0.0244,0.9217,1.0192,,,,
337,2026-06-15T01:38:30+00:00,2026-06-15T01:43:30+00:00,5.0,-4.0,66.0,62.0,66.0,62.0,4.0,11,bajada,21:38,2026-06-14,,-0.1,0.25,0.1,0.8864,-0.8864,-0.0133,0.04,0.0,-0.1333,0.0178,0.0422,0.0005,0.0014,0.0044,0.0,0.0,0.0015,-0.0,0.0,0.0,-0.0001,0.0,0.0001,1,1,0.0,0.1,0.000498,0.002207,0.0,0.000856,0.132,300.265,60.053,75.066,27.297,1.0008,0.9992,42796.0,0.0178,0.0,62.374,0.0422,0.0,0.4395,0.1947,0.2877,1.0,1.0,1.887,0.00303,0.009091,0.4,-0.01,-0.0375,-0.0833,2.3219,62.0,0.0,0.0,2.846,6.1,62.0,0.0184,0,0,1,0.0,0.0,0.0,66.0,62.0,0.8864,0.958,0.9581,0.8696,-0.8864,-0.958,-0.8472,-0.9878,0.0,0.8575,0.9038,0.7483,0.0,30.0,0.0,0.0,30.0,30.0,30.0,30.0,0.0,4.0,-8.0,-0.0,75.0662,0.0036,0.2877,0.025,0.9878,1.887,,,,
338,2026-06-15T02:10:00+00:00,2026-06-15T02:36:00+00:00,26.0,-2.0,59.0,57.0,126.0,54.0,72.0,53,mixto,22:10,2026-06-14,,0.0962,0.0289,0.3654,-0.1593,0.1593,-0.0013,0.3975,1.7,-2.2333,8.2156,0.3975,-0.0,0.0197,0.0789,-0.0822,0.0199,0.0197,-0.0,0.0011,0.0054,-0.0037,0.0001,0.0011,19,21,0.1923,0.0962,0.001728,0.01628,0.0,0.003571,2.7468,1637.577,62.984,818.788,30.898,1.0497,0.9526,217018.0,8.2156,0.0199,63.99,0.3975,3.8e-05,1.3958,0.4163,0.2533,0.5603,0.8062,1.6211,0.000629,0.004293,0.8393,0.5756,0.2482,0.2093,3.9324,59.0,2.0,6.0,3.9447,15.9709,60.326,0.2025,3,1,4,25.333,0.913,0.115,126.0,59.0,-0.1593,-0.2511,-0.231,-0.161,0.1593,0.2511,0.1228,0.2975,0.0,-0.4664,-0.394,-0.0209,780.0,960.0,0.0,0.0,1110.0,1110.0,1110.0,1110.0,67.0,5.0,0.582,-0.0,818.7885,0.316,0.1419,0.0028,0.4664,0.9083,,,,
339,2026-06-15T02:47:30+00:00,2026-06-15T02:58:30+00:00,11.0,6.0,61.0,67.0,67.0,61.0,6.0,23,subida,22:47,2026-06-14,,0.1364,0.8439,0.2727,-0.9778,0.9778,0.0091,0.0229,0.0667,0.0,0.0133,0.0246,0.0,0.0012,0.0022,-0.0022,0.0,0.0012,-0.0,0.0001,0.0001,-0.0001,0.0,0.0001,6,8,0.1364,0.0,0.000314,0.001111,0.0,0.00032,0.1998,660.2,60.018,110.033,28.704,1.0003,0.9997,95167.0,0.0133,0.0,64.325,0.0246,0.0,1.7209,-0.0,0.2657,0.2707,1.0,1.9668,0.001449,0.004297,0.8625,0.7862,0.4194,0.3362,2.6195,65.0,2.0,2.0,-0.2547,-0.3948,64.368,0.0253,0,0,3,0.0,0.0,0.0,67.0,61.0,-0.9778,-0.9813,-0.9846,-0.9808,0.9778,0.9813,0.9587,0.9558,0.0,-0.789,-0.8179,-0.9035,600.0,0.0,60.0,60.0,270.0,600.0,600.0,600.0,0.0,0.0,1.6,1.2,110.0333,0.0012,0.0719,0.1151,0.9846,0.5324,,,,
340,2026-06-15T03:31:00+00:00,2026-06-15T03:47:30+00:00,16.5,11.0,76.0,87.0,87.0,76.0,11.0,34,subida,23:31,2026-06-14,,0.1515,0.9438,0.303,-0.9918,0.9918,0.0111,0.0268,0.1,0.0,0.0278,0.029,0.0,0.0014,0.0033,-0.0033,0.0001,0.0014,-0.0,0.0001,0.0001,-0.0002,0.0,0.0001,10,14,0.1515,0.0,0.000375,0.001111,0.0,0.000336,0.3663,990.416,60.025,90.038,29.13,1.0004,0.9996,229622.0,0.0278,0.0001,82.18,0.029,0.0,2.3939,-0.0,0.3234,0.1283,1.0,1.7956,0.00098,0.0027,0.935,0.9032,0.7291,0.6377,2.2775,82.0,3.0,5.0,-0.2243,-1.1011,82.179,0.039,0,0,5,0.0,0.0,0.0,87.0,76.0,-0.9918,-0.9843,-0.9872,-0.9856,0.9918,0.9843,0.9818,0.9565,0.0,-0.7767,-0.8158,-0.9242,930.0,0.0,60.0,390.0,600.0,540.0,540.0,930.0,0.0,0.0,0.914,1.029,90.0378,0.0017,0.0415,0.143,0.9918,0.2304,,,,
341,2026-06-15T04:55:30+00:00,2026-06-15T05:07:00+00:00,11.5,26.0,89.0,115.0,115.0,83.0,32.0,24,subida,00:55,2026-06-15,,0.0,0.3205,0.1304,-0.9033,0.9033,0.0377,0.2231,1.0667,-0.2,1.1778,0.2263,0.0,0.0119,0.0422,-0.0356,0.0031,0.0119,0.0,0.0007,0.0016,-0.0026,0.0,0.0007,3,3,0.0435,0.0435,0.001352,0.008889,0.0,0.002799,0.9236,704.458,61.257,27.095,29.352,1.0202,0.9802,300456.0,1.1778,0.0031,111.888,0.2263,4e-06,0.6584,0.2052,0.1112,0.5018,0.8933,1.7194,0.001389,0.004832,0.8561,0.6479,-0.0202,-0.0372,2.8142,115.0,0.0,0.0,-2.3221,3.5083,113.7,0.0835,0,0,1,0.0,0.0,0.0,115.0,83.0,-0.9033,-0.9645,-0.9576,-0.9105,0.9033,0.9645,0.866,0.9789,0.0,-0.8806,-0.9177,-0.7427,90.0,60.0,0.0,0.0,90.0,90.0,90.0,90.0,0.0,6.0,14.4,0.0,27.0945,0.1024,0.0558,0.0,0.9789,0.8628,,,,
342,2026-06-15T09:23:00+00:00,2026-06-15T09:34:00+00:00,11.0,-3.0,140.0,137.0,140.0,134.0,6.0,23,mixto,05:23,2026-06-15,,0.0,0.0481,0.1364,0.8416,-0.8416,-0.0045,0.0475,0.1,-0.2,0.05,0.0477,0.0,0.0027,0.01,-0.0067,0.0002,0.0027,0.0,0.0002,0.0006,-0.0004,0.0,0.0002,3,3,0.0455,0.0455,0.000361,0.003333,0.0,0.000844,0.1993,660.744,60.068,220.248,28.728,1.0011,0.9989,432536.0,0.05,0.0002,137.135,0.0477,0.0,0.6784,0.2124,0.1178,1.0884,0.8855,1.5734,0.008696,0.008451,0.4557,-0.0007,-0.0022,-0.0041,3.3058,137.0,0.0,0.0,0.5778,4.5251,137.0,0.0078,0,0,1,0.0,0.0,0.0,140.0,134.0,0.8416,0.9131,0.9157,0.8299,-0.8416,-0.9131,-0.7988,-0.9326,0.0,0.8343,0.8816,0.6956,0.0,60.0,0.0,0.0,90.0,90.0,90.0,90.0,0.0,6.0,-3.0,-0.0,220.248,0.0045,0.1282,0.0,0.9326,1.7125,,,,
343,2026-06-15T11:30:00+00:00,2026-06-15T11:47:00+00:00,17.0,-11.0,141.0,130.0,153.0,128.0,25.0,35,bajada,07:30,2026-06-15,,-0.0588,0.6228,0.4412,0.7934,-0.7934,-0.0108,0.1128,0.4,-0.3667,0.4367,0.1133,0.0,0.0057,0.0133,-0.0167,0.0011,0.0057,-0.0,0.0003,0.0008,-0.001,0.0,0.0003,15,15,0.0882,0.1471,0.001044,0.006667,0.0,0.001596,0.9966,1026.366,60.374,93.306,29.325,1.0062,0.9939,647479.0,0.4367,0.0011,136.012,0.1133,1e-06,1.9336,0.5019,0.2624,0.3514,0.7345,1.9052,0.000952,0.001742,0.9703,0.9384,0.7852,0.5886,1.4203,130.0,2.0,14.0,0.7112,-1.1715,134.966,0.0631,2,1,2,8.0,1.545,0.118,153.0,144.0,0.7934,0.7426,0.7266,0.7968,-0.7934,-0.7426,-0.827,-0.6852,0.0,0.6198,0.5848,0.7981,60.0,420.0,360.0,360.0,660.0,660.0,660.0,660.0,12.0,13.0,2.357,-0.0,93.306,0.0257,0.0922,0.0366,0.827,0.6695,,,,
344,2026-06-15T14:51:30+00:00,2026-06-15T15:02:30+00:00,11.0,-13.0,129.0,116.0,129.0,116.0,13.0,23,bajada,10:51,2026-06-15,,-0.0455,0.2386,0.0909,0.8927,-0.8927,-0.0197,0.0903,0.0,-0.4333,0.1878,0.0924,0.0,0.0045,0.0144,-0.0144,0.0004,0.0045,0.0,0.0002,0.001,-0.0005,0.0,0.0002,2,2,0.0,0.0455,0.000764,0.007222,0.0,0.0018,0.4189,662.696,60.245,50.977,28.813,1.0039,0.9961,315858.0,0.1878,0.0004,117.188,0.0924,1e-06,0.4262,0.2124,0.1112,0.6381,1.0,1.5734,0.001449,0.005405,0.7775,0.5184,-0.0143,-0.0265,3.0029,116.0,0.0,0.0,2.9318,6.5952,116.0,0.0313,0,0,1,0.0,0.0,0.0,129.0,116.0,0.8927,0.9612,0.9595,0.8872,-0.8927,-0.9612,-0.8514,-0.9801,0.0,0.8773,0.9214,0.7436,0.0,60.0,0.0,0.0,60.0,60.0,60.0,60.0,0.0,13.0,-10.4,-0.0,50.9766,0.0171,0.071,0.0109,0.9801,1.004,,,,
345,2026-06-15T15:06:00+00:00,2026-06-15T15:10:30+00:00,4.5,2.0,116.0,118.0,121.0,116.0,5.0,10,mixto,11:06,2026-06-15,,0.0,0.0518,0.3333,-0.7648,0.7648,0.0074,0.0644,0.1667,-0.1,0.0378,0.0648,-0.0,0.0039,0.0056,-0.0089,0.0001,0.0039,-0.0,0.0002,0.0004,-0.0005,0.0,0.0002,3,3,0.1111,0.1111,0.000693,0.002778,0.0,0.000956,0.1663,270.563,60.125,135.282,27.056,1.0021,0.9979,139021.0,0.0378,0.0001,117.907,0.0648,0.0,1.1568,0.4106,0.5108,1.0,0.8305,2.3253,0.01,0.009586,0.3992,-0.1256,-0.0025,-0.0059,2.1821,118.0,0.0,0.0,0.7319,1.1461,117.75,0.011,0,0,1,0.0,0.0,0.0,121.0,116.0,-0.7648,-0.8447,-0.8366,-0.7625,0.7648,0.8447,0.7201,0.9086,0.0,-0.7803,-0.8236,-0.6048,60.0,0.0,0.0,0.0,90.0,90.0,90.0,90.0,3.0,0.0,-0.0,-0.0,135.2815,0.0084,0.5108,0.0,0.9086,2.3253,,,,
346,2026-06-15T20:07:30+00:00,2026-06-15T20:25:00+00:00,17.5,-9.0,111.0,102.0,127.0,100.0,27.0,36,bajada,16:07,2026-06-15,,0.0286,0.5948,0.4286,0.6915,-0.6915,-0.0086,0.1837,0.4333,-0.5333,1.1833,0.1839,0.0,0.0103,0.0178,-0.0278,0.0036,0.0103,-0.0,0.0006,0.0015,-0.0015,0.0,0.0006,15,15,0.1714,0.1429,0.00172,0.006365,0.0,0.002132,1.7658,1066.947,60.968,118.55,29.637,1.0161,0.9842,420026.0,1.1833,0.0036,108.016,0.1839,3e-06,1.8436,0.534,0.1744,0.7611,0.6706,1.5797,0.000926,0.00282,0.8828,0.7785,0.7239,0.5605,2.1022,102.0,1.0,10.5,0.9641,-0.2932,106.733,0.0739,3,2,1,12.0,0.681,0.171,127.0,111.0,0.6915,0.6171,0.6028,0.6963,-0.6915,-0.6171,-0.7353,-0.5645,0.0,0.4681,0.435,0.7275,150.0,450.0,0.0,0.0,540.0,540.0,540.0,540.0,16.0,11.0,2.0,-0.0,118.5497,0.0676,0.1327,0.017,0.7353,1.2023,,,,
347,2026-06-16T00:37:30+00:00,2026-06-16T00:48:30+00:00,11.0,8.0,110.0,118.0,118.0,110.0,8.0,23,subida,20:37,2026-06-15,,0.0455,0.2386,0.0909,-0.8927,0.8927,0.0121,0.0555,0.2667,0.0,0.0711,0.0569,0.0,0.0027,0.0089,-0.0089,0.0002,0.0027,-0.0,0.0001,0.0003,-0.0006,0.0,0.0001,2,2,0.0455,0.0,0.000478,0.004444,0.0,0.001119,0.2632,661.048,60.095,82.631,28.741,1.0015,0.9985,316604.0,0.0711,0.0002,117.326,0.0569,0.0,0.4262,-0.0,0.1112,0.6381,1.0,1.7701,0.001449,0.005405,0.7775,0.5184,-0.0143,-0.0265,3.0029,118.0,0.0,0.0,-2.9318,6.5952,118.0,0.0192,0,0,1,0.0,0.0,0.0,118.0,110.0,-0.8927,-0.9612,-0.9595,-0.8872,0.8927,0.9612,0.8514,0.9801,0.0,-0.8773,-0.9214,-0.7436,60.0,0.0,0.0,0.0,60.0,60.0,60.0,60.0,0.0,0.0,6.4,0.0,82.631,0.0065,0.071,0.0109,0.9801,1.1295,,,,
348,2026-06-16T02:37:30+00:00,2026-06-16T02:51:00+00:00,13.5,-15.0,118.0,103.0,118.0,103.0,15.0,28,bajada,22:37,2026-06-15,,-0.037,0.5779,0.3333,0.9383,-0.9383,-0.0185,0.0857,0.1,-0.3667,0.2078,0.0877,0.0,0.0045,0.0144,-0.0122,0.0005,0.0045,0.0,0.0003,0.0009,-0.0006,0.0,0.0003,9,9,0.0741,0.1111,0.00097,0.006111,0.0,0.001509,0.7227,813.042,60.225,54.203,29.037,1.0036,0.9964,317176.0,0.2078,0.0005,106.432,0.0877,1e-06,1.9462,0.3908,0.1803,0.6171,0.8671,1.8886,0.00119,0.004668,0.8126,0.6476,0.3295,0.4397,3.0001,105.0,0.0,0.5,1.8573,2.6264,105.667,0.0375,1,1,2,5.0,1.095,0.074,112.0,107.0,0.9383,0.9822,0.9818,0.9212,-0.9383,-0.9822,-0.906,-0.9854,0.0,0.8629,0.9003,0.8056,0.0,660.0,150.0,90.0,60.0,210.0,210.0,660.0,0.0,15.0,-5.4,-0.0,54.2028,0.0154,0.1113,0.0214,0.9854,1.1655,,,,
349,2026-06-16T04:48:00+00:00,2026-06-16T04:59:00+00:00,11.0,9.0,98.0,107.0,107.0,98.0,9.0,23,subida,00:48,2026-06-16,,0.0455,0.2386,0.0909,-0.8927,0.8927,0.0136,0.0625,0.3,0.0,0.09,0.064,0.0,0.0031,0.01,-0.01,0.0002,0.0031,-0.0,0.0002,0.0003,-0.0007,0.0,0.0002,2,2,0.0455,0.0,0.000536,0.005,0.0,0.001257,0.2951,661.321,60.12,73.48,28.753,1.0019,0.9981,259637.0,0.09,0.0002,106.248,0.064,0.0,0.4262,-0.0,0.1112,0.6381,1.0,1.7701,0.001449,0.005405,0.7775,0.5184,-0.0143,-0.0265,3.0029,107.0,0.0,0.0,-2.9318,6.5952,107.0,0.0239,0,0,1,0.0,0.0,0.0,107.0,98.0,-0.8927,-0.9612,-0.9595,-0.8872,0.8927,0.9612,0.8514,0.9801,0.0,-0.8773,-0.9214,-0.7436,60.0,0.0,0.0,0.0,60.0,60.0,60.0,60.0,0.0,0.0,7.2,-0.0,73.4801,0.0082,0.071,0.0109,0.9801,1.1295,,,,
350,2026-06-16T08:17:30+00:00,2026-06-16T08:32:30+00:00,15.0,-24.0,112.0,88.0,112.0,88.0,24.0,31,bajada,04:17,2026-06-16,,-0.1667,0.7446,0.3,0.9572,-0.9572,-0.0267,0.0707,0.1,-0.2333,0.1711,0.0755,0.0001,0.0037,0.0111,-0.0078,0.0004,0.0037,0.0,0.0002,0.0006,-0.0006,0.0,0.0002,9,12,0.0333,0.2,0.000604,0.002189,0.0,0.000761,0.5292,902.541,60.169,37.606,29.114,1.0025,0.9975,269342.0,0.1711,0.0004,93.212,0.0755,1e-06,1.8379,0.5844,0.1769,0.3558,0.939,1.4383,0.001075,0.003025,0.8993,0.835,0.6507,0.5186,2.3093,88.0,0.0,10.0,1.2447,0.6042,91.8,0.0725,1,0,1,3.0,0.5,0.067,96.0,88.0,0.9572,0.9956,0.9929,0.9475,-0.9572,-0.9956,-0.9327,-0.9918,0.0,0.881,0.9125,0.8319,0.0,420.0,30.0,120.0,240.0,390.0,390.0,420.0,0.0,24.0,-4.971,-0.0,37.6059,0.0114,0.0629,0.1241,0.9956,0.5117,,,,
351,2026-06-16T12:50:30+00:00,2026-06-16T13:04:30+00:00,14.0,-8.0,88.0,80.0,103.0,80.0,23.0,29,bajada,08:50,2026-06-16,,-0.1071,0.4618,0.2143,0.816,-0.816,-0.0095,0.1455,0.5,-0.3667,0.5956,0.1458,0.0,0.0074,0.0167,-0.0222,0.0015,0.0074,-0.0,0.0004,0.001,-0.0013,0.0,0.0004,6,5,0.0714,0.1786,0.001496,0.008333,0.0,0.00258,1.1767,848.609,60.615,106.076,29.262,1.0102,0.9899,201445.0,0.5956,0.0015,83.345,0.1458,3e-06,1.4444,0.5042,0.1178,0.942,0.7244,1.5076,0.001149,0.003461,0.9173,0.7406,0.3965,0.3474,2.5587,80.0,0.0,5.0,2.0286,3.3331,82.0,0.0706,1,1,1,15.0,0.889,0.071,103.0,85.0,0.816,0.814,0.7938,0.823,-0.816,-0.814,-0.8167,-0.7981,0.0,0.7179,0.7121,0.7451,60.0,270.0,150.0,150.0,240.0,270.0,270.0,270.0,15.0,8.0,2.4,-0.0,106.0761,0.0425,0.111,0.0495,0.823,1.4202,,,,
352,2026-06-16T14:56:30+00:00,2026-06-16T15:07:30+00:00,11.0,55.0,80.0,135.0,137.0,80.0,57.0,23,subida,10:56,2026-06-16,,0.0,0.1954,0.1818,-0.8856,0.8856,0.0833,0.3967,1.9,-0.0667,3.6144,0.4053,0.0,0.0196,0.0633,-0.0633,0.008,0.0196,-0.0001,0.0011,0.0021,-0.0042,0.0,0.0011,4,5,0.0455,0.0455,0.002686,0.031667,0.0,0.007106,1.3786,694.479,63.134,12.627,30.195,1.0486,0.9536,401509.0,3.6144,0.008,132.125,0.4053,9e-06,0.4262,0.2124,0.1112,0.6035,0.9891,1.7701,0.001449,0.005386,0.7797,0.511,-0.031,-0.0462,3.0003,135.0,2.0,2.0,-2.9124,6.5276,135.947,0.1206,0,0,2,0.0,0.0,0.0,137.0,80.0,-0.8856,-0.9573,-0.9553,-0.8802,0.8856,0.9573,0.8429,0.9785,0.0,-0.8803,-0.9236,-0.7329,60.0,0.0,0.0,0.0,390.0,390.0,390.0,390.0,2.0,0.0,45.6,0.0,12.6269,0.3286,0.0671,0.0,0.9785,1.0683,,,,
353,2026-06-16T16:22:30+00:00,2026-06-16T16:34:00+00:00,11.5,-1.0,137.0,136.0,148.0,136.0,12.0,24,mixto,12:22,2026-06-16,,0.0,0.1167,0.1304,0.3203,-0.3203,-0.0014,0.1131,0.3667,-0.4,0.2944,0.1131,0.0,0.0067,0.0133,-0.0256,0.001,0.0067,-0.0,0.0004,0.0013,-0.0013,0.0,0.0004,3,3,0.0435,0.0435,0.000682,0.006386,0.0,0.001805,0.399,694.264,60.371,694.264,28.928,1.0062,0.9939,447858.0,0.2944,0.001,136.604,0.1131,1e-06,0.2499,0.2052,0.1112,1.3989,0.8116,1.5283,0.001389,0.00854,0.4726,0.0384,-0.0085,-0.0156,3.5676,136.0,0.0,0.0,4.4928,18.4646,136.05,0.0175,0,0,1,0.0,0.0,0.0,148.0,136.0,0.3203,0.3132,0.2918,0.3506,-0.3203,-0.3132,-0.3235,-0.3175,0.0,0.2823,0.2714,0.286,60.0,90.0,0.0,0.0,90.0,90.0,90.0,90.0,11.0,1.0,1.6,0.0,694.264,0.0256,0.1556,0.0,0.3506,2.1379,,,,
354,2026-06-16T16:54:30+00:00,2026-06-16T17:12:00+00:00,17.5,-20.0,138.0,118.0,145.0,111.0,34.0,36,bajada,12:54,2026-06-16,,0.0,0.5234,0.3714,0.9265,-0.9265,-0.019,0.2018,0.8,-0.4333,1.4378,0.2027,-0.0001,0.0114,0.0411,-0.0378,0.0044,0.0114,-0.0,0.0007,0.002,-0.0026,0.0,0.0007,13,15,0.2,0.2,0.001502,0.006931,0.0,0.002133,1.6058,1070.03,61.145,53.502,29.723,1.0189,0.9815,539479.0,1.4378,0.0044,122.415,0.2027,3e-06,2.4319,0.6612,0.1252,0.6909,0.7238,1.7233,0.000926,0.003022,0.8993,0.7926,0.531,0.4111,2.3254,116.0,1.0,12.5,1.1381,-0.2335,120.833,0.0798,2,3,2,15.0,1.004,0.114,145.0,111.0,0.9265,0.9534,0.9433,0.9172,-0.9265,-0.9534,-0.9125,-0.948,0.0,0.8599,0.8727,0.8065,240.0,420.0,180.0,120.0,330.0,60.0,60.0,990.0,7.0,27.0,-3.429,0.857,53.5015,0.0822,0.0865,0.0,0.9534,1.1906,,,,
355,2026-06-16T17:28:30+00:00,2026-06-16T17:40:00+00:00,11.5,-1.0,123.0,122.0,132.0,122.0,10.0,24,mixto,13:28,2026-06-16,,0.0,0.124,0.1304,0.384,-0.384,-0.0014,0.0935,0.3,-0.3333,0.2011,0.0935,-0.0,0.0055,0.0111,-0.0211,0.0007,0.0055,-0.0,0.0003,0.0011,-0.001,0.0,0.0003,3,3,0.0435,0.0435,0.000566,0.005276,0.0,0.001486,0.3327,692.944,60.256,692.944,28.873,1.0043,0.9958,360246.0,0.2011,0.0007,122.516,0.0935,1e-06,0.6584,0.2052,0.1112,1.3724,0.8096,1.5283,0.001389,0.008433,0.4847,0.0571,-0.0089,-0.0164,3.5598,122.0,0.0,0.0,4.4531,18.2148,122.05,0.0163,0,0,1,0.0,0.0,0.0,132.0,122.0,0.384,0.3823,0.3611,0.4137,-0.384,-0.3823,-0.3839,-0.3876,0.0,0.3455,0.3382,0.3374,60.0,90.0,0.0,0.0,90.0,90.0,90.0,90.0,9.0,1.0,1.2,0.0,692.944,0.0175,0.1526,0.0,0.4137,2.0974,,,,
356,2026-06-16T18:25:30+00:00,2026-06-16T18:29:30+00:00,4.0,-1.0,124.0,123.0,124.0,120.0,4.0,9,mixto,14:25,2026-06-16,,0.0,0.1243,0.375,0.5111,-0.5111,-0.0042,0.0588,0.1,-0.1333,0.0278,0.0589,0.0006,0.0024,0.0044,-0.0033,0.0,0.0024,-0.0,0.0001,0.0001,-0.0002,0.0,0.0001,3,2,0.125,0.125,0.000978,0.003035,0.0,0.001076,0.2315,240.415,60.104,240.415,26.713,1.0017,0.9983,134950.0,0.0278,0.0,122.452,0.0589,0.0,1.2244,0.2289,0.6931,1.0,0.797,2.1133,0.003704,0.007159,0.738,0.1635,-0.0856,-0.214,1.7361,123.0,0.0,0.0,-1.1212,-0.3381,122.571,0.011,0,1,1,0.0,0.0,0.0,124.0,120.0,0.5111,0.6299,0.6367,0.4636,-0.5111,-0.6299,-0.4444,-0.723,0.0,0.6114,0.6922,0.3281,0.0,30.0,0.0,0.0,90.0,90.0,90.0,90.0,0.0,4.0,-8.0,-0.0,240.415,0.0069,0.6931,0.0,0.723,2.1133,,,,
357,2026-06-16T21:46:30+00:00,2026-06-16T21:50:30+00:00,4.0,2.0,121.0,123.0,126.0,121.0,5.0,9,mixto,17:46,2026-06-16,,0.125,0.0052,0.25,-0.7501,0.7501,0.0083,0.0546,0.1,-0.1,0.0244,0.0553,-0.0003,0.0028,0.0033,-0.0067,0.0001,0.0028,-0.0,0.0002,0.0003,-0.0003,0.0,0.0002,2,3,0.25,0.125,0.000523,0.002222,0.0,0.000721,0.1329,240.366,60.091,120.183,26.707,1.0015,0.9985,136420.0,0.0244,0.0001,123.117,0.0553,0.0,0.9864,0.4444,0.6931,1.0,0.8238,2.1133,0.007407,0.00841,0.6068,-0.0302,-0.0043,-0.0108,1.7648,123.0,0.0,0.0,0.9525,1.8496,123.0,0.0097,1,0,1,3.0,0.5,0.25,126.0,121.0,-0.7501,-0.8479,-0.8437,-0.729,0.7501,0.8479,0.6962,0.9183,0.0,-0.7869,-0.848,-0.5557,60.0,0.0,0.0,0.0,30.0,30.0,30.0,90.0,3.0,0.0,4.0,-0.0,120.183,0.0061,0.6931,0.0006,0.9183,2.1133,,,,
358,2026-06-17T00:53:00+00:00,2026-06-17T01:11:30+00:00,18.5,-18.0,122.0,104.0,130.0,104.0,26.0,38,bajada,20:53,2026-06-16,,-0.0811,0.7407,0.4054,0.9128,-0.9128,-0.0162,0.1249,0.3,-0.5667,0.5867,0.1259,0.0,0.0059,0.0189,-0.0189,0.0013,0.0059,-0.0,0.0003,0.0013,-0.0007,0.0,0.0003,15,19,0.0811,0.1622,0.001367,0.007222,0.0,0.001704,1.4918,1118.407,60.454,62.134,29.432,1.0074,0.9926,487509.0,0.5867,0.0013,113.266,0.1259,1e-06,2.21,0.5029,0.2958,0.2613,0.7622,1.7953,0.000877,0.001979,0.967,0.9233,0.7148,0.5474,1.9476,107.5,3.5,15.5,0.7842,-1.0304,112.094,0.084,2,1,3,9.5,2.201,0.108,130.0,109.0,0.9128,0.8762,0.8672,0.8954,-0.9128,-0.8762,-0.9262,-0.8401,0.0,0.6945,0.7002,0.8832,60.0,960.0,390.0,480.0,300.0,120.0,120.0,960.0,8.0,18.0,2.857,-0.429,62.1337,0.0317,0.0773,0.0601,0.9262,0.4691,,,,
359,2026-06-17T07:34:30+00:00,2026-06-17T07:38:30+00:00,4.0,-1.0,101.0,100.0,101.0,96.0,5.0,9,mixto,03:34,2026-06-17,,0.0,0.0009,0.375,0.5407,-0.5407,-0.0042,0.0753,0.1333,-0.1667,0.0456,0.0755,0.0,0.0046,0.01,-0.0056,0.0002,0.0046,0.0,0.0003,0.0005,-0.0005,0.0,0.0003,3,3,0.125,0.125,0.000771,0.002778,0.0,0.001054,0.1665,240.679,60.17,240.679,26.742,1.0028,0.9972,89618.0,0.0456,0.0002,99.788,0.0755,1e-06,1.2244,0.4444,0.6931,1.0,0.7889,2.1133,0.011111,0.009658,0.4619,-0.2381,-0.0127,-0.0316,1.944,100.0,0.0,0.0,-2.0473,3.0786,100.143,0.014,0,0,1,0.0,0.0,0.0,101.0,96.0,0.5407,0.6376,0.6275,0.5377,-0.5407,-0.6376,-0.486,-0.7337,0.0,0.6228,0.6794,0.3633,0.0,60.0,0.0,0.0,90.0,90.0,90.0,90.0,0.0,5.0,-0.0,-0.0,240.679,0.0114,0.6931,0.0,0.7337,2.1133,,,,
360,2026-06-17T07:50:00+00:00,2026-06-17T08:07:00+00:00,17.0,-12.0,98.0,86.0,109.0,86.0,23.0,35,bajada,03:50,2026-06-17,,-0.1471,0.7724,0.4706,0.8907,-0.8907,-0.0118,0.1041,0.3667,-0.2,0.3733,0.1048,0.0,0.0054,0.0144,-0.0167,0.001,0.0054,-0.0,0.0003,0.0006,-0.001,0.0,0.0003,16,14,0.0882,0.2353,0.0012,0.006111,0.0,0.001628,1.1685,1025.505,60.324,85.459,29.3,1.0053,0.9947,299142.0,0.3733,0.001,92.45,0.1048,1e-06,2.5719,0.7096,0.1866,0.6386,0.7027,1.7586,0.000952,0.001953,0.9461,0.9125,0.8343,0.6532,1.5782,89.0,3.0,12.0,0.8089,-0.635,91.276,0.0777,3,2,1,7.0,0.931,0.176,109.0,94.0,0.8907,0.8381,0.8283,0.8797,-0.8907,-0.8381,-0.9174,-0.7854,0.0,0.6479,0.6477,0.8878,60.0,570.0,300.0,420.0,480.0,210.0,210.0,570.0,11.0,12.0,2.143,-0.0,85.4588,0.022,0.1192,0.1136,0.9174,1.123,,,,
361,2026-06-17T15:11:30+00:00,2026-06-17T15:28:00+00:00,16.5,31.0,82.0,113.0,135.0,82.0,53.0,34,subida,11:11,2026-06-17,,0.0,0.0261,0.3636,-0.7879,0.7879,0.0313,0.2841,1.5333,-0.3667,2.6967,0.2859,-0.0,0.0138,0.0511,-0.0511,0.0061,0.0138,-0.0001,0.0008,0.002,-0.0034,0.0,0.0008,12,13,0.1212,0.1212,0.002297,0.025556,0.0,0.004753,1.9592,1020.0,61.818,32.903,30.0,1.0298,0.9711,456965.0,2.6967,0.0061,115.932,0.2859,6e-06,1.7756,0.4491,0.1985,0.4416,0.8718,1.7956,0.001961,0.00428,0.8749,0.6073,0.0724,-0.0915,3.2979,113.0,3.0,10.0,-0.9692,2.3502,116.143,0.0977,2,0,2,14.5,2.181,0.121,135.0,82.0,-0.7879,-0.877,-0.8827,-0.7672,0.7879,0.877,0.7326,0.9035,0.0,-0.8155,-0.8762,-0.6153,120.0,0.0,0.0,390.0,390.0,390.0,390.0,540.0,22.0,0.0,23.086,0.0,32.9032,0.1634,0.0877,0.0,0.9035,0.7929,,,,
362,2026-06-17T15:33:30+00:00,2026-06-17T15:44:30+00:00,11.0,8.0,113.0,121.0,121.0,113.0,8.0,23,subida,11:33,2026-06-17,,0.0455,0.2386,0.0909,-0.8927,0.8927,0.0121,0.0555,0.2667,0.0,0.0711,0.0569,0.0,0.0027,0.0089,-0.0089,0.0002,0.0027,-0.0,0.0001,0.0003,-0.0006,0.0,0.0001,2,2,0.0455,0.0,0.000478,0.004444,0.0,0.001119,0.2632,661.048,60.095,82.631,28.741,1.0015,0.9985,332999.0,0.0711,0.0002,120.325,0.0569,0.0,0.4262,-0.0,0.1112,0.6381,1.0,1.7701,0.001449,0.005405,0.7775,0.5184,-0.0143,-0.0265,3.0029,121.0,0.0,0.0,-2.9318,6.5952,121.0,0.0187,0,0,1,0.0,0.0,0.0,121.0,113.0,-0.8927,-0.9612,-0.9595,-0.8872,0.8927,0.9612,0.8514,0.9801,0.0,-0.8773,-0.9214,-0.7436,60.0,0.0,0.0,0.0,60.0,60.0,60.0,60.0,0.0,0.0,6.4,0.0,82.631,0.0065,0.071,0.0109,0.9801,1.1295,,,,
363,2026-06-17T15:46:30+00:00,2026-06-17T16:02:00+00:00,15.5,-19.0,124.0,105.0,124.0,102.0,22.0,32,bajada,11:46,2026-06-17,,-0.0323,0.5921,0.3226,0.945,-0.945,-0.0204,0.0997,0.1333,-0.3333,0.3211,0.1018,0.0001,0.0052,0.0111,-0.0111,0.0008,0.0052,0.0,0.0003,0.0007,-0.0007,0.0,0.0003,10,11,0.1613,0.1935,0.000917,0.004139,0.0,0.001311,0.8719,934.748,60.306,49.197,29.211,1.0049,0.9951,381413.0,0.3211,0.0008,109.175,0.1018,1e-06,2.1697,0.5186,0.1501,0.6068,0.8048,1.7188,0.001042,0.002848,0.8963,0.8419,0.7195,0.4281,2.0875,105.0,0.0,8.0,1.0311,-0.4606,108.192,0.0615,2,2,1,4.5,0.725,0.129,123.0,102.0,0.945,0.9829,0.9759,0.9359,-0.945,-0.9829,-0.9221,-0.9811,0.0,0.8877,0.908,0.8226,0.0,330.0,90.0,210.0,240.0,300.0,300.0,420.0,0.0,22.0,-1.543,0.0,49.1973,0.0207,0.0911,0.0191,0.9829,1.043,,,,
364,2026-06-17T20:13:00+00:00,2026-06-17T20:30:30+00:00,17.5,-24.0,109.0,85.0,109.0,85.0,24.0,36,bajada,16:13,2026-06-17,,-0.1143,0.6991,0.3429,0.9577,-0.9577,-0.0229,0.1059,0.2,-0.4,0.4111,0.1084,0.0,0.0062,0.0133,-0.0189,0.0013,0.0062,0.0,0.0004,0.0011,-0.0009,0.0,0.0004,12,13,0.0857,0.2,0.000802,0.004083,0.0,0.001227,0.8079,1056.028,60.344,44.001,29.334,1.0055,0.9946,295721.0,0.4111,0.0013,90.634,0.1084,1e-06,2.063,0.6727,0.1221,0.5656,0.8225,1.2925,0.000926,0.00278,0.9059,0.8487,0.7242,0.5514,2.3269,85.0,0.0,8.0,1.2447,0.1579,89.1,0.0853,1,2,1,3.0,0.5,0.057,105.0,88.0,0.9577,0.9934,0.988,0.9453,-0.9577,-0.9934,-0.9347,-0.9916,0.0,0.8844,0.9113,0.8277,0.0,450.0,60.0,150.0,330.0,300.0,300.0,450.0,0.0,24.0,-2.143,-0.0,44.0012,0.0235,0.0691,0.0799,0.9934,0.731,,,,
365,2026-06-17T22:19:00+00:00,2026-06-17T22:30:00+00:00,11.0,31.0,85.0,116.0,116.0,85.0,31.0,23,subida,18:19,2026-06-17,,0.0455,0.2386,0.0909,-0.8927,0.8927,0.047,0.2152,1.0333,0.0,1.0678,0.2203,0.0,0.0106,0.0344,-0.0344,0.0024,0.0106,-0.0001,0.0006,0.0011,-0.0023,0.0,0.0006,2,2,0.0455,0.0,0.001648,0.017222,0.0,0.004071,0.879,673.139,61.194,21.714,29.267,1.0188,0.9816,297026.0,1.0678,0.0024,113.641,0.2203,4e-06,0.4262,-0.0,0.1112,0.6381,1.0,1.7701,0.001449,0.005405,0.7775,0.5184,-0.0143,-0.0265,3.0029,116.0,0.0,0.0,-2.9318,6.5952,116.0,0.0771,0,0,1,0.0,0.0,0.0,116.0,85.0,-0.8927,-0.9612,-0.9595,-0.8872,0.8927,0.9612,0.8514,0.9801,0.0,-0.8773,-0.9214,-0.7436,60.0,0.0,0.0,0.0,60.0,60.0,60.0,60.0,0.0,0.0,24.8,-0.0,21.7142,0.0971,0.071,0.0109,0.9801,1.1295,,,,
366,2026-06-18T05:49:00+00:00,2026-06-18T06:06:00+00:00,17.0,-1.0,120.0,119.0,132.0,114.0,18.0,35,mixto,01:49,2026-06-18,,0.0588,0.3851,0.4706,0.1065,-0.1065,-0.001,0.1139,0.2,-0.4333,0.4411,0.1139,-0.0001,0.0061,0.0144,-0.0189,0.0012,0.0061,-0.0,0.0004,0.0011,-0.001,0.0,0.0004,16,19,0.2059,0.1471,0.00105,0.004444,0.0,0.00121,1.0868,1026.468,60.38,1026.468,29.328,1.0063,0.9937,514713.0,0.4411,0.0012,121.269,0.1139,1e-06,2.6699,0.5588,0.2719,0.6167,0.6862,1.9052,0.000952,0.002893,0.9139,0.7779,0.4982,0.3781,2.2604,119.0,2.0,4.5,0.6685,-0.5761,120.931,0.0401,3,2,2,7.0,1.056,0.176,132.0,114.0,0.1065,0.0188,-0.0078,0.1112,-0.1065,-0.0188,-0.1687,0.0359,0.0,0.013,-0.0758,0.2038,150.0,420.0,0.0,0.0,660.0,660.0,660.0,660.0,12.0,6.0,2.786,-0.0,1026.468,0.0259,0.1677,0.0226,0.2038,1.1749,,,,
367,2026-06-18T11:41:30+00:00,2026-06-18T11:57:30+00:00,16.0,-12.0,121.0,109.0,130.0,109.0,21.0,33,bajada,07:41,2026-06-18,,-0.0625,0.7355,0.4062,0.9092,-0.9092,-0.0125,0.0953,0.2,-0.3333,0.2956,0.0961,-0.0001,0.0053,0.0144,-0.0178,0.0009,0.0053,-0.0,0.0003,0.0011,-0.0008,0.0,0.0003,13,13,0.1562,0.2188,0.000735,0.003587,0.0,0.001017,0.7279,964.372,60.273,80.364,29.223,1.0045,0.9955,433660.0,0.2956,0.0009,114.635,0.0961,1e-06,2.3228,0.6397,0.162,0.6515,0.7101,1.3757,0.00101,0.001957,0.9546,0.9217,0.8294,0.6174,1.4947,109.0,0.0,12.0,0.8393,-0.8835,113.519,0.0607,3,2,1,5.0,0.825,0.188,130.0,110.0,0.9092,0.8776,0.8653,0.9058,-0.9092,-0.8776,-0.9263,-0.8442,0.0,0.7238,0.718,0.8664,180.0,480.0,300.0,330.0,360.0,210.0,210.0,480.0,9.0,12.0,0.857,-0.0,80.3643,0.0185,0.1055,0.046,0.9263,0.8963,,,,
368,2026-06-18T15:26:00+00:00,2026-06-18T15:41:30+00:00,15.5,-12.0,109.0,97.0,109.0,95.0,14.0,32,bajada,11:26,2026-06-18,,-0.0968,0.5763,0.2581,0.9383,-0.9383,-0.0129,0.0437,0.0667,-0.1667,0.0644,0.0456,0.0,0.002,0.0056,-0.0056,0.0001,0.002,0.0,0.0001,0.0004,-0.0002,0.0,0.0001,8,11,0.0323,0.129,0.000493,0.002778,0.0,0.000659,0.4316,930.962,60.062,77.58,29.093,1.001,0.999,312434.0,0.0644,0.0001,98.811,0.0456,0.0,1.9319,0.434,0.1507,0.18,0.9629,1.875,0.002083,0.003251,0.8824,0.809,0.4887,0.1032,2.6053,98.0,0.0,0.25,1.7309,2.5079,98.192,0.0351,0,1,3,0.0,0.0,0.0,109.0,95.0,0.9383,0.9855,0.9836,0.9311,-0.9383,-0.9855,-0.9046,-0.9919,0.0,0.8671,0.9112,0.8067,0.0,720.0,60.0,60.0,150.0,180.0,180.0,870.0,0.0,14.0,-3.429,1.029,77.5802,0.0042,0.0271,0.0558,0.9919,0.3375,,,,
369,2026-06-18T15:59:00+00:00,2026-06-18T16:10:00+00:00,11.0,25.0,97.0,122.0,122.0,97.0,25.0,23,subida,11:59,2026-06-18,,0.0909,0.2648,0.0909,-0.8966,0.8966,0.0379,0.1532,0.7333,0.0,0.5478,0.1578,-0.0,0.0071,0.0244,-0.0211,0.0011,0.0071,-0.0,0.0004,0.0006,-0.0015,0.0,0.0004,2,2,0.0909,0.0,0.001299,0.012222,0.0,0.003017,0.7128,667.352,60.668,26.694,29.015,1.0104,0.9897,330659.0,0.5478,0.0011,119.902,0.1578,2e-06,0.6784,-0.0,0.1178,0.5934,1.0,1.7701,0.001449,0.005043,0.8174,0.5795,-0.0161,-0.0298,2.9154,122.0,0.0,0.0,-2.8946,6.453,121.842,0.0587,0,0,1,0.0,0.0,0.0,122.0,97.0,-0.8966,-0.9646,-0.9624,-0.892,0.8966,0.9646,0.8557,0.9834,0.0,-0.8803,-0.9238,-0.7477,90.0,0.0,0.0,60.0,60.0,60.0,60.0,90.0,0.0,0.0,19.4,0.0,26.6941,0.0498,0.0699,0.0241,0.9834,1.0504,,,,
370,2026-06-18T16:30:30+00:00,2026-06-18T16:42:00+00:00,11.5,1.0,120.0,121.0,121.0,114.0,7.0,24,mixto,12:30,2026-06-18,,0.0435,0.4412,0.2174,-0.2236,0.2236,0.0014,0.056,0.1667,-0.2,0.0722,0.056,0.0,0.0033,0.0122,-0.0067,0.0002,0.0033,0.0,0.0002,0.0006,-0.0006,0.0,0.0002,5,6,0.087,0.0435,0.000439,0.003333,0.0,0.000893,0.2664,691.075,60.093,691.075,28.795,1.0016,0.9984,344457.0,0.0722,0.0002,119.801,0.056,0.0,1.5319,0.2052,0.2513,0.8925,0.8043,2.1014,0.001389,0.005882,0.6919,0.4234,0.3565,0.2566,2.8045,120.0,1.0,2.0,-2.1044,5.8336,120.0,0.0127,0,1,2,0.0,0.0,0.0,121.0,114.0,-0.2236,-0.0932,-0.089,-0.2306,0.2236,0.0932,0.2878,0.0218,0.0,0.1291,0.1293,-0.3761,390.0,60.0,0.0,0.0,390.0,390.0,390.0,390.0,0.0,6.0,-1.8,0.0,691.075,0.0063,0.2243,0.0192,0.3761,1.8755,,,,
371,2026-06-18T20:45:30+00:00,2026-06-18T21:00:30+00:00,15.0,2.0,121.0,123.0,135.0,121.0,14.0,31,mixto,16:45,2026-06-18,,0.0333,0.2071,0.3667,-0.3469,0.3469,0.0022,0.1177,0.3333,-0.3333,0.4156,0.1177,0.0,0.006,0.0189,-0.0111,0.001,0.006,-0.0,0.0003,0.0009,-0.0009,0.0,0.0003,11,10,0.1333,0.1,0.001252,0.005556,0.0,0.001743,1.081,906.097,60.406,453.048,29.229,1.0068,0.9933,480734.0,0.4156,0.001,124.529,0.1177,1e-06,1.7241,0.3581,0.3365,0.596,0.7427,2.0776,0.001075,0.003525,0.8598,0.699,0.4028,0.0298,2.648,123.0,2.0,2.0,1.3068,0.1761,123.72,0.0353,2,1,2,11.0,1.661,0.133,135.0,121.0,-0.3469,-0.4391,-0.4592,-0.3552,0.3469,0.4391,0.2852,0.4758,0.0,-0.3937,-0.4823,-0.2183,120.0,0.0,0.0,0.0,210.0,210.0,210.0,540.0,12.0,0.0,6.4,0.0,453.0485,0.0277,0.2006,0.0069,0.4823,1.2382,,,,
372,2026-06-18T23:13:00+00:00,2026-06-18T23:29:30+00:00,16.5,-10.0,121.0,111.0,127.0,111.0,16.0,34,bajada,19:13,2026-06-18,,-0.0606,0.6892,0.303,0.8903,-0.8903,-0.0101,0.0713,0.2,-0.2,0.1711,0.072,-0.0,0.0038,0.0089,-0.01,0.0005,0.0038,-0.0,0.0002,0.0005,-0.0006,0.0,0.0002,10,11,0.0606,0.1212,0.000585,0.003333,0.0,0.000832,0.5464,992.547,60.154,99.255,29.193,1.0025,0.9975,454622.0,0.1711,0.0005,115.634,0.072,0.0,1.6328,0.4498,0.1375,0.305,0.7625,1.3467,0.00098,0.001897,0.9619,0.9483,0.8082,0.5901,1.429,111.0,0.0,10.0,0.8845,-0.8545,114.714,0.0532,1,1,2,6.0,2.55,0.061,127.0,118.0,0.8903,0.8609,0.8465,0.8922,-0.8903,-0.8609,-0.9073,-0.8255,0.0,0.7258,0.7118,0.8499,60.0,390.0,270.0,330.0,390.0,390.0,390.0,390.0,6.0,10.0,2.743,-0.0,99.2547,0.0104,0.0419,0.0418,0.9073,0.4107,,,,
373,2026-06-19T05:40:30+00:00,2026-06-19T05:56:30+00:00,16.0,-10.0,111.0,101.0,117.0,101.0,16.0,33,bajada,01:40,2026-06-19,,-0.125,0.6553,0.3438,0.937,-0.937,-0.0104,0.0626,0.2,-0.2,0.1289,0.0635,-0.0,0.0029,0.0067,-0.0067,0.0003,0.0029,-0.0,0.0002,0.0004,-0.0004,0.0,0.0002,11,10,0.0625,0.1875,0.000719,0.003882,0.0,0.00104,0.6622,961.92,60.12,96.192,29.149,1.0019,0.9981,359822.0,0.1289,0.0003,104.421,0.0635,0.0,1.9551,0.5814,0.1243,0.4819,0.7725,1.3757,0.00101,0.00214,0.9622,0.922,0.6798,0.4177,1.9139,101.0,0.0,6.0,1.3591,0.6433,103.333,0.0475,2,1,1,4.5,0.917,0.125,117.0,104.0,0.937,0.9463,0.9325,0.9406,-0.937,-0.9463,-0.9302,-0.9365,0.0,0.8296,0.8379,0.8376,60.0,390.0,150.0,210.0,270.0,390.0,390.0,390.0,6.0,10.0,0.114,0.0,96.192,0.0081,0.0599,0.0819,0.9463,0.6629,,,,
374,2026-06-19T10:18:30+00:00,2026-06-19T10:33:30+00:00,15.0,-17.0,100.0,83.0,100.0,83.0,17.0,31,bajada,06:18,2026-06-19,,-0.1667,0.7751,0.3667,0.9693,-0.9693,-0.0189,0.0562,0.1333,-0.1667,0.1056,0.0593,0.0,0.003,0.01,-0.0056,0.0003,0.003,0.0,0.0002,0.0005,-0.0005,0.0,0.0002,11,11,0.0333,0.2,0.000553,0.003035,0.0,0.00077,0.4981,901.576,60.105,53.034,29.083,1.0016,0.9984,238519.0,0.1056,0.0003,87.716,0.0593,0.0,2.132,0.5683,0.1679,0.3266,0.899,1.4383,0.001075,0.00241,0.9306,0.9045,0.7296,0.559,1.9123,83.0,0.0,9.0,0.938,-0.65,86.64,0.0677,1,0,1,4.0,1.0,0.067,94.0,83.0,0.9693,0.9929,0.9872,0.9614,-0.9693,-0.9929,-0.9536,-0.9812,0.0,0.868,0.891,0.8603,0.0,420.0,120.0,180.0,300.0,360.0,360.0,420.0,0.0,17.0,-2.286,0.0,53.0339,0.007,0.0548,0.1292,0.9929,0.4697,,,,
375,2026-06-19T13:34:30+00:00,2026-06-19T13:48:00+00:00,13.5,0.0,83.0,83.0,98.0,83.0,15.0,28,mixto,09:34,2026-06-19,,0.037,0.2973,0.2593,-0.1448,0.1448,-0.0,0.1042,0.2,-0.4,0.2933,0.1042,-0.0,0.0058,0.0133,-0.02,0.0009,0.0058,-0.0,0.0004,0.0011,-0.001,0.0,0.0004,7,10,0.1481,0.1111,0.000775,0.003831,0.0,0.001069,0.6089,814.297,60.318,814297476.855,29.082,1.0053,0.9947,203277.0,0.2933,0.0009,85.205,0.1042,1e-06,1.5504,0.4727,0.266,0.536,0.7819,1.3735,0.00119,0.003535,0.8737,0.7338,0.3573,-0.0358,2.3541,83.0,0.0,3.0,1.9982,2.8676,84.292,0.048,1,0,1,15.0,1.896,0.074,98.0,83.0,-0.1448,-0.26,-0.2734,-0.1505,0.1448,0.26,0.0743,0.3166,0.0,-0.2978,-0.3726,0.0,180.0,0.0,810.0,810.0,810.0,0.0,0.0,300.0,15.0,0.0,6.8,-0.0,814.297,0.0217,0.1426,0.011,0.3726,0.7362,,,,
376,2026-06-19T14:53:30+00:00,2026-06-19T15:04:30+00:00,11.0,46.0,83.0,129.0,129.0,83.0,46.0,23,subida,10:53,2026-06-19,,0.1364,0.3503,0.2727,-0.9085,0.9085,0.0697,0.2841,1.3667,0.0,1.8822,0.2925,0.0,0.0141,0.0456,-0.0456,0.0042,0.0141,-0.0001,0.0008,0.0015,-0.003,0.0,0.0008,6,8,0.1364,0.0,0.002284,0.022778,0.0,0.00517,1.2344,681.02,61.911,14.805,29.61,1.0294,0.9715,355619.0,1.8822,0.0042,124.345,0.2925,5e-06,1.0676,-0.0,0.1603,0.5326,1.0,2.1634,0.001449,0.005139,0.7907,0.5688,0.095,0.0489,2.9507,129.0,0.0,3.5,-2.8247,6.2088,127.421,0.1026,0,0,2,0.0,0.0,0.0,129.0,83.0,-0.9085,-0.9714,-0.9693,-0.9023,0.9085,0.9714,0.8704,0.986,0.0,-0.88,-0.9221,-0.7651,330.0,0.0,0.0,60.0,60.0,60.0,60.0,330.0,0.0,0.0,32.8,0.0,14.8048,0.1711,0.0854,0.0478,0.986,1.1522,,,,
377,2026-06-19T18:34:00+00:00,2026-06-19T18:45:30+00:00,11.5,0.0,129.0,129.0,129.0,14.0,115.0,24,mixto,14:34,2026-06-19,,0.0,0.0819,0.1304,0.0304,-0.0304,0.0,1.1304,3.8333,-3.8333,29.3889,1.1304,0.0,0.0667,0.2556,-0.1278,0.098,0.0667,0.0002,0.004,0.0128,-0.0128,0.0003,0.0041,3,3,0.0435,0.0435,0.006655,0.063889,0.0,0.018395,3.8333,867.697,75.452,867697286.48,36.154,1.2575,0.7952,382939.0,29.3889,0.098,126.316,1.1304,7.7e-05,0.2499,0.2052,0.2166,1.5407,0.8209,1.7194,0.001389,0.009028,0.4167,-0.0473,-0.0062,-0.0114,3.585,129.0,0.0,0.0,-4.5873,19.0435,129.0,0.185,0,1,1,0.0,0.0,0.0,129.0,14.0,0.0304,0.0644,0.0851,0.0,-0.0304,-0.0644,-0.011,-0.0658,0.0,0.0629,0.0907,0.0,0.0,60.0,690.0,690.0,690.0,0.0,0.0,90.0,0.0,115.0,-23.0,0.0,867.697,2.5556,0.3337,0.0,0.0907,2.6491,,,,
378,2026-06-19T20:32:30+00:00,2026-06-19T20:44:00+00:00,11.5,-4.0,130.0,126.0,133.0,126.0,7.0,24,bajada,16:32,2026-06-19,,-0.0435,0.3506,0.1304,0.9,-0.9,-0.0058,0.0425,0.1,-0.1667,0.0422,0.0428,0.0,0.0022,0.0033,-0.0089,0.0001,0.0022,-0.0,0.0001,0.0004,-0.0004,0.0,0.0001,3,3,0.0435,0.087,0.000312,0.002773,0.0,0.000722,0.1997,690.63,60.055,172.658,28.776,1.0009,0.9991,385393.0,0.0422,0.0001,126.72,0.0428,0.0,0.9,0.3059,0.1178,0.6811,0.7762,1.5283,0.001389,0.004397,0.8786,0.6907,0.0795,-0.0434,2.6917,126.0,0.0,0.0,2.4797,5.1591,126.3,0.0138,0,0,1,0.0,0.0,0.0,133.0,126.0,0.9,0.9528,0.942,0.9062,-0.9,-0.9528,-0.8677,-0.9663,0.0,0.8682,0.8984,0.747,60.0,120.0,0.0,90.0,90.0,120.0,120.0,120.0,3.0,4.0,-0.6,-0.0,172.6575,0.0037,0.0802,0.0153,0.9663,1.0409,,,,
379,2026-06-19T23:55:00+00:00,2026-06-20T00:07:30+00:00,12.5,-10.0,124.0,114.0,132.0,114.0,18.0,26,bajada,19:55,2026-06-19,,-0.04,0.5709,0.28,0.9304,-0.9304,-0.0133,0.1127,0.2667,-0.3667,0.3222,0.1135,-0.0,0.007,0.0178,-0.0211,0.0012,0.007,-0.0,0.0004,0.0013,-0.0011,0.0,0.0005,7,8,0.08,0.12,0.00066,0.004444,0.0,0.001159,0.4478,754.729,60.378,75.473,29.028,1.0062,0.9938,355321.0,0.3222,0.0012,116.902,0.1135,1e-06,1.6433,0.4106,0.1603,0.7122,0.7178,1.4463,0.001282,0.004231,0.8365,0.7244,0.4554,0.2056,2.3078,114.0,0.0,4.0,1.7451,2.2605,115.955,0.0403,0,0,1,0.0,0.0,0.0,132.0,114.0,0.9304,0.9542,0.9418,0.9227,-0.9304,-0.9542,-0.9155,-0.9456,0.0,0.8486,0.8621,0.8262,60.0,270.0,90.0,150.0,150.0,270.0,270.0,270.0,8.0,10.0,0.2,-0.0,75.4729,0.0258,0.1142,0.0228,0.9542,1.0301,,,,
380,2026-06-20T02:41:00+00:00,2026-06-20T02:52:30+00:00,11.5,0.0,114.0,114.0,114.0,2.0,112.0,24,mixto,22:41,2026-06-19,,0.0,0.0819,0.1304,0.0304,-0.0304,0.0,1.1009,3.7333,-3.7333,27.8756,1.1009,0.0,0.065,0.2489,-0.1244,0.0929,0.065,0.0002,0.0039,0.0124,-0.0124,0.0003,0.0039,3,3,0.0435,0.0435,0.006481,0.062222,0.0,0.017915,3.7333,861.897,74.948,861896528.65,35.912,1.2491,0.8006,298912.0,27.8756,0.0929,111.6,1.1009,9.3e-05,0.2499,0.2052,0.2166,1.5407,0.8209,1.7194,0.001389,0.009028,0.4167,-0.0473,-0.0062,-0.0114,3.585,114.0,0.0,0.0,-4.5873,19.0435,114.0,0.2047,0,1,1,0.0,0.0,0.0,114.0,2.0,0.0304,0.0644,0.0851,0.0,-0.0304,-0.0644,-0.011,-0.0658,0.0,0.0629,0.0907,0.0,0.0,60.0,690.0,690.0,690.0,0.0,0.0,90.0,0.0,112.0,-22.4,0.0,861.897,2.424,0.3337,0.0,0.0907,2.6491,,,,
381,2026-06-20T07:15:00+00:00,2026-06-20T07:26:30+00:00,11.5,0.0,114.0,114.0,114.0,0.0,114.0,24,mixto,03:15,2026-06-20,,0.0,0.0819,0.1304,0.0304,-0.0304,0.0,1.1206,3.8,-3.8,28.88,1.1206,0.0,0.0661,0.2533,-0.1267,0.0963,0.0661,0.0002,0.004,0.0127,-0.0127,0.0003,0.004,3,3,0.0435,0.0435,0.006597,0.063333,0.0,0.018235,3.8,865.763,75.284,865762592.453,36.073,1.2547,0.797,298908.0,28.88,0.0963,111.6,1.1206,9.7e-05,0.2499,0.2052,0.2166,1.5407,0.8209,1.7194,0.001389,0.009028,0.4167,-0.0473,-0.0062,-0.0114,3.585,114.0,0.0,0.0,-4.5873,19.0435,114.0,0.2085,0,1,1,0.0,0.0,0.0,114.0,0.0,0.0304,0.0644,0.0851,0.0,-0.0304,-0.0644,-0.011,-0.0658,0.0,0.0629,0.0907,0.0,0.0,60.0,690.0,690.0,690.0,0.0,0.0,90.0,0.0,114.0,-22.8,0.0,865.763,2.5113,0.3337,0.0,0.0907,2.6491,,,,
382,2026-06-20T09:20:30+00:00,2026-06-20T09:42:00+00:00,21.5,-10.0,112.0,102.0,117.0,0.0,117.0,44,bajada,05:20,2026-06-20,,-0.0698,0.0243,0.2093,0.5365,-0.5365,-0.0078,0.7429,3.4,-3.4667,23.7356,0.743,0.0,0.0434,0.2289,-0.1156,0.0791,0.0434,0.0,0.0027,0.0115,-0.0114,0.0003,0.0027,9,10,0.0465,0.1163,0.002922,0.057127,0.0,0.01018,3.8316,1446.897,67.298,144.69,32.884,1.1216,0.8916,465954.0,23.7356,0.0791,102.907,0.743,5.1e-05,0.7829,0.4652,0.1277,0.9515,0.8402,1.7371,0.000758,0.008335,0.4783,0.0274,0.0176,-0.003,4.4052,103.0,1.0,2.0,-5.9796,35.6956,103.25,0.1557,1,0,2,8.0,0.536,0.047,117.0,0.0,0.5365,0.58,0.57,0.529,-0.5365,-0.58,-0.5194,-0.5866,0.0,0.6075,0.5847,0.4407,90.0,660.0,60.0,150.0,210.0,210.0,210.0,690.0,5.0,112.0,-2.429,-0.0,144.6897,1.104,0.1215,0.0017,0.6075,1.6529,,,,
383,2026-06-20T11:57:30+00:00,2026-06-20T12:09:30+00:00,12.0,-6.0,99.0,93.0,100.0,93.0,7.0,25,bajada,07:57,2026-06-20,,-0.0833,0.5024,0.25,0.9316,-0.9316,-0.0083,0.0474,0.1333,-0.1333,0.0556,0.0481,-0.0,0.0029,0.0078,-0.0089,0.0002,0.0029,0.0,0.0002,0.0004,-0.0006,0.0,0.0002,6,6,0.0417,0.125,0.000277,0.001667,0.0,0.000477,0.183,720.83,60.069,120.138,28.833,1.0011,0.9989,221581.0,0.0556,0.0002,94.145,0.0481,0.0,1.1452,0.5139,0.1252,0.6311,0.7916,1.486,0.001333,0.003946,0.8397,0.7065,0.4937,0.0897,2.4108,93.0,0.0,0.0,1.7026,1.4047,93.714,0.0229,1,0,1,4.0,0.5,0.083,100.0,93.0,0.9316,0.979,0.9709,0.9246,-0.9316,-0.979,-0.9028,-0.9876,0.0,0.8862,0.9139,0.7907,90.0,180.0,0.0,60.0,60.0,180.0,180.0,180.0,1.0,6.0,-1.0,-0.0,120.1383,0.0046,0.079,0.0418,0.9876,0.9378,,,,
384,2026-06-20T15:19:00+00:00,2026-06-20T15:32:00+00:00,13.0,-10.0,95.0,85.0,95.0,85.0,10.0,27,bajada,11:19,2026-06-20,,-0.0769,0.3959,0.1923,0.9141,-0.9141,-0.0128,0.0768,0.2,-0.2,0.1578,0.0779,0.0002,0.0047,0.0133,-0.0133,0.0005,0.0047,-0.0,0.0003,0.0008,-0.0009,0.0,0.0003,5,5,0.0769,0.1538,0.000296,0.002178,0.0,0.000613,0.2318,782.347,60.181,78.235,28.976,1.0029,0.9971,200562.0,0.1578,0.0005,86.187,0.0779,1e-06,0.9452,0.5166,0.1171,1.0065,0.762,1.4089,0.001235,0.00594,0.6813,0.404,0.3737,0.3147,3.0741,85.0,0.0,0.0,2.1464,3.4422,85.652,0.0301,1,2,1,6.0,0.5,0.077,91.0,85.0,0.9141,0.9745,0.9726,0.9037,-0.9141,-0.9745,-0.8774,-0.9859,0.0,0.8874,0.9254,0.7556,0.0,120.0,30.0,30.0,60.0,120.0,120.0,180.0,0.0,10.0,-4.0,-0.0,78.2347,0.0121,0.1179,0.0304,0.9859,1.4181,,,,
385,2026-06-20T21:00:30+00:00,2026-06-20T21:17:00+00:00,16.5,46.0,85.0,131.0,144.0,85.0,59.0,34,subida,17:00,2026-06-20,,-0.0303,0.0066,0.303,-0.8405,0.8405,0.0465,0.3441,1.9667,-0.2,3.9778,0.3472,-0.0,0.0166,0.0656,-0.0656,0.0088,0.0166,-0.0001,0.0009,0.0022,-0.0044,0.0,0.0009,10,9,0.0909,0.1212,0.002347,0.032778,0.0,0.006098,1.902,1027.828,62.293,22.344,30.23,1.0371,0.9642,593610.0,3.9778,0.0088,132.133,0.3472,7e-06,1.47,0.4491,0.156,0.5646,0.9146,1.6459,0.001961,0.005242,0.8219,0.4833,-0.0854,-0.1001,3.5639,131.0,0.0,6.0,-2.7796,8.0434,133.536,0.0959,1,0,1,13.0,3.505,0.061,144.0,85.0,-0.8405,-0.9214,-0.9246,-0.8213,0.8405,0.9214,0.7909,0.9425,0.0,-0.8553,-0.9067,-0.6724,60.0,0.0,0.0,0.0,390.0,390.0,390.0,390.0,13.0,0.0,26.971,-0.0,22.3441,0.2411,0.0881,0.0002,0.9425,0.9293,,,,
386,2026-06-20T23:30:00+00:00,2026-06-20T23:46:00+00:00,16.0,-17.0,134.0,117.0,134.0,117.0,17.0,33,bajada,19:30,2026-06-20,,-0.1562,0.6513,0.3438,0.95,-0.95,-0.0177,0.0577,0.1333,-0.2333,0.1167,0.0604,-0.0,0.0031,0.0078,-0.0122,0.0003,0.0031,0.0,0.0002,0.0007,-0.0006,0.0,0.0002,11,11,0.0312,0.1875,0.000377,0.003044,0.0,0.000743,0.3487,961.736,60.109,56.573,29.144,1.0017,0.9984,478504.0,0.1167,0.0003,120.416,0.0604,0.0,1.8628,0.5481,0.1112,0.3642,0.9007,1.3757,0.00101,0.002769,0.9256,0.8575,0.6212,0.4273,2.3658,117.0,0.0,5.0,1.4415,0.8288,119.259,0.0434,0,1,1,0.0,0.0,0.0,134.0,120.0,0.95,0.9937,0.988,0.9429,-0.95,-0.9937,-0.9227,-0.9956,0.0,0.8929,0.9222,0.8104,0.0,360.0,60.0,150.0,210.0,210.0,210.0,360.0,0.0,17.0,-3.771,-0.0,56.5727,0.0073,0.0405,0.1017,0.9956,0.501,,,,
387,2026-06-21T07:11:30+00:00,2026-06-21T07:24:30+00:00,13.0,-8.0,117.0,109.0,123.0,109.0,14.0,27,bajada,03:11,2026-06-21,,-0.0385,0.4721,0.2308,0.902,-0.902,-0.0103,0.1081,0.3,-0.3667,0.3067,0.1086,-0.0002,0.0057,0.01,-0.0222,0.0008,0.0057,0.0,0.0003,0.001,-0.0011,0.0,0.0003,6,4,0.0769,0.1154,0.000976,0.006378,0.0,0.001746,0.7577,784.495,60.346,98.062,29.055,1.0057,0.9943,334256.0,0.3067,0.0008,111.265,0.1086,1e-06,1.4053,0.397,0.1178,0.8254,0.6949,1.4089,0.001235,0.003822,0.8437,0.6968,0.4934,0.2233,2.5415,109.0,0.0,1.5,1.7762,1.6981,110.435,0.0378,1,1,1,4.0,0.893,0.077,121.0,114.0,0.902,0.9295,0.9153,0.8917,-0.902,-0.9295,-0.885,-0.9327,0.0,0.8346,0.8482,0.7768,150.0,210.0,90.0,90.0,180.0,210.0,210.0,210.0,6.0,8.0,-2.6,-0.0,98.0619,0.0236,0.0972,0.0182,0.9327,1.1629,,,,
388,2026-06-21T12:20:30+00:00,2026-06-21T12:33:00+00:00,12.5,-10.0,107.0,97.0,110.0,97.0,13.0,26,bajada,08:20,2026-06-21,,-0.08,0.5423,0.24,0.9375,-0.9375,-0.0133,0.0558,0.1,-0.2,0.0822,0.0573,-0.0001,0.003,0.0067,-0.01,0.0002,0.003,0.0,0.0002,0.0006,-0.0002,0.0,0.0002,6,8,0.04,0.12,0.000561,0.004926,0.0,0.001131,0.3639,751.224,60.098,75.122,28.893,1.0015,0.9985,254762.0,0.0822,0.0002,98.988,0.0573,0.0,1.4478,0.4106,0.1501,0.3777,0.8739,1.4463,0.001282,0.003234,0.8961,0.816,0.5227,0.1118,2.3295,97.0,0.0,2.0,1.814,2.088,98.227,0.0361,0,0,1,0.0,0.0,0.0,110.0,97.0,0.9375,0.9853,0.9764,0.9254,-0.9375,-0.9853,-0.9083,-0.9919,0.0,0.8918,0.9199,0.8042,30.0,240.0,60.0,60.0,150.0,150.0,150.0,240.0,3.0,10.0,-2.4,-0.0,75.1224,0.0066,0.0567,0.0434,0.9919,0.5463,,,,
389,2026-06-21T13:13:30+00:00,2026-06-21T13:25:00+00:00,11.5,0.0,97.0,97.0,97.0,0.0,97.0,24,mixto,09:13,2026-06-21,,0.0,0.0819,0.1304,0.0304,-0.0304,0.0,0.9535,3.2333,-3.2333,20.9089,0.9535,0.0,0.0563,0.2156,-0.1078,0.0697,0.0563,0.0002,0.0034,0.0108,-0.0108,0.0002,0.0034,3,3,0.0435,0.0435,0.005613,0.053889,0.0,0.015516,3.2333,833.066,72.441,833066491.574,34.711,1.2073,0.8283,216407.0,20.9089,0.0697,94.958,0.9535,9.7e-05,0.2499,0.2052,0.2166,1.5407,0.8209,1.7194,0.001389,0.009028,0.4167,-0.0473,-0.0062,-0.0114,3.585,97.0,0.0,0.0,-4.5873,19.0435,97.0,0.2085,0,1,1,0.0,0.0,0.0,97.0,0.0,0.0304,0.0644,0.0851,0.0,-0.0304,-0.0644,-0.011,-0.0658,0.0,0.0629,0.0907,0.0,0.0,60.0,690.0,690.0,690.0,0.0,0.0,90.0,0.0,97.0,-19.4,0.0,833.066,1.8182,0.3337,0.0,0.0907,2.6491,,,,
390,2026-06-21T14:19:30+00:00,2026-06-21T14:34:00+00:00,14.5,-14.0,97.0,83.0,101.0,83.0,18.0,30,bajada,10:19,2026-06-21,,-0.1034,0.637,0.2414,0.9478,-0.9478,-0.0161,0.1053,0.2667,-0.2333,0.3289,0.1065,-0.0002,0.0057,0.0167,-0.0133,0.0009,0.0057,0.0,0.0003,0.0007,-0.001,0.0,0.0003,7,8,0.1034,0.2069,0.001162,0.005952,0.0,0.001779,0.9563,874.878,60.336,62.491,29.163,1.0055,0.9946,227255.0,0.3289,0.0009,87.035,0.1065,1e-06,1.6671,0.6237,0.1243,0.8008,0.7277,1.4721,0.001111,0.002818,0.8832,0.8313,0.7177,0.3903,2.0286,83.0,0.0,8.0,1.159,-0.2238,85.75,0.0683,2,2,1,7.0,0.65,0.138,100.0,88.0,0.9478,0.9705,0.961,0.938,-0.9478,-0.9705,-0.9338,-0.9636,0.0,0.8612,0.8751,0.8303,30.0,300.0,60.0,180.0,180.0,90.0,90.0,300.0,4.0,14.0,-0.743,0.0,62.4913,0.0227,0.0995,0.0659,0.9705,1.1789,,,,
391,2026-06-21T16:07:30+00:00,2026-06-21T16:19:00+00:00,11.5,40.0,83.0,123.0,123.0,83.0,40.0,24,subida,12:07,2026-06-21,,0.087,0.2982,0.087,-0.9018,0.9018,0.058,0.1942,0.8333,0.0,0.9444,0.2026,0.0,0.0073,0.0278,-0.0167,0.0012,0.0073,-0.0,0.0003,0.0006,-0.0013,0.0,0.0003,2,2,0.087,0.0,0.001606,0.013889,0.0,0.003709,0.9479,702.592,61.095,17.565,29.275,1.0165,0.9837,343151.0,0.9444,0.0012,119.574,0.2026,3e-06,0.6584,-0.0,0.1112,0.4757,1.0,1.7194,0.001389,0.004497,0.862,0.6731,-0.0176,-0.0325,2.8304,123.0,0.0,0.0,-2.726,5.7645,122.25,0.0947,0,0,1,0.0,0.0,0.0,123.0,83.0,-0.9018,-0.9688,-0.9657,-0.9033,0.9018,0.9688,0.8612,0.9834,0.0,-0.8853,-0.9272,-0.7368,90.0,0.0,0.0,60.0,60.0,90.0,90.0,90.0,0.0,0.0,29.0,-0.0,17.5648,0.0821,0.0529,0.0259,0.9834,0.8179,,,,
392,2026-06-21T17:59:00+00:00,2026-06-21T18:16:00+00:00,17.0,-5.0,117.0,112.0,128.0,110.0,18.0,35,bajada,13:59,2026-06-21,,0.0,0.6326,0.3824,0.7394,-0.7394,-0.0049,0.0875,0.2333,-0.3,0.2611,0.0876,-0.0001,0.0049,0.01,-0.0178,0.0008,0.0049,0.0,0.0003,0.0009,-0.0009,0.0,0.0003,13,15,0.1176,0.1176,0.000742,0.004437,0.0,0.001026,0.7462,1023.862,60.227,204.772,29.253,1.0038,0.9962,463477.0,0.2611,0.0008,115.075,0.0876,1e-06,2.2408,0.4029,0.1948,0.6561,0.7375,1.6121,0.000952,0.002611,0.9061,0.8174,0.6831,0.4961,2.0543,112.0,2.0,6.0,1.0598,0.6195,114.586,0.0361,1,2,1,11.0,0.698,0.059,128.0,110.0,0.7394,0.6755,0.6589,0.7447,-0.7394,-0.6755,-0.7766,-0.6191,0.0,0.5294,0.5006,0.7621,120.0,480.0,0.0,420.0,420.0,540.0,540.0,540.0,11.0,7.0,0.643,-0.0,204.7724,0.0154,0.1278,0.0,0.7766,1.0577,,,,
393,2026-06-21T23:46:00+00:00,2026-06-21T23:59:30+00:00,13.5,-7.0,108.0,101.0,117.0,101.0,16.0,28,bajada,19:46,2026-06-21,,-0.037,0.5307,0.2963,0.8507,-0.8507,-0.0086,0.0784,0.2,-0.3,0.1678,0.0788,0.0,0.0036,0.01,-0.01,0.0003,0.0036,-0.0,0.0002,0.0007,-0.0004,0.0,0.0002,8,7,0.0741,0.1111,0.000713,0.004926,0.0,0.001252,0.5738,812.48,60.184,116.069,29.017,1.003,0.997,302224.0,0.1678,0.0003,103.893,0.0788,1e-06,1.4963,0.3908,0.1325,0.4728,0.7653,1.3735,0.00119,0.002525,0.9329,0.8901,0.5833,0.1992,1.905,101.0,0.0,4.75,1.6626,1.773,102.917,0.0454,1,0,1,9.0,1.125,0.074,117.0,101.0,0.8507,0.8416,0.8237,0.8415,-0.8507,-0.8416,-0.8559,-0.8247,0.0,0.7368,0.7261,0.7788,90.0,270.0,210.0,210.0,270.0,270.0,270.0,270.0,9.0,7.0,5.4,-0.0,116.0686,0.0124,0.0626,0.0196,0.8559,0.6494,,,,
394,2026-06-22T00:28:00+00:00,2026-06-22T00:41:30+00:00,13.5,-12.0,101.0,89.0,101.0,89.0,12.0,28,bajada,20:28,2026-06-21,,-0.1111,0.5872,0.1852,0.9429,-0.9429,-0.0148,0.0516,0.1,-0.1667,0.0778,0.0537,0.0001,0.0019,0.0044,-0.0056,0.0001,0.0019,0.0,0.0001,0.0002,-0.0002,0.0,0.0001,5,6,0.037,0.1481,0.000533,0.002483,0.0,0.000895,0.4309,811.161,60.086,67.597,28.97,1.0013,0.9987,233933.0,0.0778,0.0001,91.404,0.0537,0.0,1.479,0.3864,0.1243,0.4724,0.8915,1.3735,0.00119,0.00313,0.9122,0.8303,0.5386,0.4133,2.2231,89.0,0.0,4.5,1.2766,-0.0151,90.792,0.0426,1,1,1,3.0,1.4,0.074,98.0,95.0,0.9429,0.9849,0.9798,0.9238,-0.9429,-0.9849,-0.9175,-0.987,0.0,0.8867,0.9118,0.8095,0.0,240.0,120.0,60.0,210.0,210.0,210.0,240.0,0.0,12.0,-2.0,-0.0,67.5968,0.0058,0.0587,0.0652,0.987,0.6488,,,,
395,2026-06-22T11:12:00+00:00,2026-06-22T11:23:30+00:00,11.5,-4.0,87.0,83.0,93.0,83.0,10.0,24,bajada,07:12,2026-06-22,,-0.0435,0.3203,0.1304,0.8608,-0.8608,-0.0058,0.0649,0.2,-0.2,0.0978,0.0652,0.0,0.0034,0.0067,-0.0133,0.0002,0.0034,-0.0,0.0002,0.0005,-0.0007,0.0,0.0002,3,3,0.0435,0.087,0.00053,0.004444,0.0,0.001192,0.3314,691.454,60.126,172.863,28.811,1.0021,0.9979,169136.0,0.0978,0.0002,83.948,0.0652,1e-06,0.7852,0.3059,0.1178,0.8297,0.7642,1.5283,0.001389,0.004589,0.8496,0.6421,0.0877,-0.0415,2.8255,83.0,0.0,0.0,2.7861,7.4168,83.4,0.0275,1,0,1,6.0,0.5,0.087,93.0,83.0,0.8608,0.9016,0.8865,0.8673,-0.8608,-0.9016,-0.8355,-0.9136,0.0,0.8197,0.8408,0.7224,60.0,120.0,0.0,0.0,120.0,120.0,120.0,120.0,6.0,4.0,1.2,-0.0,172.8635,0.0085,0.0977,0.0139,0.9136,1.268,,,,
396,2026-06-22T14:31:30+00:00,2026-06-22T14:49:00+00:00,17.5,31.0,83.0,114.0,132.0,83.0,49.0,36,subida,10:31,2026-06-22,,-0.0286,0.0013,0.4286,-0.8228,0.8228,0.0295,0.2674,1.5,-0.3333,2.5322,0.269,0.0,0.0127,0.05,-0.0456,0.0055,0.0127,-0.0001,0.0007,0.001,-0.0032,0.0,0.0007,15,14,0.1714,0.2,0.002026,0.025,0.0,0.00482,1.8131,1078.261,61.615,34.783,29.952,1.0265,0.9742,481143.0,2.5322,0.0055,115.607,0.269,5e-06,1.6059,0.6544,0.2805,0.7518,0.8441,1.7233,0.001852,0.005345,0.7547,0.4537,-0.0738,-0.1077,3.6456,114.0,0.5,5.0,-2.1146,6.3694,116.167,0.0788,2,2,1,11.0,0.987,0.114,132.0,113.0,-0.8228,-0.9061,-0.9107,-0.8078,0.8228,0.9061,0.772,0.9248,0.0,-0.8453,-0.8969,-0.6494,90.0,0.0,0.0,480.0,480.0,480.0,480.0,540.0,18.0,0.0,14.571,0.0,34.7826,0.1447,0.2109,0.0,0.9248,1.2956,,,,
397,2026-06-22T19:54:30+00:00,2026-06-22T20:10:00+00:00,15.5,-14.0,111.0,97.0,116.0,97.0,19.0,32,bajada,15:54,2026-06-22,,-0.129,0.6416,0.2581,0.9518,-0.9518,-0.0151,0.0728,0.1667,-0.2667,0.1711,0.0743,-0.0002,0.0039,0.0089,-0.0144,0.0005,0.0039,0.0,0.0002,0.0008,-0.0005,0.0,0.0002,8,10,0.0645,0.1935,0.000778,0.006931,0.0,0.001512,0.643,932.541,60.164,66.61,29.142,1.0026,0.9974,321793.0,0.1711,0.0005,100.28,0.0743,1e-06,1.8766,0.6352,0.1308,0.5384,0.8074,1.4062,0.001042,0.002816,0.9138,0.8488,0.6131,0.3586,2.3825,97.0,0.0,5.0,1.5738,1.6221,99.192,0.0497,1,1,1,4.0,0.5,0.065,104.0,100.0,0.9518,0.9892,0.9814,0.9493,-0.9518,-0.9892,-0.9283,-0.9865,0.0,0.8843,0.9097,0.832,30.0,360.0,60.0,150.0,270.0,360.0,360.0,360.0,5.0,14.0,-3.371,0.0,66.6101,0.011,0.0704,0.0828,0.9892,0.7571,,,,
398,2026-06-22T22:41:30+00:00,2026-06-22T22:46:30+00:00,5.0,4.0,95.0,99.0,99.0,95.0,4.0,11,subida,18:41,2026-06-22,,0.1,0.25,0.1,-0.8864,0.8864,0.0133,0.04,0.1333,0.0,0.0178,0.0422,-0.0005,0.0014,0.0,-0.0044,0.0,0.0015,0.0,0.0,0.0001,0.0,0.0,0.0001,1,1,0.1,0.0,0.000498,0.002207,0.0,0.000856,0.132,300.265,60.053,75.066,27.297,1.0008,0.9992,107035.0,0.0178,0.0,98.643,0.0422,0.0,0.4395,-0.0,0.2877,1.0,1.0,1.887,0.012121,0.009091,0.4,-0.01,-0.0375,-0.0833,2.3219,99.0,0.0,0.0,-2.846,6.1,99.0,0.0117,0,0,1,0.0,0.0,0.0,99.0,95.0,-0.8864,-0.958,-0.9581,-0.8696,0.8864,0.958,0.8472,0.9878,0.0,-0.8575,-0.9038,-0.7483,30.0,0.0,0.0,0.0,30.0,30.0,30.0,30.0,0.0,0.0,8.0,-0.0,75.0662,0.0036,0.2877,0.025,0.9878,1.887,,,,
399,2026-06-22T22:51:00+00:00,2026-06-22T23:06:00+00:00,15.0,-16.0,99.0,83.0,104.0,83.0,21.0,31,bajada,18:51,2026-06-22,,-0.0667,0.6628,0.3667,0.9546,-0.9546,-0.0178,0.0829,0.1667,-0.2333,0.2156,0.0848,0.0,0.005,0.01,-0.0133,0.0007,0.005,-0.0,0.0003,0.0007,-0.0006,0.0,0.0003,11,12,0.1,0.1667,0.000473,0.003328,0.0,0.000794,0.3979,903.206,60.214,56.45,29.136,1.0034,0.9966,235632.0,0.2156,0.0007,87.184,0.0848,1e-06,1.8834,0.4929,0.1325,0.5288,0.7988,1.4383,0.001075,0.002608,0.9384,0.8764,0.6385,0.4134,2.042,83.0,0.0,6.0,1.3506,0.503,85.8,0.0705,0,0,1,0.0,0.0,0.0,104.0,83.0,0.9546,0.9859,0.9764,0.9491,-0.9546,-0.9859,-0.9348,-0.9826,0.0,0.8793,0.9,0.833,60.0,360.0,180.0,150.0,330.0,210.0,210.0,360.0,5.0,16.0,-3.029,0.0,56.4504,0.0144,0.0701,0.0442,0.9859,0.7606,,,,
400,2026-06-23T00:10:30+00:00,2026-06-23T00:23:00+00:00,12.5,69.0,83.0,152.0,156.0,83.0,73.0,26,subida,20:10,2026-06-22,,0.04,0.4492,0.2,-0.924,0.924,0.092,0.3499,1.6,-0.1333,3.2722,0.3618,0.0,0.018,0.0533,-0.0578,0.0077,0.018,-0.0,0.0011,0.0021,-0.0037,0.0,0.0011,5,6,0.08,0.04,0.002225,0.013889,0.0,0.003945,1.5271,785.921,62.874,11.39,30.228,1.0435,0.9583,535186.0,3.2722,0.0077,143.472,0.3618,6e-06,0.893,0.1923,0.1171,0.2198,0.9839,1.8079,0.001282,0.003682,0.8629,0.7721,0.4229,-0.0744,2.5122,152.0,0.0,0.0,-1.7872,1.5708,146.0,0.1554,0,0,1,0.0,0.0,0.0,156.0,83.0,-0.924,-0.9812,-0.9745,-0.9113,0.924,0.9812,0.8891,0.9951,0.0,-0.8943,-0.9284,-0.7808,150.0,0.0,60.0,60.0,180.0,180.0,180.0,180.0,4.0,0.0,15.0,-0.0,11.3902,0.2618,0.0257,0.018,0.9951,0.3974,,,,
401,2026-06-23T11:06:00+00:00,2026-06-23T11:17:00+00:00,11.0,-12.0,152.0,140.0,152.0,140.0,12.0,23,bajada,07:06,2026-06-23,,-0.1818,0.6367,0.2273,0.943,-0.943,-0.0182,0.0423,0.0,-0.1667,0.0467,0.0461,0.0001,0.0019,0.0056,-0.0033,0.0001,0.0019,0.0,0.0001,0.0003,-0.0002,0.0,0.0001,5,8,0.0,0.1818,0.000421,0.001924,0.0,0.000569,0.2655,660.697,60.063,55.058,28.726,1.0009,0.9991,464596.0,0.0467,0.0001,142.126,0.0461,0.0,1.6515,0.4952,0.2231,0.3251,1.0,1.5734,0.001449,0.00394,0.8377,0.7499,0.486,0.276,2.412,140.0,0.0,3.5,1.6892,1.9661,141.368,0.0235,0,0,1,0.0,0.0,0.0,152.0,140.0,0.943,0.9917,0.9883,0.9357,-0.943,-0.9917,-0.9138,-0.9943,0.0,0.8883,0.9209,0.8141,0.0,270.0,30.0,60.0,180.0,150.0,150.0,270.0,0.0,12.0,-5.2,0.0,55.0581,0.0042,0.0725,0.1158,0.9943,0.5115,,,,
402,2026-06-23T14:08:00+00:00,2026-06-23T14:21:30+00:00,13.5,-7.0,137.0,130.0,143.0,130.0,13.0,28,bajada,10:08,2026-06-23,,-0.0741,0.6089,0.3333,0.9144,-0.9144,-0.0086,0.0814,0.2,-0.2667,0.1811,0.0819,-0.0,0.0048,0.0089,-0.0144,0.0006,0.0048,-0.0,0.0003,0.0008,-0.0007,0.0,0.0003,9,10,0.0741,0.1481,0.000633,0.003333,0.0,0.001016,0.4816,812.686,60.199,116.098,29.025,1.0033,0.9967,491719.0,0.1811,0.0006,132.519,0.0819,0.0,1.814,0.5601,0.1418,0.716,0.701,1.3735,0.00119,0.003351,0.8721,0.7966,0.6334,0.3321,2.0566,130.0,0.0,3.75,1.3388,0.5449,131.875,0.0289,1,1,1,6.0,0.55,0.074,143.0,136.0,0.9144,0.916,0.9021,0.9075,-0.9144,-0.916,-0.9131,-0.898,0.0,0.8007,0.8007,0.8305,60.0,300.0,150.0,210.0,210.0,150.0,150.0,300.0,6.0,7.0,0.6,-0.0,116.098,0.0134,0.1015,0.0451,0.916,0.9834,,,,
403,2026-06-23T20:34:00+00:00,2026-06-23T20:51:30+00:00,17.5,-14.0,130.0,116.0,134.0,112.0,22.0,36,bajada,16:34,2026-06-23,,-0.0286,0.568,0.3714,0.9409,-0.9409,-0.0133,0.1206,0.3667,-0.2667,0.5156,0.1214,-0.0001,0.0072,0.0211,-0.02,0.0018,0.0072,0.0,0.0005,0.0012,-0.0014,0.0,0.0005,13,12,0.1429,0.1714,0.001053,0.004139,0.0,0.001285,1.1049,1057.596,60.434,75.543,29.378,1.0071,0.9929,512778.0,0.5156,0.0018,119.348,0.1214,1e-06,1.9028,0.6164,0.1229,0.8587,0.7339,1.5797,0.000926,0.003717,0.8702,0.7464,0.505,0.4215,2.7588,116.0,0.0,4.75,1.3905,0.9189,118.367,0.0459,2,3,1,3.5,0.875,0.114,134.0,112.0,0.9409,0.9777,0.9685,0.9257,-0.9409,-0.9777,-0.9173,-0.9796,0.0,0.8759,0.9011,0.8083,30.0,390.0,90.0,300.0,210.0,450.0,450.0,450.0,4.0,18.0,-2.357,-0.0,75.5426,0.0295,0.1055,0.0162,0.9796,1.3565,,,,
404,2026-06-23T21:37:00+00:00,2026-06-23T21:46:30+00:00,9.5,-2.0,116.0,114.0,116.0,111.0,5.0,20,mixto,17:37,2026-06-23,,0.0,0.0683,0.2105,0.6866,-0.6866,-0.0035,0.0445,0.1,-0.1667,0.0378,0.0446,0.0,0.0022,0.0056,-0.0056,0.0001,0.0022,0.0,0.0001,0.0004,-0.0002,0.0,0.0001,4,5,0.0526,0.0526,0.000512,0.002778,0.0,0.00074,0.2656,570.563,60.059,285.282,28.528,1.001,0.999,254090.0,0.0378,0.0001,112.714,0.0446,0.0,1.361,0.2377,0.2942,0.3115,0.8644,2.161,0.001667,0.003501,0.8561,0.6708,0.1985,-0.0571,1.6597,112.5,1.5,3.0,0.3505,-1.3329,112.5,0.0159,0,1,2,0.0,0.0,0.0,116.0,111.0,0.6866,0.8187,0.8068,0.6637,-0.6866,-0.8187,-0.6215,-0.8877,0.0,0.9004,0.9191,0.4723,0.0,60.0,0.0,0.0,360.0,360.0,360.0,360.0,0.0,5.0,-4.0,0.0,285.2815,0.004,0.0916,0.0,0.9191,0.6732,,,,
405,2026-06-24T01:52:30+00:00,2026-06-24T02:03:30+00:00,11.0,61.0,114.0,175.0,175.0,114.0,61.0,23,subida,21:52,2026-06-23,,0.0455,0.2386,0.0909,-0.8927,0.8927,0.0924,0.4235,2.0333,0.0,4.1344,0.4335,0.0,0.0209,0.0678,-0.0678,0.0092,0.0209,-0.0001,0.0011,0.0023,-0.0045,0.0,0.0011,2,2,0.0455,0.0,0.002718,0.033889,0.0,0.007616,1.3672,697.978,63.453,11.442,30.347,1.0531,0.9496,669117.0,4.1344,0.0092,170.564,0.4335,6e-06,0.4262,-0.0,0.1112,0.6381,1.0,1.7701,0.001449,0.005405,0.7775,0.5184,-0.0143,-0.0265,3.0029,175.0,0.0,0.0,-2.9318,6.5952,175.0,0.1013,0,0,1,0.0,0.0,0.0,175.0,114.0,-0.8927,-0.9612,-0.9595,-0.8872,0.8927,0.9612,0.8514,0.9801,0.0,-0.8773,-0.9214,-0.7436,60.0,0.0,0.0,0.0,60.0,60.0,60.0,60.0,0.0,0.0,48.8,0.0,11.4423,0.3759,0.071,0.0109,0.9801,1.1295,,,,
406,2026-06-24T02:38:00+00:00,2026-06-24T02:53:30+00:00,15.5,-11.0,175.0,164.0,183.0,164.0,19.0,32,bajada,22:38,2026-06-23,,-0.0645,0.6242,0.3226,0.9396,-0.9396,-0.0118,0.115,0.2667,-0.3667,0.4144,0.1156,-0.0,0.0066,0.0122,-0.0211,0.0013,0.0066,-0.0,0.0004,0.0011,-0.001,0.0,0.0004,10,9,0.129,0.1935,0.001014,0.005258,0.0,0.001471,0.9066,936.094,60.393,85.099,29.253,1.0065,0.9936,896947.0,0.4144,0.0013,167.42,0.1156,0.0,1.9627,0.6449,0.1178,0.8989,0.6879,1.4062,0.001042,0.00329,0.8657,0.754,0.6218,0.5007,2.3387,164.0,0.0,7.0,1.3939,1.0631,166.423,0.0303,2,3,1,3.5,0.583,0.129,174.0,169.0,0.9396,0.9537,0.9437,0.9376,-0.9396,-0.9537,-0.9304,-0.9352,0.0,0.8367,0.8483,0.8497,60.0,360.0,90.0,180.0,330.0,60.0,60.0,360.0,8.0,11.0,-0.286,-0.0,85.0995,0.0267,0.1059,0.0403,0.9537,1.264,,,,
407,2026-06-24T09:06:30+00:00,2026-06-24T09:18:00+00:00,11.5,-2.0,164.0,162.0,164.0,40.0,124.0,24,mixto,05:06,2026-06-24,,0.0,0.0755,0.1304,0.0971,-0.0971,-0.0029,1.2091,4.0667,-4.1333,33.6222,1.2091,-0.0,0.0714,0.2733,-0.1378,0.1121,0.0714,0.0002,0.0043,0.0137,-0.0136,0.0004,0.0043,3,3,0.0435,0.0435,0.007129,0.068889,0.0,0.019715,4.0994,883.212,76.801,441.606,36.8,1.28,0.7812,606516.0,33.6222,0.1121,158.97,1.2091,5.5e-05,0.2499,0.2052,0.2166,1.5238,0.8227,1.7194,0.009722,0.009112,0.4067,-0.0623,-0.0058,-0.0107,3.5843,162.0,0.0,0.0,-4.5835,19.0211,162.0,0.1555,0,0,1,0.0,0.0,0.0,164.0,40.0,0.0971,0.1357,0.1559,0.0672,-0.0971,-0.1357,-0.0749,-0.1381,0.0,0.1279,0.1585,0.0548,0.0,60.0,0.0,0.0,90.0,90.0,90.0,90.0,0.0,124.0,-26.0,-0.0,441.606,2.9237,0.3301,0.0,0.1585,2.62,,,,
408,2026-06-24T10:08:30+00:00,2026-06-24T10:18:00+00:00,9.5,-4.0,160.0,156.0,160.0,156.0,4.0,20,bajada,06:08,2026-06-24,,-0.0526,0.2707,0.1053,0.8963,-0.8963,-0.007,0.0298,0.0,-0.1333,0.0178,0.0306,0.0,0.0015,0.0044,-0.0044,0.0,0.0015,0.0,0.0001,0.0003,-0.0001,0.0,0.0001,2,2,0.0,0.0526,0.000277,0.002222,0.0,0.000595,0.1329,570.265,60.028,142.566,28.513,1.0004,0.9996,489248.0,0.0178,0.0,156.405,0.0306,0.0,0.469,0.2377,0.1335,0.5934,1.0,1.5127,0.001667,0.005476,0.7397,0.5205,-0.0196,-0.037,2.7887,156.0,0.0,0.0,2.6667,5.1111,156.0,0.0077,0,0,1,0.0,0.0,0.0,160.0,156.0,0.8963,0.9639,0.9609,0.883,-0.8963,-0.9639,-0.8561,-0.9838,0.0,0.8787,0.9205,0.7495,0.0,60.0,0.0,0.0,60.0,60.0,60.0,60.0,0.0,4.0,-3.2,0.0,142.5662,0.0019,0.0792,0.0142,0.9838,0.8976,,,,
409,2026-06-24T13:26:30+00:00,2026-06-24T13:39:30+00:00,13.0,-13.0,156.0,143.0,156.0,143.0,13.0,27,bajada,09:26,2026-06-24,,-0.1154,0.6047,0.3077,0.9442,-0.9442,-0.0167,0.0615,0.1333,-0.2,0.1056,0.0637,-0.0,0.0037,0.0111,-0.01,0.0003,0.0037,0.0,0.0002,0.0006,-0.0007,0.0,0.0002,8,9,0.0385,0.1538,0.00039,0.003333,0.0,0.000702,0.2658,781.573,60.121,60.121,28.947,1.0019,0.9981,571320.0,0.1056,0.0003,145.465,0.0637,0.0,1.6507,0.4737,0.1418,0.4536,0.873,1.4089,0.001235,0.003353,0.8665,0.793,0.5933,0.2885,2.348,143.0,0.0,3.0,1.6033,1.2586,144.696,0.0281,0,0,1,0.0,0.0,0.0,156.0,143.0,0.9442,0.991,0.9848,0.9363,-0.9442,-0.991,-0.9156,-0.9957,0.0,0.8934,0.9227,0.798,0.0,270.0,90.0,60.0,180.0,180.0,180.0,270.0,0.0,13.0,-3.2,-0.0,60.121,0.0081,0.0643,0.0698,0.9957,0.6391,,,,
410,2026-06-24T20:03:30+00:00,2026-06-24T20:17:30+00:00,14.0,-3.0,138.0,135.0,143.0,135.0,8.0,29,mixto,16:03,2026-06-24,,-0.0714,0.5438,0.25,0.7525,-0.7525,-0.0036,0.0626,0.2,-0.1667,0.11,0.0627,-0.0002,0.0034,0.01,-0.0122,0.0003,0.0034,0.0,0.0002,0.0005,-0.0007,0.0,0.0002,7,7,0.0714,0.1429,0.00057,0.003054,0.0,0.00091,0.4638,841.639,60.117,280.546,29.022,1.0019,0.9981,540934.0,0.11,0.0003,136.576,0.0627,0.0,1.5754,0.5436,0.1243,0.7731,0.6881,1.5076,0.001149,0.003245,0.8827,0.7524,0.5857,0.3834,2.2663,135.0,0.0,3.0,1.3371,0.274,136.2,0.0187,2,1,1,5.0,0.9,0.143,143.0,137.0,0.7525,0.7202,0.698,0.7503,-0.7525,-0.7202,-0.7719,-0.6813,0.0,0.6129,0.5894,0.7254,210.0,270.0,180.0,180.0,270.0,270.0,270.0,270.0,5.0,3.0,0.4,-0.0,280.5463,0.0079,0.0961,0.0388,0.7719,1.1655,,,,
411,2026-06-24T22:57:00+00:00,2026-06-24T23:12:00+00:00,15.0,-13.0,135.0,122.0,146.0,122.0,24.0,31,bajada,18:57,2026-06-24,,-0.1,0.4682,0.2333,0.9227,-0.9227,-0.0144,0.163,0.5333,-0.6333,0.8033,0.1636,0.0001,0.0094,0.0211,-0.0389,0.0025,0.0094,0.0,0.0006,0.0019,-0.002,0.0,0.0006,7,8,0.0667,0.1667,0.001163,0.009409,0.0,0.002229,1.0734,911.256,60.75,70.097,29.395,1.0124,0.9878,484773.0,0.8033,0.0025,125.051,0.1636,2e-06,1.6562,0.4906,0.1171,0.8535,0.7042,1.4383,0.001075,0.004727,0.7593,0.554,0.434,0.3145,3.0452,122.0,0.0,4.0,2.2532,5.2898,123.72,0.0431,1,1,1,5.0,1.406,0.067,130.0,125.0,0.9227,0.9567,0.9497,0.9251,-0.9227,-0.9567,-0.9015,-0.9527,0.0,0.8553,0.8776,0.8019,90.0,300.0,30.0,60.0,150.0,270.0,270.0,300.0,11.0,13.0,-2.971,-0.0,70.0966,0.0536,0.0999,0.0468,0.9567,1.2276,,,,
412,2026-06-25T08:10:00+00:00,2026-06-25T08:24:30+00:00,14.5,-10.0,120.0,110.0,124.0,110.0,14.0,30,bajada,04:10,2026-06-25,,-0.069,0.5416,0.3103,0.9344,-0.9344,-0.0115,0.1094,0.3333,-0.3,0.3511,0.11,-0.0002,0.0062,0.0111,-0.0211,0.0011,0.0062,0.0,0.0004,0.0009,-0.0011,0.0,0.0004,9,8,0.1034,0.1724,0.001023,0.006109,0.0,0.001721,0.8398,875.174,60.357,87.517,29.172,1.0059,0.9942,379751.0,0.3511,0.0011,112.509,0.11,1e-06,1.8923,0.6132,0.1178,0.9213,0.6903,1.4721,0.001111,0.004076,0.8022,0.6524,0.5291,0.3442,2.6928,110.0,0.0,2.75,1.5131,0.8792,111.542,0.0368,1,2,1,10.0,0.528,0.069,122.0,112.0,0.9344,0.966,0.9579,0.9317,-0.9344,-0.966,-0.9148,-0.9614,0.0,0.8609,0.8816,0.8094,30.0,300.0,60.0,120.0,180.0,30.0,30.0,300.0,4.0,10.0,-1.829,0.0,87.5174,0.0242,0.1085,0.0374,0.966,1.3562,,,,
413,2026-06-25T11:11:30+00:00,2026-06-25T11:25:30+00:00,14.0,-9.0,110.0,101.0,118.0,101.0,17.0,29,bajada,07:11,2026-06-25,,-0.0357,0.496,0.25,0.9214,-0.9214,-0.0107,0.1066,0.2667,-0.4333,0.3211,0.1071,0.0,0.0059,0.0144,-0.0233,0.0009,0.0059,-0.0,0.0004,0.0013,-0.0011,0.0,0.0004,7,7,0.0714,0.1071,0.000986,0.005773,0.0,0.001627,0.7911,844.67,60.334,93.852,29.127,1.0055,0.9945,309590.0,0.3211,0.0009,103.322,0.1071,1e-06,1.5754,0.3765,0.1243,0.8308,0.7216,1.5076,0.001149,0.004073,0.8951,0.6732,0.2981,0.4421,2.6331,101.0,0.0,4.0,2.0174,3.6921,102.56,0.0396,1,1,1,4.0,0.917,0.071,109.0,105.0,0.9214,0.9525,0.9422,0.916,-0.9214,-0.9525,-0.9023,-0.9476,0.0,0.8524,0.8709,0.8087,60.0,270.0,180.0,90.0,240.0,90.0,90.0,270.0,8.0,9.0,-3.0,-0.0,93.8522,0.0229,0.1033,0.0177,0.9525,1.2525,,,,
414,2026-06-25T14:49:30+00:00,2026-06-25T15:05:00+00:00,15.5,-10.0,101.0,91.0,108.0,91.0,17.0,32,bajada,10:49,2026-06-25,,-0.0968,0.6876,0.3226,0.942,-0.942,-0.0108,0.0881,0.2333,-0.2667,0.2444,0.0888,-0.0,0.0046,0.0089,-0.0144,0.0006,0.0046,-0.0,0.0003,0.0007,-0.0007,0.0,0.0003,10,11,0.0645,0.1613,0.000951,0.004673,0.0,0.001428,0.8551,933.62,60.234,93.362,29.176,1.0038,0.9962,286528.0,0.2444,0.0006,94.626,0.0888,1e-06,2.1308,0.5443,0.1568,0.7102,0.7301,1.4062,0.001042,0.002725,0.9049,0.8458,0.7067,0.4745,2.1432,91.0,0.0,6.0,1.2863,0.6331,93.577,0.0516,1,1,1,7.0,0.844,0.065,108.0,98.0,0.942,0.9433,0.9321,0.9415,-0.942,-0.9433,-0.9396,-0.9194,0.0,0.8118,0.8204,0.8667,60.0,420.0,120.0,210.0,330.0,420.0,420.0,420.0,7.0,10.0,-1.486,-0.0,93.362,0.0158,0.1114,0.0666,0.9433,0.9987,,,,
415,2026-06-25T23:49:00+00:00,2026-06-26T00:06:30+00:00,17.5,64.0,91.0,155.0,161.0,91.0,70.0,36,subida,19:49,2026-06-25,,0.0,0.0631,0.1714,-0.8656,0.8656,0.061,0.3919,2.3333,-0.2,5.5044,0.3966,-0.0,0.019,0.0778,-0.0778,0.0123,0.019,-0.0001,0.001,0.0026,-0.0052,0.0,0.001,6,7,0.0571,0.0571,0.002056,0.038889,0.0,0.007076,1.6377,1097.051,62.689,17.141,30.474,1.0429,0.9589,857103.0,5.5044,0.0123,154.3,0.3966,6e-06,0.3095,0.2704,0.1299,0.5773,0.9577,1.5797,0.001852,0.005244,0.7757,0.4956,-0.0422,-0.0577,3.6729,155.0,0.0,6.0,-3.6683,12.0565,156.9,0.1004,2,0,2,6.0,3.136,0.114,161.0,91.0,-0.8656,-0.9415,-0.9434,-0.8505,0.8656,0.9415,0.819,0.9578,0.0,-0.8708,-0.9187,-0.6958,60.0,0.0,0.0,0.0,450.0,450.0,450.0,450.0,6.0,0.0,25.0,-0.0,17.1414,0.3145,0.075,0.0,0.9578,0.912,,,,
416,2026-06-26T01:01:30+00:00,2026-06-26T01:13:00+00:00,11.5,0.0,155.0,155.0,155.0,36.0,119.0,24,mixto,21:01,2026-06-25,,0.0,0.0819,0.1304,0.0304,-0.0304,0.0,1.1697,3.9667,-3.9667,31.4689,1.1697,0.0,0.0691,0.2644,-0.1322,0.1049,0.0691,0.0002,0.0042,0.0132,-0.0132,0.0004,0.0042,3,3,0.0435,0.0435,0.006887,0.066111,0.0,0.019035,3.9667,875.447,76.126,875446531.856,36.477,1.2688,0.7882,553871.0,31.4689,0.1049,151.914,1.1697,5.7e-05,0.2499,0.2052,0.2166,1.5407,0.8209,1.7194,0.001389,0.009028,0.4167,-0.0473,-0.0062,-0.0114,3.585,155.0,0.0,0.0,-4.5873,19.0435,155.0,0.1585,0,1,1,0.0,0.0,0.0,155.0,36.0,0.0304,0.0644,0.0851,0.0,-0.0304,-0.0644,-0.011,-0.0658,0.0,0.0629,0.0907,0.0,0.0,60.0,690.0,690.0,690.0,0.0,0.0,90.0,0.0,119.0,-23.8,-0.0,875.447,2.7364,0.3337,0.0,0.0907,2.6491,,,,
417,2026-06-26T02:50:30+00:00,2026-06-26T03:01:30+00:00,11.0,-9.0,155.0,146.0,157.0,146.0,11.0,23,bajada,22:50,2026-06-25,,-0.0909,0.4874,0.1818,0.9289,-0.9289,-0.0136,0.0499,0.0667,-0.2,0.0589,0.0517,-0.0001,0.0024,0.0044,-0.0089,0.0001,0.0024,0.0,0.0001,0.0004,-0.0001,0.0,0.0001,4,5,0.0455,0.1364,0.000576,0.004415,0.0,0.001145,0.3315,660.877,60.08,73.431,28.734,1.0012,0.9988,500450.0,0.0589,0.0001,147.508,0.0517,0.0,1.2957,0.4465,0.1526,0.4815,0.895,1.5734,0.001449,0.003817,0.8815,0.7587,0.3112,0.073,2.4678,146.0,0.0,1.5,2.1243,3.4672,146.737,0.0202,0,0,1,0.0,0.0,0.0,157.0,146.0,0.9289,0.9835,0.9764,0.9227,-0.9289,-0.9835,-0.8961,-0.9941,0.0,0.8912,0.9246,0.7906,30.0,180.0,60.0,60.0,90.0,180.0,180.0,180.0,2.0,9.0,-4.8,0.0,73.4308,0.0054,0.0735,0.0443,0.9941,0.7576,,,,
418,2026-06-26T09:43:00+00:00,2026-06-26T09:56:00+00:00,13.0,-14.0,143.0,129.0,143.0,129.0,14.0,27,bajada,05:43,2026-06-26,,-0.1154,0.6227,0.2308,0.947,-0.947,-0.0179,0.0517,0.0,-0.2,0.0778,0.0547,0.0,0.0026,0.0067,-0.0067,0.0002,0.0026,0.0,0.0002,0.0004,-0.0002,0.0,0.0002,6,8,0.0,0.1154,0.000563,0.002778,0.0,0.000765,0.4141,781.158,60.089,55.797,28.932,1.0013,0.9987,468884.0,0.0778,0.0002,131.78,0.0547,0.0,1.4285,0.4004,0.1568,0.1667,1.0,1.4089,0.001235,0.003019,0.8966,0.8435,0.6077,0.3077,2.1828,129.0,0.0,3.0,1.4374,0.6109,130.957,0.0341,0,0,1,0.0,0.0,0.0,143.0,129.0,0.947,0.9918,0.9852,0.936,-0.947,-0.9918,-0.9197,-0.996,0.0,0.8933,0.9211,0.8025,0.0,270.0,60.0,60.0,180.0,270.0,270.0,270.0,0.0,14.0,-3.0,-0.0,55.797,0.006,0.0261,0.0719,0.996,0.2349,,,,
419,2026-06-26T20:22:30+00:00,2026-06-26T20:36:30+00:00,14.0,-12.0,131.0,119.0,152.0,119.0,33.0,29,bajada,16:22,2026-06-26,,-0.1071,0.4801,0.3214,0.8762,-0.8762,-0.0143,0.1776,0.7,-0.5,0.8889,0.1782,-0.0,0.0096,0.0233,-0.04,0.0025,0.0096,-0.0,0.0005,0.0016,-0.0021,0.0,0.0005,9,10,0.0714,0.1786,0.001452,0.012315,0.0,0.003117,1.088,852.359,60.883,71.03,29.392,1.0146,0.9856,439538.0,0.8889,0.0025,123.112,0.1782,2e-06,1.4444,0.5813,0.1418,0.8132,0.7682,1.5076,0.001149,0.003524,0.8986,0.7385,0.4239,0.2575,2.6039,119.0,0.0,6.0,2.4882,6.4989,121.48,0.0592,1,0,1,21.0,0.6,0.071,152.0,119.0,0.8762,0.8917,0.8741,0.8816,-0.8762,-0.8917,-0.866,-0.8849,0.0,0.7936,0.8008,0.7816,60.0,330.0,120.0,180.0,240.0,240.0,240.0,330.0,21.0,12.0,-0.0,-0.0,71.0299,0.0635,0.1153,0.0514,0.8917,1.226,,,,
420,2026-06-27T01:29:00+00:00,2026-06-27T01:45:30+00:00,16.5,-7.0,119.0,112.0,127.0,112.0,15.0,34,bajada,21:29,2026-06-26,,-0.0303,0.6158,0.2727,0.9097,-0.9097,-0.0071,0.0844,0.2667,-0.2,0.2367,0.0847,0.0,0.0046,0.0089,-0.0156,0.0007,0.0046,-0.0,0.0003,0.0006,-0.0008,0.0,0.0003,9,11,0.0909,0.1212,0.000846,0.004992,0.0,0.001361,0.7964,993.511,60.213,141.93,29.221,1.0035,0.9965,446952.0,0.2367,0.0007,114.654,0.0847,1e-06,1.7641,0.4824,0.1278,0.8274,0.6972,1.3467,0.00098,0.002981,0.9145,0.7916,0.625,0.5928,2.2834,112.0,0.0,4.5,1.4059,1.1287,113.964,0.034,2,2,1,6.0,1.0,0.121,127.0,115.0,0.9097,0.9065,0.8929,0.9063,-0.9097,-0.9065,-0.9105,-0.8873,0.0,0.7841,0.786,0.8348,60.0,390.0,120.0,240.0,240.0,30.0,30.0,390.0,8.0,7.0,-0.114,-0.0,141.9301,0.0143,0.1057,0.0187,0.9105,1.1143,,,,
421,2026-06-27T06:25:30+00:00,2026-06-27T06:44:30+00:00,19.0,49.0,112.0,161.0,183.0,0.0,183.0,39,subida,02:25,2026-06-27,,0.0,0.0021,0.2632,-0.7434,0.7434,0.043,1.3007,5.3667,-5.6,64.3589,1.3014,0.0,0.0754,0.3656,-0.1867,0.2102,0.0754,-0.0001,0.0046,0.0184,-0.0181,0.0008,0.0046,10,12,0.0789,0.0789,0.006592,0.089554,0.0,0.017527,7.221,1455.389,76.599,29.702,37.318,1.2755,0.784,1008224.0,64.3589,0.2102,160.785,1.3014,6.4e-05,1.3664,0.3389,0.1798,0.8899,0.7366,1.6263,0.001709,0.007995,0.5354,0.066,-0.0313,-0.0593,3.9988,161.0,0.0,10.0,-4.4704,21.0837,164.273,0.1813,1,0,2,71.0,7.26,0.053,183.0,0.0,-0.7434,-0.8043,-0.812,-0.728,0.7434,0.8043,0.7017,0.8153,0.0,-0.7048,-0.7684,-0.6069,300.0,510.0,0.0,0.0,540.0,540.0,540.0,540.0,22.0,112.0,21.071,-0.0,29.7018,3.3873,0.16,0.0,0.8153,1.4472,,,,
422,2026-06-27T11:33:30+00:00,2026-06-27T11:48:00+00:00,14.5,-13.0,161.0,148.0,168.0,148.0,20.0,30,bajada,07:33,2026-06-27,,-0.1379,0.7605,0.3793,0.9601,-0.9601,-0.0149,0.1067,0.2667,-0.3333,0.3367,0.1077,-0.0,0.0063,0.0122,-0.02,0.0011,0.0063,-0.0,0.0004,0.001,-0.0011,0.0,0.0004,11,13,0.069,0.2069,0.00084,0.004165,0.0,0.001265,0.6976,874.958,60.342,67.304,29.165,1.0056,0.9944,700222.0,0.3367,0.0011,152.777,0.1077,0.0,2.2331,0.6288,0.2261,0.6715,0.7398,1.7992,0.001111,0.00314,0.8846,0.8323,0.7127,0.518,1.9985,149.5,1.5,9.25,0.9711,-0.2587,151.833,0.038,0,1,1,0.0,0.0,0.0,168.0,155.0,0.9601,0.9567,0.9491,0.9519,-0.9601,-0.9567,-0.9594,-0.9333,0.0,0.8035,0.8193,0.8807,60.0,450.0,180.0,210.0,390.0,360.0,360.0,450.0,7.0,13.0,-0.914,0.0,67.3045,0.0232,0.1518,0.1049,0.9601,1.2082,,,,
423,2026-06-27T14:46:00+00:00,2026-06-27T15:00:00+00:00,14.0,-14.0,148.0,134.0,148.0,134.0,14.0,29,bajada,10:46,2026-06-27,,-0.1071,0.6719,0.4286,0.9543,-0.9543,-0.0167,0.0726,0.1667,-0.2667,0.1556,0.0745,0.0,0.0041,0.0089,-0.0144,0.0005,0.0041,0.0,0.0002,0.0008,-0.0007,0.0,0.0002,12,11,0.0714,0.1786,0.000639,0.003598,0.0,0.000947,0.5139,842.308,60.165,60.165,29.045,1.0026,0.9974,545463.0,0.1556,0.0005,137.146,0.0745,0.0,1.7089,0.5112,0.1651,0.5979,0.8293,1.5076,0.001149,0.003142,0.8807,0.8089,0.6907,0.364,2.2588,134.0,0.0,6.0,1.3919,0.6158,136.44,0.0336,0,2,1,0.0,0.0,0.0,148.0,135.0,0.9543,0.9915,0.9857,0.9411,-0.9543,-0.9915,-0.9309,-0.9889,0.0,0.8822,0.9094,0.8342,0.0,390.0,60.0,150.0,240.0,300.0,300.0,390.0,0.0,14.0,-1.0,-0.0,60.1649,0.0111,0.0987,0.072,0.9915,0.9014,,,,
424,2026-06-27T23:57:30+00:00,2026-06-28T00:14:00+00:00,16.5,-11.0,136.0,125.0,137.0,124.0,13.0,34,bajada,19:57,2026-06-27,,-0.0606,0.4347,0.303,0.9231,-0.9231,-0.0111,0.0827,0.3,-0.2667,0.23,0.0835,-0.0,0.004,0.01,-0.01,0.0005,0.004,0.0,0.0002,0.0006,-0.0007,0.0,0.0002,10,10,0.0606,0.1212,0.000973,0.004599,0.0,0.001414,0.9343,993.395,60.206,90.309,29.218,1.0034,0.9966,547519.0,0.23,0.0005,126.9,0.0835,0.0,1.5346,0.4106,0.1278,0.5418,0.7879,1.6459,0.00098,0.004286,0.8086,0.6537,0.2964,0.1051,3.05,125.0,0.0,2.0,1.6685,1.5647,126.214,0.0271,1,1,1,8.0,0.972,0.061,133.0,124.0,0.9231,0.9716,0.9694,0.9195,-0.9231,-0.9716,-0.8924,-0.974,0.0,0.8691,0.9059,0.7905,30.0,270.0,330.0,60.0,150.0,150.0,150.0,390.0,1.0,12.0,-3.6,-0.0,90.3086,0.0139,0.0692,0.0263,0.974,0.8917,,,,
425,2026-06-28T03:38:00+00:00,2026-06-28T03:53:30+00:00,15.5,-13.0,122.0,109.0,127.0,109.0,18.0,32,bajada,23:38,2026-06-27,,-0.0645,0.6202,0.3548,0.9461,-0.9461,-0.014,0.104,0.2333,-0.3667,0.3411,0.1049,0.0,0.0063,0.0133,-0.02,0.0012,0.0063,0.0,0.0004,0.0011,-0.0011,0.0,0.0004,11,10,0.0968,0.1613,0.000596,0.003587,0.0,0.000945,0.5469,935.022,60.324,71.925,29.219,1.0053,0.9947,405490.0,0.3411,0.0012,112.568,0.1049,1e-06,1.844,0.5933,0.1112,0.6961,0.7362,1.4062,0.001042,0.002938,0.8933,0.807,0.68,0.5149,2.0809,109.0,0.0,7.0,1.3385,0.4465,111.423,0.0482,0,1,1,0.0,0.0,0.0,127.0,113.0,0.9461,0.9708,0.9614,0.9383,-0.9461,-0.9708,-0.9306,-0.9629,0.0,0.8642,0.8794,0.8394,150.0,330.0,60.0,180.0,240.0,210.0,210.0,330.0,5.0,13.0,1.429,-0.0,71.9248,0.022,0.0774,0.04,0.9708,0.9789,,,,
426,2026-06-28T13:03:30+00:00,2026-06-28T13:20:00+00:00,16.5,-15.0,106.0,91.0,106.0,91.0,15.0,34,bajada,09:03,2026-06-28,,-0.0909,0.7215,0.3333,0.9613,-0.9613,-0.0152,0.0775,0.2333,-0.2667,0.2056,0.0789,0.0,0.0045,0.0089,-0.0167,0.0006,0.0045,0.0,0.0003,0.0009,-0.0008,0.0,0.0003,11,13,0.0606,0.1515,0.000578,0.004165,0.0,0.000981,0.5651,993.048,60.185,66.203,29.207,1.003,0.997,305211.0,0.2056,0.0006,94.746,0.0789,1e-06,1.6406,0.4675,0.1507,0.5811,0.8173,1.3467,0.00098,0.002898,0.9018,0.826,0.6409,0.5596,2.2611,91.0,0.0,6.0,1.1083,-0.0641,93.821,0.0521,0,1,2,0.0,0.0,0.0,106.0,98.0,0.9613,0.9904,0.9864,0.9519,-0.9613,-0.9904,-0.9424,-0.9806,0.0,0.8713,0.8968,0.8479,0.0,450.0,60.0,120.0,420.0,180.0,180.0,450.0,0.0,15.0,-3.657,-0.0,66.2032,0.0125,0.0876,0.0656,0.9904,0.7826,,,,
427,2026-06-28T17:28:30+00:00,2026-06-28T17:40:00+00:00,11.5,0.0,89.0,89.0,89.0,0.0,89.0,24,mixto,13:28,2026-06-28,,0.0,0.0819,0.1304,0.0304,-0.0304,0.0,0.8748,2.9667,-2.9667,17.6022,0.8748,0.0,0.0516,0.1978,-0.0989,0.0587,0.0516,0.0002,0.0031,0.0099,-0.0099,0.0002,0.0031,3,3,0.0435,0.0435,0.00515,0.049444,0.0,0.014236,2.9667,817.84,71.117,817840357.751,34.077,1.1853,0.8437,182183.0,17.6022,0.0587,87.126,0.8748,9.7e-05,0.2499,0.2052,0.2166,1.5407,0.8209,1.7194,0.001389,0.009028,0.4167,-0.0473,-0.0062,-0.0114,3.585,89.0,0.0,0.0,-4.5873,19.0435,89.0,0.2085,0,1,1,0.0,0.0,0.0,89.0,0.0,0.0304,0.0644,0.0851,0.0,-0.0304,-0.0644,-0.011,-0.0658,0.0,0.0629,0.0907,0.0,0.0,60.0,690.0,690.0,690.0,0.0,0.0,90.0,0.0,89.0,-17.8,0.0,817.84,1.5306,0.3337,0.0,0.0907,2.6491,,,,
428,2026-06-28T21:28:00+00:00,2026-06-28T21:39:00+00:00,11.0,118.0,89.0,207.0,207.0,89.0,118.0,23,subida,17:28,2026-06-28,,0.0455,0.2386,0.0909,-0.8927,0.8927,0.1788,0.8193,3.9333,0.0,15.4711,0.8386,0.0,0.0405,0.1311,-0.1311,0.0344,0.0405,-0.0002,0.0022,0.0044,-0.0087,0.0001,0.0022,2,2,0.0455,0.0,0.004541,0.065556,0.0,0.01462,2.1498,751.754,68.341,6.371,32.685,1.1212,0.8919,915671.0,15.4711,0.0344,199.529,0.8386,1.7e-05,0.4262,-0.0,0.1112,0.6381,1.0,1.7701,0.001449,0.005405,0.7775,0.5184,-0.0143,-0.0265,3.0029,207.0,0.0,0.0,-2.9318,6.5952,207.0,0.169,0,0,1,0.0,0.0,0.0,207.0,89.0,-0.8927,-0.9612,-0.9595,-0.8872,0.8927,0.9612,0.8514,0.9801,0.0,-0.8773,-0.9214,-0.7436,60.0,0.0,0.0,0.0,60.0,60.0,60.0,60.0,0.0,0.0,94.4,-0.0,6.3708,1.4065,0.071,0.0109,0.9801,1.1295,,,,
429,2026-06-28T21:47:30+00:00,2026-06-28T21:58:30+00:00,11.0,-6.0,205.0,199.0,205.0,199.0,6.0,23,bajada,17:47,2026-06-28,,-0.0455,0.3922,0.1818,0.9154,-0.9154,-0.0091,0.0494,0.1,-0.1667,0.0556,0.0503,-0.0,0.003,0.0078,-0.0089,0.0002,0.003,0.0,0.0002,0.0005,-0.0006,0.0,0.0002,4,4,0.0455,0.0909,0.000265,0.002222,0.0,0.000558,0.1497,660.829,60.075,110.138,28.732,1.0012,0.9988,918486.0,0.0556,0.0002,199.835,0.0503,0.0,0.9274,0.3454,0.1252,0.687,0.819,1.5734,0.001449,0.004965,0.7619,0.5708,0.3212,-0.0511,2.762,199.0,0.0,0.0,2.0734,2.5232,199.368,0.0096,0,0,1,0.0,0.0,0.0,205.0,199.0,0.9154,0.9749,0.9692,0.9047,-0.9154,-0.9749,-0.8794,-0.9901,0.0,0.887,0.9236,0.7723,0.0,120.0,90.0,60.0,60.0,30.0,30.0,120.0,0.0,6.0,-1.4,-0.0,110.1382,0.0051,0.086,0.0178,0.9901,1.0809,,,,
430,2026-06-28T22:08:00+00:00,2026-06-28T22:19:30+00:00,11.5,0.0,199.0,199.0,199.0,70.0,129.0,24,mixto,18:08,2026-06-28,,0.0,0.0819,0.1304,0.0304,-0.0304,0.0,1.268,4.3,-4.3,36.98,1.268,0.0,0.0749,0.2867,-0.1433,0.1233,0.0749,0.0002,0.0045,0.0143,-0.0143,0.0004,0.0045,3,3,0.0435,0.0435,0.007465,0.071667,0.0,0.020634,4.3,894.885,77.816,894884880.656,37.287,1.2969,0.771,915723.0,36.98,0.1233,195.333,1.268,4e-05,0.2499,0.2052,0.2166,1.5407,0.8209,1.7194,0.001389,0.009028,0.4167,-0.0473,-0.0062,-0.0114,3.585,199.0,0.0,0.0,-4.5873,19.0435,199.0,0.1331,0,1,1,0.0,0.0,0.0,199.0,70.0,0.0304,0.0644,0.0851,0.0,-0.0304,-0.0644,-0.011,-0.0658,0.0,0.0629,0.0907,0.0,0.0,60.0,690.0,690.0,690.0,0.0,0.0,90.0,0.0,129.0,-25.8,-0.0,894.885,3.2157,0.3337,0.0,0.0907,2.6491,,,,
431,2026-06-29T00:42:30+00:00,2026-06-29T00:47:30+00:00,5.0,-4.0,199.0,195.0,199.0,195.0,4.0,11,bajada,20:42,2026-06-28,,-0.1,0.25,0.1,0.8864,-0.8864,-0.0133,0.04,0.0,-0.1333,0.0178,0.0422,0.0005,0.0014,0.0044,0.0,0.0,0.0015,-0.0,0.0,0.0,-0.0001,0.0,0.0001,1,1,0.0,0.1,0.000498,0.002207,0.0,0.000856,0.132,300.265,60.053,75.066,27.297,1.0008,0.9992,419851.0,0.0178,0.0,195.367,0.0422,0.0,0.4395,0.1947,0.2877,1.0,1.0,1.887,0.00303,0.009091,0.4,-0.01,-0.0375,-0.0833,2.3219,195.0,0.0,0.0,2.846,6.1,195.0,0.0059,0,0,1,0.0,0.0,0.0,199.0,195.0,0.8864,0.958,0.9581,0.8696,-0.8864,-0.958,-0.8472,-0.9878,0.0,0.8575,0.9038,0.7483,0.0,30.0,0.0,0.0,30.0,30.0,30.0,30.0,0.0,4.0,-8.0,-0.0,75.0662,0.0036,0.2877,0.025,0.9878,1.887,,,,
432,2026-06-29T07:57:00+00:00,2026-06-29T08:09:30+00:00,12.5,-12.0,191.0,179.0,191.0,179.0,12.0,26,bajada,03:57,2026-06-29,,-0.12,0.6262,0.24,0.947,-0.947,-0.016,0.0443,0.0,-0.1667,0.0556,0.0471,0.0,0.0023,0.0056,-0.0056,0.0001,0.0023,0.0,0.0001,0.0004,-0.0002,0.0,0.0001,6,8,0.0,0.12,0.000468,0.002222,0.0,0.000627,0.3318,750.829,60.066,62.569,28.878,1.001,0.999,855062.0,0.0556,0.0001,181.348,0.0471,0.0,1.4604,0.4106,0.1696,0.1532,1.0,1.4463,0.001282,0.003246,0.8857,0.8344,0.5761,0.2154,2.2696,179.0,0.0,3.0,1.5061,0.8822,180.636,0.021,0,0,1,0.0,0.0,0.0,191.0,179.0,0.947,0.9925,0.986,0.9349,-0.947,-0.9925,-0.9193,-0.9949,0.0,0.8931,0.9214,0.8183,0.0,270.0,60.0,60.0,150.0,270.0,270.0,270.0,0.0,12.0,-2.4,-0.0,62.5691,0.0044,0.026,0.0751,0.9949,0.2216,,,,
433,2026-06-29T12:54:30+00:00,2026-06-29T13:08:30+00:00,14.0,-19.0,183.0,164.0,183.0,164.0,19.0,29,bajada,08:54,2026-06-29,,-0.1429,0.5695,0.2143,0.9359,-0.9359,-0.0226,0.085,0.1667,-0.2667,0.2167,0.088,0.0002,0.0046,0.0122,-0.0144,0.0006,0.0046,0.0,0.0003,0.0008,-0.0009,0.0,0.0003,6,6,0.0714,0.2143,0.000466,0.003321,0.0,0.00091,0.3972,843.217,60.23,44.38,29.076,1.0036,0.9964,809226.0,0.2167,0.0006,167.046,0.088,0.0,1.6444,0.5181,0.1178,0.7024,0.8348,1.5076,0.001149,0.003807,0.8694,0.7293,0.464,0.4204,2.6001,164.0,0.0,5.0,1.659,1.695,166.08,0.031,0,1,1,0.0,0.0,0.0,183.0,171.0,0.9359,0.9871,0.9838,0.9238,-0.9359,-0.9871,-0.9046,-0.9923,0.0,0.8926,0.9252,0.8004,0.0,270.0,30.0,60.0,180.0,240.0,240.0,270.0,0.0,19.0,-6.4,-0.0,44.3798,0.0155,0.0827,0.0814,0.9923,1.0589,,,,
434,2026-06-29T17:14:00+00:00,2026-06-29T17:26:30+00:00,12.5,-9.0,164.0,155.0,177.0,155.0,22.0,26,bajada,13:14,2026-06-29,,-0.08,0.4788,0.28,0.8596,-0.8596,-0.012,0.1517,0.4333,-0.4333,0.5789,0.1522,0.0,0.009,0.02,-0.0267,0.002,0.009,-0.0,0.0006,0.0016,-0.0014,0.0,0.0006,7,8,0.08,0.16,0.001007,0.007222,0.0,0.001819,0.6771,758.366,60.669,84.263,29.168,1.0111,0.989,651202.0,0.5789,0.002,158.26,0.1522,1e-06,1.299,0.5448,0.1738,0.7389,0.7106,1.4463,0.001282,0.004185,0.8456,0.7035,0.3633,0.1053,2.3637,155.0,0.0,2.0,2.044,3.2191,156.909,0.0366,1,0,1,13.0,0.545,0.08,177.0,155.0,0.8596,0.867,0.8491,0.8558,-0.8596,-0.867,-0.8544,-0.8562,0.0,0.7671,0.768,0.7753,60.0,300.0,150.0,150.0,180.0,300.0,300.0,300.0,13.0,9.0,4.0,-0.0,84.2629,0.0463,0.1284,0.0383,0.867,1.0687,,,,
435,2026-06-29T21:17:30+00:00,2026-06-29T21:30:00+00:00,12.5,-11.0,154.0,143.0,154.0,143.0,11.0,26,bajada,17:17,2026-06-29,,-0.12,0.5863,0.24,0.9428,-0.9428,-0.0147,0.0453,0.0667,-0.1667,0.0567,0.0476,0.0,0.0024,0.0056,-0.0056,0.0001,0.0024,0.0,0.0001,0.0004,-0.0003,0.0,0.0001,6,6,0.04,0.16,0.000394,0.001667,0.0,0.000576,0.2822,750.846,60.068,68.259,28.879,1.001,0.999,547574.0,0.0567,0.0001,145.122,0.0476,0.0,1.3654,0.5448,0.1252,0.3402,0.9131,1.4463,0.001282,0.003288,0.9154,0.8359,0.53,0.2436,2.2364,143.0,0.0,3.75,1.4208,0.4915,144.455,0.0251,0,1,1,0.0,0.0,0.0,154.0,149.0,0.9428,0.9893,0.982,0.9269,-0.9428,-0.9893,-0.9145,-0.9945,0.0,0.8942,0.9214,0.8108,0.0,210.0,60.0,90.0,150.0,210.0,210.0,210.0,0.0,11.0,-2.2,-0.0,68.2587,0.0045,0.0426,0.0704,0.9945,0.492,,,,
436,2026-06-30T02:17:00+00:00,2026-06-30T02:37:30+00:00,20.5,-16.0,143.0,127.0,151.0,125.0,26.0,42,bajada,22:17,2026-06-29,,-0.122,0.7644,0.4634,0.9637,-0.9637,-0.013,0.0942,0.3,-0.2333,0.3711,0.0951,-0.0,0.0054,0.0133,-0.0167,0.0012,0.0054,-0.0,0.0003,0.0008,-0.001,0.0,0.0003,19,24,0.0976,0.2195,0.00079,0.004444,0.0,0.001072,0.9293,1235.496,60.268,77.219,29.417,1.0044,0.9956,738851.0,0.3711,0.0012,132.634,0.0951,1e-06,2.3669,0.725,0.2912,0.5757,0.7564,1.6691,0.000794,0.002079,0.9486,0.9039,0.7665,0.6358,1.907,129.5,3.5,11.25,0.7808,-0.5196,131.765,0.0523,3,2,2,6.667,0.554,0.146,151.0,130.0,0.9637,0.9647,0.9571,0.9542,-0.9637,-0.9647,-0.9605,-0.9456,0.0,0.8137,0.8369,0.8801,60.0,660.0,540.0,300.0,510.0,450.0,450.0,810.0,8.0,18.0,-1.357,-0.0,77.2185,0.0181,0.1676,0.0933,0.9647,0.9609,,,,
437,2026-06-30T09:26:00+00:00,2026-06-30T09:39:30+00:00,13.5,-17.0,127.0,110.0,134.0,110.0,24.0,28,bajada,05:26,2026-06-30,,-0.1111,0.7246,0.3704,0.9619,-0.9619,-0.021,0.1231,0.2667,-0.4,0.4211,0.1249,-0.0,0.0067,0.0111,-0.0211,0.0012,0.0067,-0.0,0.0004,0.0011,-0.001,0.0,0.0004,10,10,0.1111,0.2222,0.001356,0.005773,0.0,0.00173,1.0804,816.179,60.458,48.011,29.149,1.0074,0.9926,372954.0,0.4211,0.0012,115.411,0.1249,1e-06,2.2227,0.6949,0.2397,0.7588,0.7521,1.8886,0.00119,0.003223,0.8911,0.815,0.6288,0.4447,2.2625,113.0,3.0,6.25,1.2661,0.5311,114.333,0.0585,1,1,2,8.0,0.583,0.074,128.0,120.0,0.9619,0.9768,0.9698,0.9523,-0.9619,-0.9768,-0.9495,-0.964,0.0,0.8343,0.8609,0.8626,60.0,450.0,90.0,120.0,210.0,360.0,360.0,450.0,7.0,17.0,-3.8,-0.0,48.0105,0.0312,0.1819,0.0805,0.9768,1.4331,,,,
438,2026-06-30T14:50:00+00:00,2026-06-30T15:03:30+00:00,13.5,-8.0,110.0,102.0,115.0,102.0,13.0,28,bajada,10:50,2026-06-30,,-0.037,0.5557,0.2222,0.9244,-0.9244,-0.0099,0.0779,0.1667,-0.2667,0.1667,0.0786,-0.0,0.0042,0.0067,-0.0133,0.0005,0.0042,-0.0,0.0003,0.0006,-0.0006,0.0,0.0003,6,7,0.0741,0.1111,0.000662,0.004139,0.0,0.00121,0.5146,812.471,60.183,101.559,29.017,1.003,0.997,304942.0,0.1667,0.0005,104.359,0.0786,1e-06,1.479,0.3864,0.1243,0.6771,0.7387,1.3735,0.00119,0.003309,0.8986,0.8093,0.5377,0.3099,2.1909,102.0,0.0,4.0,1.4002,0.5364,103.667,0.0375,0,1,1,0.0,0.0,0.0,115.0,109.0,0.9244,0.9456,0.9328,0.9121,-0.9244,-0.9456,-0.9114,-0.941,0.0,0.8438,0.8536,0.8132,60.0,240.0,90.0,210.0,210.0,150.0,150.0,240.0,5.0,8.0,-0.6,-0.0,101.5589,0.0123,0.0842,0.0206,0.9456,0.93,,,,
439,2026-06-30T15:05:30+00:00,2026-06-30T15:16:30+00:00,11.0,46.0,102.0,148.0,148.0,102.0,46.0,23,subida,11:05,2026-06-30,,0.0455,0.2386,0.0909,-0.8927,0.8927,0.0697,0.3194,1.5333,0.0,2.3511,0.3269,0.0,0.0158,0.0511,-0.0511,0.0052,0.0158,-0.0001,0.0008,0.0017,-0.0034,0.0,0.0009,2,2,0.0455,0.0,0.002222,0.025556,0.0,0.00584,1.1499,684.918,62.265,14.89,29.779,1.0352,0.966,480792.0,2.3511,0.0052,144.582,0.3269,5e-06,0.4262,-0.0,0.1112,0.6381,1.0,1.7701,0.001449,0.005405,0.7775,0.5184,-0.0143,-0.0265,3.0029,148.0,0.0,0.0,-2.9318,6.5952,148.0,0.09,0,0,1,0.0,0.0,0.0,148.0,102.0,-0.8927,-0.9612,-0.9595,-0.8872,0.8927,0.9612,0.8514,0.9801,0.0,-0.8773,-0.9214,-0.7436,60.0,0.0,0.0,0.0,60.0,60.0,60.0,60.0,0.0,0.0,36.8,0.0,14.8895,0.2137,0.071,0.0109,0.9801,1.1295,,,,
440,2026-06-30T20:52:30+00:00,2026-06-30T21:06:00+00:00,13.5,-17.0,148.0,131.0,157.0,131.0,26.0,28,bajada,16:52,2026-06-30,,-0.1111,0.6822,0.4074,0.952,-0.952,-0.021,0.1643,0.4333,-0.6,0.7411,0.1657,-0.0002,0.0094,0.02,-0.0344,0.0023,0.0094,0.0,0.0006,0.0018,-0.0016,0.0,0.0006,11,12,0.1111,0.2222,0.001643,0.008522,0.0,0.002381,1.2828,820.549,60.781,48.268,29.305,1.0128,0.9874,522652.0,0.7411,0.0023,136.624,0.1657,1e-06,2.3033,0.7084,0.1798,0.7969,0.7178,1.3735,0.00119,0.003531,0.851,0.749,0.5854,0.5501,2.1411,131.0,0.0,9.75,1.2147,0.5194,135.375,0.0536,1,2,1,6.0,0.75,0.074,143.0,137.0,0.952,0.9594,0.9533,0.9426,-0.952,-0.9594,-0.9461,-0.9381,0.0,0.8213,0.8371,0.8669,150.0,390.0,60.0,180.0,330.0,330.0,330.0,390.0,9.0,17.0,-3.2,-0.0,48.2676,0.0549,0.1433,0.0758,0.9594,1.0945,,,,
441,2026-07-01T09:29:00+00:00,2026-07-01T09:40:30+00:00,11.5,-1.0,106.0,105.0,111.0,105.0,6.0,24,mixto,05:29,2026-07-01,,0.0,0.1536,0.1304,0.5897,-0.5897,-0.0014,0.0543,0.1667,-0.2,0.0678,0.0543,-0.0,0.0032,0.0067,-0.0122,0.0002,0.0032,-0.0,0.0002,0.0006,-0.0006,0.0,0.0002,3,3,0.0435,0.0435,0.000335,0.003054,0.0,0.000848,0.1998,691.008,60.088,691.008,28.792,1.0015,0.9985,266318.0,0.0678,0.0002,105.34,0.0543,0.0,0.6584,0.2052,0.1112,1.2716,0.8012,1.5283,0.001389,0.007985,0.5343,0.1345,-0.0108,-0.0199,3.5149,105.0,0.0,0.0,4.24,16.8348,105.05,0.0115,0,0,1,0.0,0.0,0.0,111.0,105.0,0.5897,0.6072,0.588,0.616,-0.5897,-0.6072,-0.5781,-0.616,0.0,0.5515,0.5571,0.5024,60.0,90.0,0.0,0.0,90.0,90.0,90.0,90.0,5.0,1.0,0.4,-0.0,691.008,0.0059,0.1414,0.0,0.616,1.9434,,,,
442,2026-07-01T10:12:30+00:00,2026-07-01T10:30:00+00:00,17.5,-15.0,105.0,90.0,112.0,90.0,22.0,36,bajada,06:12,2026-07-01,,-0.1143,0.7244,0.3429,0.9526,-0.9526,-0.0143,0.0885,0.2333,-0.2667,0.2811,0.0896,-0.0,0.0043,0.0089,-0.01,0.0006,0.0043,-0.0,0.0002,0.0005,-0.0006,0.0,0.0002,12,10,0.1143,0.2286,0.001154,0.004714,0.0,0.001372,1.1881,1054.176,60.239,70.278,29.283,1.0039,0.9961,327800.0,0.2811,0.0006,95.423,0.0896,1e-06,2.185,0.6612,0.1243,0.6185,0.7454,1.2925,0.000926,0.002102,0.941,0.9185,0.7576,0.5296,1.9266,90.0,0.0,10.25,1.106,-0.0424,94.067,0.0735,3,2,1,5.333,0.802,0.171,112.0,93.0,0.9526,0.9556,0.9446,0.9487,-0.9526,-0.9556,-0.9486,-0.9397,0.0,0.8231,0.8345,0.8632,60.0,480.0,240.0,420.0,450.0,180.0,180.0,480.0,7.0,15.0,-1.214,0.0,70.2784,0.0161,0.0769,0.0828,0.9556,0.7994,,,,
443,2026-07-01T13:14:30+00:00,2026-07-01T13:29:00+00:00,14.5,-7.0,90.0,83.0,94.0,83.0,11.0,30,bajada,09:14,2026-07-01,,-0.0345,0.4914,0.3103,0.9193,-0.9193,-0.008,0.1046,0.2333,-0.2667,0.3189,0.1049,0.0001,0.0066,0.0144,-0.0156,0.0012,0.0066,-0.0,0.0004,0.001,-0.0009,0.0,0.0004,9,9,0.1379,0.1724,0.000626,0.004415,0.0,0.001089,0.4974,874.722,60.326,124.96,29.157,1.0054,0.9946,216207.0,0.3189,0.0012,84.893,0.1049,1e-06,1.4366,0.5856,0.1112,1.0012,0.6411,1.4721,0.001111,0.006121,0.7127,0.4988,0.2368,0.2699,2.5505,83.0,0.0,2.5,1.4827,0.7825,84.167,0.0377,2,2,1,7.0,1.469,0.138,91.0,84.0,0.9193,0.9426,0.935,0.9121,-0.9193,-0.9426,-0.905,-0.9358,0.0,0.8365,0.8511,0.8043,60.0,270.0,30.0,90.0,150.0,150.0,150.0,270.0,4.0,7.0,-1.829,0.0,124.9603,0.022,0.1113,0.017,0.9426,1.4739,,,,
444,2026-07-01T14:42:00+00:00,2026-07-01T14:55:30+00:00,13.5,0.0,83.0,83.0,93.0,81.0,12.0,28,mixto,10:42,2026-07-01,,-0.037,0.2509,0.3704,-0.1458,0.1458,0.0,0.1148,0.4,-0.2667,0.3556,0.1148,-0.0,0.0071,0.0222,-0.0222,0.0013,0.0071,-0.0,0.0005,0.0011,-0.0015,0.0,0.0005,10,11,0.1111,0.1481,0.000769,0.003889,0.0,0.001168,0.5959,815.202,60.385,815201582.98,29.114,1.0064,0.9936,199108.0,0.3556,0.0013,84.327,0.1148,2e-06,1.5852,0.5713,0.2849,0.9318,0.7062,1.5452,0.00119,0.007783,0.5175,0.1716,0.1877,0.0791,3.1502,83.0,0.0,2.0,1.8082,2.5754,83.917,0.0312,3,0,1,6.0,0.819,0.222,93.0,81.0,-0.1458,-0.2531,-0.265,-0.1232,0.1458,0.2531,0.0811,0.3118,0.0,-0.2998,-0.3618,-0.0028,180.0,150.0,810.0,810.0,810.0,0.0,0.0,330.0,10.0,2.0,3.6,-0.0,815.202,0.0263,0.2655,0.0093,0.3618,1.4398,,,,
445,2026-07-01T18:27:30+00:00,2026-07-01T18:38:30+00:00,11.0,59.0,83.0,142.0,142.0,83.0,59.0,23,subida,14:27,2026-07-01,,0.0455,0.2386,0.0909,-0.8927,0.8927,0.0894,0.4097,1.9667,0.0,3.8678,0.4193,0.0,0.0202,0.0656,-0.0656,0.0086,0.0202,-0.0001,0.0011,0.0022,-0.0044,0.0,0.0011,2,2,0.0455,0.0,0.002654,0.032778,0.0,0.007377,1.3398,696.189,63.29,11.8,30.269,1.0506,0.9518,437222.0,3.8678,0.0086,137.875,0.4193,9e-06,0.4262,-0.0,0.1112,0.6381,1.0,1.7701,0.001449,0.005405,0.7775,0.5184,-0.0143,-0.0265,3.0029,142.0,0.0,0.0,-2.9318,6.5952,142.0,0.1215,0,0,1,0.0,0.0,0.0,142.0,83.0,-0.8927,-0.9612,-0.9595,-0.8872,0.8927,0.9612,0.8514,0.9801,0.0,-0.8773,-0.9214,-0.7436,60.0,0.0,0.0,0.0,60.0,60.0,60.0,60.0,0.0,0.0,47.2,0.0,11.7998,0.3516,0.071,0.0109,0.9801,1.1295,,,,
446,2026-07-01T21:20:30+00:00,2026-07-01T21:26:30+00:00,6.0,-5.0,142.0,137.0,142.0,137.0,5.0,13,bajada,17:20,2026-07-01,,-0.0833,0.3929,0.1667,0.9106,-0.9106,-0.0139,0.0461,0.0,-0.1667,0.0278,0.0481,0.0,0.0024,0.0056,-0.0056,0.0001,0.0024,0.0,0.0001,0.0004,-0.0002,0.0,0.0001,2,2,0.0,0.0833,0.000532,0.002778,0.0,0.000866,0.1658,360.414,60.069,72.083,27.724,1.0011,0.9989,246787.0,0.0278,0.0001,137.781,0.0481,0.0,0.6194,0.335,0.2513,0.6643,1.0,1.7079,0.002564,0.005779,0.8316,0.5265,-0.0545,-0.1136,2.1195,137.0,0.0,0.0,1.9188,1.6818,137.455,0.0131,0,0,1,0.0,0.0,0.0,142.0,137.0,0.9106,0.9718,0.9644,0.9113,-0.9106,-0.9718,-0.8761,-0.9899,0.0,0.8734,0.9104,0.76,0.0,60.0,0.0,0.0,60.0,60.0,60.0,60.0,0.0,5.0,-0.0,-0.0,72.0828,0.0046,0.1669,0.0327,0.9899,1.1346,,,,
447,2026-07-02T07:04:30+00:00,2026-07-02T07:18:00+00:00,13.5,-9.0,137.0,128.0,147.0,128.0,19.0,28,bajada,03:04,2026-07-02,,-0.0741,0.5085,0.2593,0.9148,-0.9148,-0.0111,0.1026,0.3333,-0.3667,0.2878,0.1032,-0.0,0.0059,0.0122,-0.0233,0.0009,0.0059,-0.0,0.0004,0.0012,-0.0011,0.0,0.0004,7,7,0.0741,0.1481,0.000712,0.005831,0.0,0.001536,0.5147,814.207,60.312,90.467,29.079,1.0051,0.9949,476894.0,0.2878,0.0009,130.506,0.1032,1e-06,1.4345,0.476,0.1178,0.7427,0.7362,1.3735,0.00119,0.003758,0.875,0.7562,0.445,0.212,2.4263,128.0,0.0,3.5,2.0633,4.1164,129.667,0.0346,0,0,1,0.0,0.0,0.0,147.0,128.0,0.9148,0.9432,0.9287,0.9075,-0.9148,-0.9432,-0.897,-0.9446,0.0,0.8479,0.8619,0.7948,60.0,240.0,180.0,150.0,210.0,150.0,150.0,240.0,10.0,9.0,-0.6,-0.0,90.4674,0.0213,0.0875,0.0377,0.9446,1.0201,,,,
448,2026-07-02T10:29:00+00:00,2026-07-02T10:43:30+00:00,14.5,-16.0,128.0,112.0,128.0,112.0,16.0,30,bajada,06:29,2026-07-02,,-0.069,0.5814,0.3103,0.9413,-0.9413,-0.0184,0.0989,0.2,-0.2667,0.2933,0.1006,0.0002,0.0063,0.0133,-0.0156,0.0011,0.0063,-0.0,0.0004,0.001,-0.0009,0.0,0.0004,9,9,0.1034,0.1724,0.000367,0.002164,0.0,0.000624,0.298,874.347,60.3,54.647,29.145,1.0048,0.9952,396564.0,0.2933,0.0011,114.973,0.1006,1e-06,1.6989,0.5236,0.1112,0.7806,0.7708,1.4721,0.001111,0.004304,0.8124,0.7209,0.5385,0.2914,2.4544,112.0,0.0,5.0,1.443,0.5649,113.833,0.043,0,1,1,0.0,0.0,0.0,128.0,120.0,0.9413,0.9877,0.9823,0.931,-0.9413,-0.9877,-0.9128,-0.9932,0.0,0.8928,0.921,0.7958,0.0,270.0,30.0,90.0,150.0,90.0,90.0,270.0,0.0,16.0,-2.743,-0.0,54.6467,0.0202,0.0868,0.0401,0.9932,1.1491,,,,
449,2026-07-02T14:34:00+00:00,2026-07-02T14:51:00+00:00,17.0,-13.0,112.0,99.0,118.0,98.0,20.0,35,bajada,10:34,2026-07-02,,-0.0882,0.5613,0.2941,0.941,-0.941,-0.0127,0.0932,0.2333,-0.3667,0.3011,0.0941,-0.0,0.0052,0.0122,-0.0189,0.0009,0.0052,-0.0,0.0003,0.001,-0.0009,0.0,0.0003,10,11,0.0588,0.1471,0.000881,0.004673,0.0,0.001241,0.8746,1024.429,60.261,78.802,29.269,1.0043,0.9958,363266.0,0.3011,0.0009,101.878,0.0941,1e-06,1.7688,0.5119,0.1278,0.6233,0.7763,1.4655,0.000952,0.00335,0.8836,0.7685,0.4887,0.2944,2.7682,99.0,0.0,4.0,1.8268,2.826,100.828,0.0457,1,1,1,6.0,0.964,0.059,105.0,98.0,0.941,0.9814,0.9743,0.9328,-0.941,-0.9814,-0.9151,-0.9824,0.0,0.877,0.9069,0.8168,60.0,330.0,90.0,360.0,210.0,420.0,420.0,420.0,6.0,14.0,-3.214,-0.0,78.8022,0.0177,0.0797,0.0495,0.9824,0.9134,,,,
450,2026-07-02T22:04:00+00:00,2026-07-02T22:21:00+00:00,17.0,-15.0,101.0,86.0,108.0,86.0,22.0,35,bajada,18:04,2026-07-02,,-0.0294,0.7199,0.3824,0.9292,-0.9292,-0.0147,0.1449,0.2667,-0.5333,0.7211,0.1456,-0.0,0.0082,0.0211,-0.0244,0.0022,0.0082,-0.0,0.0005,0.0015,-0.0011,0.0,0.0005,13,18,0.1765,0.2059,0.001473,0.006665,0.0,0.001755,1.4884,1030.467,60.616,68.698,29.442,1.0102,0.9899,299715.0,0.7211,0.0022,92.538,0.1456,2e-06,2.2559,0.6591,0.162,0.8296,0.6783,1.9052,0.000952,0.002483,0.9187,0.8493,0.7265,0.5976,1.9623,87.0,1.0,13.0,0.909,-0.7242,91.207,0.0857,4,1,1,7.5,1.038,0.235,108.0,93.0,0.9292,0.9093,0.8993,0.929,-0.9292,-0.9093,-0.9381,-0.8734,0.0,0.7525,0.7594,0.8828,60.0,540.0,240.0,270.0,450.0,270.0,270.0,540.0,7.0,15.0,1.0,-0.0,68.6978,0.0424,0.1344,0.0212,0.9381,1.5806,,,,
451,2026-07-03T01:43:00+00:00,2026-07-03T01:55:00+00:00,12.0,-2.0,86.0,84.0,92.0,84.0,8.0,25,mixto,21:43,2026-07-02,,0.0,0.2513,0.1667,0.6382,-0.6382,-0.0028,0.068,0.2,-0.2667,0.1111,0.068,0.0,0.0033,0.0089,-0.0089,0.0002,0.0033,-0.0,0.0002,0.0006,-0.0004,0.0,0.0002,4,3,0.0417,0.0417,0.000679,0.003831,0.0,0.001279,0.4594,721.642,60.137,360.821,28.866,1.0023,0.9977,179896.0,0.1111,0.0002,84.828,0.068,1e-06,0.7943,0.1985,0.1112,0.8233,0.7916,1.486,0.001333,0.004586,0.8627,0.5986,0.0727,-0.0333,2.9479,84.0,0.0,0.0,2.8116,6.3533,84.19,0.0258,1,0,1,6.0,0.938,0.083,92.0,84.0,0.6382,0.643,0.6199,0.6719,-0.6382,-0.643,-0.6343,-0.6468,0.0,0.5793,0.5747,0.563,60.0,120.0,0.0,0.0,120.0,120.0,120.0,120.0,6.0,2.0,0.4,-0.0,360.821,0.0093,0.0916,0.0,0.6719,1.2234,,,,
452,2026-07-03T02:52:30+00:00,2026-07-03T03:04:00+00:00,11.5,106.0,84.0,190.0,190.0,84.0,106.0,24,subida,22:52,2026-07-02,,0.087,0.3154,0.087,-0.9043,0.9043,0.1536,0.4987,1.8667,0.0,6.2622,0.5218,0.0,0.0178,0.0556,-0.0622,0.007,0.0178,-0.0001,0.0008,0.0021,-0.0023,0.0,0.0008,2,2,0.087,0.0,0.002849,0.027778,0.0,0.00686,1.6349,751.839,65.377,7.093,31.327,1.077,0.9285,790168.0,6.2622,0.007,181.449,0.5218,8e-06,0.6584,-0.0,0.1112,0.4284,1.0,1.7194,0.001389,0.004349,0.884,0.7031,-0.0189,-0.0348,2.7655,190.0,0.0,0.0,-2.5447,4.7956,187.2,0.1717,0,0,1,0.0,0.0,0.0,190.0,84.0,-0.9043,-0.9705,-0.9667,-0.9069,0.9043,0.9705,0.8643,0.9851,0.0,-0.8867,-0.9278,-0.7397,90.0,0.0,60.0,60.0,90.0,90.0,90.0,90.0,0.0,0.0,73.6,0.0,7.0928,0.5445,0.0476,0.0274,0.9851,0.7366,,,,
453,2026-07-03T10:35:30+00:00,2026-07-03T10:51:00+00:00,15.5,-18.0,187.0,169.0,187.0,169.0,18.0,32,bajada,06:35,2026-07-03,,-0.0968,0.6628,0.3226,0.953,-0.953,-0.0194,0.0742,0.1333,-0.2333,0.1822,0.0767,-0.0,0.0044,0.0089,-0.0122,0.0006,0.0044,0.0,0.0003,0.0007,-0.0007,0.0,0.0003,10,11,0.0645,0.1613,0.000432,0.002222,0.0,0.000705,0.3811,932.707,60.175,51.817,29.147,1.0027,0.9973,956060.0,0.1822,0.0006,172.849,0.0767,0.0,1.6565,0.5468,0.1171,0.4613,0.8576,1.4062,0.001042,0.002762,0.9147,0.8531,0.6696,0.5064,2.2038,169.0,0.0,7.0,1.2892,0.2305,171.692,0.0339,0,2,1,0.0,0.0,0.0,187.0,173.0,0.953,0.9929,0.9865,0.9479,-0.953,-0.9929,-0.9282,-0.9918,0.0,0.8914,0.917,0.8291,0.0,330.0,60.0,120.0,270.0,330.0,330.0,330.0,0.0,18.0,-2.514,-0.0,51.8171,0.0118,0.054,0.0642,0.9929,0.6487,,,,
454,2026-07-03T14:18:30+00:00,2026-07-03T14:32:00+00:00,13.5,-12.0,169.0,157.0,174.0,157.0,17.0,28,bajada,10:18,2026-07-03,,-0.1481,0.5239,0.2593,0.9351,-0.9351,-0.0148,0.1063,0.3667,-0.3667,0.3111,0.1073,0.0001,0.0063,0.0156,-0.0244,0.001,0.0063,0.0,0.0004,0.0012,-0.0013,0.0,0.0004,7,9,0.037,0.1852,0.000571,0.005278,0.0,0.001228,0.4799,814.538,60.336,67.878,29.091,1.0055,0.9945,711562.0,0.3111,0.001,159.414,0.1073,0.0,1.5677,0.6011,0.1325,0.7769,0.7619,1.3735,0.00119,0.004087,0.7701,0.6525,0.6833,0.254,2.4051,157.0,0.0,3.0,1.9611,3.2179,158.542,0.0268,1,1,1,11.0,0.5,0.074,174.0,163.0,0.9351,0.9775,0.9707,0.9267,-0.9351,-0.9775,-0.9092,-0.9815,0.0,0.882,0.907,0.8007,90.0,270.0,30.0,60.0,210.0,210.0,210.0,270.0,5.0,12.0,-0.8,-0.0,67.8782,0.023,0.1029,0.0776,0.9815,1.0671,,,,
455,2026-07-03T21:34:00+00:00,2026-07-03T21:46:00+00:00,12.0,-10.0,157.0,147.0,164.0,147.0,17.0,25,bajada,17:34,2026-07-03,,-0.0833,0.3629,0.1667,0.9062,-0.9062,-0.0139,0.1182,0.3667,-0.4,0.34,0.119,0.0002,0.0063,0.0122,-0.0256,0.0009,0.0063,-0.0,0.0004,0.0011,-0.0013,0.0,0.0004,4,3,0.0417,0.125,0.000921,0.007775,0.0,0.001968,0.6583,724.943,60.412,72.494,28.998,1.0068,0.9933,553647.0,0.34,0.0009,148.815,0.119,1e-06,1.1063,0.3588,0.1178,0.8424,0.7346,1.486,0.001333,0.004824,0.7519,0.5611,0.4227,-0.0474,2.8117,147.0,0.0,0.0,2.5287,5.9117,147.81,0.0272,0,1,1,0.0,0.0,0.0,164.0,153.0,0.9062,0.9541,0.9466,0.9052,-0.9062,-0.9541,-0.877,-0.9647,0.0,0.8659,0.8936,0.7662,90.0,150.0,30.0,120.0,120.0,150.0,150.0,150.0,7.0,10.0,0.2,-0.0,72.4943,0.0283,0.0992,0.0302,0.9647,1.2518,,,,
456,2026-07-04T01:12:00+00:00,2026-07-04T01:23:00+00:00,11.0,-7.0,148.0,141.0,148.0,141.0,7.0,23,bajada,21:12,2026-07-03,,-0.0455,0.2386,0.0909,0.8927,-0.8927,-0.0106,0.0486,0.0,-0.2333,0.0544,0.0497,0.0,0.0024,0.0078,-0.0078,0.0001,0.0024,0.0,0.0001,0.0005,-0.0003,0.0,0.0001,2,2,0.0,0.0455,0.000419,0.003889,0.0,0.000981,0.231,660.806,60.073,94.401,28.731,1.0012,0.9988,461309.0,0.0544,0.0001,141.622,0.0497,0.0,0.4262,0.2124,0.1112,0.6381,1.0,1.5734,0.001449,0.005405,0.7775,0.5184,-0.0143,-0.0265,3.0029,141.0,0.0,0.0,2.9318,6.5952,141.0,0.0139,0,0,1,0.0,0.0,0.0,148.0,141.0,0.8927,0.9612,0.9595,0.8872,-0.8927,-0.9612,-0.8514,-0.9801,0.0,0.8773,0.9214,0.7436,0.0,60.0,0.0,0.0,60.0,60.0,60.0,60.0,0.0,7.0,-5.6,0.0,94.4009,0.0049,0.071,0.0109,0.9801,1.004,,,,
457,2026-07-04T03:22:00+00:00,2026-07-04T03:36:00+00:00,14.0,-16.0,145.0,129.0,146.0,129.0,17.0,29,bajada,23:22,2026-07-03,,-0.1071,0.5019,0.2857,0.9306,-0.9306,-0.019,0.094,0.1667,-0.4,0.2578,0.0959,0.0001,0.0052,0.0133,-0.0178,0.0007,0.0052,-0.0,0.0003,0.001,-0.0009,0.0,0.0003,8,7,0.0714,0.1786,0.000766,0.003831,0.0,0.00123,0.6088,843.77,60.269,52.736,29.096,1.0043,0.9957,502278.0,0.2578,0.0007,131.605,0.0959,1e-06,1.5754,0.5862,0.1178,0.6624,0.8171,1.5076,0.001149,0.00399,0.8833,0.7116,0.2875,0.2944,2.7191,129.0,0.0,3.0,2.0182,2.8506,130.6,0.0366,1,1,1,5.0,0.5,0.071,137.0,132.0,0.9306,0.9835,0.9786,0.9234,-0.9306,-0.9835,-0.8982,-0.9903,0.0,0.8908,0.9244,0.7935,60.0,270.0,30.0,210.0,90.0,120.0,120.0,270.0,1.0,16.0,-6.0,-0.0,52.7356,0.0184,0.078,0.0538,0.9903,0.9986,,,,
458,2026-07-04T12:08:30+00:00,2026-07-04T12:25:30+00:00,17.0,-17.0,127.0,110.0,135.0,110.0,25.0,35,bajada,08:08,2026-07-04,,-0.1176,0.7014,0.3235,0.9584,-0.9584,-0.0167,0.0991,0.2667,-0.2667,0.3433,0.1005,-0.0,0.0057,0.0156,-0.0178,0.0011,0.0057,-0.0,0.0003,0.0008,-0.0009,0.0,0.0003,11,12,0.0882,0.2059,0.000807,0.005,0.0,0.001291,0.7805,1025.084,60.299,60.299,29.288,1.0048,0.9952,463675.0,0.3433,0.0011,115.099,0.1005,1e-06,1.7733,0.6883,0.1299,0.6663,0.7639,1.319,0.000952,0.002352,0.9408,0.8858,0.7297,0.5338,2.05,110.0,0.0,7.0,1.2115,0.2847,113.862,0.061,2,1,1,7.5,0.656,0.118,135.0,110.0,0.9584,0.9782,0.9683,0.9481,-0.9584,-0.9782,-0.9449,-0.9674,0.0,0.8605,0.8779,0.857,60.0,360.0,180.0,240.0,420.0,240.0,240.0,450.0,8.0,17.0,-1.786,-0.0,60.2991,0.0202,0.0866,0.0825,0.9782,0.8788,,,,
459,2026-07-04T14:54:30+00:00,2026-07-04T15:09:00+00:00,14.5,-13.0,110.0,97.0,114.0,97.0,17.0,30,bajada,10:54,2026-07-04,,-0.1379,0.6851,0.3103,0.9575,-0.9575,-0.0149,0.08,0.2333,-0.2,0.1922,0.0814,0.0001,0.0045,0.0111,-0.0144,0.0006,0.0045,-0.0,0.0003,0.0005,-0.0009,0.0,0.0003,9,12,0.069,0.2069,0.000754,0.005473,0.0,0.001354,0.5963,872.858,60.197,67.143,29.095,1.0032,0.9968,301629.0,0.1922,0.0006,100.271,0.0814,1e-06,2.0988,0.6569,0.1696,0.6821,0.7745,1.4721,0.001111,0.003233,0.8924,0.8042,0.6275,0.4764,2.2902,97.0,0.0,5.75,1.4371,1.1805,99.25,0.0457,2,0,1,5.5,0.563,0.138,114.0,97.0,0.9575,0.9881,0.9817,0.9538,-0.9575,-0.9881,-0.9379,-0.9831,0.0,0.8728,0.8971,0.8336,60.0,390.0,30.0,180.0,270.0,300.0,300.0,390.0,4.0,13.0,-2.343,0.0,67.1429,0.0133,0.1157,0.0945,0.9881,1.0041,,,,
460,2026-07-04T18:07:00+00:00,2026-07-04T18:18:30+00:00,11.5,103.0,97.0,200.0,200.0,97.0,103.0,24,subida,14:07,2026-07-04,,0.087,0.2442,0.087,-0.8938,0.8938,0.1493,0.6522,3.2,0.0,10.2944,0.669,0.0,0.0311,0.1067,-0.0989,0.0212,0.0311,-0.0002,0.0016,0.003,-0.0069,0.0001,0.0016,2,2,0.087,0.0,0.00378,0.053333,0.0,0.01176,1.9218,761.384,66.207,7.392,31.724,1.0914,0.9163,896067.0,10.2944,0.0212,193.226,0.669,1.1e-05,0.4138,-0.0,0.1112,0.5804,1.0,1.7194,0.001389,0.005175,0.7786,0.5533,-0.0139,-0.0257,3.0188,200.0,0.0,0.0,-3.0026,7.043,199.65,0.1487,0,0,1,0.0,0.0,0.0,200.0,97.0,-0.8938,-0.9624,-0.9607,-0.8934,0.8938,0.9624,0.8525,0.9769,0.0,-0.8797,-0.9229,-0.7287,90.0,0.0,0.0,60.0,60.0,60.0,60.0,90.0,0.0,0.0,81.0,0.0,7.3921,0.8952,0.0645,0.0212,0.9769,0.9979,,,,
461,2026-07-04T22:23:00+00:00,2026-07-04T22:37:30+00:00,14.5,-14.0,199.0,185.0,203.0,185.0,18.0,30,bajada,18:23,2026-07-04,,-0.069,0.5539,0.2759,0.9393,-0.9393,-0.0161,0.1243,0.3,-0.3667,0.4556,0.1253,-0.0002,0.0077,0.0222,-0.0211,0.0017,0.0077,0.0,0.0005,0.0014,-0.0014,0.0,0.0005,8,8,0.1034,0.1724,0.000807,0.005411,0.0,0.001439,0.6453,876.683,60.461,62.62,29.223,1.0076,0.9925,1060753.0,0.4556,0.0017,188.038,0.1253,0.0,1.5033,0.5684,0.1112,0.845,0.7216,1.4721,0.001111,0.004217,0.8352,0.6889,0.4561,0.3886,2.7277,185.0,0.0,4.75,1.4973,0.8814,186.875,0.0276,0,1,1,0.0,0.0,0.0,203.0,191.0,0.9393,0.9798,0.9719,0.9331,-0.9393,-0.9798,-0.9145,-0.9821,0.0,0.8816,0.9063,0.8013,30.0,270.0,240.0,90.0,150.0,150.0,150.0,270.0,4.0,14.0,-4.229,-0.0,62.6202,0.0314,0.094,0.0382,0.9821,1.2439,,,,
462,2026-07-05T01:43:00+00:00,2026-07-05T01:56:30+00:00,13.5,-11.0,185.0,174.0,188.0,174.0,14.0,28,bajada,21:43,2026-07-04,,-0.037,0.4792,0.2593,0.9288,-0.9288,-0.0136,0.0876,0.2,-0.3,0.2122,0.0887,-0.0001,0.005,0.01,-0.0167,0.0006,0.005,0.0,0.0003,0.0009,-0.0008,0.0,0.0003,7,6,0.0741,0.1111,0.000728,0.005473,0.0,0.00147,0.5293,813.136,60.232,73.921,29.041,1.0038,0.9962,867034.0,0.2122,0.0006,175.97,0.0887,0.0,1.3703,0.3908,0.1112,0.7766,0.7746,1.3735,0.00119,0.004063,0.8579,0.6866,0.4083,0.3483,2.7543,174.0,0.0,0.75,1.8952,2.3543,175.208,0.0217,0,1,1,0.0,0.0,0.0,188.0,177.0,0.9288,0.9791,0.9719,0.9178,-0.9288,-0.9791,-0.898,-0.9872,0.0,0.8879,0.9181,0.7862,30.0,210.0,180.0,60.0,120.0,30.0,30.0,210.0,3.0,11.0,-4.6,-0.0,73.9215,0.0157,0.0864,0.0177,0.9872,1.0667,,,,
463,2026-07-05T10:06:30+00:00,2026-07-05T10:21:30+00:00,15.0,-12.0,172.0,160.0,181.0,160.0,21.0,31,bajada,06:06,2026-07-05,,-0.0333,0.5125,0.3,0.9275,-0.9275,-0.0133,0.1243,0.3,-0.3667,0.4689,0.125,0.0,0.0075,0.0144,-0.0222,0.0016,0.0075,-0.0,0.0005,0.0011,-0.0011,0.0,0.0005,9,10,0.1,0.1333,0.000722,0.005546,0.0,0.001403,0.5963,906.886,60.459,75.574,29.254,1.0076,0.9925,822864.0,0.4689,0.0016,162.923,0.125,1e-06,1.3801,0.522,0.1171,0.8653,0.7008,1.4383,0.001075,0.003632,0.8641,0.7224,0.4806,0.2811,2.5135,160.0,0.0,3.0,1.8293,2.6307,161.72,0.0322,1,1,1,7.0,0.5,0.067,167.0,160.0,0.9275,0.9637,0.9521,0.9222,-0.9275,-0.9637,-0.9048,-0.9657,0.0,0.8676,0.8892,0.8002,60.0,240.0,90.0,210.0,180.0,90.0,90.0,300.0,9.0,12.0,-1.543,-0.0,75.5738,0.0313,0.1013,0.0171,0.9657,1.2446,,,,
464,2026-07-05T14:12:00+00:00,2026-07-05T14:23:00+00:00,11.0,-10.0,158.0,148.0,158.0,148.0,10.0,23,bajada,10:12,2026-07-05,,-0.0909,0.3569,0.1818,0.9097,-0.9097,-0.0152,0.052,0.0,-0.2333,0.0644,0.0541,0.0,0.0026,0.0078,-0.0078,0.0001,0.0026,0.0,0.0002,0.0005,-0.0004,0.0,0.0002,4,4,0.0,0.0909,0.00042,0.003889,0.0,0.000897,0.2313,660.955,60.087,66.096,28.737,1.0013,0.9987,511706.0,0.0644,0.0001,149.158,0.0541,0.0,0.8405,0.3454,0.1252,0.4313,1.0,1.5734,0.001449,0.004497,0.8465,0.6631,0.1389,-0.0433,2.7731,148.0,0.0,0.0,2.5572,5.0387,148.316,0.0192,0,0,1,0.0,0.0,0.0,158.0,148.0,0.9097,0.9744,0.9704,0.9037,-0.9097,-0.9744,-0.8707,-0.9918,0.0,0.8881,0.9289,0.7624,0.0,120.0,0.0,60.0,60.0,120.0,120.0,120.0,0.0,10.0,-5.6,0.0,66.0955,0.0059,0.054,0.0324,0.9918,0.6786,,,,
465,2026-07-05T14:38:30+00:00,2026-07-05T14:48:30+00:00,10.0,-4.0,146.0,142.0,146.0,142.0,4.0,21,bajada,10:38,2026-07-05,,-0.05,0.5518,0.3,0.9364,-0.9364,-0.0067,0.0359,0.0667,-0.1333,0.0267,0.0365,0.0,0.0018,0.0044,-0.0044,0.0001,0.0018,0.0,0.0001,0.0003,-0.0001,0.0,0.0001,6,4,0.05,0.1,0.000449,0.001664,0.0,0.000607,0.2659,600.399,60.04,150.1,28.59,1.0006,0.9994,429196.0,0.0267,0.0001,142.961,0.0365,0.0,1.1255,0.3687,0.1798,0.6808,0.8146,1.4641,0.001587,0.004064,0.8893,0.711,0.4353,0.1897,2.0941,142.0,0.0,2.0,1.2198,-0.3052,142.706,0.0111,1,1,1,2.0,0.875,0.1,146.0,144.0,0.9364,0.9678,0.9615,0.9236,-0.9364,-0.9678,-0.9182,-0.9632,0.0,0.8586,0.8777,0.8077,0.0,180.0,0.0,60.0,60.0,180.0,180.0,180.0,0.0,4.0,-1.6,0.0,150.0998,0.0027,0.1224,0.0276,0.9678,0.9968,,,,
466,2026-07-05T20:59:00+00:00,2026-07-05T21:13:00+00:00,14.0,-13.0,144.0,131.0,149.0,131.0,18.0,29,bajada,16:59,2026-07-05,,-0.0714,0.6877,0.3929,0.9367,-0.9367,-0.0155,0.1056,0.2,-0.4333,0.3189,0.1067,0.0,0.0058,0.0144,-0.0211,0.0009,0.0058,-0.0,0.0003,0.0012,-0.0009,0.0,0.0003,11,13,0.0714,0.1429,0.000935,0.005172,0.0,0.001369,0.772,844.643,60.332,64.973,29.126,1.0054,0.9946,535464.0,0.3189,0.0009,135.883,0.1067,1e-06,2.0955,0.4538,0.2048,0.5039,0.7727,1.5076,0.001149,0.002455,0.9222,0.8797,0.7506,0.4463,1.7463,131.0,0.0,11.0,1.074,-0.4907,135.04,0.0484,1,1,1,5.0,1.429,0.071,149.0,142.0,0.9367,0.9333,0.9216,0.9289,-0.9367,-0.9333,-0.9375,-0.9071,0.0,0.8012,0.8055,0.8653,60.0,420.0,150.0,240.0,240.0,180.0,180.0,420.0,5.0,13.0,3.0,-0.0,64.9725,0.0228,0.1032,0.0491,0.9375,0.7597,,,,
467,2026-07-06T01:49:00+00:00,2026-07-06T02:01:30+00:00,12.5,-6.0,131.0,125.0,134.0,125.0,9.0,26,bajada,21:49,2026-07-05,,0.0,0.4612,0.16,0.9189,-0.9189,-0.008,0.0634,0.1,-0.2,0.1022,0.0639,-0.0001,0.0034,0.0089,-0.01,0.0003,0.0034,0.0,0.0002,0.0006,-0.0003,0.0,0.0002,4,4,0.12,0.12,0.000668,0.004926,0.0,0.001303,0.4473,751.523,60.122,125.254,28.905,1.002,0.998,414974.0,0.1022,0.0003,126.335,0.0639,0.0,1.299,0.4083,0.1178,0.8515,0.7149,1.4463,0.001282,0.003832,0.8244,0.7048,0.5349,0.0381,2.4423,125.0,0.0,0.0,1.8515,2.0434,125.773,0.0208,1,1,1,5.0,0.667,0.08,133.0,128.0,0.9189,0.9601,0.9491,0.9022,-0.9189,-0.9601,-0.8937,-0.9662,0.0,0.8688,0.8912,0.7923,30.0,180.0,90.0,60.0,60.0,90.0,90.0,180.0,3.0,6.0,-0.0,-0.0,125.2538,0.0082,0.1003,0.0,0.9662,1.2315,,,,
468,2026-07-06T03:34:00+00:00,2026-07-06T03:46:30+00:00,12.5,-8.0,123.0,115.0,123.0,113.0,10.0,26,bajada,23:34,2026-07-05,,-0.08,0.5999,0.28,0.9438,-0.9438,-0.0107,0.0397,0.0667,-0.1333,0.0422,0.0411,0.0,0.0022,0.0067,-0.0044,0.0001,0.0022,0.0,0.0001,0.0004,-0.0003,0.0,0.0001,7,9,0.04,0.12,0.000395,0.001667,0.0,0.000523,0.2827,750.631,60.051,93.829,28.87,1.0008,0.9992,353047.0,0.0422,0.0001,116.528,0.0411,0.0,1.7401,0.4106,0.2085,0.3531,0.947,1.6271,0.001282,0.00347,0.8731,0.7854,0.5384,0.2553,2.3647,115.0,0.0,2.0,1.3638,0.8888,116.136,0.0219,0,0,2,0.0,0.0,0.0,123.0,113.0,0.9438,0.9899,0.9839,0.9353,-0.9438,-0.9899,-0.9158,-0.9922,0.0,0.8922,0.9202,0.8152,0.0,300.0,60.0,60.0,150.0,330.0,330.0,330.0,0.0,10.0,-1.8,-0.0,93.8289,0.0034,0.0736,0.048,0.9922,0.5745,,,,
469,2026-07-06T10:28:00+00:00,2026-07-06T10:43:30+00:00,15.5,-17.0,109.0,92.0,109.0,92.0,17.0,32,bajada,06:28,2026-07-06,,-0.129,0.6587,0.3226,0.9505,-0.9505,-0.0183,0.0528,0.0667,-0.2,0.0967,0.0558,0.0001,0.0028,0.0067,-0.0089,0.0002,0.0028,-0.0,0.0002,0.0005,-0.0004,0.0,0.0002,10,10,0.0323,0.1613,0.000362,0.002207,0.0,0.0006,0.3313,931.44,60.093,54.791,29.108,1.0014,0.9986,291373.0,0.0967,0.0002,95.422,0.0558,0.0,1.7815,0.456,0.1171,0.287,0.9425,1.4062,0.001042,0.002846,0.9198,0.8607,0.6378,0.4703,2.2913,92.0,0.0,6.25,1.3654,0.5494,94.231,0.0544,0,1,1,0.0,0.0,0.0,109.0,96.0,0.9505,0.994,0.9884,0.9449,-0.9505,-0.994,-0.9235,-0.995,0.0,0.8946,0.9225,0.8226,0.0,330.0,30.0,90.0,240.0,300.0,300.0,330.0,0.0,17.0,-3.143,-0.0,54.7906,0.0062,0.0336,0.085,0.995,0.4036,,,,
470,2026-07-06T11:21:30+00:00,2026-07-06T11:33:00+00:00,11.5,0.0,92.0,92.0,92.0,0.0,92.0,24,mixto,07:21,2026-07-06,,0.0,0.0819,0.1304,0.0304,-0.0304,0.0,0.9043,3.0667,-3.0667,18.8089,0.9043,0.0,0.0534,0.2044,-0.1022,0.0627,0.0534,0.0002,0.0032,0.0102,-0.0102,0.0002,0.0032,3,3,0.0435,0.0435,0.005324,0.051111,0.0,0.014716,3.0667,823.536,71.612,823535526.454,34.314,1.1935,0.8379,194672.0,18.8089,0.0627,90.063,0.9043,9.7e-05,0.2499,0.2052,0.2166,1.5407,0.8209,1.7194,0.001389,0.009028,0.4167,-0.0473,-0.0062,-0.0114,3.585,92.0,0.0,0.0,-4.5873,19.0435,92.0,0.2085,0,1,1,0.0,0.0,0.0,92.0,0.0,0.0304,0.0644,0.0851,0.0,-0.0304,-0.0644,-0.011,-0.0658,0.0,0.0629,0.0907,0.0,0.0,60.0,690.0,690.0,690.0,0.0,0.0,90.0,0.0,92.0,-18.4,-0.0,823.536,1.6356,0.3337,0.0,0.0907,2.6491,,,,
471,2026-07-06T11:43:00+00:00,2026-07-06T11:54:30+00:00,11.5,-2.0,92.0,90.0,96.0,90.0,6.0,24,mixto,07:43,2026-07-06,,0.0,0.2919,0.2609,0.7339,-0.7339,-0.0029,0.0581,0.1333,-0.2,0.0778,0.0582,-0.0002,0.0028,0.0067,-0.0067,0.0002,0.0028,0.0,0.0002,0.0004,-0.0003,0.0,0.0002,6,6,0.087,0.087,0.000642,0.003863,0.0,0.001058,0.4297,691.159,60.101,345.579,28.798,1.0017,0.9983,197545.0,0.0778,0.0002,90.725,0.0582,0.0,0.9,0.3701,0.2587,1.0438,0.6963,1.5283,0.001389,0.005154,0.8407,0.5274,-0.0569,0.2314,2.935,90.0,0.0,0.0,2.3854,4.2303,90.25,0.0192,2,1,1,3.5,0.708,0.174,96.0,90.0,0.7339,0.7509,0.7307,0.7615,-0.7339,-0.7509,-0.7226,-0.7458,0.0,0.6654,0.6759,0.6412,30.0,90.0,0.0,0.0,90.0,90.0,90.0,240.0,4.0,2.0,-1.2,-0.0,345.5795,0.0068,0.27,0.0,0.7615,1.5952,,,,
472,2026-07-06T19:15:30+00:00,2026-07-06T19:26:30+00:00,11.0,47.0,84.0,131.0,131.0,84.0,47.0,23,subida,15:15,2026-07-06,,0.0455,0.2386,0.0909,-0.8927,0.8927,0.0712,0.3263,1.5667,0.0,2.4544,0.334,0.0,0.0161,0.0522,-0.0522,0.0055,0.0161,-0.0001,0.0009,0.0017,-0.0035,0.0,0.0009,2,2,0.0455,0.0,0.002257,0.026111,0.0,0.005957,1.1655,685.758,62.342,14.591,29.816,1.0364,0.9649,374493.0,2.4544,0.0055,127.602,0.334,7e-06,0.4262,-0.0,0.1112,0.6381,1.0,1.7701,0.001449,0.005405,0.7775,0.5184,-0.0143,-0.0265,3.0029,131.0,0.0,0.0,-2.9318,6.5952,131.0,0.1043,0,0,1,0.0,0.0,0.0,131.0,84.0,-0.8927,-0.9612,-0.9595,-0.8872,0.8927,0.9612,0.8514,0.9801,0.0,-0.8773,-0.9214,-0.7436,60.0,0.0,0.0,0.0,60.0,60.0,60.0,60.0,0.0,0.0,37.6,-0.0,14.5906,0.2231,0.071,0.0109,0.9801,1.1295,,,,
473,2026-07-06T23:49:30+00:00,2026-07-07T00:00:30+00:00,11.0,-9.0,133.0,124.0,136.0,124.0,12.0,23,bajada,19:49,2026-07-06,,-0.0455,0.5826,0.1818,0.9424,-0.9424,-0.0136,0.0694,0.1,-0.3,0.11,0.0707,-0.0002,0.0038,0.01,-0.0133,0.0003,0.0038,0.0,0.0002,0.0008,-0.0003,0.0,0.0002,4,5,0.0455,0.0909,0.000787,0.006568,0.0,0.001579,0.4448,661.62,60.147,73.513,28.766,1.0024,0.9976,365105.0,0.11,0.0003,125.993,0.0707,0.0,1.3885,0.3454,0.2364,0.6012,0.8599,1.5734,0.001449,0.004481,0.8184,0.6641,0.3051,0.2538,2.6317,124.0,0.0,3.0,2.0232,3.7617,125.263,0.0239,0,0,2,0.0,0.0,0.0,136.0,124.0,0.9424,0.9816,0.9779,0.9382,-0.9424,-0.9816,-0.9178,-0.9769,0.0,0.8616,0.8954,0.8278,30.0,300.0,0.0,60.0,60.0,300.0,300.0,300.0,3.0,9.0,-5.4,-0.0,73.5133,0.01,0.1421,0.0265,0.9816,0.9459,,,,
474,2026-07-07T02:44:30+00:00,2026-07-07T02:56:30+00:00,12.0,-11.0,124.0,113.0,130.0,113.0,17.0,25,bajada,22:44,2026-07-06,,-0.0833,0.586,0.2917,0.9388,-0.9388,-0.0153,0.0833,0.2,-0.3,0.1722,0.0847,0.0,0.0041,0.01,-0.0111,0.0004,0.0041,-0.0,0.0002,0.0005,-0.0006,0.0,0.0002,7,8,0.0833,0.1667,0.000853,0.005269,0.0,0.00141,0.5898,722.546,60.212,65.686,28.902,1.0034,0.9966,336271.0,0.1722,0.0004,115.978,0.0847,1e-06,1.6839,0.5599,0.1898,0.543,0.7819,1.486,0.001333,0.003151,0.9333,0.831,0.4393,0.2061,2.195,113.0,0.0,4.0,1.6915,1.6705,115.0,0.0411,1,0,1,6.0,0.625,0.083,130.0,113.0,0.9388,0.9685,0.9572,0.9397,-0.9388,-0.9685,-0.9203,-0.9652,0.0,0.8605,0.8801,0.8202,60.0,300.0,0.0,120.0,270.0,240.0,240.0,300.0,6.0,11.0,-2.4,-0.0,65.686,0.0143,0.1031,0.0488,0.9685,0.8069,,,,
475,2026-07-07T09:39:30+00:00,2026-07-07T09:54:30+00:00,15.0,-17.0,111.0,94.0,135.0,94.0,41.0,31,bajada,05:39,2026-07-07,,-0.1,0.5829,0.3,0.8801,-0.8801,-0.0189,0.2221,0.5667,-0.9333,1.49,0.2229,-0.0,0.0115,0.0311,-0.0433,0.0038,0.0115,-0.0,0.0007,0.0025,-0.0012,0.0,0.0007,9,10,0.1,0.2,0.001855,0.013854,0.0,0.003144,1.6749,919.903,61.327,54.112,29.674,1.0219,0.9785,319833.0,1.49,0.0038,101.574,0.2229,5e-06,2.0826,0.6491,0.1803,0.6518,0.7309,1.4383,0.001075,0.002961,0.898,0.7927,0.6321,0.4527,2.1972,94.0,0.0,13.0,1.6563,2.3075,99.0,0.1005,2,1,2,17.0,0.732,0.133,135.0,107.0,0.8801,0.8583,0.8487,0.8636,-0.8801,-0.8583,-0.8915,-0.8277,0.0,0.7161,0.7142,0.8306,180.0,450.0,120.0,270.0,300.0,450.0,450.0,450.0,24.0,17.0,2.8,0.0,54.1119,0.0993,0.1175,0.0583,0.8915,0.9375,,,,
476,2026-07-07T11:27:30+00:00,2026-07-07T11:39:00+00:00,11.5,0.0,94.0,94.0,100.0,94.0,6.0,24,mixto,07:27,2026-07-07,,0.0,0.0819,0.1304,-0.0304,0.0304,0.0,0.059,0.2,-0.2,0.08,0.059,0.0,0.0035,0.0067,-0.0133,0.0003,0.0035,-0.0,0.0002,0.0007,-0.0007,0.0,0.0002,3,3,0.0435,0.0435,0.000347,0.003333,0.0,0.00096,0.2,691.188,60.103,691188234.163,28.8,1.0017,0.9983,213228.0,0.08,0.0003,94.258,0.059,0.0,0.2499,0.2052,0.2166,1.5407,0.8209,1.5283,0.001389,0.009028,0.4167,-0.0473,-0.0062,-0.0114,3.585,94.0,0.0,0.0,4.5873,19.0435,94.0,0.0127,1,0,1,6.0,0.5,0.087,100.0,94.0,-0.0304,-0.0644,-0.0851,0.0,0.0304,0.0644,0.011,0.0658,0.0,-0.0629,-0.0907,0.0,60.0,0.0,690.0,690.0,690.0,0.0,0.0,90.0,6.0,0.0,1.2,-0.0,691.188,0.007,0.3337,0.0,0.0907,2.3547,,,,
477,2026-07-07T12:35:30+00:00,2026-07-07T12:49:00+00:00,13.5,-10.0,91.0,81.0,98.0,81.0,17.0,28,bajada,08:35,2026-07-07,,-0.0741,0.5657,0.2963,0.9143,-0.9143,-0.0123,0.0842,0.2333,-0.2333,0.1956,0.0851,0.0,0.0042,0.0111,-0.0111,0.0005,0.0042,-0.0,0.0002,0.0006,-0.0007,0.0,0.0002,8,8,0.0741,0.1481,0.000738,0.004967,0.0,0.001276,0.5614,812.899,60.215,81.29,29.032,1.0035,0.9965,199040.0,0.1956,0.0005,84.312,0.0851,1e-06,1.7156,0.476,0.1418,0.5064,0.7521,1.3735,0.00119,0.002674,0.9358,0.886,0.5899,0.1959,1.9375,81.0,0.0,3.0,1.5416,0.9699,83.25,0.0635,1,0,1,7.0,1.188,0.074,98.0,81.0,0.9143,0.9299,0.914,0.9097,-0.9143,-0.9299,-0.9042,-0.9248,0.0,0.8277,0.8339,0.8095,60.0,300.0,150.0,150.0,210.0,30.0,30.0,300.0,7.0,10.0,2.6,-0.0,81.2899,0.0145,0.0718,0.0419,0.9299,0.6955,,,,
478,2026-07-07T14:00:00+00:00,2026-07-07T14:11:00+00:00,11.0,53.0,81.0,134.0,134.0,81.0,53.0,23,subida,10:00,2026-07-07,,0.0455,0.2386,0.0909,-0.8927,0.8927,0.0803,0.368,1.7667,0.0,3.1211,0.3767,0.0,0.0182,0.0589,-0.0589,0.0069,0.0182,-0.0001,0.001,0.002,-0.0039,0.0,0.001,2,2,0.0455,0.0,0.002459,0.029444,0.0,0.006664,1.2552,690.902,62.809,13.036,30.039,1.0435,0.9583,390198.0,3.1211,0.0069,130.25,0.3767,8e-06,0.4262,-0.0,0.1112,0.6381,1.0,1.7701,0.001449,0.005405,0.7775,0.5184,-0.0143,-0.0265,3.0029,134.0,0.0,0.0,-2.9318,6.5952,134.0,0.1154,0,0,1,0.0,0.0,0.0,134.0,81.0,-0.8927,-0.9612,-0.9595,-0.8872,0.8927,0.9612,0.8514,0.9801,0.0,-0.8773,-0.9214,-0.7436,60.0,0.0,0.0,0.0,60.0,60.0,60.0,60.0,0.0,0.0,42.4,0.0,13.0359,0.2837,0.071,0.0109,0.9801,1.1295,,,,
479,2026-07-07T20:24:30+00:00,2026-07-07T20:40:00+00:00,15.5,-17.0,136.0,119.0,143.0,119.0,24.0,32,bajada,16:24,2026-07-07,,-0.0645,0.6696,0.2903,0.9532,-0.9532,-0.0183,0.1349,0.3333,-0.3333,0.5744,0.1361,-0.0,0.0079,0.0222,-0.0222,0.0019,0.0079,-0.0,0.0005,0.0013,-0.0015,0.0,0.0005,9,10,0.129,0.1935,0.000972,0.004705,0.0,0.001475,0.875,938.425,60.544,55.201,29.326,1.0089,0.9912,492632.0,0.5744,0.0019,124.076,0.1361,1e-06,1.9863,0.6449,0.1243,0.7421,0.721,1.4062,0.001042,0.003231,0.886,0.8092,0.6254,0.4557,2.2353,119.0,0.0,11.0,1.0985,-0.1434,122.769,0.0569,2,2,1,8.5,0.556,0.129,134.0,124.0,0.9532,0.9714,0.9632,0.9538,-0.9532,-0.9714,-0.9414,-0.9544,0.0,0.8521,0.8676,0.859,60.0,360.0,90.0,180.0,270.0,120.0,120.0,360.0,7.0,17.0,-2.8,0.0,55.2015,0.0371,0.0922,0.0432,0.9714,1.0435,,,,
480,2026-07-08T01:13:30+00:00,2026-07-08T01:27:30+00:00,14.0,-12.0,120.0,108.0,122.0,108.0,14.0,29,bajada,21:13,2026-07-07,,-0.1071,0.5424,0.25,0.9378,-0.9378,-0.0143,0.0945,0.2667,-0.2333,0.2556,0.0955,-0.0,0.0052,0.0156,-0.0133,0.0007,0.0052,0.0,0.0003,0.0007,-0.001,0.0,0.0003,7,6,0.0714,0.1786,0.00089,0.004355,0.0,0.001408,0.7242,843.788,60.271,70.316,29.096,1.0044,0.9956,354082.0,0.2556,0.0007,110.498,0.0955,1e-06,1.7394,0.5971,0.1178,0.8335,0.745,1.5076,0.001149,0.003654,0.8094,0.7197,0.6646,0.1806,2.4357,108.0,0.0,3.0,1.5981,1.0262,109.76,0.039,1,1,1,8.0,0.75,0.071,122.0,111.0,0.9378,0.9801,0.9727,0.9303,-0.9378,-0.9801,-0.9119,-0.9822,0.0,0.8835,0.9091,0.8107,90.0,270.0,120.0,60.0,150.0,120.0,120.0,270.0,2.0,12.0,-0.4,-0.0,70.3157,0.0183,0.0982,0.0581,0.9822,1.2566,,,,
481,2026-07-08T03:06:00+00:00,2026-07-08T03:18:00+00:00,12.0,-7.0,108.0,101.0,112.0,101.0,11.0,25,bajada,23:06,2026-07-07,,-0.0417,0.4335,0.25,0.9153,-0.9153,-0.0097,0.09,0.2667,-0.2667,0.1967,0.0905,-0.0001,0.0057,0.0156,-0.0178,0.0007,0.0057,0.0,0.0004,0.0009,-0.0011,0.0,0.0004,6,6,0.0833,0.125,0.000509,0.004415,0.0,0.001024,0.3152,722.907,60.242,103.272,28.916,1.004,0.996,262575.0,0.1967,0.0007,102.484,0.0905,1e-06,1.2252,0.5139,0.1252,0.8443,0.7045,1.486,0.001333,0.004862,0.76,0.5581,0.4135,0.0349,2.654,101.0,0.0,0.0,2.1057,3.1949,101.762,0.0294,1,0,1,8.0,0.5,0.083,112.0,101.0,0.9153,0.9592,0.9488,0.9133,-0.9153,-0.9592,-0.8885,-0.9676,0.0,0.8682,0.8931,0.7787,90.0,180.0,0.0,60.0,60.0,180.0,180.0,180.0,4.0,7.0,-1.2,-0.0,103.2724,0.0164,0.1057,0.0181,0.9676,1.2546,,,,
482,2026-07-08T10:21:00+00:00,2026-07-08T10:37:30+00:00,16.5,-17.0,101.0,84.0,103.0,84.0,19.0,34,bajada,06:21,2026-07-08,,-0.0606,0.6026,0.3333,0.9455,-0.9455,-0.0172,0.114,0.2333,-0.3667,0.4389,0.1153,0.0001,0.0068,0.0144,-0.02,0.0015,0.0068,0.0,0.0004,0.0011,-0.001,0.0,0.0004,11,12,0.1212,0.1818,0.000851,0.003587,0.0,0.00125,0.8594,996.467,60.392,58.616,29.308,1.0064,0.9937,260639.0,0.4389,0.0015,87.555,0.1153,2e-06,1.9994,0.5548,0.1221,0.891,0.7446,1.3467,0.00098,0.003509,0.8449,0.7331,0.6024,0.449,2.629,84.0,0.0,6.0,1.5102,1.0341,86.286,0.0629,1,2,1,6.0,0.964,0.061,93.0,86.0,0.9455,0.9872,0.9817,0.9373,-0.9455,-0.9872,-0.9193,-0.9886,0.0,0.8859,0.9142,0.8141,90.0,390.0,60.0,120.0,180.0,240.0,240.0,390.0,2.0,17.0,-2.8,0.0,58.6157,0.0266,0.1088,0.0365,0.9886,1.1999,,,,
483,2026-07-08T14:16:30+00:00,2026-07-08T14:33:00+00:00,16.5,21.0,84.0,105.0,118.0,84.0,34.0,34,subida,10:16,2026-07-08,,-0.0606,0.019,0.3333,-0.7968,0.7968,0.0212,0.2046,1.1333,-0.2,1.3967,0.2057,-0.0,0.0099,0.0378,-0.0378,0.0032,0.0099,-0.0,0.0005,0.0013,-0.0025,0.0,0.0005,11,12,0.0606,0.1212,0.001589,0.018889,0.0,0.003713,1.3379,1007.013,61.031,47.953,29.618,1.017,0.9833,387196.0,1.3967,0.0032,106.715,0.2057,4e-06,1.3726,0.4106,0.1229,0.5208,0.88,1.6459,0.001961,0.004894,0.8375,0.5176,-0.0419,-0.111,3.5091,105.0,0.0,4.25,-1.2021,3.3687,106.893,0.0678,1,1,1,13.0,2.971,0.061,118.0,107.0,-0.7968,-0.8835,-0.8895,-0.7766,0.7968,0.8835,0.7437,0.9064,0.0,-0.8243,-0.8801,-0.6274,60.0,0.0,0.0,0.0,390.0,390.0,390.0,390.0,13.0,0.0,14.971,0.0,47.953,0.0846,0.064,0.0012,0.9064,0.8572,,,,
484,2026-07-08T20:37:00+00:00,2026-07-08T20:53:00+00:00,16.0,-10.0,105.0,95.0,117.0,95.0,22.0,33,bajada,16:37,2026-07-08,,-0.0938,0.5932,0.3125,0.9182,-0.9182,-0.0104,0.1171,0.4,-0.4,0.4422,0.1176,0.0,0.0068,0.0133,-0.0267,0.0014,0.0068,-0.0,0.0004,0.0013,-0.0013,0.0,0.0004,10,10,0.0938,0.1875,0.000888,0.006667,0.0,0.001714,0.7795,966.444,60.403,96.644,29.286,1.0067,0.9934,319824.0,0.4422,0.0014,98.446,0.1176,1e-06,1.5755,0.6219,0.1171,0.8504,0.7101,1.3757,0.00101,0.003044,0.8888,0.7794,0.6773,0.424,2.3179,95.0,0.0,6.0,1.7137,2.6234,97.333,0.054,1,2,1,12.0,0.5,0.062,117.0,97.0,0.9182,0.9281,0.9135,0.9158,-0.9182,-0.9281,-0.9112,-0.9201,0.0,0.818,0.8243,0.8179,60.0,360.0,180.0,210.0,300.0,120.0,120.0,360.0,12.0,10.0,0.457,0.0,96.6444,0.0276,0.0996,0.0556,0.9281,1.1699,,,,
485,2026-07-09T00:31:00+00:00,2026-07-09T00:44:00+00:00,13.0,-10.0,95.0,85.0,99.0,85.0,14.0,27,bajada,20:31,2026-07-08,,0.0,0.4492,0.2308,0.9219,-0.9219,-0.0128,0.1009,0.2,-0.3,0.2689,0.1017,-0.0002,0.0064,0.0156,-0.0167,0.001,0.0064,0.0,0.0004,0.001,-0.0011,0.0,0.0004,6,6,0.1154,0.1154,0.000486,0.006493,0.0,0.001335,0.2963,783.973,60.306,78.397,29.036,1.005,0.995,204266.0,0.2689,0.001,86.979,0.1017,1e-06,1.2646,0.4004,0.1112,0.8127,0.7201,1.4089,0.001235,0.00422,0.8253,0.6578,0.3911,0.0891,2.6545,85.0,0.0,0.0,1.9847,2.5597,86.087,0.0456,0,0,1,0.0,0.0,0.0,99.0,85.0,0.9219,0.971,0.961,0.918,-0.9219,-0.971,-0.8918,-0.9817,0.0,0.882,0.9108,0.7719,30.0,180.0,60.0,60.0,120.0,180.0,180.0,180.0,4.0,10.0,-3.2,-0.0,78.3973,0.0207,0.0904,0.0,0.9817,1.145,,,,
486,2026-07-09T01:02:30+00:00,2026-07-09T01:15:00+00:00,12.5,6.0,85.0,91.0,91.0,0.0,91.0,26,subida,21:02,2026-07-08,,0.0,0.2351,0.16,-0.1011,0.1011,0.008,0.8301,3.0333,-2.8333,17.2289,0.8302,0.0,0.0399,0.1011,-0.1011,0.0383,0.0399,0.0001,0.0023,0.0063,-0.0067,0.0001,0.0023,4,5,0.04,0.04,0.005341,0.048889,0.0,0.013292,3.458,875.956,70.077,145.993,33.691,1.1679,0.8562,188351.0,17.2289,0.0383,85.113,0.8302,9.1e-05,0.5159,0.1923,0.1171,0.6305,0.8174,1.8079,0.001282,0.004329,0.9063,0.6665,-0.0655,-0.0341,2.8015,91.0,0.0,0.0,-2.3941,3.7579,86.318,0.3617,0,1,1,0.0,0.0,0.0,91.0,0.0,-0.1011,-0.0414,-0.0146,-0.1213,0.1011,0.0414,0.1363,0.0207,0.0,-0.0206,0.0279,-0.1451,150.0,60.0,0.0,0.0,150.0,150.0,150.0,150.0,0.0,85.0,-51.0,-0.0,145.9927,1.3783,0.0738,0.0,0.1451,1.1399,,,,
487,2026-07-09T03:29:30+00:00,2026-07-09T03:43:00+00:00,13.5,13.0,90.0,103.0,110.0,84.0,26.0,28,subida,23:29,2026-07-08,,0.0741,0.2518,0.1852,-0.8772,0.8772,0.016,0.1748,0.7667,-0.4,0.8322,0.1756,-0.0001,0.0083,0.0256,-0.0222,0.0018,0.0083,-0.0,0.0004,0.001,-0.0016,0.0,0.0004,5,5,0.1481,0.0741,0.001566,0.009106,0.0,0.00291,1.3154,821.368,60.842,63.182,29.335,1.0139,0.9863,286415.0,0.8322,0.0018,101.139,0.1756,3e-06,1.4417,0.2991,0.1112,0.6836,0.7807,1.8886,0.00119,0.004721,0.74,0.5791,0.2362,-0.1481,3.048,103.0,0.0,0.0,-1.7992,2.5275,101.75,0.0589,2,1,1,6.5,0.693,0.148,110.0,84.0,-0.8772,-0.9298,-0.9215,-0.868,0.8772,0.9298,0.8447,0.9446,0.0,-0.8503,-0.8805,-0.7335,180.0,90.0,30.0,60.0,210.0,210.0,210.0,210.0,7.0,6.0,-4.2,-0.0,63.1822,0.0616,0.076,0.0187,0.9446,1.291,,,,
488,2026-07-09T07:20:00+00:00,2026-07-09T07:38:30+00:00,18.5,-3.0,101.0,98.0,114.0,98.0,16.0,38,mixto,03:20,2026-07-09,,0.0,0.5921,0.2703,0.3182,-0.3182,-0.0027,0.095,0.2,-0.3,0.3344,0.0951,-0.0001,0.0052,0.01,-0.0167,0.001,0.0052,-0.0,0.0003,0.0009,-0.0008,0.0,0.0003,10,16,0.1351,0.1351,0.00077,0.004151,0.0,0.00115,0.8776,1114.942,60.267,371.647,29.341,1.0044,0.9956,391495.0,0.3344,0.001,101.501,0.0951,1e-06,2.1069,0.4834,0.1335,0.6396,0.7327,1.381,0.000877,0.002365,0.9249,0.8315,0.7056,0.5145,2.0247,98.0,0.0,6.75,1.1996,0.3112,100.719,0.0458,1,2,1,13.0,2.819,0.054,114.0,101.0,0.3182,0.2013,0.1816,0.3071,-0.3182,-0.2013,-0.3857,-0.1352,0.0,0.0696,0.0181,0.4309,210.0,510.0,0.0,0.0,510.0,510.0,510.0,510.0,13.0,3.0,2.571,-0.0,371.6473,0.0181,0.0854,0.0,0.4309,0.8833,,,,
489,2026-07-09T11:30:30+00:00,2026-07-09T11:42:00+00:00,11.5,-4.0,98.0,94.0,108.0,94.0,14.0,24,bajada,07:30,2026-07-09,,-0.0435,0.2678,0.2174,0.7927,-0.7927,-0.0058,0.1093,0.3333,-0.4,0.2756,0.1095,-0.0,0.0064,0.0133,-0.0244,0.0009,0.0064,-0.0,0.0004,0.0013,-0.0012,0.0,0.0004,5,5,0.0435,0.087,0.00067,0.006101,0.0,0.001657,0.3989,694.0,60.348,173.5,28.917,1.0058,0.9943,217188.0,0.2756,0.0009,95.129,0.1095,1e-06,1.0554,0.335,0.1252,1.0093,0.784,1.5283,0.001389,0.006406,0.6926,0.3966,0.0448,-0.0357,3.1693,94.0,0.0,0.0,3.5677,12.5619,94.4,0.0309,0,0,1,0.0,0.0,0.0,108.0,94.0,0.7927,0.8231,0.8057,0.8062,-0.7927,-0.8231,-0.7736,-0.8331,0.0,0.7465,0.7603,0.6716,60.0,150.0,0.0,90.0,90.0,150.0,150.0,150.0,10.0,4.0,0.8,-0.0,173.5,0.024,0.1264,0.0116,0.8331,1.5425,,,,
490,2026-07-09T22:39:30+00:00,2026-07-09T23:21:30+00:00,42.0,66.0,94.0,160.0,166.0,0.0,166.0,85,subida,18:39,2026-07-09,,-0.0119,0.6769,0.2976,-0.8309,0.8309,0.0262,0.5641,3.6333,-3.1333,26.7911,0.5647,0.0,0.0269,0.1211,-0.1244,0.0602,0.0269,0.0,0.0015,0.007,-0.0082,0.0002,0.0015,25,31,0.0833,0.0952,0.002743,0.052222,0.0,0.007877,6.2105,2710.425,64.534,41.067,31.887,1.0752,0.9301,1356420.0,26.7911,0.0602,126.325,0.5647,2e-05,1.6562,0.3887,0.1481,0.2816,0.7865,1.5081,0.000392,0.001728,0.9675,0.9053,0.694,0.5427,3.0112,108.0,9.0,59.0,-1.0405,2.0862,123.42,0.3189,0,1,6,0.0,0.0,0.0,166.0,0.0,-0.8309,-0.7617,-0.7618,-0.8385,0.8309,0.7617,0.8499,0.7114,0.0,-0.4782,-0.5299,-0.8575,1650.0,60.0,1410.0,1410.0,1620.0,1260.0,1260.0,2070.0,6.0,94.0,9.412,-0.157,41.067,0.6379,0.0417,0.0081,0.8575,0.4247,,,,
491,2026-07-09T23:41:00+00:00,2026-07-09T23:52:00+00:00,11.0,-8.0,159.0,151.0,159.0,151.0,8.0,23,bajada,19:41,2026-07-09,,-0.0455,0.2386,0.0909,0.8927,-0.8927,-0.0121,0.0555,0.0,-0.2667,0.0711,0.0569,0.0,0.0027,0.0089,-0.0089,0.0002,0.0027,0.0,0.0001,0.0006,-0.0003,0.0,0.0001,2,2,0.0,0.0455,0.000478,0.004444,0.0,0.001119,0.2632,661.048,60.095,82.631,28.741,1.0015,0.9985,529383.0,0.0711,0.0002,151.712,0.0569,0.0,0.4262,0.2124,0.1112,0.6381,1.0,1.5734,0.001449,0.005405,0.7775,0.5184,-0.0143,-0.0265,3.0029,151.0,0.0,0.0,2.9318,6.5952,151.0,0.0149,0,0,1,0.0,0.0,0.0,159.0,151.0,0.8927,0.9612,0.9595,0.8872,-0.8927,-0.9612,-0.8514,-0.9801,0.0,0.8773,0.9214,0.7436,0.0,60.0,0.0,0.0,60.0,60.0,60.0,60.0,0.0,8.0,-6.4,-0.0,82.631,0.0065,0.071,0.0109,0.9801,1.004,,,,
492,2026-07-10T01:42:00+00:00,2026-07-10T01:47:00+00:00,5.0,-4.0,153.0,149.0,153.0,149.0,4.0,11,bajada,21:42,2026-07-09,,-0.1,0.25,0.1,0.8864,-0.8864,-0.0133,0.04,0.0,-0.1333,0.0178,0.0422,0.0005,0.0014,0.0044,0.0,0.0,0.0015,-0.0,0.0,0.0,-0.0001,0.0,0.0001,1,1,0.0,0.1,0.000498,0.002207,0.0,0.000856,0.132,300.265,60.053,75.066,27.297,1.0008,0.9992,245419.0,0.0178,0.0,149.368,0.0422,0.0,0.4395,0.1947,0.2877,1.0,1.0,1.887,0.00303,0.009091,0.4,-0.01,-0.0375,-0.0833,2.3219,149.0,0.0,0.0,2.846,6.1,149.0,0.0077,0,0,1,0.0,0.0,0.0,153.0,149.0,0.8864,0.958,0.9581,0.8696,-0.8864,-0.958,-0.8472,-0.9878,0.0,0.8575,0.9038,0.7483,0.0,30.0,0.0,0.0,30.0,30.0,30.0,30.0,0.0,4.0,-8.0,-0.0,75.0662,0.0036,0.2877,0.025,0.9878,1.887,,,,
493,2026-07-10T09:01:00+00:00,2026-07-10T09:16:30+00:00,15.5,-14.0,155.0,141.0,163.0,141.0,22.0,32,bajada,05:01,2026-07-10,,-0.0645,0.6816,0.2581,0.9355,-0.9355,-0.0151,0.0846,0.1333,-0.2667,0.2289,0.0859,-0.0001,0.0043,0.0089,-0.0122,0.0006,0.0043,0.0,0.0003,0.0007,-0.0006,0.0,0.0003,8,10,0.0968,0.1613,0.000636,0.004165,0.0,0.001016,0.6103,933.397,60.219,66.671,29.169,1.0035,0.9965,682905.0,0.2289,0.0006,146.085,0.0859,0.0,1.7815,0.5443,0.1229,0.4565,0.7763,1.4062,0.001042,0.002014,0.9621,0.9355,0.7621,0.535,1.6568,141.0,0.0,12.0,1.0156,-0.5547,144.769,0.0495,1,1,1,8.0,0.9,0.065,163.0,156.0,0.9355,0.9383,0.9239,0.9295,-0.9355,-0.9383,-0.9334,-0.9168,0.0,0.8217,0.8231,0.8556,60.0,330.0,180.0,270.0,330.0,150.0,150.0,330.0,8.0,14.0,0.629,-0.0,66.6712,0.0148,0.0561,0.044,0.9383,0.6419,,,,
494,2026-07-10T10:55:30+00:00,2026-07-10T11:20:00+00:00,24.5,-12.0,146.0,134.0,158.0,132.0,26.0,50,bajada,06:55,2026-07-10,,-0.0204,0.5075,0.3061,0.8559,-0.8559,-0.0082,0.0895,0.2667,-0.3,0.3956,0.0898,0.0,0.0046,0.01,-0.0178,0.001,0.0046,0.0,0.0003,0.0009,-0.0009,0.0,0.0003,15,17,0.102,0.1224,0.000682,0.004437,0.0,0.001074,1.0229,1475.846,60.239,122.987,29.517,1.0039,0.9961,982522.0,0.3956,0.001,140.18,0.0898,0.0,2.3788,0.4083,0.2026,0.3061,0.7384,1.806,0.000667,0.001925,0.9473,0.9091,0.7482,0.5278,2.2325,142.0,6.5,9.0,0.4599,-0.4455,139.6,0.0447,1,3,3,18.0,1.625,0.041,158.0,132.0,0.8559,0.7984,0.8119,0.8426,-0.8559,-0.7984,-0.8733,-0.7416,0.0,0.4942,0.5715,0.8744,660.0,900.0,180.0,150.0,870.0,870.0,870.0,1050.0,12.0,14.0,-0.945,-0.0,122.9872,0.0161,0.062,0.0104,0.8744,0.5528,,,,
495,2026-07-10T13:14:30+00:00,2026-07-10T13:26:00+00:00,11.5,1.0,136.0,137.0,137.0,0.0,137.0,24,mixto,09:14,2026-07-10,,0.0,0.0848,0.1304,-0.0001,0.0001,0.0014,1.3417,4.5667,-4.5333,41.4056,1.3417,0.0,0.0792,0.3033,-0.1522,0.138,0.0792,0.0002,0.0048,0.0151,-0.0152,0.0005,0.0048,3,3,0.0435,0.0435,0.007894,0.075802,0.0,0.021801,4.5501,909.516,79.088,909.516,37.896,1.3181,0.7586,431141.0,41.4056,0.138,134.031,1.3417,9.6e-05,0.2499,0.2052,0.2166,1.5276,0.8202,1.7194,0.001389,0.008989,0.4212,-0.0404,-0.0064,-0.0118,3.5848,137.0,0.0,0.0,-4.5866,19.039,136.95,0.2085,0,0,1,0.0,0.0,0.0,137.0,0.0,-0.0001,0.0317,0.0526,-0.0307,0.0001,-0.0317,0.0182,-0.0326,0.0,0.033,0.0595,-0.025,90.0,60.0,0.0,0.0,90.0,90.0,90.0,90.0,0.0,136.0,-26.6,-0.0,909.516,3.6005,0.3309,0.0,0.0595,2.6266,,,,
