id_anotacion,id_candidato,t_inicio,t_fin,categoria,notas,n_lecturas,monotonicity,r2_lineal,zcr,sim_alimentacion,sim_servido,d1_mean,d1_std,d1_max,d1_min,d1_energy,d1_rms,d2_mean,d2_std,d2_max,d2_min,d2_energy,d2_rms,d3_mean,d3_std,d3_max,d3_min,d3_energy,d3_rms,d1_n_sign_changes,d2_n_sign_changes,d1_frac_pos,d1_frac_neg,curvature_mean,curvature_max,curvature_min,curvature_std,curvature_integral,arc_length,arc_length_per_min,arc_vs_displacement,arc_per_n,tortuosity,straightness,energy_signal,energy_d1,energy_d2,rms_signal,rms_d1,energy_ratio_d1_signal,entropy_shannon,entropy_permutation,entropy_sample,fractal_higuchi,fractal_katz,lempel_ziv,freq_dominant_hz,freq_centroid_hz,power_ratio_low,autocorr_lag1,autocorr_lag3,autocorr_lag5,spectral_entropy,stat_median,stat_mad,stat_iqr,stat_skewness,stat_kurtosis,stat_trimmed_mean,stat_cv,n_maxima,n_minima,n_plateaus,peak_prominence_mean,peak_width_mean,peak_density,peak_height_max,valley_depth_min,tpl_ramp_down,tpl_exp_decay,tpl_alim_lenta,tpl_alim_escalonada,tpl_ramp_up,tpl_exp_rise,tpl_sigmoide,tpl_serv_brusco,tpl_plateau,tpl_triangular,tpl_parabola_down,tpl_doble_rampa,time_to_max_s,time_to_min_s,time_to_25pct_s,time_to_50pct_s,time_to_75pct_s,rise_time_s,fall_time_s,settling_time_s,overshoot_g,undershoot_g,initial_slope_g_min,final_slope_g_min,idx_arc_per_delta,idx_energy_per_min,idx_complexity,idx_linearity,idx_template_max,idx_shape_noise
1,2,2026-04-08 13:41:00+00:00,2026-04-08 13:46:00+00:00,alimentacion,,11,-0.4,0.8993,0.5,0.9621,-0.9621,-0.0433,0.0559,0.0,-0.1333,0.05,0.0707,-0.0005,0.0026,0.0044,-0.0044,0.0001,0.0026,-0.0,0.0001,0.0002,-0.0001,0.0,0.0001,5,7,0.0,0.4,0.00095,0.002207,0.0,0.000862,0.2812,300.747,60.149,23.134,27.341,1.0016,0.9985,411497.0,0.05,0.0001,193.414,0.0707,0.0,2.1626,0.7316,21.8219,1.0,1.0,2.2015,0.00303,0.005248,0.7795,0.7469,0.3285,-0.4723,1.5239,196.0,2.0,8.0,-0.5142,-1.1709,193.778,0.0227,0,0,0,0.0,0.0,0.0,198.0,185.0,0.9621,0.886,0.9008,0.9557,-0.9621,-0.886,-0.9715,-0.7914,0.0,0.5016,0.551,0.9852,0.0,300.0,90.0,180.0,210.0,210.0,210.0,300.0,0.0,13.0,-0.0,-8.0,23.1344,0.01,21.8219,0.3597,0.9852,2.2015
2,1,2026-04-08 09:10:00+00:00,2026-04-08 09:15:00+00:00,alimentacion,,11,-0.4,0.9064,0.7,0.9865,-0.9865,-0.0467,0.0763,0.1,-0.1667,0.08,0.0894,0.0005,0.0046,0.0067,-0.0089,0.0002,0.0046,-0.0,0.0003,0.0004,-0.0005,0.0,0.0003,7,7,0.1,0.5,0.000977,0.002207,0.0,0.000839,0.2651,301.195,60.239,21.514,27.381,1.0029,0.9971,460444.0,0.08,0.0002,204.594,0.0894,0.0,2.3685,0.8175,20.7233,1.0,0.8705,2.2015,0.00303,0.005948,0.7166,0.6675,0.3387,-0.251,1.7777,205.0,3.0,7.0,-0.0774,-1.2083,204.444,0.0217,0,1,0,0.0,0.0,0.0,212.0,205.0,0.9865,0.9647,0.975,0.9818,-0.9865,-0.9647,-0.9779,-0.9141,0.0,0.6672,0.723,0.9487,0.0,270.0,30.0,120.0,210.0,270.0,270.0,270.0,0.0,14.0,-8.0,-0.0,21.5139,0.016,20.7233,0.3626,0.9865,2.2015
3,4,2026-04-08 23:22:00+00:00,2026-04-08 23:26:00+00:00,alimentacion,,9,-0.375,0.7688,0.875,0.9581,-0.9581,-0.0667,0.1302,0.1333,-0.3333,0.1711,0.1462,-0.0016,0.0072,0.0078,-0.0156,0.0004,0.0074,-0.0001,0.0004,0.0004,-0.0008,0.0,0.0004,7,6,0.125,0.5,0.002237,0.006641,0.000277,0.002224,0.4628,242.518,60.63,15.157,26.946,1.0083,0.9918,238661.0,0.1711,0.0004,162.843,0.1462,1e-06,2.1972,0.5334,0.0,1.0,0.8442,2.4655,0.003704,0.008929,0.5136,0.2783,0.0363,-0.4701,1.9671,163.0,1.0,2.0,-0.5705,0.0284,163.286,0.0283,0,1,0,0.0,0.0,0.0,169.0,159.0,0.9581,0.9332,0.9396,0.9428,-0.9581,-0.9332,-0.9427,-0.895,0.0,0.6487,0.6694,0.8994,0.0,240.0,60.0,120.0,180.0,240.0,240.0,240.0,0.0,16.0,-0.0,-20.0,15.1574,0.0428,0.0,0.2883,0.9581,2.4655
4,6,2026-04-09 04:59:00+00:00,2026-04-09 05:11:00+00:00,ruido,,25,0.0,0.0608,0.125,0.0784,-0.0784,-0.0014,1.1307,3.9,-3.9333,30.6811,1.1307,0.0,0.0667,0.2611,-0.1311,0.1023,0.0667,0.0,0.0041,0.0131,-0.013,0.0004,0.0041,3,4,0.0417,0.0417,0.005223,0.065251,0.0,0.015108,3.9174,902.539,75.212,902.539,36.102,1.2535,0.7978,478569.0,30.6811,0.1023,138.357,1.1307,6.4e-05,0.2423,0.1985,0.2054,1.4523,0.8237,1.6718,0.006667,0.008714,0.4977,-0.0522,-0.0615,-0.0099,3.5847,141.0,0.0,0.0,-4.6933,20.0325,141.048,0.1682,0,0,1,0.0,0.0,0.0,142.0,24.0,0.0784,0.1236,0.1373,0.0355,-0.0784,-0.1236,-0.0515,-0.1344,0.0,0.1225,0.1579,0.0298,0.0,90.0,0.0,0.0,120.0,120.0,120.0,120.0,0.0,118.0,-24.0,-0.0,902.539,2.5568,0.2983,0.0,0.1579,2.428
5,8,2026-04-09 11:55:00+00:00,2026-04-09 12:01:00+00:00,alimentacion,,13,-0.3333,0.9332,0.8333,0.9842,-0.9842,-0.0444,0.0864,0.1333,-0.2,0.1133,0.0972,-0.0,0.0056,0.0078,-0.0111,0.0003,0.0056,0.0,0.0004,0.0006,-0.0006,0.0,0.0004,10,10,0.0833,0.4167,0.000809,0.001941,0.0,0.000611,0.2656,361.69,60.282,22.606,27.822,1.0037,0.9963,183097.0,0.1133,0.0003,118.678,0.0972,1e-06,2.5074,0.6487,20.7233,0.4113,0.8635,1.9925,0.002564,0.004564,0.8533,0.7924,0.4524,-0.053,1.593,117.0,4.0,10.0,-0.0164,-1.2837,118.545,0.0485,0,0,0,0.0,0.0,0.0,127.0,110.0,0.9842,0.9379,0.9457,0.9791,-0.9842,-0.9379,-0.9879,-0.8702,0.0,0.6434,0.6733,0.967,90.0,330.0,60.0,180.0,270.0,210.0,210.0,330.0,1.0,16.0,-0.0,-0.0,22.6056,0.0189,8.5235,0.311,0.9879,0.8195
6,10,2026-04-09 19:25:00+00:00,2026-04-09 19:36:00+00:00,ruido,,23,-0.1818,0.5935,0.3182,0.9379,-0.9379,-0.0182,0.0399,0.0,-0.1333,0.0422,0.0438,0.0002,0.0019,0.0044,-0.0033,0.0001,0.0019,-0.0,0.0001,0.0002,-0.0003,0.0,0.0001,7,7,0.0,0.1818,0.000287,0.002164,0.0,0.00053,0.1653,660.631,60.057,55.053,28.723,1.0008,0.9992,588416.0,0.0422,0.0001,159.948,0.0438,0.0,1.4801,0.4823,0.1542,0.2863,1.0,1.5734,0.001449,0.003945,0.864,0.7524,0.4379,0.151,2.339,158.0,0.0,3.0,1.6722,1.7431,159.263,0.0209,0,0,1,0.0,0.0,0.0,170.0,158.0,0.9379,0.9905,0.9862,0.9298,-0.9379,-0.9905,-0.9065,-0.9971,0.0,0.8942,0.927,0.8026,0.0,210.0,30.0,90.0,150.0,210.0,210.0,210.0,0.0,12.0,-4.2,0.0,55.0526,0.0038,0.0441,0.1079,0.9971,0.4505
7,12,2026-04-09 23:06:00+00:00,2026-04-09 23:24:00+00:00,ruido,,37,0.0556,0.711,0.1389,-0.9616,0.9616,0.0824,0.4652,2.0667,-1.1667,8.0367,0.4725,0.0,0.0217,0.0611,-0.0689,0.0165,0.0217,-0.0,0.0012,0.0033,-0.0039,0.0,0.0012,5,7,0.0833,0.0278,0.002906,0.029675,0.0,0.006149,3.226,1162.644,64.591,13.063,31.423,1.0729,0.9321,1820231.0,8.0367,0.0165,221.8,0.4725,4e-06,1.4944,0.1444,0.1438,0.3458,0.8616,1.8303,0.000901,0.002717,0.938,0.8545,0.5715,0.4977,2.1895,246.0,0.0,47.0,-0.6416,-0.926,223.161,0.1403,1,1,2,35.0,5.958,0.056,199.0,164.0,-0.9616,-0.9732,-0.9743,-0.9484,0.9616,0.9732,0.9506,0.9505,0.0,-0.8133,-0.8485,-0.8768,510.0,0.0,480.0,90.0,510.0,60.0,60.0,510.0,0.0,0.0,18.0,0.0,13.0634,0.4465,0.0497,0.0395,0.9743,0.6329
8,14,2026-04-10 01:40:00+00:00,2026-04-10 01:49:00+00:00,alimentacion,,19,-0.0556,0.7253,0.6667,0.9453,-0.9453,-0.0333,0.1528,0.2333,-0.4,0.44,0.1563,-0.0,0.0083,0.0133,-0.0211,0.0012,0.0083,0.0,0.0005,0.0011,-0.0009,0.0,0.0005,12,11,0.2778,0.3333,0.002346,0.006667,0.0,0.001733,1.237,546.46,60.718,30.359,28.761,1.0114,0.9887,835374.0,0.44,0.0012,209.683,0.1563,1e-06,2.8206,0.7244,21.4164,0.795,0.7156,2.2358,0.001754,0.004454,0.8094,0.7006,0.494,0.2378,2.1445,211.0,6.0,10.0,0.2084,-0.9222,209.353,0.0315,2,2,0,6.5,0.733,0.222,212.0,202.0,0.9453,0.9233,0.9223,0.9361,-0.9453,-0.9233,-0.9456,-0.886,0.0,0.7054,0.7348,0.8959,90.0,510.0,120.0,210.0,450.0,360.0,360.0,510.0,5.0,18.0,0.0,-12.0,30.3589,0.0489,17.026,0.0403,0.9456,1.7775
9,16,2026-04-10 08:55:00+00:00,2026-04-10 09:10:00+00:00,ruido,,31,0.0667,0.1867,0.2333,-0.7465,0.7465,0.01,0.3524,0.9333,-1.4333,3.7278,0.3525,-0.0001,0.0218,0.0756,-0.0789,0.0138,0.0218,-0.0,0.0014,0.0051,-0.0035,0.0001,0.0014,7,9,0.1667,0.1,0.001815,0.012682,0.0,0.003199,1.6792,944.115,62.941,104.902,30.455,1.049,0.9533,631164.0,3.7278,0.0138,142.689,0.3525,6e-06,1.5673,0.4013,0.1299,0.8981,0.7137,1.9178,0.001075,0.009047,0.3906,-0.1177,0.2463,0.0961,3.5687,145.0,0.0,5.5,-0.0802,3.2404,142.92,0.0493,1,1,1,5.0,0.573,0.067,141.0,133.0,-0.7465,-0.7618,-0.7546,-0.7335,0.7465,0.7618,0.7369,0.7532,0.0,-0.6756,-0.6847,-0.6615,240.0,270.0,30.0,60.0,60.0,120.0,120.0,330.0,20.0,14.0,-2.171,0.0,104.9017,0.2485,0.1167,0.0125,0.7618,1.7224
10,18,2026-04-10 12:36:00+00:00,2026-04-10 12:41:00+00:00,alimentacion,,11,-0.3,0.8057,0.8,0.9191,-0.9191,-0.0367,0.0849,0.1333,-0.1667,0.0856,0.0925,0.0,0.0054,0.0067,-0.01,0.0003,0.0054,0.0,0.0004,0.0005,-0.0006,0.0,0.0004,8,8,0.1,0.4,0.000705,0.002222,0.0,0.000733,0.1994,301.277,60.255,27.389,27.389,1.0036,0.9964,345533.0,0.0856,0.0003,177.235,0.0925,0.0,2.2313,0.678,20.7233,1.0,0.8144,2.2015,0.00303,0.005137,0.7886,0.7171,0.1981,-0.5291,1.4489,178.0,3.0,7.0,-0.4884,-1.0956,177.333,0.0244,0,0,0,0.0,0.0,0.0,183.0,170.0,0.9191,0.8227,0.8431,0.9147,-0.9191,-0.8227,-0.9324,-0.7218,0.0,0.4025,0.4518,0.9675,120.0,270.0,150.0,210.0,210.0,180.0,180.0,270.0,2.0,11.0,-0.0,-0.0,27.3888,0.0171,20.7233,0.2417,0.9675,2.2015
11,20,2026-04-10 21:12:00+00:00,2026-04-10 21:18:00+00:00,alimentacion,,13,-0.4167,0.9074,0.5,0.9755,-0.9755,-0.0528,0.0928,0.1333,-0.2333,0.1367,0.1067,-0.0003,0.0046,0.0056,-0.0122,0.0002,0.0046,-0.0,0.0003,0.0005,-0.0006,0.0,0.0003,6,6,0.0833,0.5,0.001591,0.004428,0.000524,0.001092,0.5624,362.033,60.339,19.054,27.849,1.0042,0.9958,288603.0,0.1367,0.0002,148.997,0.1067,0.0,2.7774,0.7663,1.0986,0.4205,0.8795,2.2772,0.002564,0.004678,0.8934,0.7993,0.2696,-0.0281,1.6207,149.0,6.0,11.0,0.1446,-0.9549,148.727,0.0451,0,0,0,0.0,0.0,0.0,161.0,138.0,0.9755,0.9282,0.9335,0.9616,-0.9755,-0.9282,-0.9765,-0.8676,0.0,0.6325,0.6629,0.9524,60.0,360.0,90.0,240.0,270.0,210.0,210.0,360.0,4.0,19.0,0.0,-6.0,19.0544,0.0228,0.462,0.3781,0.9765,0.9576
12,22,2026-04-11 07:27:00+00:00,2026-04-11 07:38:00+00:00,ruido,,23,-0.0455,0.213,0.1364,0.8696,-0.8696,-0.0061,0.0783,0.2333,-0.2667,0.1356,0.0785,0.0002,0.0048,0.0111,-0.0167,0.0005,0.0048,-0.0,0.0003,0.0009,-0.0009,0.0,0.0003,3,3,0.0455,0.0909,0.000551,0.005473,0.0,0.001335,0.2982,662.004,60.182,165.501,28.783,1.003,0.997,1149646.0,0.1356,0.0005,223.572,0.0785,0.0,0.7654,0.3165,0.1178,1.2284,0.6758,1.5734,0.001449,0.008031,0.5491,0.0936,-0.015,-0.0277,3.1902,223.0,0.0,0.0,3.3988,10.5537,223.053,0.008,0,0,1,0.0,0.0,0.0,231.0,223.0,0.8696,0.925,0.9188,0.8756,-0.8696,-0.925,-0.8359,-0.9402,0.0,0.8423,0.8759,0.7339,60.0,90.0,0.0,30.0,30.0,90.0,90.0,90.0,4.0,4.0,-1.0,-0.0,165.501,0.0123,0.1447,0.0097,0.9402,1.9328
13,24,2026-04-11 18:02:00+00:00,2026-04-11 18:08:00+00:00,alimentacion,,13,-0.25,0.7324,0.6667,0.9157,-0.9157,-0.0278,0.1208,0.2333,-0.3333,0.1844,0.124,-0.0002,0.0072,0.0111,-0.0189,0.0006,0.0072,-0.0,0.0005,0.001,-0.0009,0.0,0.0005,8,9,0.0833,0.3333,0.001384,0.004705,0.000267,0.001337,0.4648,362.711,60.452,36.271,27.901,1.0071,0.9929,561026.0,0.1844,0.0006,207.74,0.124,0.0,2.4116,0.6084,1.3863,0.6652,0.7455,2.2772,0.002564,0.005369,0.8379,0.6256,0.2225,-0.0911,1.7259,207.0,3.0,5.0,1.0721,0.7144,207.182,0.0214,0,0,0,0.0,0.0,0.0,219.0,202.0,0.9157,0.8685,0.8679,0.9012,-0.9157,-0.8685,-0.9277,-0.8046,0.0,0.6193,0.6333,0.8973,60.0,360.0,90.0,150.0,240.0,240.0,240.0,360.0,7.0,10.0,-0.0,-4.0,36.2711,0.0307,0.9222,0.1831,0.9277,1.5148
14,26,2026-04-12 01:35:00+00:00,2026-04-12 01:39:00+00:00,alimentacion,,9,-0.25,0.6463,0.75,0.9044,-0.9044,-0.0458,0.1699,0.2333,-0.3,0.2478,0.176,-0.0006,0.0106,0.01,-0.0178,0.0008,0.0106,0.0001,0.0006,0.0009,-0.0009,0.0,0.0007,6,5,0.25,0.5,0.002717,0.006493,0.000271,0.002157,0.5612,243.657,60.914,22.151,27.073,1.0142,0.986,301976.0,0.2478,0.0008,183.174,0.176,1e-06,2.7255,0.7127,0.0,1.0,0.6667,2.1133,0.003704,0.007272,0.707,0.3596,0.1617,-0.0569,1.7293,184.0,4.0,7.0,0.3074,-0.9415,182.714,0.0263,0,1,0,0.0,0.0,0.0,192.0,179.0,0.9044,0.8736,0.8727,0.912,-0.9044,-0.8736,-0.8987,-0.8297,0.0,0.6296,0.629,0.8513,30.0,210.0,180.0,60.0,150.0,30.0,30.0,210.0,4.0,11.0,8.0,-0.0,22.1506,0.0619,0.0,0.1616,0.912,2.1133
15,28,2026-04-12 10:53:00+00:00,2026-04-12 11:04:00+00:00,ruido,,23,-0.0455,0.3658,0.1364,0.9051,-0.9051,-0.0076,0.0492,0.1,-0.2,0.0544,0.0497,0.0,0.0025,0.0044,-0.01,0.0001,0.0025,-0.0,0.0001,0.0005,-0.0004,0.0,0.0001,3,3,0.0455,0.0909,0.000373,0.003044,0.0,0.000803,0.2326,660.81,60.074,132.162,28.731,1.0012,0.9988,617725.0,0.0544,0.0001,163.883,0.0497,0.0,0.9274,0.3165,0.1252,0.644,0.7991,1.5734,0.001449,0.004217,0.9016,0.6983,0.0685,-0.048,2.5513,163.0,0.0,0.0,2.3402,4.2249,163.368,0.0128,0,0,1,0.0,0.0,0.0,171.0,163.0,0.9051,0.9586,0.9483,0.9076,-0.9051,-0.9586,-0.8725,-0.9731,0.0,0.8721,0.9036,0.7674,60.0,120.0,0.0,90.0,90.0,120.0,120.0,120.0,3.0,5.0,-1.2,0.0,132.162,0.0049,0.0806,0.0166,0.9731,1.0133
16,30,2026-04-12 14:19:00+00:00,2026-04-12 14:25:00+00:00,alimentacion,,13,-0.25,0.8634,0.6667,0.9416,-0.9416,-0.0361,0.1023,0.1333,-0.3,0.1411,0.1084,-0.0004,0.0052,0.01,-0.0122,0.0003,0.0053,0.0,0.0003,0.0007,-0.0004,0.0,0.0003,8,8,0.1667,0.4167,0.001307,0.004105,0.000275,0.001262,0.4769,362.085,60.348,27.853,27.853,1.0051,0.9949,227779.0,0.1411,0.0003,132.369,0.1084,1e-06,2.8731,0.7053,20.7233,0.4484,0.7968,2.2772,0.002564,0.003969,0.9535,0.8406,0.3377,-0.1364,1.3619,132.0,5.0,8.0,0.5586,-0.847,131.818,0.0457,1,0,0,6.0,0.792,0.167,144.0,125.0,0.9416,0.8852,0.8837,0.938,-0.9416,-0.8852,-0.9581,-0.8142,0.0,0.6128,0.6311,0.9346,60.0,330.0,90.0,150.0,240.0,240.0,240.0,330.0,6.0,13.0,8.0,-0.0,27.8527,0.0235,9.2923,0.2158,0.9581,1.0211
17,32,2026-04-12 21:26:00+00:00,2026-04-12 21:31:00+00:00,alimentacion,,11,-0.2,0.6621,0.7,0.8067,-0.8067,-0.04,0.1123,0.1667,-0.2333,0.1422,0.1193,-0.0006,0.0063,0.0078,-0.0133,0.0004,0.0063,-0.0,0.0004,0.0007,-0.0006,0.0,0.0004,7,6,0.2,0.4,0.001423,0.003328,0.0,0.001025,0.4296,302.115,60.423,25.176,27.465,1.0062,0.9938,164916.0,0.1422,0.0004,122.443,0.1193,1e-06,2.3685,0.7316,20.7233,1.0,0.7562,2.2015,0.00303,0.006018,0.7199,0.5293,0.2643,-0.3164,1.5674,123.0,2.0,5.5,-0.4966,-0.1299,122.556,0.0361,0,1,0,0.0,0.0,0.0,130.0,123.0,0.8067,0.6776,0.7046,0.8207,-0.8067,-0.6776,-0.8235,-0.559,0.0,0.2289,0.2559,0.9067,90.0,300.0,120.0,240.0,240.0,180.0,180.0,300.0,5.0,12.0,-0.0,-10.0,25.1762,0.0284,20.7233,0.1324,0.9067,2.2015
18,34,2026-04-13 10:23:00+00:00,2026-04-13 10:37:00+00:00,ruido,,29,0.0,0.446,0.3571,0.4096,-0.4096,-0.0048,0.1659,0.4667,-0.4333,0.7711,0.166,-0.0,0.009,0.0156,-0.0256,0.0022,0.009,-0.0,0.0005,0.0013,-0.0012,0.0,0.0005,10,9,0.1429,0.1429,0.001444,0.007778,0.0,0.002339,1.1397,851.151,60.797,212.788,29.35,1.0133,0.9869,299934.0,0.7711,0.0022,101.698,0.166,3e-06,1.6704,0.4538,0.1418,0.8712,0.7128,1.5076,0.001149,0.003567,0.8635,0.6928,0.5211,0.3627,2.4255,98.0,0.0,4.0,1.706,1.5345,100.52,0.0598,1,1,1,17.0,1.121,0.071,119.0,103.0,0.4096,0.3307,0.3079,0.4243,-0.4096,-0.3307,-0.457,-0.2733,0.0,0.2415,0.1901,0.4654,90.0,330.0,0.0,270.0,270.0,330.0,330.0,330.0,17.0,4.0,6.2,-0.0,212.7877,0.0551,0.1235,0.0,0.4654,1.3134
19,36,2026-04-13 12:20:00+00:00,2026-04-13 12:25:00+00:00,servido,,11,-0.4,0.4882,0.6,-0.9154,0.9154,0.25,0.907,2.9667,-0.1667,8.8522,0.9409,-0.0002,0.0472,0.0989,-0.1011,0.0201,0.0472,-0.0,0.0029,0.0034,-0.0067,0.0001,0.0029,6,8,0.1,0.5,0.005797,0.025513,0.0,0.009228,1.8965,364.683,72.937,4.862,33.153,1.1793,0.8479,287494.0,8.8522,0.0201,161.666,0.9409,3.1e-05,1.5726,0.8824,0.452,1.0,0.9426,2.2015,0.00303,0.005072,0.88,0.6631,-0.242,-0.3435,1.4762,175.0,10.0,47.0,-0.9747,-0.9823,160.778,0.2328,1,0,0,14.0,1.539,0.2,187.0,98.0,-0.9154,-0.9568,-0.9436,-0.9065,0.9154,0.9568,0.8977,0.9282,0.0,-0.8657,-0.8752,-0.8023,90.0,0.0,0.0,0.0,300.0,300.0,300.0,300.0,14.0,0.0,-0.0,-4.0,4.8624,1.7704,0.452,0.1953,0.9568,2.2015
20,38,2026-04-13 13:26:00+00:00,2026-04-13 13:32:00+00:00,alimentacion,,13,-0.25,0.82,0.6667,0.9141,-0.9141,-0.0306,0.0726,0.1,-0.2,0.0744,0.0788,0.0,0.0036,0.0067,-0.0067,0.0001,0.0036,0.0,0.0002,0.0004,-0.0003,0.0,0.0002,8,9,0.0833,0.3333,0.000892,0.002491,0.0,0.000816,0.3312,361.11,60.185,32.828,27.778,1.0026,0.9974,361880.0,0.0744,0.0001,166.844,0.0788,0.0,2.5074,0.7225,21.4164,0.2597,0.8549,2.2772,0.002564,0.003694,0.8889,0.865,0.4961,-0.3421,0.9172,168.0,6.0,9.0,0.022,-1.4928,166.727,0.0299,1,0,0,3.0,0.875,0.167,174.0,160.0,0.9141,0.8225,0.8359,0.9211,-0.9141,-0.8225,-0.9444,-0.7173,0.0,0.4699,0.5015,0.9701,90.0,330.0,150.0,210.0,240.0,240.0,240.0,330.0,3.0,11.0,-0.0,-0.0,32.8282,0.0124,5.5618,0.205,0.9701,0.5914
21,40,2026-04-13 19:05:00+00:00,2026-04-13 19:12:00+00:00,alimentacion,,15,-0.2857,0.781,0.8571,0.9573,-0.9573,-0.0381,0.1374,0.2,-0.3,0.2844,0.1425,-0.0004,0.0081,0.01,-0.0167,0.0009,0.0081,0.0,0.0005,0.0009,-0.0009,0.0,0.0005,12,10,0.2143,0.5,0.001857,0.004926,0.0,0.001513,0.7451,424.215,60.602,26.513,28.281,1.0093,0.9908,341572.0,0.2844,0.0009,150.902,0.1425,1e-06,2.9232,0.848,0.0,0.9072,0.7194,2.3441,0.002222,0.005491,0.8247,0.6251,0.2289,0.3173,2.1525,149.0,5.0,8.0,0.2004,-1.0624,150.692,0.0368,1,2,0,6.0,0.55,0.143,153.0,147.0,0.9573,0.9289,0.9318,0.9605,-0.9573,-0.9289,-0.9508,-0.89,0.0,0.6839,0.7033,0.9134,30.0,420.0,60.0,180.0,240.0,300.0,300.0,420.0,3.0,16.0,-3.0,-2.0,26.5134,0.0406,0.0,0.2231,0.9605,2.1266
22,42,2026-04-14 00:05:00+00:00,2026-04-14 00:10:00+00:00,alimentacion,,11,-0.2,0.5746,0.7,0.8145,-0.8145,-0.0333,0.1633,0.3,-0.2333,0.2778,0.1667,0.0,0.0098,0.0133,-0.0178,0.0009,0.0098,0.0,0.0006,0.0007,-0.001,0.0,0.0006,7,6,0.3,0.5,0.002181,0.004992,0.000547,0.001308,0.6448,304.113,60.823,30.411,27.647,1.0131,0.987,209164.0,0.2778,0.0009,137.895,0.1667,1e-06,2.7322,0.9684,0.0,1.0,0.6256,2.2015,0.00303,0.006747,0.6059,0.372,0.4576,-0.3474,1.8787,138.0,3.0,6.5,-0.0749,-1.1139,137.778,0.0333,1,1,0,9.0,0.571,0.2,145.0,136.0,0.8145,0.7233,0.7406,0.8302,-0.8145,-0.7233,-0.824,-0.6214,0.0,0.3163,0.3816,0.8579,150.0,270.0,90.0,120.0,210.0,210.0,210.0,270.0,4.0,10.0,-0.0,-0.0,30.4113,0.0556,0.0,0.1149,0.8579,2.2015
23,44,2026-04-14 12:07:00+00:00,2026-04-14 12:08:00+00:00,servido,,3,0.5,0.75,0.5,-0.8944,0.8944,2.1,2.1,4.2,0.0,17.64,2.9698,0.14,0.0,0.14,0.14,0.0196,0.14,0.0,0.0,0.0,0.0,0.0,0.0,1,0,0.5,0.0,0.0,0.0,0.0,0.0,0.0,159.522,159.522,1.266,53.174,1.1431,0.8748,68547.0,17.64,0.0196,151.159,2.9698,0.000257,0.9183,0.0,0.0,1.0,1.0,1.585,0.0,0.0,0.0,0.0,0.0,0.0,0.0,97.0,0.0,63.0,0.7071,-1.5,97.0,0.4273,0,0,0,0.0,0.0,0.0,0.0,0.0,-0.8944,-0.7742,-0.8165,-0.8944,0.8944,0.7742,0.8944,0.7071,0.0,0.0,0.0,-1.0,60.0,0.0,0.0,0.0,60.0,60.0,60.0,60.0,0.0,0.0,-0.0,252.0,1.266,17.64,0.0,0.375,1.0,1.585
24,46,2026-04-14 21:44:00+00:00,2026-04-14 21:51:00+00:00,alimentacion,,15,-0.2857,0.893,0.7857,0.9809,-0.9809,-0.0405,0.1078,0.2,-0.3,0.1856,0.1151,0.0,0.0065,0.01,-0.0167,0.0005,0.0065,0.0,0.0004,0.0009,-0.0008,0.0,0.0004,11,11,0.0714,0.3571,0.001273,0.004151,0.0,0.001064,0.5144,422.745,60.392,24.867,28.183,1.0057,0.9943,610180.0,0.1856,0.0005,201.69,0.1151,0.0,2.7396,0.5991,21.4164,0.492,0.8353,2.0837,0.002222,0.004507,0.7765,0.7633,0.551,0.0377,1.7463,200.0,4.0,10.0,0.2074,-1.1425,201.462,0.0298,0,1,0,0.0,0.0,0.0,212.0,206.0,0.9809,0.9456,0.9521,0.9793,-0.9809,-0.9456,-0.9823,-0.8923,0.0,0.6777,0.7092,0.9448,120.0,390.0,60.0,150.0,300.0,300.0,300.0,390.0,2.0,17.0,-4.0,-3.0,24.8674,0.0265,10.5369,0.2551,0.9823,1.0252
25,48,2026-04-15 08:40:00+00:00,2026-04-15 08:45:00+00:00,alimentacion,,11,-0.4,0.9282,0.7,0.9894,-0.9894,-0.0467,0.06,0.0,-0.1667,0.0578,0.076,-0.0004,0.0036,0.0056,-0.0056,0.0001,0.0036,0.0,0.0002,0.0004,-0.0002,0.0,0.0002,7,7,0.0,0.4,0.001005,0.002778,0.0,0.000803,0.2652,300.863,60.173,21.49,27.351,1.0018,0.9982,350501.0,0.0578,0.0001,178.504,0.076,0.0,2.1867,0.5921,1.0986,1.0,1.0,2.2015,0.00303,0.006134,0.7012,0.6752,0.2017,-0.2537,1.9376,180.0,3.0,4.5,-0.0263,-0.8016,178.556,0.0236,0,0,0,0.0,0.0,0.0,185.0,171.0,0.9894,0.9648,0.9721,0.9833,-0.9894,-0.9648,-0.9779,-0.9173,0.0,0.6683,0.7148,0.9497,0.0,300.0,60.0,180.0,240.0,300.0,300.0,300.0,0.0,14.0,-0.0,-6.0,21.4902,0.0116,1.0986,0.3713,0.9894,2.2015
27,52,2026-04-15 21:27:00+00:00,2026-04-15 21:32:00+00:00,alimentacion,,11,-0.1,0.5543,0.9,0.8845,-0.8845,-0.0367,0.1242,0.1333,-0.3,0.1678,0.1295,0.0,0.0068,0.01,-0.01,0.0004,0.0068,0.0001,0.0004,0.0007,-0.0004,0.0,0.0004,9,5,0.2,0.3,0.002347,0.005,0.0,0.001315,0.6746,302.48,60.496,27.498,27.498,1.0076,0.9925,200639.0,0.1678,0.0004,135.055,0.1295,1e-06,2.2999,0.6131,0.0,1.0,0.7449,1.887,0.009091,0.00728,0.4407,0.3756,0.1677,-0.2907,1.6158,136.0,3.0,5.0,-0.777,-0.695,135.333,0.0286,1,2,0,4.0,0.861,0.2,137.0,133.0,0.8845,0.8366,0.8504,0.8813,-0.8845,-0.8366,-0.8675,-0.7846,0.0,0.5294,0.543,0.8754,0.0,270.0,60.0,150.0,150.0,60.0,60.0,270.0,0.0,11.0,-0.0,-0.0,27.4982,0.0336,0.0,0.0554,0.8845,1.887
28,54,2026-04-16 14:08:00+00:00,2026-04-16 14:14:00+00:00,alimentacion,,13,-0.1667,0.4505,0.5833,0.7651,-0.7651,-0.0361,0.1258,0.2,-0.3,0.2056,0.1309,0.0,0.0056,0.01,-0.0089,0.0003,0.0056,0.0,0.0003,0.0005,-0.0004,0.0,0.0003,7,7,0.1667,0.3333,0.002258,0.005498,0.0,0.001696,0.8058,363.042,60.507,27.926,27.926,1.0078,0.9923,124573.0,0.2056,0.0003,97.89,0.1309,2e-06,2.0382,0.719,21.4164,0.8676,0.7469,2.2772,0.005128,0.005823,0.8816,0.5723,-0.3841,0.2654,1.772,99.0,3.0,5.0,-0.9227,-0.1657,98.091,0.0498,1,1,0,6.0,1.05,0.167,102.0,96.0,0.7651,0.6837,0.7009,0.7668,-0.7651,-0.6837,-0.7506,-0.6135,0.0,0.3653,0.3528,0.7975,90.0,330.0,300.0,150.0,330.0,210.0,210.0,330.0,3.0,13.0,-0.0,-0.0,27.9263,0.0343,18.5809,0.0751,0.7975,1.9757
29,56,2026-04-19 05:11:00+00:00,2026-04-19 05:23:00+00:00,alimentacion,,25,-0.0417,0.6044,0.4583,0.7241,-0.7241,-0.0083,0.1351,0.2333,-0.3,0.44,0.1354,0.0,0.0079,0.0167,-0.0167,0.0014,0.0079,-0.0,0.0005,0.0009,-0.0009,0.0,0.0005,11,13,0.1667,0.2083,0.001326,0.004167,0.0,0.001502,0.9448,726.495,60.541,121.082,29.06,1.009,0.9911,403454.0,0.44,0.0014,127.036,0.1354,1e-06,2.2115,0.6935,0.3314,0.921,0.5904,1.8575,0.001333,0.00441,0.7882,0.5932,0.5105,0.3459,2.3422,126.0,3.0,6.0,0.708,-0.959,126.571,0.0346,3,3,1,6.333,0.859,0.25,135.0,126.0,0.7241,0.6331,0.6311,0.7204,-0.7241,-0.6331,-0.7645,-0.5637,0.0,0.3763,0.3911,0.7822,60.0,420.0,240.0,150.0,150.0,420.0,420.0,420.0,6.0,6.0,3.6,-0.0,121.0825,0.0367,0.3052,0.0252,0.7822,1.7108
30,58,2026-04-19 15:50:00+00:00,2026-04-19 15:55:00+00:00,alimentacion,,11,-0.4,0.9286,0.5,0.9766,-0.9766,-0.0433,0.0539,0.0,-0.1333,0.0478,0.0691,-0.0004,0.0027,0.0044,-0.0033,0.0001,0.0027,-0.0,0.0001,0.0002,-0.0001,0.0,0.0001,5,7,0.0,0.4,0.000929,0.001937,0.0,0.000718,0.2818,300.714,60.143,23.132,27.338,1.0014,0.9986,114059.0,0.0478,0.0001,101.828,0.0691,0.0,2.1626,0.7316,21.8219,1.0,1.0,2.2015,0.00303,0.005038,0.8104,0.7826,0.3208,-0.4525,1.4708,104.0,3.0,8.5,-0.2961,-1.3954,102.0,0.0446,0,0,0,0.0,0.0,0.0,107.0,94.0,0.9766,0.9154,0.9263,0.9701,-0.9766,-0.9154,-0.9845,-0.8268,0.0,0.5643,0.6113,0.982,0.0,300.0,90.0,180.0,210.0,300.0,300.0,300.0,0.0,13.0,-0.0,-6.0,23.1318,0.0096,21.8219,0.3714,0.9845,2.2015
31,60,2026-04-19 20:33:00+00:00,2026-04-19 20:41:00+00:00,alimentacion,,17,-0.3125,0.8949,0.75,0.9482,-0.9482,-0.0417,0.0777,0.1,-0.2,0.1244,0.0882,-0.0002,0.0039,0.0044,-0.01,0.0002,0.0039,-0.0,0.0002,0.0004,-0.0004,0.0,0.0002,12,11,0.125,0.4375,0.001121,0.003598,0.0,0.000932,0.5307,481.857,60.232,24.093,28.345,1.003,0.997,598241.0,0.1244,0.0002,187.592,0.0882,0.0,2.8666,0.7478,20.7233,0.4222,0.8748,2.164,0.001961,0.003906,0.9031,0.8313,0.4982,0.2553,1.8022,190.0,4.0,8.0,-0.5737,-0.8741,187.8,0.036,0,1,0,0.0,0.0,0.0,196.0,184.0,0.9482,0.8621,0.8762,0.9451,-0.9482,-0.8621,-0.9584,-0.7806,0.0,0.4975,0.5343,0.9835,60.0,480.0,210.0,300.0,390.0,300.0,300.0,480.0,2.0,20.0,2.0,-3.0,24.0929,0.0155,8.7494,0.2797,0.9835,0.9136
32,62,2026-04-20 02:17:00+00:00,2026-04-20 02:28:00+00:00,ruido,,23,0.0,0.0804,0.1364,0.0654,-0.0654,-0.0015,1.2312,4.0667,-4.1,33.3478,1.2312,0.0,0.0728,0.2722,-0.1367,0.1112,0.0728,0.0002,0.0044,0.0136,-0.0136,0.0004,0.0044,3,3,0.0455,0.0455,0.007404,0.068333,0.0,0.019983,4.0839,852.24,77.476,852.24,37.054,1.2913,0.7744,594134.0,33.3478,0.1112,160.723,1.2312,5.6e-05,0.258,0.2124,0.229,1.546,0.8198,1.5734,0.010145,0.00874,0.4496,-0.0572,-0.0066,-0.0122,3.4593,164.0,0.0,0.0,-4.4763,18.0401,164.0,0.1568,0,0,1,0.0,0.0,0.0,165.0,42.0,0.0654,0.1036,0.1239,0.033,-0.0654,-0.1036,-0.0435,-0.1133,0.0,0.0991,0.13,0.0277,0.0,60.0,0.0,0.0,90.0,90.0,90.0,90.0,0.0,123.0,-25.2,-0.0,852.24,3.0316,0.354,0.0,0.13,2.4325
33,64,2026-04-20 10:49:00+00:00,2026-04-20 10:56:00+00:00,alimentacion,,15,-0.2143,0.8407,0.7143,0.9134,-0.9134,-0.031,0.098,0.1667,-0.2333,0.1478,0.1027,-0.0003,0.0059,0.0078,-0.0111,0.0004,0.0059,-0.0,0.0004,0.0006,-0.0006,0.0,0.0004,10,11,0.1429,0.3571,0.00118,0.002778,0.000272,0.000644,0.4648,422.2,60.314,32.477,28.147,1.0048,0.9953,331370.0,0.1478,0.0004,148.632,0.1027,0.0,2.4729,0.7173,1.6094,0.4921,0.7714,2.0837,0.002222,0.004064,0.8607,0.7951,0.4853,-0.0307,1.3123,147.0,4.0,10.0,0.2086,-1.1261,148.462,0.0364,1,0,0,5.0,0.562,0.143,158.0,140.0,0.9134,0.8274,0.8348,0.8963,-0.9134,-0.8274,-0.94,-0.7456,0.0,0.5138,0.5277,0.947,60.0,420.0,150.0,210.0,300.0,420.0,420.0,420.0,5.0,13.0,5.0,-3.0,32.4769,0.0211,0.792,0.1802,0.947,1.0254
34,66,2026-04-20 15:51:00+00:00,2026-04-20 15:56:00+00:00,alimentacion,,11,-0.3,0.2922,0.7,0.7787,-0.7787,-0.0433,0.2737,0.5,-0.6,0.7678,0.2771,0.0,0.0166,0.02,-0.0367,0.0025,0.0166,0.0001,0.001,0.0019,-0.0018,0.0,0.001,7,5,0.2,0.5,0.003613,0.01,0.0,0.003408,1.0091,310.863,62.173,23.913,28.26,1.0352,0.966,174502.0,0.7678,0.0025,125.952,0.2771,4e-06,2.4817,0.85,0.0,1.0,0.6187,2.2015,0.009091,0.009377,0.1602,-0.0591,0.2106,-0.4093,1.6818,125.0,6.0,10.0,0.18,-1.2116,125.556,0.0461,0,2,0,0.0,0.0,0.0,136.0,121.0,0.7787,0.7606,0.7667,0.7804,-0.7787,-0.7606,-0.7627,-0.7268,0.0,0.5468,0.5562,0.744,240.0,270.0,60.0,90.0,180.0,270.0,270.0,270.0,5.0,13.0,-0.0,-0.0,23.9125,0.1536,0.0,0.0877,0.7804,2.2015
35,68,2026-04-21 00:18:00+00:00,2026-04-21 00:23:00+00:00,alimentacion,,11,-0.2,0.7511,0.8,0.9406,-0.9406,-0.04,0.1041,0.1333,-0.2333,0.1244,0.1116,-0.0004,0.0051,0.0078,-0.0078,0.0002,0.0051,-0.0,0.0003,0.0004,-0.0003,0.0,0.0003,8,5,0.2,0.4,0.001774,0.003811,0.0,0.001041,0.5442,301.851,60.37,25.154,27.441,1.0054,0.9947,130997.0,0.1244,0.0002,109.128,0.1116,1e-06,2.4817,0.7316,0.0,1.0,0.7964,2.2015,0.00303,0.004687,0.8,0.7693,0.2561,-0.695,1.0832,109.0,6.0,9.0,0.026,-1.4599,108.889,0.0484,1,1,0,3.0,0.938,0.2,106.0,102.0,0.9406,0.9085,0.908,0.92,-0.9406,-0.9085,-0.9573,-0.819,0.0,0.6755,0.6949,0.9219,60.0,180.0,90.0,150.0,240.0,300.0,300.0,300.0,2.0,13.0,-0.0,-6.0,25.1543,0.0249,0.0,0.1502,0.9573,2.2015
36,70,2026-04-21 13:38:00+00:00,2026-04-21 13:41:00+00:00,alimentacion,,7,-0.3333,0.5721,0.8333,0.8736,-0.8736,-0.0444,0.1674,0.2333,-0.3333,0.18,0.1732,0.0007,0.0111,0.0111,-0.0189,0.0006,0.0111,-0.0001,0.0007,0.001,-0.001,0.0,0.0007,5,4,0.1667,0.5,0.002047,0.005473,0.000267,0.001807,0.331,182.645,60.882,22.831,26.092,1.0137,0.9865,58270.0,0.18,0.0006,91.238,0.1732,3e-06,2.2359,0.5888,0.0,1.0,0.658,2.0053,0.004762,0.008248,0.6314,0.2301,-0.4891,-0.5656,0.9884,89.0,2.0,5.5,0.7591,-0.7646,90.4,0.0456,0,0,0,0.0,0.0,0.0,99.0,87.0,0.8736,0.818,0.8324,0.896,-0.8736,-0.818,-0.8933,-0.7348,0.0,0.5047,0.5178,0.9007,60.0,150.0,30.0,30.0,90.0,150.0,150.0,150.0,4.0,8.0,-6.0,-0.0,22.8306,0.06,0.0,0.1907,0.9007,2.0053
37,72,2026-04-21 22:34:00+00:00,2026-04-21 22:43:00+00:00,ruido,,19,-0.1111,0.3565,0.5,0.5145,-0.5145,-0.0259,0.6483,1.9333,-1.9,7.5778,0.6488,0.0,0.0382,0.0644,-0.1278,0.0248,0.0382,-0.0001,0.0023,0.0062,-0.0064,0.0001,0.0023,9,10,0.1667,0.2778,0.004789,0.033042,0.0,0.010229,2.2464,613.114,68.124,43.794,32.269,1.135,0.881,449124.0,7.5778,0.0248,153.747,0.6488,1.7e-05,1.4832,0.7449,1.0986,1.1673,0.7586,2.2358,0.001754,0.006758,0.6464,0.2699,0.1432,0.1027,2.9203,153.0,6.0,11.0,3.1822,10.0386,149.882,0.1024,1,0,2,58.0,0.504,0.111,215.0,143.0,0.5145,0.4497,0.4375,0.5432,-0.5145,-0.4497,-0.5432,-0.406,0.0,0.2912,0.2831,0.5441,60.0,390.0,120.0,270.0,270.0,330.0,330.0,390.0,58.0,14.0,58.0,-0.0,43.7939,0.842,1.2824,0.0396,0.5441,2.6098
38,74,2026-04-22 07:25:00+00:00,2026-04-22 07:32:00+00:00,alimentacion,,15,-0.2857,0.9012,0.7857,0.9808,-0.9808,-0.0476,0.1132,0.2,-0.2,0.2111,0.1228,-0.0004,0.0073,0.0133,-0.0133,0.0007,0.0073,-0.0,0.0005,0.0008,-0.0009,0.0,0.0005,11,12,0.1429,0.4286,0.000896,0.002666,0.0,0.0007,0.3632,423.142,60.449,21.157,28.209,1.0063,0.9937,212250.0,0.2111,0.0007,118.954,0.1228,1e-06,2.6892,0.7885,21.8219,0.6401,0.8084,2.0837,0.002222,0.005433,0.7794,0.6841,0.3457,0.0646,2.0186,119.0,4.0,9.5,-0.231,-0.9796,119.077,0.0509,1,1,0,6.0,0.5,0.143,118.0,112.0,0.9808,0.9432,0.9491,0.9733,-0.9808,-0.9432,-0.9778,-0.8972,0.0,0.6686,0.6967,0.9457,0.0,420.0,90.0,270.0,300.0,420.0,420.0,420.0,0.0,20.0,-0.0,-5.0,21.1571,0.0302,13.9682,0.2575,0.9808,1.3338
39,76,2026-04-22 15:20:00+00:00,2026-04-22 15:25:00+00:00,alimentacion,,11,-0.4,0.8993,0.8,0.9855,-0.9855,-0.0533,0.0884,0.0667,-0.2667,0.1067,0.1033,0.0002,0.0054,0.0089,-0.0111,0.0003,0.0054,-0.0,0.0003,0.0007,-0.0005,0.0,0.0003,8,8,0.1,0.5,0.001248,0.002189,0.0,0.00066,0.363,301.58,60.316,18.849,27.416,1.0038,0.9962,287668.0,0.1067,0.0003,161.715,0.1033,0.0,2.4131,0.678,20.7233,1.0,0.9149,2.2015,0.00303,0.006099,0.7458,0.6572,0.2547,-0.2676,1.7555,164.0,2.0,9.0,-0.1367,-1.2788,161.556,0.0311,0,1,0,0.0,0.0,0.0,170.0,162.0,0.9855,0.9648,0.9741,0.9808,-0.9855,-0.9648,-0.977,-0.9141,0.0,0.6768,0.7266,0.9451,0.0,300.0,30.0,150.0,210.0,210.0,210.0,300.0,0.0,16.0,-8.0,-4.0,18.8487,0.0213,20.7233,0.3597,0.9855,2.2015
41,80,2026-04-23 13:14:00+00:00,2026-04-23 13:20:00+00:00,alimentacion,,13,-0.1667,0.7711,0.5833,0.8827,-0.8827,-0.0389,0.1112,0.1667,-0.2667,0.1667,0.1179,-0.0006,0.0054,0.0089,-0.0089,0.0003,0.0054,-0.0,0.0003,0.0006,-0.0004,0.0,0.0003,7,7,0.0833,0.25,0.002036,0.003574,0.0,0.001087,0.7054,362.47,60.412,25.891,27.882,1.0061,0.9939,166148.0,0.1667,0.0003,113.051,0.1179,1e-06,2.1339,0.5553,0.8473,0.5283,0.8264,2.2772,0.002564,0.004857,0.8373,0.7024,0.4069,-0.156,1.6413,114.0,5.0,8.0,0.1754,-0.7112,113.0,0.0477,1,0,1,5.0,0.906,0.167,122.0,103.0,0.8827,0.7938,0.8018,0.864,-0.8827,-0.7938,-0.9081,-0.691,0.0,0.4758,0.4843,0.9229,60.0,360.0,120.0,210.0,210.0,360.0,360.0,360.0,5.0,14.0,-0.0,-12.0,25.8907,0.0278,0.4476,0.1285,0.9229,1.203
42,82,2026-04-23 16:24:00+00:00,2026-04-23 16:30:00+00:00,alimentacion,,13,-0.4167,0.8491,0.5833,0.9766,-0.9766,-0.0444,0.0853,0.1,-0.2,0.1111,0.0962,0.0003,0.0049,0.0067,-0.01,0.0003,0.0049,0.0,0.0003,0.0006,-0.0004,0.0,0.0003,7,7,0.1667,0.5833,0.001084,0.002491,0.0,0.000879,0.3813,361.658,60.276,22.604,27.82,1.0036,0.9964,288634.0,0.1111,0.0003,149.005,0.0962,0.0,2.5654,0.749,0.0,0.6966,0.8209,2.2772,0.002564,0.00549,0.7443,0.6814,0.4047,-0.2,1.9275,147.0,3.0,8.0,0.5473,-0.7948,148.545,0.0333,0,2,0,0.0,0.0,0.0,159.0,144.0,0.9766,0.9904,0.9903,0.9791,-0.9766,-0.9904,-0.9594,-0.9681,0.0,0.8013,0.8348,0.882,0.0,330.0,30.0,90.0,150.0,210.0,210.0,330.0,0.0,16.0,-6.0,-0.0,22.6036,0.0185,0.0,0.3538,0.9904,1.5863
43,84,2026-04-24 01:50:00+00:00,2026-04-24 01:56:00+00:00,alimentacion,,13,-0.4167,0.9282,0.6667,0.9899,-0.9899,-0.0472,0.06,0.0,-0.1667,0.07,0.0764,0.0,0.0034,0.0044,-0.0056,0.0001,0.0034,0.0,0.0002,0.0003,-0.0003,0.0,0.0002,8,8,0.0,0.4167,0.000915,0.002222,0.0,0.000657,0.2987,361.045,60.174,21.238,27.773,1.0018,0.9982,180002.0,0.07,0.0001,117.67,0.0764,0.0,2.4697,0.7053,1.0986,0.2607,1.0,1.9925,0.002564,0.004763,0.8651,0.8021,0.3246,-0.0719,1.7727,116.0,3.0,10.0,0.4282,-0.9902,117.364,0.0474,0,0,0,0.0,0.0,0.0,127.0,110.0,0.9899,0.9829,0.9836,0.9867,-0.9899,-0.9829,-0.978,-0.946,0.0,0.7589,0.7875,0.9179,0.0,330.0,60.0,120.0,270.0,270.0,270.0,330.0,0.0,17.0,-0.0,-0.0,21.2379,0.0117,0.2864,0.3868,0.9899,0.5194
44,86,2026-04-24 17:53:00+00:00,2026-04-24 17:54:00+00:00,servido,,3,0.5,0.75,0.5,-0.8944,0.8944,1.75,1.75,3.5,0.0,12.25,2.4749,0.1167,0.0,0.1167,0.1167,0.0136,0.1167,0.0,0.0,0.0,0.0,0.0,0.0,1,0,0.5,0.0,0.0,0.0,0.0,0.0,0.0,139.202,139.202,1.326,46.401,1.1511,0.8688,51273.0,12.25,0.0136,130.733,2.4749,0.000239,0.9183,0.0,0.0,1.0,1.0,1.585,0.0,0.0,0.0,0.0,0.0,0.0,0.0,86.0,0.0,52.5,0.7071,-1.5,86.0,0.4091,0,0,0,0.0,0.0,0.0,0.0,0.0,-0.8944,-0.7742,-0.8165,-0.8944,0.8944,0.7742,0.8944,0.7071,0.0,0.0,0.0,-1.0,60.0,0.0,0.0,0.0,60.0,60.0,60.0,60.0,0.0,0.0,-0.0,210.0,1.3257,12.25,0.0,0.375,1.0,1.585
46,90,2026-04-25 09:46:00+00:00,2026-04-25 09:53:00+00:00,alimentacion,,15,-0.2857,0.9465,0.5,0.9915,-0.9915,-0.0262,0.0421,0.0,-0.1,0.0344,0.0496,-0.0002,0.0023,0.0033,-0.0033,0.0001,0.0023,-0.0,0.0001,0.0002,-0.0001,0.0,0.0001,7,10,0.0,0.2857,0.000739,0.001109,0.0,0.000314,0.3159,420.515,60.074,38.229,28.034,1.0009,0.9991,322856.0,0.0344,0.0001,146.71,0.0496,0.0,2.2062,0.5904,1.3863,0.177,1.0,2.0837,0.002222,0.004447,0.8206,0.8124,0.493,0.0379,1.8064,146.0,3.0,6.0,0.1678,-1.2128,146.692,0.0242,0,0,0,0.0,0.0,0.0,152.0,141.0,0.9915,0.9665,0.9694,0.9847,-0.9915,-0.9665,-0.9882,-0.9266,0.0,0.7158,0.7475,0.938,0.0,420.0,90.0,180.0,300.0,300.0,300.0,420.0,0.0,11.0,0.0,-2.0,38.2286,0.0049,0.2454,0.2704,0.9915,0.3688
47,92,2026-04-25 20:38:00+00:00,2026-04-25 20:44:00+00:00,alimentacion,,13,-0.3333,0.7812,0.6667,0.9685,-0.9685,-0.0444,0.1157,0.2333,-0.2,0.1844,0.124,0.0,0.007,0.0133,-0.0122,0.0005,0.007,0.0,0.0004,0.0006,-0.0009,0.0,0.0004,8,8,0.0833,0.4167,0.001827,0.003333,0.000274,0.000849,0.6126,362.74,60.457,22.671,27.903,1.0066,0.9934,196244.0,0.1844,0.0005,122.865,0.124,1e-06,2.3459,0.9335,1.0986,0.8533,0.8032,1.9925,0.007692,0.006446,0.8239,0.5598,0.1416,0.204,2.1909,121.0,4.0,4.0,0.1575,-0.6228,122.727,0.0394,1,1,0,7.0,0.688,0.167,127.0,120.0,0.9685,0.9633,0.9679,0.9624,-0.9685,-0.9633,-0.9479,-0.9388,0.0,0.7164,0.7585,0.8949,0.0,330.0,150.0,180.0,120.0,330.0,330.0,330.0,0.0,16.0,-0.0,-0.0,22.6713,0.0307,0.9374,0.2604,0.9685,1.7002
48,94,2026-04-26 02:40:00+00:00,2026-04-26 02:42:00+00:00,servido,,5,0.25,0.75,0.5,-0.9487,0.9487,0.5833,1.0104,2.3333,0.0,5.4444,1.1667,0.0,0.0635,0.0778,-0.0778,0.0121,0.0635,-0.0013,0.0039,0.0026,-0.0052,0.0,0.0041,2,2,0.25,0.0,0.01381,0.038889,0.0,0.014101,1.4882,166.158,83.079,2.374,33.232,1.196,0.8361,112460.0,5.4444,0.0121,149.973,1.1667,4.8e-05,0.971,-0.0,0.0,1.0,1.0,2.3219,0.006667,0.007515,0.8727,0.4583,-1.0,0.0,0.55,174.0,0.0,70.0,-0.4082,-1.8333,150.667,0.2349,0,0,1,0.0,0.0,0.0,174.0,104.0,-0.9487,-0.9414,-0.9396,-0.9487,0.9487,0.9414,0.9606,0.866,0.0,-0.7071,-0.6931,-0.9258,60.0,0.0,0.0,0.0,60.0,60.0,60.0,60.0,0.0,0.0,-0.0,-0.0,2.3737,2.7222,0.0,0.1875,0.9606,2.3219
49,96,2026-04-26 09:10:00+00:00,2026-04-26 09:15:00+00:00,alimentacion,,11,-0.5,0.9607,0.7,0.9935,-0.9935,-0.0567,0.0616,0.0,-0.1667,0.07,0.0837,-0.0004,0.0038,0.0056,-0.0056,0.0001,0.0038,0.0,0.0002,0.0004,-0.0003,0.0,0.0002,7,7,0.0,0.5,0.000929,0.002222,0.000275,0.000638,0.2485,301.045,60.209,17.709,27.368,1.0019,0.9981,271770.0,0.07,0.0001,157.183,0.0837,0.0,2.4817,0.678,20.7233,1.0,1.0,2.2015,0.00303,0.005624,0.7861,0.7387,0.2247,-0.2369,1.7808,156.0,5.0,7.5,-0.0573,-1.0416,157.222,0.0342,0,0,0,0.0,0.0,0.0,165.0,148.0,0.9935,0.9631,0.9694,0.9897,-0.9935,-0.9631,-0.9865,-0.9023,0.0,0.6774,0.7081,0.9624,0.0,300.0,60.0,150.0,240.0,240.0,240.0,300.0,0.0,17.0,-0.0,-6.0,17.7085,0.014,20.7233,0.4803,0.9935,2.2015
50,98,2026-04-26 18:09:00+00:00,2026-04-26 18:14:00+00:00,alimentacion,,11,-0.3,0.5873,0.8,0.8225,-0.8225,-0.0367,0.1792,0.3,-0.3667,0.3344,0.1829,-0.0,0.0113,0.0156,-0.0222,0.0011,0.0113,0.0,0.0007,0.0011,-0.0013,0.0,0.0007,8,8,0.2,0.5,0.001734,0.00416,0.000264,0.001222,0.5307,304.912,60.982,27.719,27.719,1.0157,0.9846,181540.0,0.3344,0.0011,128.466,0.1829,2e-06,2.5503,0.85,0.0,1.0,0.6457,2.2015,0.00303,0.006578,0.6431,0.4025,0.3135,-0.17,1.7359,130.0,5.0,8.0,-0.0814,-1.3866,128.333,0.04,1,1,0,6.0,0.55,0.2,136.0,126.0,0.8225,0.7249,0.7462,0.8501,-0.8225,-0.7249,-0.8364,-0.6299,0.0,0.3376,0.3691,0.8864,90.0,270.0,60.0,150.0,210.0,150.0,150.0,270.0,4.0,11.0,0.0,-0.0,27.7193,0.0669,0.0,0.1762,0.8864,2.2015
51,100,2026-04-27 04:10:00+00:00,2026-04-27 04:22:00+00:00,ruido,,25,0.0,0.087,0.25,-0.0648,0.0648,0.0,0.0701,0.2333,-0.2333,0.1178,0.0701,0.0,0.0041,0.0078,-0.0156,0.0004,0.0041,0.0,0.0003,0.0008,-0.0008,0.0,0.0003,6,6,0.0833,0.0833,0.000399,0.003889,0.0,0.000906,0.2996,721.745,60.145,721744872.716,28.87,1.0024,0.9976,246860.0,0.1178,0.0004,99.37,0.0701,0.0,0.4822,0.3251,0.3542,1.3512,0.7731,1.486,0.010667,0.008648,0.4287,-0.0705,0.2368,-0.0344,3.4813,99.0,0.0,0.0,4.2177,16.7038,99.0,0.0142,2,1,1,4.5,0.5,0.167,106.0,99.0,-0.0648,-0.1225,-0.135,-0.0231,0.0648,0.1225,0.03,0.1453,0.0,-0.1333,-0.1752,0.0,90.0,0.0,720.0,720.0,720.0,0.0,0.0,210.0,7.0,0.0,1.4,-0.0,721.745,0.0098,0.4786,0.0,0.1752,2.0079
52,102,2026-04-27 10:25:00+00:00,2026-04-27 10:32:00+00:00,alimentacion,,15,-0.1429,0.6074,0.8571,0.9,-0.9,-0.0262,0.1513,0.2333,-0.3333,0.33,0.1535,0.0003,0.0084,0.0111,-0.0167,0.0009,0.0084,0.0,0.0005,0.0009,-0.0008,0.0,0.0005,12,11,0.2143,0.3571,0.002429,0.004532,0.0,0.001444,1.0189,424.859,60.694,38.624,28.324,1.0112,0.9889,557186.0,0.33,0.0009,192.732,0.1535,1e-06,2.8729,0.7435,20.7233,0.9315,0.707,2.3441,0.002222,0.005469,0.8525,0.5665,0.1087,0.3998,1.9178,193.0,5.0,8.5,-0.052,-1.2829,192.769,0.0261,1,3,0,7.0,0.925,0.143,200.0,184.0,0.9,0.8474,0.8608,0.8955,-0.9,-0.8474,-0.9024,-0.7947,0.0,0.5423,0.5814,0.9055,150.0,390.0,60.0,120.0,210.0,30.0,30.0,420.0,2.0,14.0,-3.0,-0.0,38.6235,0.0471,19.3038,0.0868,0.9055,2.1835
53,104,2026-04-27 20:39:00+00:00,2026-04-27 20:45:00+00:00,alimentacion,,13,-0.25,0.905,0.6667,0.9748,-0.9748,-0.0528,0.104,0.1,-0.2667,0.1633,0.1167,-0.0,0.0064,0.0089,-0.0111,0.0004,0.0064,0.0,0.0004,0.0006,-0.0006,0.0,0.0004,8,10,0.0833,0.3333,0.001313,0.004444,0.0,0.001127,0.4453,362.419,60.403,19.075,27.878,1.0053,0.9947,368782.0,0.1633,0.0004,168.428,0.1167,0.0,2.1997,0.6084,21.8219,0.4161,0.9033,2.2772,0.002564,0.005067,0.8406,0.7385,0.377,-0.1037,1.8832,168.0,4.0,10.0,-0.3853,-0.8401,168.636,0.0377,0,0,0,0.0,0.0,0.0,176.0,157.0,0.9748,0.9197,0.9295,0.9824,-0.9748,-0.9197,-0.9745,-0.8556,0.0,0.6028,0.6306,0.9693,0.0,330.0,90.0,150.0,240.0,210.0,210.0,330.0,0.0,19.0,-0.0,0.0,19.0747,0.0272,9.0801,0.2263,0.9824,0.9475
54,106,2026-04-28 09:46:00+00:00,2026-04-28 09:53:00+00:00,alimentacion,,15,-0.2143,0.88,0.7143,0.97,-0.97,-0.0333,0.0934,0.1333,-0.2,0.1378,0.0992,-0.0003,0.0057,0.0078,-0.0111,0.0004,0.0057,-0.0,0.0004,0.0006,-0.0006,0.0,0.0004,10,12,0.1429,0.3571,0.001032,0.002491,0.0,0.000674,0.4148,422.052,60.293,30.147,28.137,1.0043,0.9957,283234.0,0.1378,0.0004,137.413,0.0992,0.0,2.8226,0.7065,21.8219,0.6193,0.7962,2.0837,0.002222,0.00505,0.8191,0.7023,0.4277,0.1624,1.9727,137.0,3.0,7.0,0.0007,-0.868,137.308,0.034,0,1,0,0.0,0.0,0.0,146.0,134.0,0.97,0.923,0.9286,0.959,-0.97,-0.923,-0.97,-0.8749,0.0,0.6361,0.6636,0.9455,60.0,420.0,90.0,180.0,330.0,420.0,420.0,420.0,3.0,14.0,3.0,-3.0,30.1466,0.0197,13.5143,0.1886,0.97,1.2904
55,108,2026-04-28 20:21:00+00:00,2026-04-28 20:29:00+00:00,alimentacion,,17,-0.1875,0.7681,0.75,0.9245,-0.9245,-0.0312,0.131,0.2667,-0.2333,0.29,0.1346,0.0002,0.0073,0.0111,-0.0167,0.0008,0.0073,0.0,0.0004,0.0006,-0.0009,0.0,0.0004,12,10,0.25,0.4375,0.001534,0.005276,0.0,0.001258,0.7579,484.305,60.538,32.287,28.489,1.0085,0.9916,244070.0,0.29,0.0008,119.821,0.1346,1e-06,2.7045,0.9245,21.8219,0.7356,0.7388,2.164,0.001961,0.003988,0.879,0.7802,0.4628,0.0594,1.9053,121.0,5.0,13.0,-0.612,-1.1004,120.0,0.0539,1,3,0,8.0,0.536,0.125,126.0,108.0,0.9245,0.8463,0.8624,0.9388,-0.9245,-0.8463,-0.9306,-0.773,0.0,0.4838,0.5322,0.9537,0.0,420.0,180.0,270.0,360.0,270.0,270.0,480.0,0.0,18.0,-0.0,3.0,32.287,0.0362,16.0522,0.144,0.9537,1.5918
56,110,2026-04-28 23:54:00+00:00,2026-04-28 23:58:00+00:00,alimentacion,,9,-0.5,0.9227,0.625,0.9692,-0.9692,-0.05,0.0527,0.0,-0.1333,0.0422,0.0726,-0.0003,0.0031,0.0033,-0.0044,0.0001,0.0031,0.0,0.0002,0.0002,-0.0003,0.0,0.0002,5,6,0.0,0.5,0.00043,0.001104,0.0,0.000434,0.0996,240.631,60.158,20.053,26.737,1.0014,0.9986,365778.0,0.0422,0.0001,201.599,0.0726,0.0,2.1972,0.7127,20.7233,1.0,1.0,2.1133,0.003704,0.005871,0.8419,0.7115,0.0711,-0.7119,1.4485,203.0,3.0,6.0,-0.5238,-1.0077,202.0,0.0207,0,0,0,0.0,0.0,0.0,206.0,194.0,0.9692,0.894,0.9093,0.968,-0.9692,-0.894,-0.9737,-0.8129,0.0,0.5032,0.5381,0.9813,0.0,240.0,90.0,150.0,210.0,210.0,210.0,240.0,0.0,12.0,-0.0,-4.0,20.0526,0.0106,20.7233,0.4613,0.9813,2.1133
57,112,2026-04-29 12:15:00+00:00,2026-04-29 12:21:00+00:00,alimentacion,,13,-0.1667,0.7278,0.75,0.8611,-0.8611,-0.0389,0.1527,0.1667,-0.4,0.2978,0.1575,-0.0004,0.009,0.0133,-0.0189,0.0009,0.0091,-0.0,0.0006,0.0011,-0.0008,0.0,0.0006,9,9,0.25,0.4167,0.00207,0.004627,0.000274,0.001308,0.7088,364.364,60.727,26.026,28.028,1.0114,0.9888,370092.0,0.2978,0.0009,168.726,0.1575,1e-06,2.5654,0.8194,1.3863,0.7307,0.7096,2.2772,0.002564,0.005023,0.8432,0.6611,0.3302,-0.1837,1.5322,172.0,6.0,10.0,-0.0927,-1.3441,168.636,0.0363,0,2,0,0.0,0.0,0.0,178.0,160.0,0.8611,0.7583,0.7744,0.8393,-0.8611,-0.7583,-0.8877,-0.6651,0.0,0.3536,0.415,0.9259,60.0,360.0,90.0,210.0,270.0,210.0,210.0,360.0,5.0,14.0,-0.0,-8.0,26.026,0.0496,1.013,0.1213,0.9259,1.664
59,116,2026-04-30 10:05:00+00:00,2026-04-30 10:09:00+00:00,alimentacion,,9,-0.125,0.6004,0.625,0.8158,-0.8158,-0.025,0.1244,0.2,-0.2,0.1289,0.1269,0.0003,0.0064,0.0067,-0.0133,0.0003,0.0065,-0.0,0.0004,0.0004,-0.0007,0.0,0.0004,5,6,0.25,0.375,0.002019,0.005,0.0,0.001547,0.4621,241.916,60.479,40.319,26.88,1.0077,0.9924,115316.0,0.1289,0.0003,113.194,0.1269,1e-06,1.7527,0.9755,20.7233,1.0,0.6847,2.1133,0.003704,0.005028,0.8786,0.6786,-0.1039,-0.9645,1.0198,110.0,2.0,6.0,0.7117,-0.6307,112.571,0.0383,1,1,0,6.0,0.5,0.25,122.0,108.0,0.8158,0.7389,0.7444,0.8015,-0.8158,-0.7389,-0.8578,-0.6182,0.0,0.4826,0.4688,0.846,60.0,210.0,0.0,0.0,120.0,120.0,120.0,240.0,6.0,8.0,-0.0,4.0,40.3193,0.0322,20.7233,0.0751,0.8578,2.1133
60,118,2026-04-30 14:22:00+00:00,2026-04-30 14:24:00+00:00,servido,,5,0.25,0.75,0.5,-0.9037,0.9037,0.3833,0.664,1.5333,0.0,2.3511,0.7667,0.0,0.0417,0.0511,-0.0511,0.0052,0.0417,-0.0009,0.0026,0.0017,-0.0034,0.0,0.0027,2,2,0.25,0.0,0.010221,0.025556,0.0,0.008667,1.1499,144.918,72.459,3.15,28.984,1.1276,0.8868,73821.0,2.3511,0.0052,121.508,0.7667,3.2e-05,0.971,-0.0,0.0,1.0,1.0,1.8575,0.006667,0.007515,0.8727,0.4583,-1.0,0.0,0.55,101.0,0.0,46.0,0.4082,-1.8333,116.333,0.1887,0,0,0,0.0,0.0,0.0,147.0,101.0,-0.9037,-0.8113,-0.8345,-0.9037,0.9037,0.8113,0.9263,0.7071,0.0,-0.2887,-0.3638,-0.9449,90.0,0.0,0.0,0.0,90.0,90.0,90.0,90.0,0.0,0.0,-0.0,-0.0,3.1504,1.1756,0.0,0.1875,0.9449,1.8575
61,120,2026-04-30 21:55:00+00:00,2026-04-30 22:00:00+00:00,alimentacion,,11,-0.1,0.3719,0.8,0.4464,-0.4464,-0.0167,0.1708,0.2667,-0.3333,0.2944,0.1716,-0.0,0.011,0.0178,-0.02,0.0011,0.011,-0.0,0.0007,0.0013,-0.001,0.0,0.0007,8,6,0.3,0.4,0.001561,0.004444,0.000274,0.001273,0.4319,304.341,60.868,60.868,27.667,1.0143,0.9859,207980.0,0.2944,0.0011,137.504,0.1716,1e-06,2.6635,0.85,0.0,1.0,0.6022,2.2015,0.00303,0.0084,0.5549,0.0455,0.0144,0.0175,1.963,136.0,2.0,3.0,0.953,0.2834,137.0,0.0268,1,1,0,6.0,0.5,0.2,142.0,136.0,0.4464,0.3127,0.33,0.4056,-0.4464,-0.3127,-0.4832,-0.16,0.0,-0.0,-0.0169,0.5621,60.0,270.0,90.0,90.0,240.0,270.0,270.0,270.0,8.0,5.0,-0.0,-0.0,60.8682,0.0589,0.0,0.0372,0.5621,2.2015
62,122,2026-05-01 02:31:00+00:00,2026-05-01 02:39:00+00:00,alimentacion,,17,-0.0625,0.604,0.5,0.8915,-0.8915,-0.0292,0.0927,0.1,-0.2,0.1511,0.0972,-0.0004,0.004,0.0078,-0.01,0.0002,0.004,-0.0,0.0002,0.0004,-0.0004,0.0,0.0002,8,9,0.25,0.3125,0.001277,0.004428,0.0,0.001132,0.6111,482.251,60.281,34.446,28.368,1.0043,0.9958,219882.0,0.1511,0.0002,113.729,0.0972,1e-06,2.604,0.6666,1.0986,0.6448,0.7741,2.164,0.003922,0.005288,0.7824,0.6454,0.2455,-0.1387,2.304,113.0,2.0,6.0,0.1845,0.2657,113.667,0.0379,2,1,0,3.5,1.271,0.25,123.0,111.0,0.8915,0.8608,0.8582,0.8758,-0.8915,-0.8608,-0.885,-0.8104,0.0,0.6681,0.6537,0.8554,90.0,480.0,180.0,210.0,450.0,360.0,360.0,480.0,5.0,14.0,2.0,-9.0,34.4465,0.0189,0.7084,0.0377,0.8915,1.3953
63,124,2026-05-01 08:32:00+00:00,2026-05-01 08:37:00+00:00,alimentacion,,11,-0.1,0.3354,0.6,0.8509,-0.8509,-0.02,0.1551,0.2667,-0.3,0.2444,0.1563,0.0,0.0086,0.0189,-0.0111,0.0007,0.0086,-0.0,0.0005,0.0008,-0.0009,0.0,0.0005,6,6,0.2,0.3,0.002242,0.006109,0.0,0.002025,0.6315,303.611,60.722,50.602,27.601,1.0118,0.9883,113177.0,0.2444,0.0007,101.434,0.1563,2e-06,1.7899,0.7965,1.3863,1.0,0.7436,2.2015,0.006061,0.007322,0.6998,0.245,-0.0634,0.285,1.823,101.0,1.0,3.0,-0.8929,1.0759,101.889,0.0372,1,1,0,5.0,0.5,0.2,106.0,101.0,0.8509,0.8605,0.8619,0.8512,-0.8509,-0.8605,-0.8359,-0.8459,0.0,0.6511,0.7104,0.7802,0.0,240.0,0.0,60.0,60.0,60.0,60.0,270.0,0.0,14.0,-0.0,-0.0,50.6018,0.0489,1.3863,0.0335,0.8619,2.2015
64,126,2026-05-01 11:55:00+00:00,2026-05-01 11:58:00+00:00,alimentacion,,7,-0.1667,0.1248,0.6667,0.1714,-0.1714,-0.0333,0.2357,0.3667,-0.4333,0.34,0.238,-0.0009,0.0147,0.0144,-0.0267,0.0011,0.0148,-0.0,0.001,0.0014,-0.0013,0.0,0.001,4,4,0.1667,0.3333,0.002043,0.006656,0.0,0.002123,0.3966,184.914,61.638,30.819,26.416,1.0267,0.974,250590.0,0.34,0.0011,189.205,0.238,1e-06,1.8424,0.5888,20.7233,1.0,0.6756,2.4063,0.004762,0.008796,0.4868,-0.0497,-0.7179,0.0251,1.4785,189.0,2.0,2.0,1.2853,0.9565,188.2,0.0257,0,0,0,0.0,0.0,0.0,200.0,183.0,0.1714,0.0294,0.0699,0.1723,-0.1714,-0.0294,-0.1813,0.0318,0.0,-0.4822,-0.3531,0.3269,90.0,180.0,120.0,120.0,180.0,180.0,180.0,180.0,11.0,6.0,-0.0,-8.0,30.819,0.1133,20.7233,0.0208,0.4822,2.4063
65,128,2026-05-01 23:03:00+00:00,2026-05-01 23:10:00+00:00,alimentacion,,15,-0.1429,0.8666,0.4286,0.9654,-0.9654,-0.0262,0.0657,0.0667,-0.1667,0.07,0.0707,-0.0003,0.0036,0.0056,-0.0078,0.0002,0.0036,-0.0,0.0002,0.0004,-0.0003,0.0,0.0002,6,8,0.0714,0.2143,0.001013,0.001937,0.0,0.000619,0.4314,421.044,60.149,38.277,28.07,1.0021,0.9979,435770.0,0.07,0.0002,170.445,0.0707,0.0,2.0226,0.5163,0.6931,0.3468,0.8972,2.0837,0.002222,0.004374,0.8399,0.7769,0.54,0.0738,1.6113,172.0,5.0,6.5,0.1104,-1.336,170.385,0.0229,0,0,1,0.0,0.0,0.0,177.0,164.0,0.9654,0.9183,0.9226,0.9534,-0.9654,-0.9183,-0.976,-0.8639,0.0,0.6426,0.6731,0.9439,90.0,420.0,120.0,120.0,240.0,420.0,420.0,420.0,2.0,11.0,-0.0,-3.0,38.2767,0.01,0.2404,0.1238,0.976,0.7226
66,130,2026-05-02 10:12:00+00:00,2026-05-02 10:19:00+00:00,alimentacion,,15,-0.2857,0.6292,0.6429,0.9076,-0.9076,-0.0286,0.1542,0.4,-0.3667,0.3444,0.1569,0.0,0.0087,0.0133,-0.0256,0.001,0.0087,0.0,0.0005,0.0011,-0.0013,0.0,0.0005,9,9,0.0714,0.3571,0.001889,0.007497,0.000278,0.001918,0.7917,425.011,60.716,35.418,28.334,1.0115,0.9886,305120.0,0.3444,0.001,142.623,0.1569,1e-06,2.4729,0.8139,1.3863,0.807,0.7114,2.0837,0.002222,0.005619,0.6344,0.5373,0.4018,0.0083,2.0443,141.0,3.0,5.5,1.0746,0.958,142.0,0.0355,1,1,0,12.0,0.523,0.143,156.0,144.0,0.9076,0.8621,0.8709,0.9192,-0.9076,-0.8621,-0.9151,-0.7948,0.0,0.6022,0.622,0.8954,120.0,390.0,150.0,180.0,300.0,390.0,390.0,390.0,8.0,12.0,-4.0,-3.0,35.4176,0.0492,1.1187,0.1798,0.9192,1.6815
67,132,2026-05-02 18:34:00+00:00,2026-05-02 18:36:00+00:00,servido,,5,0.25,0.75,0.5,-0.9037,0.9037,0.325,0.5629,1.3,0.0,1.69,0.65,0.0,0.0354,0.0433,-0.0433,0.0038,0.0354,-0.0007,0.0022,0.0014,-0.0029,0.0,0.0023,2,2,0.25,0.0,0.009054,0.021667,0.0,0.00719,1.0331,139.204,69.602,3.569,27.841,1.1032,0.9064,96494.0,1.69,0.0038,138.92,0.65,1.8e-05,0.971,-0.0,0.0,1.0,1.0,1.8575,0.006667,0.007515,0.8727,0.4583,-1.0,0.0,0.55,122.0,0.0,39.0,0.4082,-1.8333,135.0,0.1389,0,0,0,0.0,0.0,0.0,161.0,122.0,-0.9037,-0.8113,-0.8345,-0.9037,0.9037,0.8113,0.9263,0.7071,0.0,-0.2887,-0.3638,-0.9449,90.0,0.0,0.0,0.0,90.0,90.0,90.0,90.0,0.0,0.0,-0.0,-0.0,3.5693,0.845,0.0,0.1875,0.9449,1.8575
68,134,2026-05-03 02:11:00+00:00,2026-05-03 02:18:00+00:00,alimentacion,,15,-0.2857,0.7234,0.5714,0.845,-0.845,-0.0286,0.092,0.1667,-0.2167,0.13,0.0964,0.0,0.0042,0.0061,-0.0083,0.0002,0.0042,0.0,0.0002,0.0004,-0.0003,0.0,0.0002,8,8,0.2143,0.5,0.0017,0.004115,0.000416,0.00106,0.6775,421.935,60.276,35.161,28.129,1.0042,0.9958,310245.0,0.13,0.0002,143.816,0.0964,0.0,2.5559,0.851,1.0986,0.6715,0.7617,2.3441,0.002222,0.004316,0.8913,0.7645,0.1904,-0.0514,1.7246,143.0,2.5,4.75,0.041,-0.1469,143.692,0.0339,2,1,0,4.0,0.757,0.286,153.0,142.0,0.845,0.7485,0.7572,0.8262,-0.845,-0.7485,-0.8595,-0.6771,0.0,0.433,0.424,0.8866,90.0,390.0,150.0,360.0,360.0,270.0,270.0,390.0,6.0,12.0,5.0,-5.5,35.1613,0.0186,0.7377,0.2067,0.8866,1.5741
69,136,2026-05-03 13:35:00+00:00,2026-05-03 13:41:00+00:00,alimentacion,,13,-0.1667,0.5619,0.6667,0.648,-0.648,-0.0306,0.119,0.1333,-0.2,0.1811,0.1229,-0.0006,0.0064,0.0089,-0.01,0.0005,0.0064,-0.0,0.0004,0.0005,-0.0006,0.0,0.0004,8,7,0.3333,0.5,0.001711,0.003493,0.000272,0.000884,0.6271,362.701,60.45,32.973,27.9,1.007,0.993,195666.0,0.1811,0.0005,122.683,0.1229,1e-06,2.7774,0.9866,0.0,1.0202,0.6696,2.2772,0.002564,0.006049,0.6682,0.4411,0.3981,-0.1869,1.9114,124.0,2.0,4.0,-0.622,0.4179,122.818,0.0333,3,2,0,4.667,0.614,0.5,130.0,118.0,0.648,0.498,0.5234,0.6501,-0.648,-0.498,-0.6786,-0.3693,0.0,0.0904,0.0882,0.7876,90.0,360.0,180.0,270.0,270.0,120.0,120.0,360.0,6.0,11.0,-0.0,-12.0,32.9728,0.0302,0.0,0.0937,0.7876,2.3232
70,138,2026-05-03 20:10:00+00:00,2026-05-03 20:17:00+00:00,alimentacion,,15,-0.2143,0.0614,0.6429,0.5785,-0.5785,-0.0214,0.2644,0.7333,-0.3667,0.985,0.2652,0.0,0.0138,0.0278,-0.0339,0.0025,0.0138,0.0,0.0008,0.0011,-0.0021,0.0,0.0008,9,9,0.2143,0.4286,0.003727,0.009802,0.0,0.002552,1.5894,433.757,61.965,48.195,28.917,1.0325,0.9685,163745.25,0.985,0.0025,104.481,0.2652,6e-06,2.7069,0.9329,20.7233,0.7926,0.6408,2.3441,0.004444,0.00597,0.6485,0.4317,-0.1076,-0.6873,2.224,104.0,5.0,9.0,0.1425,-0.752,103.962,0.069,2,1,0,11.0,0.81,0.286,119.0,93.0,0.5785,0.624,0.6063,0.6055,-0.5785,-0.624,-0.5602,-0.6273,0.0,0.6909,0.6225,0.4492,330.0,180.0,120.0,150.0,150.0,120.0,120.0,390.0,10.0,16.0,0.0,-10.5,48.1952,0.1407,16.4253,0.0132,0.6909,1.8579
71,140,2026-05-04 00:42:00+00:00,2026-05-04 00:55:00+00:00,ruido,,27,0.0,0.1894,0.1923,0.0399,-0.0399,-0.0013,0.1642,0.5,-0.4667,0.7011,0.1642,0.0,0.0077,0.0156,-0.0278,0.0015,0.0077,-0.0,0.0004,0.0009,-0.0012,0.0,0.0004,5,5,0.1154,0.1154,0.001413,0.012646,0.0,0.002878,1.0944,790.083,60.776,790.083,29.262,1.0129,0.9872,215363.0,0.7011,0.0015,89.311,0.1642,3e-06,0.9015,0.428,0.229,0.7399,0.7841,1.4089,0.001235,0.00431,0.8363,0.6163,0.1262,-0.1045,2.9579,87.0,0.0,0.5,2.9228,8.0392,87.87,0.0604,1,0,1,23.0,0.937,0.077,111.0,87.0,0.0399,-0.0439,-0.0552,0.0198,-0.0399,0.0439,-0.0918,0.0769,0.0,-0.0839,-0.1425,0.1265,150.0,210.0,0.0,0.0,210.0,210.0,210.0,210.0,23.0,1.0,3.4,-0.0,790.083,0.0539,0.1694,0.0,0.1425,1.0424
73,144,2026-05-04 12:46:00+00:00,2026-05-04 13:03:00+00:00,ruido,,35,-0.0588,0.387,0.2941,0.0201,-0.0201,-0.0039,0.1911,0.6,-0.7667,1.2422,0.1911,0.0,0.0073,0.0189,-0.0256,0.0018,0.0073,0.0,0.0004,0.0015,-0.001,0.0,0.0004,10,14,0.0882,0.1471,0.001576,0.008209,0.0,0.002523,1.6549,1037.036,61.002,259.259,29.63,1.0167,0.9836,763671.0,1.2422,0.0018,147.713,0.1911,2e-06,1.765,0.4555,0.1351,0.0836,0.8143,1.7586,0.000952,0.001629,0.9813,0.9438,0.6875,0.3994,1.4868,138.0,2.0,22.5,1.0216,-0.7919,145.345,0.0986,1,0,2,32.0,4.597,0.059,174.0,136.0,0.0201,-0.1144,-0.1211,0.0323,-0.0201,0.1144,-0.1041,0.2072,0.0,-0.1992,-0.2787,0.1933,120.0,420.0,0.0,0.0,630.0,630.0,630.0,630.0,32.0,6.0,13.714,0.0,259.259,0.0731,0.0113,0.0228,0.2787,0.147
74,146,2026-05-04 17:51:00+00:00,2026-05-04 18:06:00+00:00,ruido,,31,0.0333,0.5514,0.2667,-0.9382,0.9382,0.0322,0.2207,1.0667,-0.3667,1.4922,0.223,-0.0,0.012,0.0322,-0.0478,0.0042,0.012,0.0,0.0007,0.002,-0.0027,0.0,0.0007,8,8,0.1333,0.1,0.00149,0.010744,0.0,0.002807,1.3859,919.044,61.27,31.691,29.647,1.0206,0.9798,744106.0,1.4922,0.0042,154.93,0.223,2e-06,1.5186,0.4013,0.1221,0.5193,0.8568,1.7579,0.001075,0.003178,0.8837,0.7873,0.5708,0.3907,2.3474,161.0,0.0,18.0,-0.9365,-0.6613,156.0,0.0733,2,2,1,6.0,0.568,0.133,143.0,137.0,-0.9382,-0.9741,-0.9657,-0.9249,0.9382,0.9741,0.9161,0.9758,0.0,-0.8766,-0.8973,-0.8101,270.0,0.0,120.0,90.0,300.0,90.0,90.0,300.0,11.0,0.0,3.829,-0.0,31.6912,0.0995,0.0634,0.0184,0.9758,0.9129
75,148,2026-05-05 02:26:00+00:00,2026-05-05 02:32:00+00:00,alimentacion,,13,-0.1667,0.791,0.75,0.9566,-0.9566,-0.0639,0.223,0.2333,-0.7333,0.6456,0.2319,0.0002,0.0129,0.0244,-0.0322,0.0018,0.0129,0.0,0.0008,0.0019,-0.0013,0.0,0.0008,9,10,0.1667,0.3333,0.002365,0.007355,0.0,0.002067,0.8894,368.802,61.467,16.035,28.369,1.0224,0.9781,187491.0,0.6456,0.0018,120.093,0.2319,3e-06,2.1339,0.7225,1.2528,0.3625,0.8383,2.2772,0.002564,0.004284,0.8562,0.7732,0.3937,-0.2254,1.3701,116.0,6.0,23.0,0.655,-1.1139,118.818,0.0895,0,0,0,0.0,0.0,0.0,140.0,108.0,0.9566,0.9313,0.9298,0.9501,-0.9566,-0.9313,-0.9649,-0.8667,0.0,0.7139,0.7313,0.911,90.0,330.0,0.0,120.0,180.0,240.0,240.0,360.0,7.0,25.0,-0.0,4.0,16.0349,0.1076,0.4541,0.1319,0.9649,0.8255
76,150,2026-05-05 14:39:00+00:00,2026-05-05 14:46:00+00:00,alimentacion,,15,-0.2143,0.5926,0.6429,0.8944,-0.8944,-0.031,0.13,0.2667,-0.2667,0.25,0.1336,-0.0005,0.0066,0.0089,-0.0111,0.0006,0.0066,-0.0,0.0004,0.0005,-0.0007,0.0,0.0004,9,11,0.1429,0.3571,0.002471,0.005238,0.000552,0.001488,0.9999,423.702,60.529,32.592,28.247,1.0083,0.9917,129725.0,0.25,0.0006,92.996,0.1336,2e-06,2.8226,0.8031,21.8219,0.7837,0.7214,2.0837,0.002222,0.00532,0.7276,0.6075,0.3018,-0.0056,2.0522,92.0,5.0,7.0,0.1682,-0.8978,92.769,0.0529,1,2,0,8.0,0.875,0.143,102.0,87.0,0.8944,0.8395,0.8543,0.8923,-0.8944,-0.8395,-0.9047,-0.7805,0.0,0.5213,0.576,0.9107,150.0,420.0,60.0,210.0,300.0,300.0,300.0,420.0,4.0,13.0,-4.0,-2.0,32.5925,0.0357,17.1018,0.127,0.9107,1.633
77,152,2026-05-05 22:27:00+00:00,2026-05-05 22:43:00+00:00,ruido,,33,0.125,0.0998,0.4062,-0.6499,0.6499,0.0167,0.2615,0.8,-0.7667,2.1978,0.2621,-0.0,0.0134,0.0311,-0.0422,0.0056,0.0134,-0.0,0.0008,0.0019,-0.0024,0.0,0.0008,13,16,0.2188,0.0938,0.002166,0.013333,0.0,0.003346,1.9441,990.089,61.881,61.881,30.003,1.0312,0.9697,333992.0,2.1978,0.0056,100.603,0.2621,7e-06,2.2869,0.3665,0.2007,0.3998,0.7998,1.8343,0.00101,0.003101,0.9069,0.7559,0.4006,-0.0284,2.4912,95.0,3.0,10.0,1.104,0.8378,98.741,0.1154,2,1,3,26.0,1.782,0.125,131.0,92.0,-0.6499,-0.7565,-0.7602,-0.6297,0.6499,0.7565,0.5806,0.8022,0.0,-0.7226,-0.7941,-0.4563,300.0,0.0,0.0,360.0,360.0,510.0,510.0,870.0,34.0,0.0,13.257,0.914,61.8806,0.1374,0.0802,0.0125,0.8022,0.7334
78,154,2026-05-06 00:48:00+00:00,2026-05-06 00:59:00+00:00,ruido,,23,0.0,0.1519,0.1364,0.5473,-0.5473,-0.0015,0.0605,0.1833,-0.2167,0.0806,0.0605,-0.0,0.0036,0.0072,-0.0133,0.0003,0.0036,-0.0,0.0002,0.0007,-0.0006,0.0,0.0002,3,3,0.0455,0.0455,0.00038,0.003332,0.0,0.000945,0.2164,661.196,60.109,661.196,28.748,1.0018,0.9982,175610.25,0.0806,0.0003,87.38,0.0605,0.0,0.6784,0.2124,0.1178,1.3077,0.8008,1.5734,0.001449,0.007714,0.5616,0.1168,-0.0115,-0.0212,3.3974,87.0,0.0,0.0,4.1829,16.2326,87.053,0.0153,0,0,1,0.0,0.0,0.0,93.5,87.0,0.5473,0.5586,0.5388,0.5736,-0.5473,-0.5586,-0.5395,-0.5626,0.0,0.5057,0.5071,0.4807,60.0,90.0,0.0,0.0,90.0,90.0,90.0,90.0,5.5,1.0,0.5,0.0,661.196,0.0073,0.154,0.0,0.5736,2.0575
79,156,2026-05-06 09:21:00+00:00,2026-05-06 09:26:00+00:00,alimentacion,,11,-0.1,0.0824,0.5,0.1321,-0.1321,-0.02,0.1416,0.2,-0.3,0.2044,0.143,-0.0002,0.0073,0.0122,-0.0156,0.0005,0.0073,0.0,0.0004,0.0007,-0.0005,0.0,0.0004,5,5,0.3,0.4,0.001677,0.006347,0.0,0.001918,0.5452,303.025,60.605,50.504,27.548,1.0099,0.9902,83576.0,0.2044,0.0005,87.165,0.143,2e-06,2.8454,0.7105,20.7233,1.0,0.6337,1.887,0.006061,0.006983,0.6115,0.249,-0.3475,0.1056,2.0095,87.0,2.0,4.0,0.4038,0.1025,86.889,0.0414,2,0,0,6.5,0.849,0.4,95.0,81.0,0.1321,0.0196,0.0511,0.1359,-0.1321,-0.0196,-0.1139,0.0275,0.0,-0.263,-0.294,0.2403,210.0,300.0,240.0,150.0,270.0,60.0,60.0,300.0,8.0,6.0,-0.0,-4.0,50.5042,0.0409,20.7233,0.0082,0.294,1.887
80,158,2026-05-06 15:34:00+00:00,2026-05-06 15:42:00+00:00,alimentacion,,17,-0.25,0.6395,0.625,0.949,-0.949,-0.0333,0.0858,0.1667,-0.2,0.1356,0.092,-0.0004,0.0046,0.01,-0.0067,0.0003,0.0046,0.0,0.0003,0.0005,-0.0005,0.0,0.0003,10,12,0.0625,0.3125,0.00128,0.003333,0.000275,0.000945,0.5626,482.019,60.252,30.126,28.354,1.0036,0.9964,151660.0,0.1356,0.0003,94.452,0.092,1e-06,2.0431,0.6893,1.2528,0.6407,0.8537,2.164,0.001961,0.005618,0.7794,0.6356,0.2756,0.1676,2.4276,93.0,1.0,2.0,0.968,0.5396,94.133,0.0458,1,1,0,5.0,2.0,0.125,93.0,88.0,0.949,0.9857,0.981,0.9362,-0.949,-0.9857,-0.9236,-0.9824,0.0,0.856,0.8855,0.8363,0.0,330.0,60.0,60.0,240.0,330.0,330.0,480.0,0.0,16.0,-6.0,-5.0,30.1262,0.0169,0.8027,0.1599,0.9857,1.3865
81,160,2026-05-25 06:32:00+00:00,2026-05-25 06:34:00+00:00,servido,,5,0.5,0.7593,0.25,-0.9061,0.9061,0.65,1.0689,2.5,0.0,6.26,1.251,0.0011,0.0667,0.0833,-0.08,0.0133,0.0667,-0.0013,0.0041,0.0028,-0.0054,0.0,0.0043,1,2,0.5,0.0,0.013973,0.039407,0.0,0.014543,1.5049,170.927,85.464,2.191,34.185,1.1943,0.8373,79749.0,6.26,0.0133,126.293,1.251,7.8e-05,0.971,-0.0,0.0,1.0,1.0,1.8575,0.006667,0.007518,0.8723,0.4658,-0.9994,0.0,0.5511,90.0,0.0,75.0,0.4102,-1.8291,115.0,0.3109,0,0,0,0.0,0.0,0.0,168.0,90.0,-0.9061,-0.8116,-0.8355,-0.9061,0.9061,0.8116,0.9276,0.707,0.0,-0.283,-0.3566,-0.9484,120.0,0.0,0.0,90.0,90.0,90.0,90.0,120.0,0.0,0.0,-0.0,6.0,2.1914,3.13,0.0,0.3796,0.9484,1.8575
82,162,2026-05-25 15:15:00+00:00,2026-05-25 15:21:00+00:00,alimentacion,,13,-0.0833,0.1791,0.75,0.0607,-0.0607,-0.0139,0.1309,0.2333,-0.2,0.2078,0.1316,-0.0006,0.0078,0.0111,-0.0133,0.0007,0.0079,-0.0,0.0005,0.0007,-0.0007,0.0,0.0005,9,9,0.25,0.3333,0.001511,0.005238,0.0,0.001481,0.5106,363.089,60.515,72.618,27.93,1.0085,0.9916,221627.0,0.2078,0.0007,130.569,0.1316,1e-06,2.5654,0.7225,21.4164,1.1756,0.6144,2.2772,0.002564,0.008561,0.4812,-0.0604,-0.0681,-0.0482,2.1277,130.0,2.0,3.0,0.2482,0.5411,130.455,0.0216,1,1,0,7.0,0.6,0.167,137.0,129.0,0.0607,-0.0873,-0.0605,0.045,-0.0607,0.0873,-0.1029,0.2083,0.0,-0.368,-0.3821,0.2504,90.0,360.0,210.0,300.0,300.0,360.0,360.0,360.0,7.0,5.0,0.0,-12.0,72.6178,0.0346,25.1771,0.0149,0.3821,2.6771
83,164,2026-05-25 23:05:00+00:00,2026-05-25 23:11:00+00:00,alimentacion,,13,-0.25,0.6086,0.6667,0.7864,-0.7864,-0.0417,0.1628,0.2,-0.3,0.3389,0.168,-0.0003,0.0091,0.01,-0.0167,0.0009,0.0091,-0.0,0.0005,0.0009,-0.0009,0.0,0.0005,8,7,0.25,0.5,0.002448,0.004151,0.0,0.001302,0.9047,365.014,60.836,24.334,28.078,1.013,0.9871,148198.0,0.3389,0.0009,106.77,0.168,2e-06,3.027,0.8366,0.0,1.0559,0.6842,2.2772,0.002564,0.006022,0.8442,0.5135,0.1674,-0.1488,2.0128,107.0,4.0,7.0,-0.4873,-0.5562,106.818,0.0539,1,2,0,5.0,0.958,0.167,112.0,103.0,0.7864,0.6698,0.6921,0.7688,-0.7864,-0.6698,-0.7953,-0.5889,0.0,0.2341,0.2823,0.8649,60.0,360.0,210.0,240.0,330.0,60.0,60.0,360.0,6.0,15.0,-0.0,-6.0,24.3343,0.0565,0.0,0.1522,0.8649,2.4045
84,166,2026-05-26 07:17:00+00:00,2026-05-26 07:23:00+00:00,alimentacion,,13,-0.25,0.0486,0.5833,-0.4593,0.4593,-0.0056,0.1017,0.3,-0.1,0.1244,0.1018,0.0,0.0054,0.01,-0.0133,0.0003,0.0054,0.0,0.0003,0.0006,-0.0008,0.0,0.0003,7,9,0.0833,0.3333,0.001209,0.003284,0.0,0.000943,0.4463,361.836,60.306,180.918,27.834,1.0051,0.9949,229846.0,0.1244,0.0003,132.968,0.1018,1e-06,2.4116,0.8194,1.3863,0.5038,0.7626,2.2772,0.002564,0.004265,0.847,0.5771,-0.1467,-0.5595,1.2441,134.0,3.0,6.0,0.0426,-1.3033,132.818,0.026,1,0,0,9.0,2.625,0.167,139.0,128.0,-0.4593,-0.6239,-0.5866,-0.4419,0.4593,0.6239,0.4191,0.7171,0.0,-0.888,-0.8786,-0.2061,90.0,330.0,0.0,0.0,330.0,330.0,330.0,330.0,9.0,2.0,0.0,-0.0,180.918,0.0207,0.6984,0.0121,0.888,1.1473
85,3,2026-04-08 20:46:00+00:00,2026-04-08 20:52:00+00:00,alimentacion,,13,-0.3333,0.9407,0.6667,0.9916,-0.9916,-0.0333,0.0491,0.0,-0.1333,0.0422,0.0593,0.0,0.0029,0.0044,-0.0044,0.0001,0.0029,0.0,0.0002,0.0003,-0.0002,0.0,0.0002,8,9,0.0,0.3333,0.000917,0.002222,0.000277,0.000538,0.2992,360.631,60.105,30.053,27.741,1.0012,0.9988,407104.0,0.0422,0.0001,176.962,0.0593,0.0,2.2578,0.6084,1.3863,0.3266,1.0,1.9925,0.002564,0.005161,0.8636,0.754,0.3735,0.0177,1.9362,176.0,3.0,5.0,0.0248,-0.8507,176.909,0.0211,0,0,0,0.0,0.0,0.0,183.0,171.0,0.9916,0.9705,0.9769,0.9902,-0.9916,-0.9705,-0.9811,-0.9298,0.0,0.7017,0.7397,0.9422,0.0,330.0,60.0,180.0,270.0,330.0,330.0,330.0,0.0,12.0,-0.0,-0.0,30.0526,0.007,0.4528,0.3135,0.9916,0.6508
86,7,2026-04-09 08:40:00+00:00,2026-04-09 08:49:00+00:00,alimentacion,,19,-0.2222,0.9127,0.6111,0.9702,-0.9702,-0.0278,0.0669,0.1,-0.1667,0.0944,0.0724,-0.0002,0.0038,0.0056,-0.0089,0.0002,0.0038,-0.0,0.0002,0.0005,-0.0004,0.0,0.0002,11,11,0.1111,0.3333,0.000961,0.002219,0.0,0.000578,0.4984,541.411,60.157,36.094,28.495,1.0022,0.9978,349676.0,0.0944,0.0002,135.661,0.0724,0.0,2.7551,0.6878,0.8109,0.5224,0.8522,2.2358,0.001754,0.004099,0.8846,0.7993,0.5359,0.3583,2.0586,137.0,4.0,7.0,-0.2322,-0.8143,135.647,0.0349,0,1,1,0.0,0.0,0.0,144.0,139.0,0.9702,0.9081,0.9172,0.976,-0.9702,-0.9081,-0.9745,-0.8475,0.0,0.587,0.6272,0.972,60.0,540.0,180.0,330.0,480.0,390.0,390.0,540.0,3.0,15.0,3.0,-3.0,36.0941,0.0105,0.4236,0.2028,0.976,1.168
87,11,2026-04-09 22:32:00+00:00,2026-04-09 22:37:00+00:00,ruido,,11,-0.1,0.25,0.1,0.8864,-0.8864,-0.0133,0.04,0.0,-0.1333,0.0178,0.0422,0.0005,0.0014,0.0044,0.0,0.0,0.0015,-0.0,0.0,0.0,-0.0001,0.0,0.0001,1,1,0.0,0.1,0.000498,0.002207,0.0,0.000856,0.132,300.265,60.053,75.066,27.297,1.0008,0.9992,262124.0,0.0178,0.0,154.368,0.0422,0.0,0.4395,0.1947,0.2877,1.0,1.0,1.887,0.00303,0.009091,0.4,-0.01,-0.0375,-0.0833,2.3219,154.0,0.0,0.0,2.846,6.1,154.0,0.0074,0,0,1,0.0,0.0,0.0,158.0,154.0,0.8864,0.958,0.9581,0.8696,-0.8864,-0.958,-0.8472,-0.9878,0.0,0.8575,0.9038,0.7483,0.0,30.0,0.0,0.0,30.0,30.0,30.0,30.0,0.0,4.0,-8.0,-0.0,75.0662,0.0036,0.2877,0.025,0.9878,1.887
89,19,2026-04-10 15:15:00+00:00,2026-04-10 15:20:00+00:00,alimentacion,,11,-0.2,0.7786,0.7,0.9384,-0.9384,-0.03,0.0912,0.1333,-0.2333,0.0922,0.096,-0.0,0.0055,0.0078,-0.0122,0.0003,0.0055,0.0,0.0003,0.0007,-0.0006,0.0,0.0003,7,7,0.1,0.3,0.001082,0.003044,0.0,0.000831,0.332,301.371,60.274,33.486,27.397,1.0041,0.9959,296977.0,0.0922,0.0003,164.31,0.096,0.0,1.9363,0.6131,21.4164,1.0,0.7904,2.2015,0.00303,0.005858,0.7042,0.5964,0.3328,-0.4003,1.8344,165.0,3.0,6.0,-0.1391,-1.3956,164.333,0.0214,0,1,0,0.0,0.0,0.0,169.0,165.0,0.9384,0.8752,0.8881,0.9338,-0.9384,-0.8752,-0.9424,-0.793,0.0,0.504,0.5675,0.9446,150.0,270.0,90.0,90.0,180.0,270.0,270.0,270.0,1.0,9.0,-0.0,-0.0,33.4857,0.0184,21.4164,0.1557,0.9446,2.2015
90,23,2026-04-11 12:49:00+00:00,2026-04-11 12:54:00+00:00,alimentacion,,11,-0.3,0.6007,0.7,0.6796,-0.6796,-0.03,0.1602,0.3667,-0.2667,0.2656,0.163,-0.0,0.0084,0.0122,-0.0189,0.0006,0.0084,-0.0,0.0005,0.0006,-0.001,0.0,0.0005,7,7,0.1,0.4,0.002377,0.006873,0.0,0.002251,0.6677,303.895,60.779,33.766,27.627,1.0125,0.9876,527492.0,0.2656,0.0006,218.984,0.163,1e-06,2.4817,0.85,20.7233,1.0,0.6983,2.2015,0.00303,0.0049,0.859,0.6539,0.134,-0.3582,1.4249,218.0,3.0,6.0,0.896,0.1562,218.222,0.0261,1,0,0,11.0,0.708,0.2,232.0,212.0,0.6796,0.5498,0.5624,0.6816,-0.6796,-0.5498,-0.7276,-0.3749,0.0,0.2204,0.2069,0.7918,60.0,270.0,120.0,120.0,210.0,270.0,270.0,270.0,11.0,9.0,0.0,-0.0,33.7661,0.0531,20.7233,0.1802,0.7918,2.2015
92,31,2026-04-12 15:47:00+00:00,2026-04-12 15:58:00+00:00,ruido,,23,0.0,0.0837,0.1364,0.0325,-0.0325,0.0,1.1457,3.8,-3.8,28.88,1.1457,0.0,0.0677,0.2533,-0.1267,0.0963,0.0677,0.0002,0.0041,0.0127,-0.0127,0.0003,0.0041,3,3,0.0455,0.0455,0.006884,0.063333,0.0,0.018574,3.8,835.763,75.978,835762592.453,36.338,1.2663,0.7897,343871.0,28.88,0.0963,122.274,1.1457,8.4e-05,0.258,0.2124,0.229,1.5543,0.819,1.5734,0.015942,0.008696,0.4545,-0.0496,-0.0068,-0.0126,3.4594,125.0,0.0,0.0,-4.4772,18.0455,125.0,0.1937,0,1,1,0.0,0.0,0.0,125.0,11.0,0.0325,0.0684,0.0889,0.0,-0.0325,-0.0684,-0.0119,-0.0774,0.0,0.067,0.0965,0.0,0.0,60.0,660.0,660.0,660.0,0.0,0.0,90.0,0.0,114.0,-22.8,-0.0,835.763,2.6255,0.3559,0.0,0.0965,2.4455
93,35,2026-04-13 10:41:00+00:00,2026-04-13 10:52:00+00:00,ruido,,23,0.0,0.0837,0.1364,-0.0325,0.0325,0.0,0.402,1.3333,-1.3333,3.5556,0.402,0.0,0.0238,0.0444,-0.0889,0.0119,0.0238,-0.0001,0.0014,0.0044,-0.0044,0.0,0.0014,3,3,0.0455,0.0455,0.002415,0.022222,0.0,0.006517,1.3333,700.0,63.636,700000000.0,30.435,1.0606,0.9429,230332.0,3.5556,0.0119,100.072,0.402,1.5e-05,0.258,0.2124,0.229,1.5543,0.819,1.5734,0.004348,0.008696,0.4545,-0.0496,-0.0068,-0.0126,3.4594,98.0,0.0,0.0,4.4772,18.0455,98.0,0.0818,1,0,1,40.0,0.5,0.091,138.0,98.0,-0.0325,-0.0684,-0.0889,0.0,0.0325,0.0684,0.0119,0.0774,0.0,-0.067,-0.0965,0.0,60.0,0.0,660.0,660.0,660.0,0.0,0.0,90.0,40.0,0.0,8.0,0.0,700.0,0.3232,0.3559,0.0,0.0965,2.4455
94,39,2026-04-13 16:47:00+00:00,2026-04-13 16:58:00+00:00,ruido,,23,0.0,0.1831,0.1364,0.6946,-0.6946,-0.003,0.081,0.2333,-0.3,0.1444,0.081,0.0,0.0048,0.01,-0.0178,0.0005,0.0048,-0.0,0.0003,0.0009,-0.0009,0.0,0.0003,3,3,0.0455,0.0455,0.000518,0.004437,0.0,0.001242,0.2989,662.127,60.193,331.063,28.788,1.0032,0.9968,578369.0,0.1444,0.0005,158.576,0.081,0.0,0.6784,0.2124,0.1178,1.2114,0.7914,1.5734,0.001449,0.007236,0.6126,0.198,-0.0135,-0.025,3.3322,158.0,0.0,0.0,3.9155,14.498,158.105,0.0119,0,0,1,0.0,0.0,0.0,167.0,158.0,0.6946,0.7214,0.7038,0.716,-0.6946,-0.7214,-0.6776,-0.7296,0.0,0.6548,0.667,0.6001,60.0,90.0,0.0,0.0,90.0,90.0,90.0,90.0,7.0,2.0,0.2,0.0,331.0635,0.0131,0.1427,0.0,0.7296,1.906
95,43,2026-04-14 06:26:00+00:00,2026-04-14 06:32:00+00:00,alimentacion,,13,-0.3333,0.885,0.75,0.9838,-0.9838,-0.0556,0.0984,0.1,-0.2667,0.1533,0.113,-0.0008,0.0055,0.0067,-0.0122,0.0003,0.0056,-0.0,0.0003,0.0004,-0.0006,0.0,0.0003,9,10,0.0833,0.4167,0.001676,0.005513,0.000277,0.001612,0.521,362.274,60.379,18.114,27.867,1.0048,0.9953,193380.0,0.1533,0.0003,121.965,0.113,1e-06,2.4493,0.6924,21.4164,0.5725,0.9072,2.2772,0.002564,0.006561,0.6843,0.5939,0.3407,-0.0847,2.276,121.0,4.0,6.0,0.0403,-0.2788,122.0,0.0441,0,1,0,0.0,0.0,0.0,131.0,116.0,0.9838,0.9745,0.9781,0.981,-0.9838,-0.9745,-0.9687,-0.9409,0.0,0.7352,0.7671,0.9183,0.0,360.0,60.0,150.0,300.0,360.0,360.0,360.0,0.0,20.0,-0.0,-16.0,18.1137,0.0255,12.2609,0.295,0.9838,1.3037
96,47,2026-04-15 00:48:00+00:00,2026-04-15 00:52:00+00:00,alimentacion,,9,-0.125,0.2438,0.75,0.604,-0.604,-0.0333,0.1354,0.1667,-0.3,0.1556,0.1394,-0.0014,0.0074,0.0089,-0.0133,0.0004,0.0075,-0.0001,0.0004,0.0005,-0.0006,0.0,0.0004,6,5,0.25,0.375,0.001875,0.005858,0.0,0.002143,0.4183,242.299,60.575,30.287,26.922,1.009,0.9911,330695.0,0.1556,0.0004,191.687,0.1394,0.0,2.1972,0.865,20.7233,1.0,0.6667,2.4655,0.011111,0.011311,0.2149,-0.3714,0.3143,0.4,1.7496,193.0,2.0,2.0,-1.2533,0.9416,192.143,0.0146,1,1,0,5.0,0.562,0.25,195.0,191.0,0.604,0.5278,0.549,0.587,-0.604,-0.5278,-0.5818,-0.4806,0.0,0.1626,0.1958,0.6398,120.0,240.0,150.0,90.0,240.0,240.0,240.0,240.0,2.0,8.0,-0.0,-18.0,30.2874,0.0389,20.7233,0.0305,0.6398,2.4655
97,51,2026-04-15 20:42:00+00:00,2026-04-15 20:53:00+00:00,ruido,,23,-0.0455,0.2386,0.0909,0.8927,-0.8927,-0.0106,0.0486,0.0,-0.2333,0.0544,0.0497,0.0,0.0024,0.0078,-0.0078,0.0001,0.0024,0.0,0.0001,0.0005,-0.0003,0.0,0.0001,2,2,0.0,0.0455,0.000419,0.003889,0.0,0.000981,0.231,660.806,60.073,94.401,28.731,1.0012,0.9988,448373.0,0.0544,0.0001,139.623,0.0497,0.0,0.4262,0.2124,0.1112,0.6381,1.0,1.5734,0.001449,0.005405,0.7775,0.5184,-0.0143,-0.0265,3.0029,139.0,0.0,0.0,2.9318,6.5952,139.0,0.0141,0,0,1,0.0,0.0,0.0,146.0,139.0,0.8927,0.9612,0.9595,0.8872,-0.8927,-0.9612,-0.8514,-0.9801,0.0,0.8773,0.9214,0.7436,0.0,60.0,0.0,0.0,60.0,60.0,60.0,60.0,0.0,7.0,-5.6,0.0,94.4009,0.0049,0.071,0.0109,0.9801,1.004
98,55,2026-04-19 01:26:00+00:00,2026-04-19 01:32:00+00:00,alimentacion,,13,-0.25,0.8619,0.5,0.9802,-0.9802,-0.0472,0.0937,0.0667,-0.3,0.1322,0.105,-0.0,0.0055,0.0122,-0.01,0.0003,0.0055,0.0,0.0003,0.0007,-0.0006,0.0,0.0003,6,8,0.0833,0.3333,0.001186,0.0025,0.0,0.000817,0.4292,361.952,60.325,21.291,27.842,1.0043,0.9957,242261.0,0.1322,0.0003,136.512,0.105,1e-06,2.1339,0.7225,0.8473,0.3962,0.9239,1.9925,0.002564,0.004905,0.8988,0.7639,0.2612,-0.1024,1.8294,133.0,4.0,6.0,0.6345,-0.9366,136.182,0.0432,0,0,1,0.0,0.0,0.0,146.0,129.0,0.9802,0.9778,0.9757,0.975,-0.9802,-0.9778,-0.9698,-0.9463,0.0,0.7776,0.7978,0.9041,0.0,330.0,120.0,90.0,180.0,330.0,330.0,330.0,0.0,17.0,-0.0,-0.0,21.2913,0.022,0.3357,0.2155,0.9802,0.7894
99,59,2026-04-19 16:48:00+00:00,2026-04-19 16:50:00+00:00,servido,,5,0.25,0.75,0.5,-0.9487,0.9487,0.8333,1.4434,3.3333,0.0,11.1111,1.6667,0.0,0.0907,0.1111,-0.1111,0.0247,0.0907,-0.0019,0.0056,0.0037,-0.0074,0.0001,0.0059,2,2,0.25,0.0,0.01818,0.055556,0.0,0.021138,1.8937,194.403,97.202,1.944,38.881,1.2445,0.8035,130580.0,11.1111,0.0247,161.604,1.6667,8.5e-05,0.971,-0.0,0.0,1.0,1.0,2.3219,0.006667,0.007515,0.8727,0.4583,-1.0,0.0,0.55,194.0,0.0,100.0,-0.4082,-1.8333,160.667,0.3181,0,0,1,0.0,0.0,0.0,194.0,94.0,-0.9487,-0.9414,-0.9396,-0.9487,0.9487,0.9414,0.9606,0.866,0.0,-0.7071,-0.6931,-0.9258,60.0,0.0,0.0,0.0,60.0,60.0,60.0,60.0,0.0,0.0,-0.0,-0.0,1.944,5.5556,0.0,0.1875,0.9606,2.3219
100,63,2026-04-20 04:17:00+00:00,2026-04-20 04:20:00+00:00,alimentacion,,7,-0.1667,0.5833,0.8333,0.8417,-0.8417,-0.05,0.1357,0.1,-0.3333,0.1256,0.1447,-0.0,0.0084,0.0111,-0.0144,0.0004,0.0084,0.0001,0.0005,0.0009,-0.0006,0.0,0.0005,5,3,0.1667,0.3333,0.002199,0.005556,0.000555,0.001621,0.3619,181.839,60.613,20.204,25.977,1.009,0.9911,181555.0,0.1256,0.0004,161.048,0.1447,1e-06,1.5567,0.5888,0.0,1.0,0.7921,2.0053,0.009524,0.007754,0.4308,0.3133,0.0486,-1.1667,1.2601,162.0,2.0,5.5,-0.7355,-1.1924,161.4,0.0244,0,1,0,0.0,0.0,0.0,165.0,162.0,0.8417,0.7511,0.7753,0.798,-0.8417,-0.7511,-0.8334,-0.6556,0.0,0.2982,0.3374,0.8796,120.0,150.0,60.0,60.0,150.0,150.0,150.0,150.0,1.0,9.0,-0.0,-0.0,20.2043,0.0419,0.0,0.0972,0.8796,2.0053
101,67,2026-04-20 21:15:00+00:00,2026-04-20 21:22:00+00:00,alimentacion,,15,-0.1429,0.2511,0.5,-0.3678,0.3678,-0.0071,0.1017,0.3,-0.1667,0.1456,0.102,-0.0003,0.0049,0.01,-0.01,0.0003,0.0049,-0.0,0.0003,0.0004,-0.0007,0.0,0.0003,7,8,0.0714,0.2143,0.001467,0.005,0.0,0.001245,0.5604,422.15,60.307,140.717,28.143,1.0051,0.9949,223311.0,0.1456,0.0003,122.014,0.102,1e-06,1.7056,0.5163,0.8267,0.3053,0.7617,2.3441,0.002222,0.003279,0.9317,0.7181,0.2548,-0.3765,0.9233,122.0,4.0,9.0,0.0627,-1.672,122.077,0.0364,1,0,1,9.0,3.2,0.143,127.0,115.0,-0.3678,-0.5553,-0.5288,-0.3802,0.3678,0.5553,0.2938,0.6605,0.0,-0.8226,-0.8208,-0.0722,60.0,420.0,0.0,0.0,420.0,420.0,420.0,420.0,9.0,3.0,9.0,-3.0,140.7167,0.0208,0.2524,0.0359,0.8226,0.7157
102,71,2026-04-21 14:03:00+00:00,2026-04-21 14:05:00+00:00,servido,,5,0.5,0.7559,0.25,-0.9052,0.9052,0.7,1.1743,2.7333,0.0,7.4756,1.3671,0.0007,0.0735,0.0911,-0.0889,0.0162,0.0735,-0.0015,0.0045,0.003,-0.006,0.0,0.0048,1,2,0.5,0.0,0.015197,0.04415,0.0,0.016459,1.6174,177.382,88.691,2.112,35.476,1.211,0.8258,80509.0,7.4756,0.0162,126.893,1.3671,9.3e-05,0.971,-0.0,0.0,1.0,1.0,1.8575,0.006667,0.007516,0.8725,0.4631,-0.9998,0.0,0.5504,87.0,0.0,82.0,0.409,-1.8317,114.333,0.3383,0,0,0,0.0,0.0,0.0,171.0,87.0,-0.9052,-0.8116,-0.8352,-0.9052,0.9052,0.8116,0.9271,0.7071,0.0,-0.2852,-0.3594,-0.9471,120.0,0.0,0.0,90.0,90.0,90.0,90.0,120.0,0.0,0.0,-0.0,4.0,2.1117,3.7378,0.0,0.378,0.9471,1.8575
104,79,2026-04-23 08:59:00+00:00,2026-04-23 09:03:00+00:00,alimentacion,,9,-0.375,0.9123,0.625,0.9807,-0.9807,-0.05,0.0707,0.0,-0.2,0.06,0.0866,-0.0005,0.0042,0.0067,-0.0067,0.0001,0.0042,-0.0,0.0003,0.0004,-0.0002,0.0,0.0003,5,6,0.0,0.375,0.00101,0.001667,0.0,0.000647,0.248,240.893,60.223,20.074,26.766,1.0025,0.9975,142287.0,0.06,0.0001,125.736,0.0866,0.0,1.8911,0.6022,21.4164,1.0,1.0,2.1133,0.003704,0.006213,0.8511,0.6733,-0.0127,-0.5443,1.4046,125.0,3.0,9.0,0.0896,-1.2822,125.857,0.0333,0,0,0,0.0,0.0,0.0,131.0,119.0,0.9807,0.9413,0.947,0.9832,-0.9807,-0.9413,-0.9804,-0.8761,0.0,0.6446,0.6648,0.9344,0.0,240.0,0.0,90.0,180.0,240.0,240.0,240.0,0.0,12.0,-0.0,-6.0,20.0744,0.015,21.4164,0.3421,0.9832,2.1133
105,83,2026-04-23 22:24:00+00:00,2026-04-23 22:30:00+00:00,alimentacion,,13,-0.25,0.8175,0.6667,0.9319,-0.9319,-0.0444,0.1336,0.2,-0.3,0.2378,0.1408,-0.0005,0.008,0.0144,-0.0167,0.0007,0.008,-0.0,0.0005,0.001,-0.0008,0.0,0.0005,8,8,0.1667,0.4167,0.00171,0.003333,0.000555,0.000939,0.5767,363.521,60.587,22.72,27.963,1.0088,0.9913,244772.0,0.2378,0.0007,137.217,0.1408,1e-06,2.4116,0.8366,1.0986,0.6476,0.7598,2.2772,0.002564,0.004976,0.8338,0.7042,0.4054,-0.181,1.5347,134.0,6.0,11.0,0.2854,-1.0177,136.909,0.0453,1,0,0,4.0,0.5,0.167,144.0,127.0,0.9319,0.8661,0.8714,0.9206,-0.9319,-0.8661,-0.9509,-0.786,0.0,0.5805,0.5903,0.946,60.0,360.0,90.0,180.0,240.0,270.0,270.0,360.0,6.0,16.0,-0.0,-10.0,22.7201,0.0396,0.7115,0.2044,0.9509,1.4747
106,87,2026-04-24 18:19:00+00:00,2026-04-24 18:28:00+00:00,alimentacion,,19,-0.2222,0.7733,0.6667,0.8597,-0.8597,-0.0259,0.1131,0.2333,-0.3,0.2422,0.116,-0.0,0.0064,0.01,-0.0156,0.0007,0.0064,0.0,0.0004,0.0009,-0.0007,0.0,0.0004,12,14,0.1111,0.3333,0.001381,0.00416,0.0,0.001152,0.7622,543.586,60.398,38.828,28.61,1.0063,0.9937,665775.0,0.2422,0.0007,187.192,0.116,0.0,2.6948,0.7821,1.5041,0.6484,0.7468,2.0122,0.001754,0.0038,0.8397,0.7682,0.5287,0.3105,1.8605,186.0,5.0,7.0,-0.173,-0.6838,187.059,0.0304,1,1,0,7.0,0.6,0.111,198.0,190.0,0.8597,0.7452,0.7624,0.8417,-0.8597,-0.7452,-0.8834,-0.6586,0.0,0.3595,0.3908,0.938,90.0,510.0,270.0,390.0,450.0,360.0,360.0,510.0,7.0,14.0,-0.0,-3.0,38.8276,0.0269,0.9753,0.1718,0.938,1.3047
107,91,2026-04-25 16:22:00+00:00,2026-04-25 16:29:00+00:00,alimentacion,,15,-0.2143,0.9172,0.7857,0.9813,-0.9813,-0.0286,0.0744,0.1,-0.1667,0.0889,0.0797,0.0,0.0047,0.0067,-0.0089,0.0003,0.0047,0.0,0.0003,0.0005,-0.0005,0.0,0.0003,11,11,0.1429,0.3571,0.000738,0.001937,0.0,0.00047,0.3156,421.327,60.19,35.111,28.088,1.0028,0.9973,283459.0,0.0889,0.0003,137.467,0.0797,0.0,2.5559,0.7065,21.4164,0.5016,0.8171,2.3441,0.002222,0.004432,0.8342,0.7775,0.5355,0.0303,1.7636,138.0,5.0,8.0,-0.0989,-1.4541,137.462,0.0313,0,2,0,0.0,0.0,0.0,143.0,136.0,0.9813,0.9367,0.9437,0.9654,-0.9813,-0.9367,-0.9836,-0.886,0.0,0.6471,0.6819,0.9551,0.0,390.0,90.0,150.0,300.0,210.0,210.0,390.0,0.0,12.0,-0.0,-2.0,35.1106,0.0127,10.7425,0.1966,0.9836,1.1758
109,99,2026-04-26 22:19:00+00:00,2026-04-26 22:26:00+00:00,alimentacion,,15,-0.2143,0.7562,0.7857,0.8884,-0.8884,-0.019,0.1239,0.2,-0.2,0.22,0.1254,0.0005,0.007,0.0133,-0.0111,0.0006,0.007,0.0,0.0004,0.0008,-0.0007,0.0,0.0004,11,11,0.2143,0.4286,0.00173,0.004714,0.000276,0.001275,0.6745,423.273,60.468,52.909,28.218,1.0076,0.9924,204606.0,0.22,0.0006,116.792,0.1254,1e-06,2.8402,0.9329,20.7233,0.7299,0.7206,2.0837,0.002222,0.003677,0.9036,0.7907,0.4827,0.0596,1.2481,117.0,4.0,7.5,-0.0064,-1.0568,116.769,0.0464,1,2,0,6.0,0.833,0.143,125.0,107.0,0.8884,0.8036,0.8128,0.8858,-0.8884,-0.8036,-0.9196,-0.7187,0.0,0.4852,0.514,0.9331,60.0,390.0,90.0,180.0,240.0,240.0,240.0,420.0,4.0,14.0,4.0,3.0,52.9091,0.0314,15.1259,0.1621,0.9331,1.5209
110,103,2026-04-27 14:35:00+00:00,2026-04-27 14:39:00+00:00,alimentacion,,9,-0.125,0.2844,0.75,0.5562,-0.5562,-0.0292,0.1798,0.2333,-0.3,0.2656,0.1822,-0.0013,0.0108,0.0111,-0.0167,0.0008,0.0109,-0.0001,0.0007,0.0009,-0.0009,0.0,0.0007,6,6,0.25,0.375,0.002651,0.007517,0.0,0.002539,0.603,243.919,60.98,34.846,27.102,1.0159,0.9844,297149.0,0.2656,0.0008,181.705,0.1822,1e-06,2.1972,0.7127,20.7233,1.0,0.5863,2.4655,0.014815,0.009601,0.4551,-0.1129,-0.2823,-0.8508,1.8175,183.0,3.0,3.0,0.2636,-0.3941,181.429,0.0204,0,1,0,0.0,0.0,0.0,189.0,177.0,0.5562,0.4635,0.4813,0.483,-0.5562,-0.4635,-0.5867,-0.3767,0.0,0.1784,0.1739,0.661,90.0,240.0,120.0,120.0,180.0,180.0,180.0,240.0,6.0,7.0,-0.0,-16.0,34.8456,0.0664,20.7233,0.0355,0.661,2.4655
111,107,2026-04-28 12:35:00+00:00,2026-04-28 12:41:00+00:00,alimentacion,,13,-0.0833,0.6311,0.8333,0.836,-0.836,-0.0222,0.1117,0.1667,-0.2,0.1556,0.1139,0.0,0.0069,0.01,-0.0122,0.0005,0.0069,0.0,0.0004,0.0006,-0.0007,0.0,0.0004,10,9,0.25,0.3333,0.001191,0.003333,0.0,0.001038,0.4145,362.316,60.386,45.29,27.87,1.0062,0.9939,207823.0,0.1556,0.0005,126.437,0.1139,1e-06,2.4493,0.749,20.7233,0.8399,0.6599,2.2772,0.002564,0.005707,0.7284,0.533,0.2451,-0.1651,1.9037,126.0,3.0,6.0,-0.0435,-1.129,126.364,0.0289,1,2,0,3.0,0.875,0.167,132.0,122.0,0.836,0.7492,0.761,0.8475,-0.836,-0.7492,-0.8613,-0.6465,0.0,0.4448,0.447,0.891,90.0,330.0,300.0,150.0,210.0,270.0,270.0,330.0,3.0,8.0,-0.0,-0.0,45.2895,0.0259,17.4055,0.0526,0.891,1.9126
112,111,2026-04-29 08:01:00+00:00,2026-04-29 08:09:00+00:00,alimentacion,,17,-0.1875,0.7671,0.8125,0.9655,-0.9655,-0.0396,0.1444,0.2333,-0.4333,0.3589,0.1498,0.0,0.0082,0.0144,-0.0189,0.001,0.0082,-0.0,0.0005,0.0011,-0.0008,0.0,0.0005,13,11,0.1875,0.375,0.001902,0.004567,0.000274,0.001143,0.92,485.24,60.655,25.539,28.544,1.0101,0.99,574064.0,0.3589,0.001,183.762,0.1498,1e-06,2.5366,0.8314,21.8219,0.6818,0.7667,2.164,0.001961,0.005022,0.844,0.6888,0.2577,0.08,2.2769,182.0,4.0,7.0,0.6788,-0.3202,183.267,0.0354,2,2,0,4.5,1.019,0.25,186.0,179.0,0.9655,0.9607,0.9608,0.9701,-0.9655,-0.9607,-0.9486,-0.9362,0.0,0.7382,0.7788,0.8971,60.0,450.0,210.0,90.0,300.0,390.0,390.0,450.0,4.0,19.0,4.0,-2.0,25.5389,0.0449,14.8782,0.1438,0.9701,1.4754
113,115,2026-04-30 01:27:00+00:00,2026-04-30 01:34:00+00:00,alimentacion,,15,-0.3571,0.7735,0.6429,0.9648,-0.9648,-0.0429,0.0868,0.1667,-0.1667,0.1311,0.0968,-0.0001,0.0045,0.0089,-0.0056,0.0003,0.0045,-0.0,0.0003,0.0004,-0.0005,0.0,0.0003,9,10,0.0714,0.4286,0.001431,0.002749,0.0,0.000778,0.5953,421.956,60.279,23.442,28.13,1.0037,0.9963,237189.0,0.1311,0.0003,125.748,0.0968,1e-06,2.2256,0.8139,1.3863,0.7038,0.8597,2.3441,0.002222,0.006563,0.5982,0.5772,0.2969,-0.0531,2.4867,125.0,3.0,6.0,0.6059,-0.0227,125.462,0.036,1,1,0,5.0,1.0,0.143,127.0,122.0,0.9648,0.9854,0.9878,0.9589,-0.9648,-0.9854,-0.9381,-0.9747,0.0,0.8026,0.8378,0.8514,0.0,420.0,30.0,240.0,210.0,390.0,390.0,420.0,0.0,18.0,-8.0,-4.0,23.442,0.0187,0.9757,0.2762,0.9878,1.6498
115,123,2026-05-01 07:37:00+00:00,2026-05-01 07:48:00+00:00,ruido,,23,0.0455,0.0056,0.2727,-0.7627,0.7627,0.003,0.054,0.1333,-0.1667,0.0644,0.0541,-0.0,0.003,0.0056,-0.01,0.0002,0.003,-0.0,0.0002,0.0005,-0.0004,0.0,0.0002,6,5,0.1364,0.0909,0.000506,0.003054,0.0,0.000791,0.3323,660.962,60.087,330.481,28.737,1.0015,0.9985,258458.0,0.0644,0.0002,106.006,0.0541,0.0,1.3285,0.3823,0.1542,1.2028,0.7617,1.9668,0.008696,0.008527,0.4013,-0.0348,0.0767,-0.0852,3.1423,106.0,0.0,0.0,1.5761,4.82,105.895,0.0108,1,1,1,5.0,0.562,0.091,110.0,105.0,-0.7627,-0.8377,-0.8394,-0.7682,0.7627,0.8377,0.7177,0.8659,0.0,-0.7734,-0.822,-0.6171,90.0,0.0,0.0,120.0,60.0,60.0,60.0,210.0,4.0,0.0,4.0,-0.0,330.481,0.0059,0.1855,0.0003,0.8659,2.3657
117,131,2026-05-02 13:58:00+00:00,2026-05-02 14:04:00+00:00,alimentacion,,13,0.0,0.6595,0.9167,0.9398,-0.9398,-0.0389,0.1621,0.1667,-0.4,0.3333,0.1667,-0.0005,0.0102,0.0167,-0.0189,0.0012,0.0102,-0.0,0.0007,0.0012,-0.0008,0.0,0.0007,11,10,0.4167,0.4167,0.002108,0.004265,0.000278,0.001241,0.708,364.895,60.816,26.064,28.069,1.0128,0.9873,217667.0,0.3333,0.0012,129.397,0.1667,2e-06,2.8731,0.8194,20.7233,1.0547,0.6755,2.2772,0.002564,0.007344,0.6894,0.3662,0.0855,-0.094,1.9677,128.0,4.0,7.0,0.2129,-1.2129,129.273,0.0372,1,2,0,4.0,0.5,0.167,128.0,124.0,0.9398,0.9224,0.9279,0.9311,-0.9398,-0.9224,-0.9358,-0.8804,0.0,0.6851,0.7154,0.8953,150.0,360.0,90.0,60.0,180.0,240.0,240.0,360.0,1.0,14.0,-0.0,-10.0,26.0639,0.0555,21.8569,0.0,0.9398,2.4018
118,135,2026-05-03 09:35:00+00:00,2026-05-03 09:43:00+00:00,alimentacion,,17,-0.1875,0.6392,0.5,0.8978,-0.8978,-0.0187,0.1105,0.2667,-0.3333,0.2011,0.1121,-0.0001,0.0065,0.0111,-0.02,0.0006,0.0065,-0.0,0.0004,0.001,-0.001,0.0,0.0004,8,9,0.0625,0.25,0.000847,0.004992,0.0,0.00122,0.4152,482.954,60.369,53.662,28.409,1.006,0.9941,282422.0,0.2011,0.0006,128.892,0.1121,1e-06,2.1607,0.5635,0.383,0.6639,0.735,1.6831,0.001961,0.004547,0.7967,0.6679,0.4443,-0.0108,1.8681,126.0,2.0,5.0,1.4002,1.5782,128.333,0.0325,0,0,1,0.0,0.0,0.0,141.0,124.0,0.8978,0.8663,0.8614,0.8821,-0.8978,-0.8663,-0.9099,-0.8034,0.0,0.6874,0.6826,0.8712,90.0,480.0,120.0,180.0,240.0,480.0,480.0,480.0,8.0,9.0,0.0,-2.0,53.6616,0.0251,0.2543,0.1198,0.9099,1.1174
119,139,2026-05-03 21:08:00+00:00,2026-05-03 21:19:00+00:00,ruido,,23,-0.0455,0.2386,0.0909,0.8927,-0.8927,-0.0212,0.0972,0.0,-0.4667,0.2178,0.0995,0.0,0.0048,0.0156,-0.0156,0.0005,0.0048,0.0,0.0003,0.001,-0.0005,0.0,0.0003,2,2,0.0,0.0455,0.00082,0.007778,0.0,0.001933,0.4488,663.106,60.282,47.365,28.831,1.0045,0.9955,175316.0,0.2178,0.0005,87.307,0.0995,1e-06,0.4262,0.2124,0.1112,0.6381,1.0,1.5734,0.001449,0.005405,0.7775,0.5184,-0.0143,-0.0265,3.0029,86.0,0.0,0.0,2.9318,6.5952,86.0,0.0452,0,0,1,0.0,0.0,0.0,100.0,86.0,0.8927,0.9612,0.9595,0.8872,-0.8927,-0.9612,-0.8514,-0.9801,0.0,0.8773,0.9214,0.7436,0.0,60.0,0.0,0.0,60.0,60.0,60.0,60.0,0.0,14.0,-11.2,0.0,47.3647,0.0198,0.071,0.0109,0.9801,1.004
120,143,2026-05-04 10:30:00+00:00,2026-05-04 10:48:00+00:00,ruido,,37,0.0278,0.4049,0.3611,0.1069,-0.1069,-0.0056,0.2334,0.9667,-0.6333,1.9622,0.2335,0.0,0.0102,0.0322,-0.0322,0.0037,0.0102,-0.0,0.0006,0.0012,-0.0021,0.0,0.0006,13,15,0.1667,0.1389,0.002148,0.013095,0.0,0.003226,2.3592,1106.168,61.454,184.361,29.896,1.0242,0.9764,872209.0,1.9622,0.0037,153.536,0.2335,2e-06,2.2841,0.4381,0.1214,0.2369,0.7652,1.8303,0.000901,0.00177,0.9795,0.9147,0.6774,0.4856,1.5875,143.0,2.0,24.0,0.9814,-0.6069,150.903,0.0993,2,1,2,24.0,1.927,0.111,184.0,165.0,0.1069,-0.0363,-0.0366,0.0864,-0.1069,0.0363,-0.1957,0.1291,0.0,-0.172,-0.2324,0.2925,150.0,480.0,0.0,0.0,900.0,900.0,900.0,900.0,35.0,8.0,12.714,0.0,184.3613,0.109,0.0288,0.0113,0.2925,0.4336
121,147,2026-05-04 23:22:00+00:00,2026-05-04 23:29:00+00:00,alimentacion,,15,-0.2857,0.4533,0.4286,0.9186,-0.9186,-0.0619,0.1542,0.2667,-0.3333,0.3867,0.1662,0.0,0.0063,0.0089,-0.0111,0.0005,0.0063,0.0,0.0003,0.0005,-0.0006,0.0,0.0003,6,5,0.0714,0.3571,0.00279,0.005556,0.0,0.001782,1.1389,425.674,60.811,16.372,28.378,1.0116,0.9886,312207.0,0.3867,0.0005,144.27,0.1662,1e-06,2.2892,0.7095,0.5108,0.483,0.8496,2.0837,0.004444,0.005965,0.8799,0.6488,-0.3409,-0.2313,1.8095,141.0,6.0,8.0,0.5662,-0.3916,143.769,0.0531,1,1,1,8.0,1.35,0.143,149.0,141.0,0.9186,0.9498,0.9503,0.9099,-0.9186,-0.9498,-0.8764,-0.9577,0.0,0.7836,0.8143,0.7893,0.0,390.0,60.0,330.0,90.0,360.0,360.0,390.0,0.0,26.0,-10.0,-4.0,16.3721,0.0552,0.2467,0.1295,0.9577,1.0064
122,151,2026-05-05 20:14:00+00:00,2026-05-05 20:27:00+00:00,ruido,,27,0.0,0.1233,0.2308,0.6655,-0.6655,-0.0115,0.4512,1.3,-1.8333,5.2967,0.4514,0.0,0.0277,0.0744,-0.1044,0.0192,0.0277,0.0,0.0017,0.006,-0.0051,0.0001,0.0017,6,7,0.1154,0.1154,0.002024,0.019044,0.0,0.00438,1.6391,835.438,64.264,92.826,30.942,1.071,0.9337,159230.0,5.2967,0.0192,76.795,0.4514,3.3e-05,1.1625,0.4857,0.1325,1.0724,0.7172,1.7611,0.001235,0.009461,0.3248,-0.176,0.1949,-0.0557,3.5419,74.0,0.0,0.0,3.3161,13.2076,75.087,0.1145,0,0,1,0.0,0.0,0.0,116.0,61.0,0.6655,0.6878,0.6779,0.6437,-0.6655,-0.6878,-0.6516,-0.6926,0.0,0.6202,0.631,0.5697,120.0,150.0,0.0,210.0,90.0,240.0,240.0,240.0,33.0,22.0,12.0,-0.0,92.8264,0.4074,0.1421,0.0,0.6926,1.8886
125,163,2026-05-25 21:02:00+00:00,2026-05-25 21:08:00+00:00,alimentacion,,13,-0.25,0.8864,0.5833,0.9651,-0.9651,-0.0361,0.07,0.0667,-0.1667,0.0744,0.0788,-0.0005,0.0039,0.0056,-0.0078,0.0002,0.004,-0.0,0.0002,0.0004,-0.0004,0.0,0.0002,7,9,0.0833,0.3333,0.001032,0.003732,0.0,0.001024,0.3464,361.11,60.185,27.778,27.778,1.0024,0.9976,182413.0,0.0744,0.0002,118.456,0.0788,0.0,2.3535,0.6084,1.6094,0.4415,0.9053,2.2772,0.002564,0.005419,0.8227,0.6912,0.3872,-0.0169,1.7472,121.0,2.0,5.0,-0.5098,-0.9524,118.727,0.0347,0,0,0,0.0,0.0,0.0,123.0,110.0,0.9651,0.8995,0.9118,0.95,-0.9651,-0.8995,-0.9714,-0.8292,0.0,0.55,0.5946,0.9746,0.0,360.0,90.0,210.0,300.0,270.0,270.0,360.0,0.0,13.0,-0.0,-10.0,27.7777,0.0124,0.7106,0.2216,0.9746,1.0054
126,167,2026-05-26 07:48:00+00:00,2026-05-26 07:56:00+00:00,alimentacion,,17,-0.125,0.0843,0.75,-0.1848,0.1848,-0.0083,0.0862,0.2,-0.1333,0.12,0.0866,0.0,0.0047,0.0067,-0.0111,0.0003,0.0047,0.0,0.0003,0.0005,-0.0006,0.0,0.0003,12,11,0.1875,0.3125,0.001092,0.002777,0.0,0.000828,0.5319,481.79,60.224,120.448,28.341,1.0037,0.9963,275094.0,0.12,0.0003,127.208,0.0866,0.0,2.7045,0.7824,21.8219,0.7153,0.6715,2.164,0.001961,0.004615,0.7939,0.54,0.1379,-0.3868,1.9995,127.0,2.0,3.0,0.08,-0.1426,127.133,0.0224,2,2,0,4.5,0.823,0.25,133.0,127.0,-0.1848,-0.3392,-0.3018,-0.1746,0.1848,0.3392,0.1758,0.406,0.0,-0.6905,-0.6535,-0.0,240.0,450.0,390.0,390.0,450.0,450.0,450.0,450.0,7.0,4.0,-0.0,-3.0,120.4475,0.015,15.6092,0.0105,0.6905,1.5479
127,169,2026-05-26 11:36:00+00:00,2026-05-26 11:48:00+00:00,ruido,,25,0.0,0.4647,0.3333,0.8614,-0.8614,-0.0056,0.0906,0.2,-0.3,0.1978,0.0908,0.0,0.0057,0.0156,-0.0167,0.0008,0.0057,-0.0,0.0004,0.0011,-0.0009,0.0,0.0004,8,7,0.125,0.125,0.000531,0.003333,0.0,0.000883,0.3485,722.926,60.244,180.732,28.917,1.004,0.996,262300.0,0.1978,0.0008,102.43,0.0908,1e-06,1.5444,0.4676,0.1526,1.0637,0.6667,1.486,0.001333,0.005707,0.7254,0.4183,0.3374,0.3221,2.5767,101.0,0.0,2.0,1.9431,3.3343,101.905,0.0244,2,0,1,3.5,0.719,0.167,107.0,101.0,0.8614,0.8648,0.8513,0.8565,-0.8614,-0.8648,-0.8592,-0.8447,0.0,0.7554,0.7566,0.7802,60.0,240.0,0.0,150.0,90.0,240.0,240.0,240.0,6.0,4.0,0.2,-0.0,180.7315,0.0165,0.1623,0.0,0.8648,1.5807
128,171,2026-05-26 18:36:00+00:00,2026-05-26 18:48:00+00:00,ruido,,25,0.0,0.0597,0.125,0.0879,-0.0879,-0.0014,0.8901,3.0667,-3.1,19.0144,0.8901,0.0,0.0525,0.2056,-0.1033,0.0634,0.0525,-0.0,0.0033,0.0103,-0.0103,0.0002,0.0033,3,4,0.0417,0.0417,0.004114,0.051367,0.0,0.011893,3.0854,854.487,71.207,854.487,34.179,1.1868,0.8426,203691.0,19.0144,0.0634,90.264,0.8901,9.3e-05,0.2423,0.1985,0.2054,1.4486,0.824,1.6718,0.006667,0.008727,0.4972,-0.0541,-0.0638,-0.0097,3.5846,92.0,0.0,0.0,-4.6924,20.0269,92.048,0.2042,0,0,1,0.0,0.0,0.0,93.0,0.0,0.0879,0.1337,0.1473,0.0451,-0.0879,-0.1337,-0.0607,-0.1446,0.0,0.1317,0.1674,0.0378,0.0,90.0,0.0,0.0,120.0,120.0,120.0,120.0,0.0,93.0,-19.0,-0.0,854.487,1.5845,0.2975,0.0,0.1674,2.4218
129,173,2026-05-26 22:26:00+00:00,2026-05-26 22:38:00+00:00,ruido,,25,0.0,0.0649,0.125,0.0429,-0.0429,0.0,1.2413,4.3,-4.3,36.98,1.2413,0.0,0.0732,0.2867,-0.1433,0.1233,0.0732,0.0,0.0046,0.0143,-0.0143,0.0005,0.0046,3,4,0.0417,0.0417,0.005733,0.071667,0.0,0.016592,4.3,924.885,77.074,924884880.656,36.995,1.2846,0.7785,824536.0,36.98,0.1233,181.608,1.2413,4.5e-05,0.2423,0.1985,0.2054,1.4663,0.8228,1.6718,0.008,0.008667,0.5,-0.0451,-0.053,-0.0104,3.585,185.0,0.0,0.0,-4.6949,20.0417,185.0,0.1406,0,1,1,0.0,0.0,0.0,185.0,56.0,0.0429,0.0859,0.1,0.0,-0.0429,-0.0859,-0.0173,-0.0962,0.0,0.0882,0.1223,0.0,0.0,90.0,720.0,720.0,720.0,0.0,0.0,120.0,0.0,129.0,-25.8,-0.0,924.885,3.0817,0.3012,0.0,0.1223,2.4514
130,175,2026-05-27 09:28:00+00:00,2026-05-27 09:35:00+00:00,alimentacion,,15,0.0,0.1925,0.6429,-0.2473,0.2473,-0.0119,0.0741,0.1,-0.2,0.0789,0.0751,-0.0005,0.0035,0.0033,-0.0067,0.0002,0.0035,-0.0,0.0002,0.0003,-0.0003,0.0,0.0002,9,8,0.2143,0.2143,0.00115,0.003284,0.0,0.000966,0.4453,421.176,60.168,84.235,28.078,1.0027,0.9973,515298.0,0.0789,0.0002,185.346,0.0751,0.0,2.3396,0.5163,0.5108,0.905,0.6698,2.0837,0.002222,0.006288,0.6999,0.2236,0.1051,0.0374,2.3084,185.0,1.0,1.5,-1.1628,2.4902,185.538,0.0118,1,1,1,5.0,1.5,0.143,189.0,186.0,-0.2473,-0.4234,-0.3949,-0.2535,0.2473,0.4234,0.2006,0.5203,0.0,-0.7045,-0.7213,0.012,120.0,420.0,0.0,0.0,420.0,420.0,420.0,420.0,5.0,5.0,3.0,-6.0,84.2352,0.0113,0.4623,0.0,0.7213,1.8857
131,177,2026-05-27 13:43:00+00:00,2026-05-27 13:50:00+00:00,alimentacion,,15,-0.2143,0.6899,0.7857,0.6533,-0.6533,-0.0167,0.0982,0.2333,-0.2,0.1389,0.0996,-0.0,0.0057,0.0078,-0.0111,0.0004,0.0057,-0.0,0.0004,0.0006,-0.0006,0.0,0.0004,11,11,0.1429,0.3571,0.001162,0.003889,0.0,0.001048,0.4479,422.065,60.295,60.295,28.138,1.0048,0.9952,507001.0,0.1389,0.0004,183.848,0.0996,0.0,2.3329,0.8139,1.0986,0.6396,0.6673,2.3441,0.002222,0.00394,0.8809,0.7471,0.4136,-0.0794,1.3156,185.0,4.0,6.0,0.2322,-1.0355,183.615,0.0228,1,1,0,7.0,1.333,0.143,192.0,183.0,0.6533,0.4996,0.5141,0.6452,-0.6533,-0.4996,-0.7101,-0.3861,0.0,0.1245,0.1316,0.8021,60.0,390.0,210.0,210.0,270.0,390.0,390.0,390.0,7.0,7.0,7.0,-2.0,60.295,0.0198,0.7027,0.1478,0.8021,1.4993
132,179,2026-05-27 19:49:00+00:00,2026-05-27 19:57:00+00:00,alimentacion,,17,-0.25,0.811,0.5625,0.9613,-0.9613,-0.0688,0.1945,0.2,-0.6333,0.6811,0.2063,-0.0006,0.0098,0.0211,-0.0211,0.0014,0.0098,-0.0,0.0006,0.0014,-0.0008,0.0,0.0006,9,12,0.25,0.5,0.00303,0.006111,0.0,0.001759,1.4753,489.666,61.208,14.838,28.804,1.0177,0.9826,443314.0,0.6811,0.0014,161.485,0.2063,2e-06,2.5366,0.9245,21.8219,0.5272,0.8,2.164,0.001961,0.004128,0.8441,0.798,0.4777,-0.0216,1.7951,157.0,6.0,23.0,0.4384,-1.1747,161.067,0.0728,2,2,0,7.0,0.716,0.25,162.0,147.0,0.9613,0.9344,0.9331,0.956,-0.9613,-0.9344,-0.9613,-0.8787,0.0,0.7196,0.7313,0.9215,60.0,480.0,300.0,150.0,360.0,390.0,390.0,480.0,3.0,33.0,3.0,-10.0,14.8384,0.0851,11.5045,0.2028,0.9613,1.1409
133,181,2026-05-28 05:01:00+00:00,2026-05-28 05:11:00+00:00,alimentacion,,21,-0.05,0.1364,0.05,0.8765,-0.8765,-0.0067,0.0291,0.0,-0.1333,0.0178,0.0298,0.0002,0.001,0.0044,0.0,0.0,0.001,-0.0,0.0,0.0,-0.0001,0.0,0.0,1,1,0.0,0.05,0.000261,0.002207,0.0,0.000668,0.132,600.265,60.027,150.066,28.584,1.0004,0.9996,323904.0,0.0178,0.0,124.193,0.0298,0.0,0.2762,0.1151,0.1178,1.0982,1.0,1.4641,0.001587,0.00873,0.5,-0.0025,-0.0083,-0.0156,3.3219,124.0,0.0,0.0,4.2485,16.05,124.0,0.0069,0,0,1,0.0,0.0,0.0,128.0,124.0,0.8765,0.9479,0.9515,0.8646,-0.8765,-0.9479,-0.8341,-0.9625,0.0,0.8639,0.9106,0.711,0.0,30.0,0.0,0.0,30.0,30.0,30.0,30.0,0.0,4.0,-2.4,-0.0,150.0662,0.0018,0.1294,0.0068,0.9625,1.6079
134,183,2026-05-28 11:37:00+00:00,2026-05-28 11:48:00+00:00,ruido,,23,-0.0909,0.3524,0.0909,0.9093,-0.9093,-0.0833,0.3607,0.0,-1.7333,3.0144,0.3702,-0.0,0.0173,0.0544,-0.0578,0.0063,0.0173,0.0,0.001,0.0037,-0.0019,0.0,0.001,2,3,0.0,0.0909,0.00185,0.015221,0.0,0.004351,1.2763,690.183,62.744,12.549,30.008,1.0421,0.9596,86043.0,3.0144,0.0063,61.164,0.3702,3.5e-05,0.5586,0.3165,0.1243,0.3126,1.0,1.5734,0.001449,0.004236,0.9141,0.7101,-0.0025,-0.0434,2.5734,51.0,0.0,0.0,2.19,2.8048,54.053,0.317,0,0,1,0.0,0.0,0.0,106.0,51.0,0.9093,0.971,0.9646,0.9105,-0.9093,-0.971,-0.8718,-0.9882,0.0,0.8851,0.9233,0.764,0.0,120.0,0.0,90.0,90.0,90.0,90.0,120.0,0.0,55.0,-31.2,0.0,12.5488,0.274,0.0389,0.032,0.9882,0.4918
135,185,2026-05-28 13:28:00+00:00,2026-05-28 13:30:00+00:00,servido,,5,0.25,0.75,0.5,-0.9037,0.9037,0.4583,0.7939,1.8333,0.0,3.3611,0.9167,0.0,0.0499,0.0611,-0.0611,0.0075,0.0499,-0.001,0.0031,0.002,-0.0041,0.0,0.0032,2,2,0.25,0.0,0.011615,0.030556,0.0,0.010653,1.2839,152.65,76.325,2.775,30.53,1.1564,0.8647,70910.0,3.3611,0.0075,119.088,0.9167,4.7e-05,0.971,-0.0,0.0,1.0,1.0,1.8575,0.006667,0.007515,0.8727,0.4583,-1.0,0.0,0.55,94.0,0.0,55.0,0.4082,-1.8333,112.333,0.2323,0,0,0,0.0,0.0,0.0,149.0,94.0,-0.9037,-0.8113,-0.8345,-0.9037,0.9037,0.8113,0.9263,0.7071,0.0,-0.2887,-0.3638,-0.9449,90.0,0.0,0.0,0.0,90.0,90.0,90.0,90.0,0.0,0.0,-0.0,-0.0,2.7755,1.6805,0.0,0.1875,0.9449,1.8575
136,187,2026-05-28 14:44:00+00:00,2026-05-28 14:55:00+00:00,ruido,,23,0.0,0.0822,0.1818,-0.4714,0.4714,0.0015,0.0555,0.2,-0.1667,0.0678,0.0555,0.0,0.0027,0.0067,-0.0067,0.0002,0.0027,-0.0,0.0001,0.0004,-0.0004,0.0,0.0001,4,3,0.0455,0.0455,0.000599,0.003333,0.0,0.001095,0.3632,661.008,60.092,661.008,28.739,1.0015,0.9985,499411.0,0.0678,0.0002,147.355,0.0555,0.0,0.8405,0.2124,0.1252,1.0013,0.838,1.7701,0.005797,0.005985,0.7334,0.377,-0.1659,-0.0157,3.0338,147.0,0.0,0.0,2.7178,5.9603,147.0,0.0099,1,0,1,5.0,0.958,0.091,152.0,146.0,-0.4714,-0.548,-0.5646,-0.4725,0.4714,0.548,0.4258,0.5723,0.0,-0.5092,-0.5653,-0.3572,60.0,0.0,0.0,0.0,120.0,120.0,120.0,120.0,5.0,0.0,4.8,0.0,661.008,0.0062,0.1254,0.0,0.5723,1.7724
137,189,2026-05-28 23:41:00+00:00,2026-05-28 23:48:00+00:00,alimentacion,,15,-0.2143,0.0001,0.7857,-0.639,0.639,-0.0119,0.178,0.4333,-0.3333,0.4456,0.1784,-0.0009,0.009,0.0144,-0.0178,0.0011,0.009,-0.0,0.0005,0.0007,-0.0011,0.0,0.0005,11,11,0.1429,0.3571,0.002565,0.005332,0.0,0.001621,1.0832,426.494,60.928,85.299,28.433,1.0154,0.9848,343667.0,0.4456,0.0011,151.364,0.1784,1e-06,2.2062,0.8139,0.9163,0.8226,0.6782,2.0837,0.002222,0.004888,0.7927,0.3854,-0.0862,-0.1421,1.8785,150.0,5.0,7.5,-0.4373,-0.8826,151.615,0.0359,2,1,0,13.0,1.928,0.286,158.0,150.0,-0.639,-0.7673,-0.7386,-0.6283,0.639,0.7673,0.6118,0.8198,0.0,-0.9176,-0.9253,-0.4057,90.0,420.0,0.0,0.0,420.0,420.0,420.0,420.0,13.0,5.0,0.0,-10.0,85.2988,0.0637,0.7537,0.0,0.9253,1.7141
138,191,2026-05-29 02:01:00+00:00,2026-05-29 02:05:00+00:00,ruido,,9,0.0,0.0187,0.375,-0.7132,0.7132,0.0083,0.052,0.1333,-0.0667,0.0222,0.0527,-0.0006,0.002,0.0022,-0.0044,0.0,0.0021,0.0,0.0001,0.0001,-0.0001,0.0,0.0001,3,4,0.125,0.125,0.000856,0.002207,0.0,0.000861,0.1986,240.332,60.083,120.166,26.704,1.0013,0.9987,182628.0,0.0222,0.0,142.45,0.0527,0.0,1.3516,0.4444,1.3863,1.0,0.8442,2.1133,0.003704,0.007572,0.7425,0.0898,-0.5781,-0.1563,1.766,142.0,0.0,2.0,-0.2099,-0.6211,142.571,0.0088,1,0,1,2.0,1.375,0.25,144.0,140.0,-0.7132,-0.8295,-0.8267,-0.6931,0.7132,0.8295,0.6511,0.9008,0.0,-0.8044,-0.8661,-0.4906,30.0,0.0,0.0,0.0,120.0,120.0,120.0,120.0,2.0,0.0,8.0,-0.0,120.166,0.0056,1.3863,0.0,0.9008,2.1133
139,193,2026-05-29 03:40:00+00:00,2026-05-29 03:47:00+00:00,alimentacion,,15,-0.2143,0.1782,0.7143,-0.2929,0.2929,-0.0095,0.1294,0.4,-0.1667,0.2356,0.1297,0.0,0.0063,0.0133,-0.0133,0.0005,0.0063,0.0,0.0004,0.0004,-0.0009,0.0,0.0004,10,12,0.0714,0.2857,0.001582,0.004722,0.0,0.001429,0.6703,423.438,60.491,105.859,28.229,1.0081,0.9919,288282.0,0.2356,0.0005,138.632,0.1297,1e-06,2.5559,0.6099,1.9459,0.3215,0.7617,2.0837,0.002222,0.00357,0.8865,0.7037,0.0047,-0.3388,1.3005,136.0,3.0,7.0,0.4054,-0.9684,138.462,0.0377,1,0,0,12.0,2.417,0.143,147.0,131.0,-0.2929,-0.4779,-0.444,-0.2724,0.2929,0.4779,0.227,0.5938,0.0,-0.7648,-0.7679,0.0024,90.0,390.0,0.0,0.0,390.0,390.0,390.0,390.0,12.0,4.0,-0.0,-5.0,105.8595,0.0337,0.6256,0.0382,0.7679,0.6699
140,195,2026-05-29 09:40:00+00:00,2026-05-29 09:47:00+00:00,alimentacion,,15,-0.2143,0.1507,0.7143,-0.3099,0.3099,-0.0095,0.1734,0.3,-0.3667,0.4222,0.1737,-0.0002,0.0095,0.0122,-0.02,0.0012,0.0095,-0.0,0.0006,0.0011,-0.0009,0.0,0.0006,10,10,0.2143,0.4286,0.002618,0.004992,0.0,0.001542,1.0868,426.206,60.887,106.552,28.414,1.0147,0.9855,242227.0,0.4222,0.0012,127.077,0.1737,2e-06,2.7899,0.9329,21.4164,1.082,0.6355,2.0837,0.002222,0.006375,0.7149,0.2679,-0.1755,0.2003,2.3486,127.0,4.0,7.5,0.1956,-1.2049,126.923,0.0347,3,2,0,8.0,0.939,0.429,135.0,122.0,-0.3099,-0.4632,-0.4445,-0.3062,0.3099,0.4632,0.2533,0.5477,0.0,-0.6687,-0.6809,-0.0774,210.0,420.0,0.0,300.0,300.0,420.0,420.0,420.0,11.0,4.0,8.0,-7.0,106.5515,0.0603,23.1725,0.0323,0.6809,2.2546
141,197,2026-05-30 00:41:00+00:00,2026-05-30 00:48:00+00:00,servido,,15,0.2143,0.2997,0.4286,-0.8961,0.8961,0.1548,0.454,1.4667,-0.4333,3.2211,0.4797,0.0,0.0173,0.0489,-0.0233,0.0039,0.0173,-0.0001,0.0008,0.001,-0.0023,0.0,0.0008,6,5,0.3571,0.1429,0.005085,0.024444,0.0,0.006474,1.9218,457.386,65.341,7.037,30.492,1.0762,0.9292,360482.0,3.2211,0.0039,155.023,0.4797,9e-06,1.7056,0.4635,0.6931,0.4548,0.9191,2.0837,0.002222,0.004485,0.8972,0.6908,-0.1139,-0.227,1.9754,159.0,8.0,9.5,-1.7424,1.5656,156.154,0.1604,1,0,1,13.0,2.708,0.143,172.0,94.0,-0.8961,-0.9677,-0.9575,-0.891,0.8961,0.9677,0.8579,0.9913,0.0,-0.9048,-0.9343,-0.7159,240.0,0.0,0.0,60.0,60.0,270.0,270.0,270.0,13.0,0.0,44.0,0.0,7.0367,0.4602,0.3152,0.0642,0.9913,0.9477
142,199,2026-05-30 04:02:00+00:00,2026-05-30 04:19:00+00:00,ruido,,35,0.1471,0.1218,0.3235,-0.8679,0.8679,0.0167,0.0837,0.2667,-0.2333,0.2478,0.0854,0.0,0.0037,0.0078,-0.01,0.0005,0.0037,-0.0,0.0002,0.0005,-0.0004,0.0,0.0002,11,11,0.2059,0.0588,0.000769,0.003332,0.0,0.000982,0.7907,1023.676,60.216,60.216,29.248,1.0035,0.9965,970418.0,0.2478,0.0005,166.512,0.0854,0.0,1.9663,0.253,0.1243,0.2821,0.8949,1.7586,0.001905,0.002738,0.933,0.8351,0.4257,-0.0109,2.4557,167.0,0.0,1.5,-1.268,1.5768,167.138,0.0367,2,1,1,6.0,0.994,0.118,177.0,172.0,-0.8679,-0.9474,-0.9399,-0.8624,0.8679,0.9474,0.8193,0.9787,0.0,-0.8953,-0.9366,-0.6951,270.0,0.0,60.0,90.0,150.0,390.0,390.0,450.0,10.0,0.0,6.429,-0.0,60.2162,0.0146,0.0351,0.0179,0.9787,0.4961
143,201,2026-05-30 09:11:00+00:00,2026-05-30 09:19:00+00:00,alimentacion,,17,-0.25,0.608,0.625,0.6023,-0.6023,-0.0312,0.1766,0.3333,-0.3667,0.5144,0.1793,-0.0,0.0097,0.0233,-0.0189,0.0014,0.0097,-0.0,0.0006,0.001,-0.0014,0.0,0.0006,10,9,0.125,0.375,0.00245,0.006898,0.0,0.001992,1.0996,487.535,60.942,32.502,28.679,1.0152,0.985,448557.0,0.5144,0.0014,162.437,0.1793,1e-06,2.6543,0.8314,0.6931,0.7448,0.6856,2.164,0.001961,0.004729,0.8322,0.629,0.2064,0.0115,2.1076,162.0,2.0,4.0,-0.1736,-0.0795,162.4,0.0419,2,0,1,10.0,0.951,0.25,174.0,149.0,0.6023,0.4526,0.4681,0.604,-0.6023,-0.4526,-0.6333,-0.3387,0.0,0.082,0.0732,0.7268,60.0,450.0,360.0,420.0,450.0,240.0,240.0,450.0,10.0,15.0,10.0,-8.0,32.5023,0.0643,0.5162,0.152,0.7268,1.6117
144,203,2026-05-30 11:19:00+00:00,2026-05-30 11:33:00+00:00,ruido,,29,-0.0357,0.0788,0.25,-0.0017,0.0017,-0.0,1.0606,3.9667,-3.9667,31.4956,1.0606,0.0,0.0623,0.2644,-0.1322,0.1049,0.0623,0.0002,0.0038,0.0132,-0.0132,0.0004,0.0038,7,10,0.0714,0.1071,0.005967,0.066111,0.0,0.01743,4.1994,1025.845,73.275,1025845209.27,35.374,1.2212,0.8188,618349.0,31.4956,0.1049,146.022,1.0606,5.1e-05,0.2164,0.4051,0.1704,1.3875,0.8226,1.5076,0.001149,0.008537,0.505,-0.0265,0.0016,-0.0013,3.8034,148.0,0.0,0.0,-5.0754,23.8612,148.24,0.1513,0,1,2,0.0,0.0,0.0,152.0,29.0,-0.0017,0.0234,0.0451,-0.025,0.0017,-0.0234,0.0183,-0.0274,0.0,0.02,0.0412,-0.0219,510.0,60.0,840.0,840.0,840.0,0.0,0.0,630.0,4.0,119.0,-0.0,-0.0,1025.845,2.2497,0.2364,0.0028,0.0451,2.0918
145,205,2026-05-30 16:25:00+00:00,2026-05-30 16:29:00+00:00,alimentacion,,9,-0.25,0.7137,0.625,0.8279,-0.8279,-0.0292,0.0735,0.1,-0.1333,0.05,0.0791,0.0,0.0042,0.0044,-0.0078,0.0001,0.0042,0.0,0.0003,0.0004,-0.0004,0.0,0.0003,5,5,0.125,0.375,0.001201,0.002222,0.000276,0.000729,0.2659,240.747,60.187,34.392,26.75,1.0027,0.9973,159554.0,0.05,0.0001,133.147,0.0791,0.0,2.1972,0.7544,20.7233,1.0,0.7802,2.1133,0.003704,0.005643,0.8849,0.6415,-0.0409,-0.7756,1.317,134.0,1.0,3.0,-0.5037,-0.6575,133.143,0.0233,0,0,0,0.0,0.0,0.0,138.0,128.0,0.8279,0.6984,0.7241,0.8483,-0.8279,-0.6984,-0.8476,-0.5788,0.0,0.2349,0.2635,0.9271,60.0,210.0,90.0,180.0,210.0,120.0,120.0,210.0,3.0,7.0,-0.0,-0.0,34.3924,0.0125,20.7233,0.1784,0.9271,2.1133
146,207,2026-05-30 22:10:00+00:00,2026-05-30 22:22:00+00:00,ruido,,25,0.0,0.0649,0.125,0.0429,-0.0429,0.0,1.097,3.8,-3.8,28.88,1.097,0.0,0.0647,0.2533,-0.1267,0.0963,0.0647,0.0,0.004,0.0127,-0.0127,0.0004,0.004,3,4,0.0417,0.0417,0.005067,0.063333,0.0,0.014663,3.8,895.763,74.647,895762592.453,35.831,1.2441,0.8038,311904.0,28.88,0.0963,111.697,1.097,9.3e-05,0.2423,0.1985,0.2054,1.4663,0.8228,1.6718,0.001333,0.008667,0.5,-0.0451,-0.053,-0.0104,3.585,114.0,0.0,0.0,-4.6949,20.0417,114.0,0.2041,0,1,1,0.0,0.0,0.0,114.0,0.0,0.0429,0.0859,0.1,0.0,-0.0429,-0.0859,-0.0173,-0.0962,0.0,0.0882,0.1223,0.0,0.0,90.0,720.0,720.0,720.0,0.0,0.0,120.0,0.0,114.0,-22.8,-0.0,895.763,2.4067,0.3012,0.0,0.1223,2.4514
147,209,2026-05-31 07:47:00+00:00,2026-05-31 07:53:00+00:00,alimentacion,,13,-0.1667,0.6567,0.6667,0.8015,-0.8015,-0.0694,0.2057,0.3333,-0.4667,0.5656,0.2171,-0.0,0.0116,0.0156,-0.0267,0.0015,0.0116,0.0,0.0007,0.0014,-0.0014,0.0,0.0007,8,7,0.25,0.4167,0.00243,0.005519,0.0,0.001806,0.8895,368.226,61.371,14.729,28.325,1.0204,0.98,118657.0,0.5656,0.0015,95.538,0.2171,5e-06,2.7774,0.8632,20.7233,0.6647,0.7568,2.2772,0.002564,0.004657,0.8985,0.7149,0.2089,-0.1159,1.5944,99.0,3.0,9.0,-0.781,-0.4837,95.364,0.1066,0,0,0,0.0,0.0,0.0,110.0,76.0,0.8015,0.6675,0.6972,0.7864,-0.8015,-0.6675,-0.8168,-0.5659,0.0,0.197,0.2415,0.9109,150.0,330.0,180.0,270.0,300.0,90.0,90.0,330.0,9.0,25.0,-0.0,-0.0,14.729,0.0943,13.7748,0.1095,0.9109,1.5137
148,211,2026-05-31 08:34:00+00:00,2026-05-31 08:46:00+00:00,ruido,,25,0.0,0.2436,0.1667,0.1223,-0.1223,-0.0014,0.1204,0.4,-0.4333,0.3478,0.1204,0.0,0.0058,0.0144,-0.0144,0.0008,0.0058,-0.0,0.0003,0.001,-0.0009,0.0,0.0003,4,5,0.0417,0.0417,0.00121,0.006944,0.0,0.002113,0.8075,725.007,60.417,725.007,29.0,1.007,0.9931,155048.0,0.3478,0.0008,78.752,0.1204,2e-06,0.5294,0.1985,0.1243,0.6473,0.8143,1.486,0.001333,0.00414,0.9254,0.669,-0.0636,-0.0381,2.678,77.0,0.0,0.0,2.3206,3.4189,77.714,0.0535,1,0,1,12.0,1.481,0.083,90.0,77.0,0.1223,0.0606,0.0346,0.146,-0.1223,-0.0606,-0.1589,-0.0437,0.0,0.036,-0.0141,0.1654,60.0,150.0,0.0,0.0,150.0,150.0,150.0,150.0,12.0,1.0,7.2,-0.0,725.007,0.029,0.0805,0.0,0.1654,0.9619
149,213,2026-05-31 14:40:00+00:00,2026-05-31 14:42:00+00:00,servido,,5,0.25,0.8803,0.5,-0.9714,0.9714,0.6417,0.7178,1.5,-0.1333,3.7078,0.9628,-0.0015,0.039,0.05,-0.0444,0.0046,0.0391,-0.0016,0.0004,-0.0011,-0.002,0.0,0.0016,2,1,0.5,0.25,0.015181,0.025,0.000762,0.008517,1.5776,161.21,80.605,2.094,32.242,1.1307,0.8844,67435.0,3.7078,0.0046,116.134,0.9628,5.5e-05,1.5219,0.3552,0.0,1.0,0.9709,2.3219,0.006667,0.00695,0.9575,0.6213,-1.2426,0.0,0.2538,115.0,36.0,77.0,-0.0882,-1.748,110.667,0.3203,0,0,0,0.0,0.0,0.0,151.0,70.0,-0.9714,-0.9323,-0.9395,-0.9714,0.9714,0.9323,0.9894,0.8425,0.0,-0.5794,-0.6021,-0.9716,90.0,0.0,0.0,60.0,60.0,120.0,120.0,120.0,4.0,0.0,-0.0,-8.0,2.0936,1.8539,0.0,0.2201,0.9894,2.3219
150,215,2026-05-31 21:37:00+00:00,2026-05-31 21:49:00+00:00,alimentacion,,25,0.0417,0.0024,0.5417,-0.16,0.16,-0.0139,0.149,0.3667,-0.4667,0.5378,0.1497,0.0,0.0072,0.0156,-0.0156,0.0012,0.0072,0.0,0.0004,0.001,-0.0008,0.0,0.0004,13,14,0.2083,0.1667,0.002163,0.007778,0.0,0.002076,1.5057,727.794,60.649,72.779,29.112,1.0107,0.9894,539029.0,0.5378,0.0012,146.837,0.1497,1e-06,2.5427,0.4951,0.5465,0.6526,0.6562,2.0433,0.004,0.005147,0.8574,0.4898,-0.0588,-0.1503,2.8303,146.0,2.0,6.0,-0.3136,0.1303,147.0,0.0324,2,2,1,9.5,2.03,0.167,155.0,144.0,-0.16,-0.192,-0.1763,-0.1567,0.16,0.192,0.2014,0.1729,0.0,-0.3051,-0.3004,-0.1266,360.0,690.0,150.0,150.0,690.0,270.0,270.0,690.0,9.0,10.0,1.2,-8.4,72.7794,0.0448,0.3566,0.0001,0.3051,1.3335
151,217,2026-06-01 08:26:00+00:00,2026-06-01 08:39:00+00:00,ruido,,27,-0.0769,0.399,0.1538,0.4147,-0.4147,-0.0038,0.0931,0.3667,-0.2667,0.2256,0.0931,0.0,0.0041,0.0122,-0.0122,0.0004,0.0041,-0.0,0.0002,0.0005,-0.0008,0.0,0.0002,4,7,0.0385,0.1154,0.00094,0.006111,0.0,0.001577,0.6701,783.301,60.254,261.1,29.011,1.0042,0.9958,446327.0,0.2256,0.0004,128.571,0.0931,1e-06,1.3033,0.3382,0.1243,0.3132,0.8006,1.4089,0.001235,0.002643,0.9569,0.8644,0.387,-0.0411,1.9768,126.0,0.0,1.5,1.6856,1.1341,127.696,0.0374,1,0,1,11.0,2.167,0.077,140.0,126.0,0.4147,0.3512,0.3248,0.4162,-0.4147,-0.3512,-0.453,-0.3327,0.0,0.2854,0.2348,0.4322,60.0,210.0,0.0,0.0,210.0,210.0,210.0,210.0,11.0,3.0,6.6,-0.0,261.1003,0.0174,0.0389,0.0307,0.453,0.4413
152,219,2026-06-01 09:50:00+00:00,2026-06-01 09:58:00+00:00,alimentacion,,17,-0.0625,0.1985,0.75,-0.3492,0.3492,-0.0125,0.0927,0.1667,-0.2,0.14,0.0935,-0.0,0.0041,0.0067,-0.0044,0.0003,0.0041,0.0,0.0002,0.0003,-0.0003,0.0,0.0002,12,9,0.25,0.3125,0.001576,0.003333,0.000278,0.001004,0.7121,482.088,60.261,80.348,28.358,1.0043,0.9957,285018.0,0.14,0.0003,129.483,0.0935,0.0,1.8654,0.7824,1.0986,0.7085,0.6715,2.164,0.001961,0.003409,0.9057,0.6775,0.0868,-0.1547,1.5397,130.0,3.0,7.0,-1.0466,0.0822,129.733,0.0331,3,1,0,4.333,1.672,0.375,134.0,130.0,-0.3492,-0.5354,-0.5032,-0.3265,0.3492,0.5354,0.307,0.636,0.0,-0.8284,-0.8449,-0.1063,90.0,450.0,0.0,0.0,450.0,450.0,450.0,450.0,8.0,6.0,5.0,-6.0,80.348,0.0175,0.7784,0.0124,0.8449,1.5332
153,221,2026-06-01 14:44:00+00:00,2026-06-01 14:53:00+00:00,alimentacion,,19,-0.1111,0.4715,0.8333,0.2587,-0.2587,-0.0222,0.1491,0.3,-0.2667,0.4089,0.1507,0.0,0.0081,0.0122,-0.0167,0.0011,0.0081,-0.0,0.0005,0.0008,-0.0009,0.0,0.0005,15,10,0.2778,0.3889,0.002275,0.005276,0.000274,0.001567,1.1552,546.057,60.673,45.505,28.74,1.011,0.9892,324820.0,0.4089,0.0011,130.751,0.1507,1e-06,2.8398,0.8536,20.7233,0.9141,0.642,2.2358,0.001754,0.004526,0.8398,0.5852,0.3352,0.1296,2.2499,132.0,3.0,6.5,-0.8722,0.2963,130.882,0.0427,4,2,0,5.0,0.74,0.444,139.0,127.0,0.2587,0.0652,0.0944,0.2946,-0.2587,-0.0652,-0.3046,0.0503,0.0,-0.36,-0.3476,0.4884,60.0,510.0,390.0,480.0,510.0,210.0,210.0,510.0,9.0,12.0,9.0,-8.0,45.5048,0.0454,18.9432,0.0524,0.4884,2.0437
154,223,2026-06-01 16:13:00+00:00,2026-06-01 16:25:00+00:00,ruido,,25,-0.0833,0.5243,0.25,0.8267,-0.8267,-0.0069,0.0608,0.2,-0.1667,0.09,0.0612,0.0,0.0026,0.0067,-0.0067,0.0002,0.0026,-0.0,0.0001,0.0002,-0.0004,0.0,0.0001,6,6,0.0417,0.125,0.000728,0.004124,0.0,0.001189,0.4958,721.34,60.112,144.268,28.854,1.0018,0.9982,389080.0,0.09,0.0002,124.753,0.0612,0.0,1.6753,0.4202,0.1738,0.5404,0.7555,1.8575,0.002667,0.003475,0.945,0.8016,0.2181,-0.016,2.3571,124.0,0.0,0.0,1.8805,2.9721,124.19,0.0228,1,0,2,6.0,1.05,0.083,133.0,122.0,0.8267,0.8014,0.7893,0.8462,-0.8267,-0.8014,-0.8224,-0.7853,0.0,0.6254,0.6348,0.7764,60.0,600.0,0.0,150.0,150.0,600.0,600.0,600.0,6.0,5.0,1.6,-0.0,144.268,0.0075,0.0939,0.0437,0.8462,1.0038
155,225,2026-06-01 17:02:00+00:00,2026-06-01 17:09:00+00:00,alimentacion,,15,-0.0714,0.0555,0.5714,-0.4348,0.4348,-0.0,0.1189,0.2333,-0.2,0.1978,0.1189,0.0003,0.0058,0.0111,-0.0089,0.0004,0.0058,0.0,0.0003,0.0005,-0.0007,0.0,0.0003,8,9,0.2857,0.3571,0.001943,0.003882,0.0,0.00109,0.8255,422.944,60.421,422943639.807,28.196,1.007,0.993,237197.0,0.1978,0.0004,125.75,0.1189,1e-06,2.7899,0.8285,21.4164,0.5814,0.686,2.0837,0.002222,0.003533,0.8428,0.7233,0.0872,-0.6195,0.9059,124.0,4.0,7.0,0.1071,-1.2258,125.692,0.0365,2,1,0,7.5,1.658,0.286,133.0,118.0,-0.4348,-0.5978,-0.561,-0.4271,0.4348,0.5978,0.3875,0.6796,0.0,-0.8884,-0.8452,-0.1589,180.0,390.0,420.0,420.0,420.0,0.0,0.0,420.0,11.0,4.0,0.0,2.0,422.944,0.0283,12.4515,0.004,0.8884,1.2115
156,227,2026-06-01 21:16:00+00:00,2026-06-01 21:27:00+00:00,ruido,,23,0.0,0.1578,0.1364,-0.5808,0.5808,0.0015,0.0555,0.2,-0.1667,0.0678,0.0555,0.0,0.0033,0.0122,-0.0067,0.0002,0.0033,0.0,0.0002,0.0006,-0.0006,0.0,0.0002,3,3,0.0455,0.0455,0.00035,0.003054,0.0,0.000864,0.1998,661.008,60.092,661.008,28.739,1.0015,0.9985,340418.0,0.0678,0.0002,121.658,0.0555,0.0,0.6784,0.2124,0.1178,1.2891,0.7991,1.7701,0.001449,0.007625,0.5712,0.1319,-0.0119,-0.0219,3.3868,122.0,0.0,0.0,-4.137,15.9389,121.947,0.0102,0,0,1,0.0,0.0,0.0,122.0,116.0,-0.5808,-0.5954,-0.5759,-0.6061,0.5808,0.5954,0.571,0.6003,0.0,-0.5394,-0.5431,-0.508,90.0,60.0,0.0,0.0,90.0,90.0,90.0,90.0,0.0,5.0,-0.4,0.0,661.008,0.0062,0.1519,0.0,0.6061,2.2818
157,229,2026-06-01 23:15:00+00:00,2026-06-01 23:24:00+00:00,alimentacion,,19,-0.1111,0.7937,0.7778,0.9021,-0.9021,-0.0481,0.1445,0.1667,-0.3333,0.4178,0.1523,-0.0007,0.0083,0.0144,-0.0167,0.0012,0.0083,-0.0,0.0005,0.001,-0.001,0.0,0.0005,14,14,0.2778,0.3889,0.001652,0.005332,0.0,0.001468,0.8456,546.16,60.684,21.006,28.745,1.0102,0.9899,249524.0,0.4178,0.0012,114.599,0.1523,2e-06,2.5821,0.8708,0.9163,0.7076,0.7788,2.2358,0.001754,0.004459,0.8248,0.715,0.5413,0.2427,1.9955,118.0,5.0,14.5,-0.7476,-0.53,114.882,0.0704,2,1,0,4.5,1.0,0.222,124.0,117.0,0.9021,0.8003,0.8194,0.9011,-0.9021,-0.8003,-0.9171,-0.72,0.0,0.3997,0.4503,0.966,60.0,540.0,300.0,360.0,420.0,210.0,210.0,540.0,3.0,26.0,3.0,-10.0,21.0062,0.0464,0.6484,0.0882,0.966,1.5821
158,231,2026-06-02 01:05:00+00:00,2026-06-02 01:11:00+00:00,ruido,,13,0.0,0.1394,0.3333,-0.8249,0.8249,0.0083,0.0511,0.1667,-0.0667,0.0322,0.0518,0.0,0.0026,0.0056,-0.0056,0.0001,0.0026,0.0,0.0002,0.0002,-0.0004,0.0,0.0002,4,6,0.0833,0.0833,0.000596,0.001389,0.0,0.000572,0.2324,360.48,60.08,120.16,27.729,1.0013,0.9987,119659.0,0.0322,0.0001,95.94,0.0518,0.0,1.5262,0.335,0.9163,0.2792,0.884,1.9925,0.002564,0.00491,0.8961,0.6095,-0.4059,-0.4438,1.7409,96.0,2.0,2.0,-0.5012,-0.9294,96.0,0.0189,1,0,1,2.0,1.85,0.167,98.0,93.0,-0.8249,-0.906,-0.8881,-0.815,0.8249,0.906,0.7849,0.9425,0.0,-0.9003,-0.9069,-0.6432,90.0,0.0,0.0,0.0,210.0,210.0,210.0,210.0,2.0,0.0,-0.0,-0.0,120.16,0.0054,0.2558,0.0,0.9425,0.5563
160,235,2026-06-02 12:36:00+00:00,2026-06-02 12:38:00+00:00,servido,,5,0.5,0.7999,0.25,-0.9111,0.9111,0.2917,0.3192,0.7667,0.0,0.7478,0.4324,0.0044,0.0157,0.0256,-0.0122,0.0008,0.0164,-0.0002,0.0011,0.0009,-0.0013,0.0,0.0011,1,2,0.5,0.0,0.003875,0.007915,0.0,0.003236,0.5079,130.113,65.057,3.718,26.023,1.0409,0.9607,42123.0,0.7478,0.0008,91.786,0.4324,1.8e-05,1.371,-0.0,0.0,1.0,1.0,1.8575,0.006667,0.00778,0.833,0.4667,-0.9334,0.0,0.6509,79.0,0.0,23.0,0.6045,-1.413,86.667,0.1623,0,0,0,0.0,0.0,0.0,114.0,79.0,-0.9111,-0.7995,-0.8293,-0.9111,0.9111,0.7995,0.9222,0.6924,0.0,-0.2242,-0.2825,-0.9636,120.0,0.0,0.0,90.0,90.0,120.0,120.0,120.0,0.0,0.0,-0.0,24.0,3.7175,0.3739,0.0,0.4,0.9636,1.8575
161,237,2026-06-02 17:41:00+00:00,2026-06-02 17:52:00+00:00,ruido,,23,0.0455,0.2386,0.0909,-0.8927,0.8927,0.0091,0.0417,0.2,0.0,0.04,0.0426,0.0,0.0021,0.0067,-0.0067,0.0001,0.0021,-0.0,0.0001,0.0002,-0.0004,0.0,0.0001,2,2,0.0455,0.0,0.00036,0.003333,0.0,0.000842,0.1985,660.594,60.054,110.099,28.721,1.0009,0.9991,209736.0,0.04,0.0001,95.493,0.0426,0.0,0.4262,-0.0,0.1112,0.6381,1.0,1.7701,0.001449,0.005405,0.7775,0.5184,-0.0143,-0.0265,3.0029,96.0,0.0,0.0,-2.9318,6.5952,96.0,0.0177,0,0,1,0.0,0.0,0.0,96.0,90.0,-0.8927,-0.9612,-0.9595,-0.8872,0.8927,0.9612,0.8514,0.9801,0.0,-0.8773,-0.9214,-0.7436,60.0,0.0,0.0,0.0,60.0,60.0,60.0,60.0,0.0,0.0,4.8,0.0,110.099,0.0036,0.071,0.0109,0.9801,1.1295
164,243,2026-06-03 01:39:00+00:00,2026-06-03 01:51:00+00:00,ruido,,25,0.0417,0.1641,0.125,0.4028,-0.4028,-0.0014,0.0748,0.2,-0.3,0.1344,0.0748,0.0,0.0042,0.01,-0.0167,0.0004,0.0042,-0.0,0.0003,0.0009,-0.0007,0.0,0.0003,3,3,0.0833,0.0417,0.000508,0.004705,0.0,0.001106,0.3641,721.982,60.165,721.982,28.879,1.0028,0.9973,322481.0,0.1344,0.0004,113.575,0.0748,0.0,0.8743,0.1985,0.1112,1.154,0.8103,1.486,0.001333,0.006519,0.6814,0.2897,0.0408,-0.0233,3.414,113.0,0.0,0.0,3.9648,15.0428,113.095,0.0162,1,0,1,8.0,0.556,0.083,122.0,113.0,0.4028,0.3865,0.366,0.4448,-0.4028,-0.3865,-0.4118,-0.384,0.0,0.3429,0.3247,0.3727,90.0,120.0,0.0,0.0,120.0,120.0,120.0,120.0,8.0,1.0,1.2,-0.0,721.982,0.0112,0.1283,0.0068,0.4448,1.7148
165,245,2026-06-03 09:54:00+00:00,2026-06-03 10:07:00+00:00,ruido,,27,0.0,0.0803,0.2308,-0.5233,0.5233,0.0051,0.1731,0.6,-0.5667,0.78,0.1732,0.0,0.0093,0.02,-0.0278,0.0022,0.0093,0.0,0.0006,0.0016,-0.0014,0.0,0.0006,6,6,0.0769,0.0769,0.001206,0.005614,0.0,0.002027,0.9768,790.93,60.841,197.732,29.294,1.014,0.9862,380241.0,0.78,0.0022,118.672,0.1732,2e-06,1.3033,0.3382,0.1243,0.551,0.7995,1.7611,0.002469,0.004903,0.796,0.5258,-0.0019,-0.258,2.9862,117.0,0.0,0.0,1.8823,2.4002,117.826,0.0443,2,0,1,11.0,1.361,0.154,134.0,113.0,-0.5233,-0.6215,-0.6279,-0.5227,0.5233,0.6215,0.4631,0.6515,0.0,-0.597,-0.6637,-0.3647,180.0,0.0,0.0,0.0,210.0,210.0,210.0,210.0,17.0,0.0,10.8,-0.0,197.7325,0.06,0.0685,0.0,0.6637,0.9704
166,247,2026-06-03 17:43:00+00:00,2026-06-03 17:55:00+00:00,ruido,,25,0.0,0.2744,0.125,-0.8374,0.8374,0.0069,0.113,0.4667,-0.3,0.3078,0.1132,-0.0,0.0066,0.0256,-0.0156,0.001,0.0066,0.0,0.0004,0.0012,-0.0014,0.0,0.0004,3,4,0.0417,0.0417,0.000614,0.006323,0.0,0.001489,0.4601,724.427,60.369,144.885,28.977,1.0061,0.9939,359278.0,0.3078,0.001,119.88,0.1132,1e-06,0.7641,0.1985,0.1171,0.8493,0.7743,1.8575,0.001333,0.005845,0.6949,0.3985,0.2381,-0.0354,3.1498,121.0,0.0,0.0,-3.0818,9.3674,120.524,0.0257,0,0,1,0.0,0.0,0.0,121.0,107.0,-0.8374,-0.8736,-0.8604,-0.8522,0.8374,0.8736,0.815,0.883,0.0,-0.7921,-0.8108,-0.7142,120.0,90.0,0.0,0.0,120.0,120.0,120.0,120.0,0.0,9.0,0.2,-0.0,144.8854,0.0257,0.0995,0.0,0.883,1.5776
167,249,2026-06-04 00:28:00+00:00,2026-06-04 00:39:00+00:00,ruido,,23,0.0,0.2297,0.1364,0.8151,-0.8151,-0.003,0.0512,0.1333,-0.2,0.0578,0.0512,0.0,0.003,0.0067,-0.0111,0.0002,0.003,-0.0,0.0002,0.0006,-0.0005,0.0,0.0002,3,3,0.0455,0.0455,0.000337,0.002773,0.0,0.000763,0.1995,660.86,60.078,330.43,28.733,1.0013,0.9987,301232.0,0.0578,0.0002,114.442,0.0512,0.0,0.6784,0.2124,0.1178,1.0668,0.7739,1.5734,0.001449,0.00649,0.6914,0.3252,-0.0164,-0.0305,3.1939,114.0,0.0,0.0,3.4264,11.2181,114.105,0.0115,0,0,1,0.0,0.0,0.0,120.0,114.0,0.8151,0.8572,0.8431,0.8299,-0.8151,-0.8572,-0.7891,-0.8694,0.0,0.7796,0.8028,0.6956,60.0,90.0,0.0,0.0,90.0,90.0,90.0,90.0,4.0,2.0,-0.4,0.0,330.43,0.0053,0.1257,0.0,0.8694,1.6785
168,251,2026-06-04 01:42:00+00:00,2026-06-04 01:58:00+00:00,ruido,,33,0.0625,0.2417,0.2812,-0.8952,0.8952,0.0219,0.1634,0.5667,-0.5667,0.87,0.1649,0.0,0.0089,0.0189,-0.0378,0.0024,0.0089,-0.0,0.0005,0.0019,-0.0019,0.0,0.0005,9,12,0.125,0.0625,0.001356,0.009444,0.0,0.002294,1.251,972.297,60.769,46.3,29.464,1.0126,0.9876,417603.0,0.87,0.0024,112.493,0.1649,2e-06,1.2233,0.2895,0.3443,0.6811,0.8762,1.8343,0.00101,0.005103,0.8318,0.526,0.0545,0.1113,3.3845,114.0,2.0,2.0,-1.4323,5.5363,113.185,0.0533,2,1,2,9.5,1.188,0.125,129.0,112.0,-0.8952,-0.9617,-0.9595,-0.8842,0.8952,0.9617,0.8554,0.9744,0.0,-0.8848,-0.926,-0.7321,360.0,0.0,0.0,60.0,90.0,90.0,90.0,630.0,15.0,0.0,9.143,-0.0,46.2999,0.0544,0.2345,0.0151,0.9744,1.2493
169,253,2026-06-04 09:15:00+00:00,2026-06-04 09:33:00+00:00,ruido,,37,0.0278,0.272,0.3611,-0.3772,0.3772,0.0019,0.1468,0.5,-0.6,0.7756,0.1468,-0.0,0.007,0.02,-0.02,0.0017,0.007,-0.0,0.0004,0.0013,-0.0009,0.0,0.0004,13,12,0.1667,0.1389,0.001264,0.00558,0.0,0.001854,1.4028,1090.995,60.611,545.497,29.486,1.0102,0.9899,552319.0,0.7756,0.0017,122.178,0.1468,1e-06,1.6514,0.4981,0.1286,0.3634,0.7761,1.5488,0.000901,0.001929,0.9642,0.8836,0.6106,0.3968,1.7223,116.0,0.0,17.0,0.7808,-1.2876,121.194,0.0718,3,2,1,11.333,2.684,0.167,138.0,130.0,-0.3772,-0.5265,-0.5209,-0.3759,0.3772,0.5265,0.2889,0.6108,0.0,-0.6164,-0.6753,-0.1422,390.0,0.0,0.0,0.0,480.0,480.0,480.0,480.0,22.0,0.0,8.143,-0.0,545.4975,0.0431,0.0467,0.0076,0.6753,0.5628
170,255,2026-06-04 14:13:00+00:00,2026-06-04 14:24:00+00:00,ruido,,22,0.0,0.0829,0.0952,-0.3527,0.3527,0.0016,0.1081,0.3667,-0.3333,0.2456,0.1081,-0.0006,0.0057,0.0111,-0.0233,0.0007,0.0058,0.0,0.0003,0.0011,-0.0004,0.0,0.0003,2,2,0.0476,0.0476,0.000981,0.009655,0.0,0.002687,0.5027,633.576,60.341,633.576,28.799,1.0057,0.9944,268281.0,0.2456,0.0007,110.429,0.1081,1e-06,0.2668,0.2201,0.1178,1.4549,0.827,1.6216,0.016667,0.009739,0.3932,-0.1535,-0.006,-0.0111,3.4459,110.0,0.0,0.0,4.2899,16.6655,110.0,0.019,0,0,1,0.0,0.0,0.0,120.0,109.0,-0.3527,-0.3985,-0.4225,-0.3355,0.3527,0.3985,0.3264,0.4057,0.0,-0.3642,-0.3971,-0.2776,30.0,0.0,0.0,0.0,60.0,60.0,60.0,60.0,10.0,0.0,-1.4,0.0,633.576,0.0234,0.1714,0.0,0.4225,2.3593
171,257,2026-06-04 15:44:00+00:00,2026-06-04 15:57:00+00:00,ruido,,27,-0.0385,0.4482,0.2308,0.0751,-0.0751,-0.0013,0.067,0.2667,-0.1667,0.1167,0.067,0.0,0.0032,0.0089,-0.0089,0.0003,0.0032,-0.0,0.0002,0.0004,-0.0006,0.0,0.0002,6,8,0.0385,0.0769,0.000776,0.004444,0.0,0.00106,0.5619,781.728,60.133,781.728,28.953,1.0022,0.9978,315210.0,0.1167,0.0003,108.048,0.067,0.0,1.5146,0.3073,0.1769,0.2965,0.8139,1.4089,0.001235,0.00264,0.943,0.8359,0.4987,0.222,1.9462,106.0,0.0,4.0,1.3891,0.3755,107.565,0.0299,1,0,1,8.0,2.15,0.077,115.0,106.0,0.0751,-0.0428,-0.062,0.0923,-0.0751,0.0428,-0.1462,0.0973,0.0,-0.1158,-0.1889,0.206,60.0,300.0,0.0,0.0,300.0,300.0,300.0,300.0,8.0,1.0,4.8,-0.0,781.728,0.009,0.0525,0.0173,0.206,0.4177
172,259,2026-06-04 16:20:00+00:00,2026-06-04 16:25:00+00:00,ruido,,11,0.1,0.45,0.2,-0.9174,0.9174,0.0133,0.04,0.1333,0.0,0.0178,0.0422,0.0,0.0021,0.0044,-0.0044,0.0,0.0021,-0.0,0.0001,0.0001,-0.0003,0.0,0.0001,2,2,0.1,0.0,0.000504,0.002222,0.0,0.000727,0.1329,300.265,60.053,75.066,27.297,1.0008,0.9992,156512.0,0.0178,0.0,119.283,0.0422,0.0,0.684,-0.0,0.3365,1.0,1.0,2.2015,0.00303,0.005945,0.7237,0.5278,-0.0833,-0.1852,1.8535,120.0,0.0,0.0,-1.6499,0.7222,119.556,0.0129,0,0,1,0.0,0.0,0.0,120.0,116.0,-0.9174,-0.9739,-0.9649,-0.9167,0.9174,0.9739,0.8866,0.9864,0.0,-0.8677,-0.9007,-0.7888,60.0,0.0,0.0,0.0,60.0,60.0,60.0,60.0,0.0,0.0,-0.0,-0.0,75.0662,0.0036,0.3365,0.045,0.9864,2.2015
173,261,2026-06-04 18:49:00+00:00,2026-06-04 19:00:00+00:00,ruido,,23,0.0455,0.3096,0.2273,0.0918,-0.0918,0.0015,0.113,0.3333,-0.4,0.2811,0.113,0.0,0.0066,0.0244,-0.0133,0.0009,0.0066,0.0,0.0004,0.0013,-0.0012,0.0,0.0004,5,6,0.0909,0.0455,0.000866,0.006667,0.0,0.001811,0.4979,664.083,60.371,664.083,28.873,1.0062,0.9939,202455.0,0.2811,0.0009,93.821,0.113,1e-06,1.2088,0.2124,0.2412,0.9778,0.8103,1.5734,0.001449,0.006747,0.6066,0.2282,0.2178,0.1301,3.1738,93.0,0.0,3.0,-2.6224,8.4634,94.158,0.0286,0,1,2,0.0,0.0,0.0,96.0,83.0,0.0918,0.2259,0.2267,0.0688,-0.0918,-0.2259,-0.036,-0.2957,0.0,0.4169,0.4217,-0.0723,450.0,60.0,0.0,0.0,450.0,450.0,450.0,450.0,0.0,12.0,-3.6,0.0,664.083,0.0256,0.2358,0.0141,0.4217,1.5385
174,263,2026-06-04 23:12:00+00:00,2026-06-04 23:24:00+00:00,ruido,,25,0.0417,0.0738,0.1667,-0.3092,0.3092,0.0014,0.1307,0.4333,-0.4667,0.41,0.1307,-0.0001,0.0077,0.0156,-0.03,0.0014,0.0077,0.0,0.0005,0.0015,-0.0015,0.0,0.0005,4,4,0.0833,0.0417,0.000641,0.007497,0.0,0.001663,0.464,725.868,60.489,725.868,29.035,1.0081,0.9919,263359.0,0.41,0.0014,102.637,0.1307,2e-06,0.6396,0.1985,0.1112,1.3599,0.83,1.6718,0.004,0.00827,0.5572,0.0221,-0.1404,-0.0118,3.5634,102.0,0.0,0.0,4.5774,19.3346,102.048,0.0269,1,0,1,14.0,0.519,0.083,116.0,101.0,-0.3092,-0.3721,-0.3887,-0.2633,0.3092,0.3721,0.2718,0.3862,0.0,-0.3488,-0.3957,-0.2206,90.0,0.0,0.0,0.0,120.0,120.0,120.0,120.0,14.0,0.0,3.0,-0.0,725.868,0.0342,0.1512,0.0031,0.3957,2.2735
175,265,2026-06-05 01:34:00+00:00,2026-06-05 01:46:00+00:00,ruido,,25,0.0,0.1297,0.125,0.4296,-0.4296,-0.0056,0.3181,1.0333,-1.1667,2.4289,0.3181,0.0,0.0187,0.0389,-0.0733,0.0081,0.0187,0.0,0.0012,0.0037,-0.0036,0.0,0.0012,3,4,0.0417,0.0417,0.001522,0.018212,0.0,0.004212,1.1412,749.237,62.436,187.309,29.969,1.0406,0.961,286768.0,2.4289,0.0081,107.101,0.3181,8e-06,0.7641,0.1985,0.1171,1.2307,0.8099,1.486,0.001333,0.007865,0.5462,0.0771,0.061,-0.0186,3.5355,105.0,0.0,0.0,4.4415,18.441,105.381,0.0644,0,0,1,0.0,0.0,0.0,140.0,105.0,0.4296,0.4209,0.4044,0.466,-0.4296,-0.4209,-0.4343,-0.4193,0.0,0.3749,0.3626,0.3905,90.0,120.0,0.0,0.0,120.0,120.0,120.0,120.0,31.0,4.0,4.6,-0.0,187.3092,0.2024,0.1441,0.0,0.466,1.8288
176,267,2026-06-05 02:41:00+00:00,2026-06-05 02:53:00+00:00,ruido,,25,-0.0417,0.0017,0.2083,-0.7135,0.7135,0.0042,0.0862,0.3667,-0.2,0.1789,0.0863,0.0,0.0049,0.0122,-0.0189,0.0006,0.0049,0.0,0.0003,0.0009,-0.001,0.0,0.0003,5,7,0.0417,0.0833,0.000528,0.004673,0.0,0.001095,0.3958,722.614,60.218,240.871,28.905,1.0036,0.9964,271543.0,0.1789,0.0006,104.22,0.0863,1e-06,1.2611,0.3588,0.1501,0.753,0.8549,1.8575,0.004,0.007397,0.65,0.1671,-0.2553,-0.1593,3.4541,104.0,0.0,0.0,1.9104,6.7261,104.048,0.0194,1,0,1,8.0,0.515,0.083,112.0,101.0,-0.7135,-0.7967,-0.7991,-0.6919,0.7135,0.7967,0.6629,0.8235,0.0,-0.7415,-0.797,-0.5575,90.0,0.0,0.0,0.0,210.0,210.0,210.0,210.0,8.0,0.0,4.2,-0.0,240.8713,0.0149,0.113,0.0001,0.8235,1.3987
177,269,2026-06-05 14:33:00+00:00,2026-06-05 14:44:00+00:00,ruido,,23,0.0,0.0837,0.1364,-0.0325,0.0325,0.0,0.0804,0.2667,-0.2667,0.1422,0.0804,0.0,0.0048,0.0089,-0.0178,0.0005,0.0048,-0.0,0.0003,0.0009,-0.0009,0.0,0.0003,3,3,0.0455,0.0455,0.000483,0.004444,0.0,0.001303,0.2667,662.097,60.191,662096698.785,28.787,1.0032,0.9968,231664.0,0.1422,0.0005,100.361,0.0804,1e-06,0.258,0.2124,0.229,1.5543,0.819,1.5734,0.004348,0.008696,0.4545,-0.0496,-0.0068,-0.0126,3.4594,100.0,0.0,0.0,4.4772,18.0455,100.0,0.0163,1,0,1,8.0,0.5,0.091,108.0,100.0,-0.0325,-0.0684,-0.0889,0.0,0.0325,0.0684,0.0119,0.0774,0.0,-0.067,-0.0965,0.0,60.0,0.0,660.0,660.0,660.0,0.0,0.0,90.0,8.0,0.0,1.6,0.0,662.097,0.0129,0.3559,0.0,0.0965,2.4455
178,271,2026-06-05 15:29:00+00:00,2026-06-05 15:40:00+00:00,ruido,,23,0.0455,0.3409,0.0909,-0.9074,0.9074,0.0091,0.0417,0.2,0.0,0.04,0.0426,0.0,0.0021,0.0067,-0.0067,0.0001,0.0021,0.0,0.0001,0.0002,-0.0004,0.0,0.0001,2,3,0.0455,0.0,0.000288,0.001667,0.0,0.000627,0.1985,660.594,60.054,110.099,28.721,1.0009,0.9991,199952.0,0.04,0.0001,93.239,0.0426,0.0,0.5586,-0.0,0.1243,0.3274,1.0,1.7701,0.001449,0.004366,0.9053,0.6902,-0.0225,-0.0417,2.6179,94.0,0.0,0.0,-2.1947,2.8167,93.684,0.0217,0,0,1,0.0,0.0,0.0,94.0,88.0,-0.9074,-0.9696,-0.9633,-0.9092,0.9074,0.9696,0.8698,0.987,0.0,-0.884,-0.9225,-0.762,90.0,0.0,0.0,0.0,90.0,90.0,90.0,90.0,0.0,0.0,3.6,-0.0,110.099,0.0036,0.0407,0.0155,0.987,0.5795
179,273,2026-06-05 16:49:00+00:00,2026-06-05 17:00:00+00:00,ruido,,23,-0.0455,0.2386,0.0909,0.8927,-0.8927,-0.0227,0.1041,0.0,-0.5,0.25,0.1066,0.0,0.0051,0.0167,-0.0167,0.0006,0.0051,0.0,0.0003,0.0011,-0.0006,0.0,0.0003,2,2,0.0,0.0455,0.000874,0.008333,0.0,0.002066,0.4783,663.541,60.322,44.236,28.85,1.0051,0.9949,175718.0,0.25,0.0006,87.407,0.1066,1e-06,0.4262,0.2124,0.1112,0.6381,1.0,1.5734,0.001449,0.005405,0.7775,0.5184,-0.0143,-0.0265,3.0029,86.0,0.0,0.0,2.9318,6.5952,86.0,0.0484,0,0,1,0.0,0.0,0.0,101.0,86.0,0.8927,0.9612,0.9595,0.8872,-0.8927,-0.9612,-0.8514,-0.9801,0.0,0.8773,0.9214,0.7436,0.0,60.0,0.0,0.0,60.0,60.0,60.0,60.0,0.0,15.0,-12.0,0.0,44.2361,0.0227,0.071,0.0109,0.9801,1.004
180,275,2026-06-05 19:50:00+00:00,2026-06-05 19:57:00+00:00,ruido,,15,0.0,0.0028,0.2857,-0.7049,0.7049,0.0048,0.0517,0.1667,-0.1,0.0378,0.0519,0.0,0.0025,0.0056,-0.0056,0.0001,0.0025,0.0,0.0002,0.0002,-0.0004,0.0,0.0002,4,6,0.0714,0.0714,0.00059,0.001389,0.0,0.000588,0.2656,420.563,60.08,210.282,28.038,1.0013,0.9987,133716.0,0.0378,0.0001,94.416,0.0519,0.0,1.4566,0.2991,0.5465,0.2594,0.8521,2.0837,0.004444,0.004685,0.8846,0.6024,-0.3914,-0.5,1.9119,94.0,0.0,1.5,0.3562,-0.9619,94.385,0.0185,1,0,1,3.0,1.9,0.143,97.0,92.0,-0.7049,-0.8125,-0.7952,-0.6933,0.7049,0.8125,0.6458,0.8777,0.0,-0.8361,-0.8672,-0.4795,90.0,0.0,0.0,0.0,210.0,210.0,210.0,210.0,3.0,0.0,-0.0,0.0,210.2815,0.0054,0.1418,0.0,0.8777,0.5405
181,277,2026-06-05 20:15:00+00:00,2026-06-05 20:22:00+00:00,alimentacion,,15,-0.2143,0.4837,0.7143,0.3882,-0.3882,-0.0405,0.1874,0.4333,-0.4667,0.5144,0.1917,0.0,0.0094,0.0156,-0.0156,0.0011,0.0094,0.0,0.0006,0.001,-0.001,0.0,0.0006,10,12,0.0714,0.2857,0.002297,0.005833,0.0,0.001616,1.0336,427.413,61.059,25.142,28.494,1.0168,0.9835,147673.0,0.5144,0.0011,99.221,0.1917,3e-06,2.5559,0.6099,21.4164,0.2896,0.7448,2.0837,0.002222,0.003447,0.9117,0.7967,0.1944,-0.1534,1.2023,99.0,5.0,8.0,-0.4759,-0.6433,99.0,0.0995,1,0,1,13.0,1.656,0.143,112.0,82.0,0.3882,0.1879,0.2268,0.3897,-0.3882,-0.1879,-0.4393,-0.0553,0.0,-0.2955,-0.2662,0.6409,90.0,360.0,300.0,300.0,360.0,60.0,60.0,360.0,13.0,17.0,-0.0,0.0,25.1419,0.0735,6.2022,0.1037,0.6409,0.6034
182,279,2026-06-05 21:07:00+00:00,2026-06-05 21:18:00+00:00,ruido,,23,0.0,0.0791,0.1364,0.0785,-0.0785,-0.0015,0.8794,2.9,-2.9333,17.0144,0.8794,0.0,0.052,0.1944,-0.0978,0.0567,0.052,0.0002,0.0032,0.0097,-0.0097,0.0002,0.0032,3,3,0.0455,0.0455,0.005293,0.048889,0.0,0.014281,2.9191,785.0,71.364,785.0,34.13,1.1894,0.8408,166868.0,17.0144,0.0567,85.177,0.8794,0.000102,0.258,0.2124,0.229,1.5427,0.8202,1.5734,0.010145,0.008758,0.4476,-0.0601,-0.0065,-0.012,3.4591,87.0,0.0,0.0,-4.4754,18.035,87.0,0.2132,0,0,1,0.0,0.0,0.0,88.0,0.0,0.0785,0.1175,0.1377,0.0461,-0.0785,-0.1175,-0.056,-0.1274,0.0,0.1118,0.1432,0.0387,0.0,60.0,0.0,0.0,90.0,90.0,90.0,90.0,0.0,88.0,-18.2,0.0,785.0,1.5468,0.3533,0.0,0.1432,2.4273
183,281,2026-06-05 23:38:00+00:00,2026-06-05 23:52:00+00:00,ruido,,29,-0.0714,0.5246,0.3571,0.1977,-0.1977,-0.0024,0.0796,0.3,-0.1667,0.1778,0.0797,0.0,0.0038,0.01,-0.01,0.0004,0.0038,-0.0,0.0002,0.0004,-0.0007,0.0,0.0002,10,8,0.0714,0.1429,0.00107,0.005,0.0,0.001404,0.8562,842.63,60.188,421.315,29.056,1.0031,0.9969,722171.0,0.1778,0.0004,157.805,0.0797,0.0,1.8841,0.4647,0.1526,0.6671,0.7479,1.5076,0.001149,0.002526,0.9464,0.8309,0.6421,0.4504,1.7462,155.0,0.0,5.0,1.0434,-0.3818,157.32,0.0243,2,1,1,6.5,1.142,0.143,166.0,161.0,0.1977,0.0652,0.0526,0.213,-0.1977,-0.0652,-0.2763,0.0309,0.0,-0.0611,-0.1262,0.3493,60.0,360.0,0.0,0.0,360.0,360.0,360.0,360.0,9.0,2.0,3.4,-0.0,421.315,0.0127,0.1018,0.0375,0.3493,1.0057
184,283,2026-06-06 11:49:00+00:00,2026-06-06 11:56:00+00:00,alimentacion,,15,-0.1429,0.7352,0.7143,0.9567,-0.9567,-0.0357,0.1488,0.2333,-0.3,0.3278,0.153,-0.0,0.0092,0.0167,-0.0178,0.0011,0.0092,0.0,0.0006,0.001,-0.0011,0.0,0.0006,10,10,0.2857,0.4286,0.001459,0.00416,0.0,0.001268,0.5817,424.849,60.693,28.323,28.323,1.0109,0.9892,252940.0,0.3278,0.0011,129.856,0.153,1e-06,2.6892,0.851,20.7233,0.8568,0.6958,2.3441,0.002222,0.005297,0.7572,0.6143,0.4466,0.0876,1.8132,129.0,6.0,10.5,0.2533,-1.5428,129.615,0.0436,1,2,0,6.0,0.625,0.143,129.0,123.0,0.9567,0.946,0.9463,0.9509,-0.9567,-0.946,-0.9556,-0.9073,0.0,0.7431,0.7669,0.8889,0.0,240.0,60.0,150.0,210.0,150.0,150.0,390.0,0.0,15.0,-3.0,-6.0,28.3233,0.0468,17.7557,0.1051,0.9567,2.0084
185,285,2026-06-06 20:22:00+00:00,2026-06-06 20:27:00+00:00,ruido,,11,-0.1,0.25,0.1,0.8864,-0.8864,-0.0133,0.04,0.0,-0.1333,0.0178,0.0422,0.0005,0.0014,0.0044,0.0,0.0,0.0015,-0.0,0.0,0.0,-0.0001,0.0,0.0001,1,1,0.0,0.1,0.000498,0.002207,0.0,0.000856,0.132,300.265,60.053,75.066,27.297,1.0008,0.9992,133996.0,0.0178,0.0,110.37,0.0422,0.0,0.4395,0.1947,0.2877,1.0,1.0,1.887,0.012121,0.009091,0.4,-0.01,-0.0375,-0.0833,2.3219,110.0,0.0,0.0,2.846,6.1,110.0,0.0104,0,0,1,0.0,0.0,0.0,114.0,110.0,0.8864,0.958,0.9581,0.8696,-0.8864,-0.958,-0.8472,-0.9878,0.0,0.8575,0.9038,0.7483,0.0,30.0,0.0,0.0,30.0,30.0,30.0,30.0,0.0,4.0,-8.0,-0.0,75.0662,0.0036,0.2877,0.025,0.9878,1.887
186,5,2026-04-09 02:26:00+00:00,2026-04-09 02:42:00+00:00,ruido,,29,-0.1071,0.4179,0.1786,0.9193,-0.9193,-0.0095,0.0607,0.2,-0.2,0.1057,0.0614,0.0,0.003,0.0067,-0.0108,0.0002,0.003,0.0,0.0002,0.0004,-0.0006,0.0,0.0002,5,7,0.0357,0.1429,0.000581,0.003326,0.0,0.000892,0.5052,841.573,60.112,105.197,29.02,1.0018,0.9982,597056.06,0.1057,0.0002,143.486,0.0614,0.0,1.1301,0.4605,0.2375,0.4145,0.7861,1.5076,0.001149,0.003867,0.8853,0.7329,0.2191,-0.1142,2.6978,142.0,0.0,0.0,1.6663,0.9721,143.05,0.02,1,1,2,6.0,0.65,0.071,148.0,142.0,0.9193,0.9679,0.9622,0.9218,-0.9193,-0.9679,-0.8884,-0.9754,0.0,0.866,0.9025,0.7892,0.0,150.0,300.0,330.0,120.0,150.0,150.0,360.0,0.0,8.0,-2.4,-0.0,105.1966,0.0076,0.0984,0.0448,0.9754,0.6249
187,13,2026-04-09 23:28:00+00:00,2026-04-09 23:36:00+00:00,alimentacion,,17,-0.25,0.9031,0.6875,0.9839,-0.9839,-0.0542,0.1353,0.1667,-0.3667,0.34,0.1458,0.0,0.0077,0.0133,-0.0122,0.0009,0.0077,0.0,0.0005,0.0007,-0.0008,0.0,0.0005,11,10,0.125,0.375,0.001897,0.005022,0.0,0.001314,0.8842,485.01,60.626,18.654,28.53,1.009,0.9911,904899.0,0.34,0.0009,230.715,0.1458,0.0,2.6099,0.7993,0.8473,0.5092,0.8324,2.164,0.001961,0.003851,0.8785,0.8271,0.6033,0.2675,1.6995,231.0,9.0,16.0,0.0893,-1.5702,230.467,0.0401,2,0,1,5.0,0.682,0.25,243.0,218.0,0.9839,0.9541,0.9588,0.9701,-0.9839,-0.9541,-0.9863,-0.8996,0.0,0.693,0.7358,0.9535,0.0,450.0,60.0,180.0,270.0,210.0,210.0,450.0,0.0,26.0,-6.0,-4.0,18.6542,0.0425,0.4314,0.2258,0.9863,1.1019
188,21,2026-04-10 23:05:00+00:00,2026-04-10 23:07:00+00:00,servido,,5,0.25,0.75,0.5,-0.9037,0.9037,0.7833,1.3568,3.1333,0.0,9.8178,1.5667,0.0,0.0853,0.1044,-0.1044,0.0218,0.0853,-0.0017,0.0052,0.0035,-0.007,0.0001,0.0055,2,2,0.25,0.0,0.017293,0.052222,0.0,0.019732,1.8107,188.671,94.336,2.007,37.734,1.2377,0.8079,164780.0,9.8178,0.0218,181.538,1.5667,6e-05,0.971,-0.0,0.0,1.0,1.0,1.8575,0.006667,0.007515,0.8727,0.4583,-1.0,0.0,0.55,138.0,0.0,94.0,0.4082,-1.8333,169.333,0.2622,0,0,0,0.0,0.0,0.0,232.0,138.0,-0.9037,-0.8113,-0.8345,-0.9037,0.9037,0.8113,0.9263,0.7071,0.0,-0.2887,-0.3638,-0.9449,90.0,0.0,0.0,0.0,90.0,90.0,90.0,90.0,0.0,0.0,-0.0,-0.0,2.0071,4.9089,0.0,0.1875,0.9449,1.8575
189,29,2026-04-12 11:49:00+00:00,2026-04-12 11:56:00+00:00,alimentacion,,15,-0.1429,0.8,0.6429,0.9479,-0.9479,-0.0595,0.1869,0.1667,-0.4667,0.5389,0.1962,-0.0,0.0104,0.0156,-0.02,0.0014,0.0104,0.0,0.0006,0.0012,-0.0009,0.0,0.0006,9,10,0.2143,0.3571,0.002766,0.006642,0.0,0.001859,1.2031,427.789,61.113,17.112,28.519,1.0167,0.9835,352616.0,0.5389,0.0014,153.322,0.1962,2e-06,2.6566,0.8139,21.4164,0.7044,0.7828,2.3441,0.002222,0.004955,0.857,0.7018,0.3056,0.1526,2.0501,157.0,6.0,15.0,-0.4518,-1.2038,153.462,0.0578,1,2,0,9.0,0.711,0.143,157.0,148.0,0.9479,0.8871,0.8995,0.9296,-0.9479,-0.8871,-0.9473,-0.8321,0.0,0.5618,0.5946,0.9496,0.0,390.0,300.0,210.0,330.0,330.0,330.0,390.0,0.0,25.0,-0.0,-5.0,17.1116,0.077,15.0857,0.1143,0.9496,1.6512
190,37,2026-04-13 13:13:00+00:00,2026-04-13 13:24:00+00:00,ruido,,23,0.0455,0.0497,0.3636,0.3371,-0.3371,-0.003,0.2998,0.9,-1.0667,1.9778,0.2998,-0.0,0.0177,0.0356,-0.0656,0.0066,0.0177,-0.0,0.0011,0.0034,-0.0032,0.0,0.0011,8,8,0.1364,0.0909,0.002108,0.01622,0.0,0.00454,1.2295,684.673,62.243,342.337,29.768,1.0374,0.964,675525.0,1.9778,0.0066,171.379,0.2998,3e-06,0.6784,0.3823,0.4463,1.1986,0.7724,2.1634,0.001449,0.008074,0.486,0.0415,0.0605,-0.0714,3.4183,171.0,2.0,3.0,3.9728,15.2297,170.0,0.0371,1,2,2,3.0,0.5,0.091,171.0,168.0,0.3371,0.3692,0.3436,0.3665,-0.3371,-0.3692,-0.3228,-0.3934,0.0,0.4093,0.3895,0.2562,60.0,90.0,0.0,0.0,150.0,150.0,150.0,390.0,27.0,5.0,2.4,0.0,342.3365,0.1798,0.5349,0.0023,0.4093,2.5931
191,45,2026-04-14 17:14:00+00:00,2026-04-14 17:19:00+00:00,alimentacion,,11,-0.3,0.8483,0.6,0.9744,-0.9744,-0.05,0.1195,0.1667,-0.2667,0.1678,0.1295,-0.0,0.0073,0.0089,-0.0144,0.0005,0.0073,-0.0,0.0005,0.0008,-0.0008,0.0,0.0005,6,7,0.1,0.4,0.001301,0.002767,0.0,0.000964,0.4293,302.484,60.497,20.166,27.499,1.007,0.993,517904.0,0.1678,0.0005,216.984,0.1295,0.0,2.2313,0.85,20.7233,1.0,0.8244,2.2015,0.00303,0.005513,0.8527,0.6951,0.056,-0.1284,1.5574,216.0,6.0,10.0,0.2638,-1.2981,216.778,0.0263,0,1,1,0.0,0.0,0.0,225.0,213.0,0.9744,0.9556,0.9566,0.9628,-0.9744,-0.9556,-0.9687,-0.8909,0.0,0.7132,0.7372,0.9288,0.0,240.0,90.0,90.0,180.0,180.0,180.0,240.0,0.0,15.0,-0.0,-0.0,20.1656,0.0336,20.7233,0.2545,0.9744,2.2015
192,9,2026-04-09 13:57:00+00:00,2026-04-09 13:58:00+00:00,servido,,3,0.5,0.75,0.5,-0.8944,0.8944,0.9333,0.9333,1.8667,0.0,3.4844,1.3199,0.0622,0.0,0.0622,0.0622,0.0039,0.0622,0.0,0.0,0.0,0.0,0.0,0.0,1,0,0.5,0.0,0.0,0.0,0.0,0.0,0.0,93.53,93.53,1.67,31.177,1.1396,0.8775,51756.0,3.4844,0.0039,131.347,1.3199,6.7e-05,0.9183,0.0,0.0,1.0,1.0,1.585,0.0,0.0,0.0,0.0,0.0,0.0,0.0,110.0,0.0,28.0,0.7071,-1.5,110.0,0.2052,0,0,0,0.0,0.0,0.0,0.0,0.0,-0.8944,-0.7742,-0.8165,-0.8944,0.8944,0.7742,0.8944,0.7071,0.0,0.0,0.0,-1.0,60.0,0.0,0.0,0.0,60.0,60.0,60.0,60.0,0.0,0.0,-0.0,112.0,1.6702,3.4844,0.0,0.375,1.0,1.585
193,25,2026-04-11 21:47:00+00:00,2026-04-11 21:54:00+00:00,alimentacion,,15,-0.2857,0.9194,0.5714,0.9686,-0.9686,-0.0286,0.0502,0.0,-0.1667,0.0467,0.0577,0.0,0.0028,0.0056,-0.0056,0.0001,0.0028,0.0,0.0002,0.0004,-0.0002,0.0,0.0002,8,10,0.0,0.2857,0.00072,0.001667,0.0,0.000503,0.2989,420.697,60.1,35.058,28.046,1.0013,0.9988,583989.0,0.0467,0.0001,197.313,0.0577,0.0,2.2566,0.6099,1.2528,0.1411,1.0,2.0837,0.002222,0.003954,0.8925,0.8447,0.5277,0.1371,1.5917,200.0,2.0,7.0,-0.3797,-1.3278,197.462,0.0218,0,0,0,0.0,0.0,0.0,202.0,190.0,0.9686,0.8973,0.9097,0.9607,-0.9686,-0.8973,-0.9786,-0.8322,0.0,0.5474,0.5925,0.9833,0.0,390.0,120.0,240.0,330.0,270.0,270.0,390.0,0.0,12.0,-0.0,-3.0,35.0581,0.0067,0.1768,0.2627,0.9833,0.294
194,41,2026-04-13 23:44:00+00:00,2026-04-13 23:56:00+00:00,ruido,,25,0.0,0.0607,0.125,0.0787,-0.0787,-0.0014,1.121,3.8667,-3.9,30.1611,1.121,0.0,0.0661,0.2589,-0.13,0.1005,0.0661,0.0,0.0041,0.013,-0.0129,0.0004,0.0041,3,4,0.0417,0.0417,0.005179,0.064695,0.0,0.014979,3.8841,900.601,75.05,900.601,36.024,1.2508,0.7995,478618.0,30.1611,0.1005,138.364,1.121,6.3e-05,0.2423,0.1985,0.2054,1.4522,0.8237,1.6718,0.006667,0.008715,0.4977,-0.0523,-0.0616,-0.0099,3.5847,141.0,0.0,0.0,-4.6933,20.0324,141.048,0.1668,0,0,1,0.0,0.0,0.0,142.0,25.0,0.0787,0.1239,0.1376,0.0358,-0.0787,-0.1239,-0.0518,-0.1347,0.0,0.1228,0.1582,0.03,0.0,90.0,0.0,0.0,120.0,120.0,120.0,120.0,0.0,117.0,-23.8,-0.0,900.601,2.5134,0.2983,0.0,0.1582,2.4278
195,53,2026-04-16 10:01:00+00:00,2026-04-16 10:11:00+00:00,alimentacion,,21,-0.15,0.8166,0.7,0.9671,-0.9671,-0.045,0.1783,0.3,-0.4333,0.6767,0.1839,-0.0002,0.0105,0.0144,-0.0244,0.0021,0.0105,0.0,0.0006,0.0013,-0.0011,0.0,0.0006,14,17,0.2,0.35,0.002171,0.006071,0.0,0.001627,1.335,609.884,60.988,22.588,29.042,1.0154,0.9848,289257.0,0.6767,0.0021,117.363,0.1839,2e-06,3.0104,0.7645,22.1096,0.8042,0.7538,2.0916,0.001587,0.00502,0.7666,0.6574,0.4902,0.2118,2.5994,116.0,7.0,11.0,-0.2761,-0.9505,117.529,0.0677,0,4,0,0.0,0.0,0.0,128.0,108.0,0.9671,0.9319,0.9391,0.9685,-0.9671,-0.9319,-0.9599,-0.8918,0.0,0.666,0.6983,0.9332,0.0,600.0,180.0,240.0,480.0,360.0,360.0,600.0,0.0,27.0,-3.0,-5.6,22.5883,0.0677,17.7805,0.1225,0.9685,1.6821
196,61,2026-04-20 00:29:00+00:00,2026-04-20 00:33:00+00:00,alimentacion,,9,-0.375,0.8994,0.5,0.9831,-0.9831,-0.0375,0.0512,0.0,-0.1333,0.0322,0.0635,0.0,0.0028,0.0044,-0.0044,0.0001,0.0028,0.0,0.0002,0.0003,-0.0001,0.0,0.0002,4,4,0.0,0.375,0.00117,0.002222,0.000275,0.000486,0.2659,240.482,60.12,26.72,26.72,1.0013,0.9987,258830.0,0.0322,0.0001,169.584,0.0635,0.0,1.8366,0.7544,1.0986,1.0,1.0,2.1133,0.003704,0.006117,0.897,0.6818,-0.0157,-0.3454,1.4639,169.0,3.0,3.0,0.0015,-1.0598,169.571,0.0185,0,0,0,0.0,0.0,0.0,174.0,165.0,0.9831,0.9577,0.9625,0.9929,-0.9831,-0.9577,-0.9729,-0.9109,0.0,0.6748,0.6995,0.9177,0.0,210.0,60.0,90.0,90.0,210.0,210.0,210.0,0.0,9.0,-0.0,-0.0,26.7202,0.008,1.0986,0.3373,0.9929,2.1133
197,69,2026-04-21 09:02:00+00:00,2026-04-21 09:07:00+00:00,alimentacion,,11,0.0,0.3292,0.9,0.2194,-0.2194,-0.0233,0.1578,0.2,-0.3,0.2544,0.1595,0.0,0.0091,0.0144,-0.0111,0.0008,0.0091,0.0,0.0006,0.0008,-0.0006,0.0,0.0006,9,6,0.3,0.3,0.002296,0.004444,0.000547,0.001241,0.6411,303.76,60.752,43.394,27.615,1.0123,0.9879,115685.0,0.2544,0.0008,102.552,0.1595,2e-06,2.2313,0.85,0.0,1.0,0.5984,2.2015,0.00303,0.005999,0.6456,0.3839,0.3139,-0.6685,1.6428,103.0,4.0,5.5,-0.3633,-0.8935,102.667,0.0435,3,1,0,5.333,0.847,0.6,108.0,104.0,0.2194,0.0322,0.0693,0.2018,-0.2194,-0.0322,-0.2604,0.1106,0.0,-0.4232,-0.3892,0.415,60.0,270.0,180.0,180.0,270.0,270.0,270.0,270.0,6.0,7.0,-0.0,-0.0,43.3943,0.0509,0.0,0.0,0.4232,2.2015
199,33,2026-04-12 21:52:00+00:00,2026-04-12 22:04:00+00:00,alimentacion,,25,-0.125,0.5185,0.2917,0.9157,-0.9157,-0.0125,0.1414,0.3667,-0.4667,0.4833,0.1419,-0.0,0.0083,0.0156,-0.0278,0.0016,0.0083,0.0,0.0005,0.0014,-0.0013,0.0,0.0005,7,6,0.0833,0.2083,0.001147,0.006918,0.0,0.001775,0.8268,727.003,60.584,80.778,29.08,1.0096,0.9904,285411.0,0.4833,0.0016,106.848,0.1419,2e-06,1.7639,0.6633,0.1542,1.0262,0.6607,1.486,0.001333,0.005088,0.7515,0.5064,0.4782,0.4319,2.6117,104.0,0.0,5.0,1.3851,0.6121,106.0,0.0406,1,1,1,8.0,0.65,0.083,117.0,107.0,0.9157,0.9256,0.9199,0.9215,-0.9157,-0.9256,-0.9092,-0.9042,0.0,0.7978,0.811,0.8334,240.0,270.0,120.0,60.0,180.0,150.0,150.0,270.0,5.0,9.0,0.4,-0.0,80.7781,0.0403,0.1582,0.0648,0.9256,1.5249
200,57,2026-04-19 09:44:00+00:00,2026-04-19 09:49:00+00:00,alimentacion,,11,-0.3,0.7436,0.7,0.9567,-0.9567,-0.0533,0.1492,0.2333,-0.3667,0.2511,0.1585,-0.0,0.0088,0.01,-0.02,0.0007,0.0088,0.0,0.0005,0.001,-0.0009,0.0,0.0005,7,6,0.1,0.4,0.002006,0.005519,0.0,0.001594,0.5953,303.685,60.737,18.98,27.608,1.0108,0.9893,146042.0,0.2511,0.0007,115.224,0.1585,2e-06,2.4817,0.7316,20.7233,1.0,0.7923,2.2015,0.006061,0.006679,0.6622,0.5221,0.0878,-0.1843,1.9542,117.0,4.0,7.5,-0.0938,-1.2138,115.111,0.0481,0,1,0,0.0,0.0,0.0,123.0,113.0,0.9567,0.9362,0.9429,0.9488,-0.9567,-0.9362,-0.94,-0.8935,0.0,0.6674,0.6963,0.9134,0.0,270.0,210.0,60.0,150.0,30.0,30.0,270.0,0.0,16.0,-0.0,-0.0,18.9803,0.0502,20.7233,0.2231,0.9567,2.2015
201,73,2026-04-22 02:43:00+00:00,2026-04-22 02:47:00+00:00,alimentacion,,9,-0.375,0.5173,0.75,0.9182,-0.9182,-0.0542,0.1755,0.3,-0.3667,0.27,0.1837,0.0006,0.0106,0.0122,-0.0222,0.0008,0.0107,0.0,0.0007,0.0011,-0.0011,0.0,0.0007,6,4,0.125,0.5,0.002361,0.006111,0.000269,0.002225,0.5134,243.955,60.989,18.766,27.106,1.015,0.9852,163412.0,0.27,0.0008,134.748,0.1837,2e-06,2.5033,0.7127,0.0,1.0,0.7166,2.1133,0.011111,0.008666,0.5425,0.1811,0.0663,-0.2781,1.8434,134.0,4.0,7.0,0.172,-1.5072,134.429,0.0347,0,1,0,0.0,0.0,0.0,142.0,131.0,0.9182,0.9328,0.9342,0.908,-0.9182,-0.9328,-0.8932,-0.9115,0.0,0.7516,0.7566,0.8067,0.0,210.0,30.0,90.0,120.0,60.0,60.0,210.0,0.0,13.0,-8.0,-0.0,18.7658,0.0675,0.0,0.194,0.9342,2.1133
202,81,2026-04-23 14:16:00+00:00,2026-04-23 14:17:00+00:00,servido,,3,0.5,0.75,0.5,-0.8944,0.8944,0.9,0.9,1.8,0.0,3.24,1.2728,0.06,0.0,0.06,0.06,0.0036,0.06,0.0,0.0,0.0,0.0,0.0,0.0,1,0,0.5,0.0,0.0,0.0,0.0,0.0,0.0,91.774,91.774,1.7,30.591,1.1369,0.8796,45867.0,3.24,0.0036,123.649,1.2728,7.1e-05,0.9183,0.0,0.0,1.0,1.0,1.585,0.0,0.0,0.0,0.0,0.0,0.0,0.0,103.0,0.0,27.0,0.7071,-1.5,103.0,0.2104,0,0,0,0.0,0.0,0.0,0.0,0.0,-0.8944,-0.7742,-0.8165,-0.8944,0.8944,0.7742,0.8944,0.7071,0.0,0.0,0.0,-1.0,60.0,0.0,0.0,0.0,60.0,60.0,60.0,60.0,0.0,0.0,-0.0,108.0,1.6995,3.24,0.0,0.375,1.0,1.585
203,89,2026-04-25 07:27:00+00:00,2026-04-25 07:33:00+00:00,alimentacion,,13,0.0833,0.0362,0.6667,-0.124,0.124,-0.0083,0.1402,0.2,-0.3,0.2367,0.1404,0.0,0.0086,0.0144,-0.0167,0.0008,0.0086,-0.0,0.0006,0.0009,-0.001,0.0,0.0006,8,8,0.3333,0.25,0.001189,0.00305,0.0,0.001044,0.4635,363.501,60.583,121.167,27.962,1.0097,0.9904,324028.0,0.2367,0.0008,157.877,0.1404,1e-06,2.4116,0.6924,20.7233,0.9483,0.6144,2.2772,0.002564,0.007555,0.5598,0.114,-0.1229,-0.3823,2.238,157.0,2.0,3.0,0.5622,-0.6781,157.636,0.0199,2,0,1,5.0,0.901,0.333,164.0,154.0,-0.124,-0.2433,-0.2101,-0.0894,0.124,0.2433,0.1269,0.2893,0.0,-0.5444,-0.5075,0.0299,210.0,300.0,150.0,150.0,300.0,300.0,300.0,300.0,7.0,3.0,0.0,-0.0,121.167,0.0394,19.6519,0.003,0.5444,2.1595
204,97,2026-04-26 13:12:00+00:00,2026-04-26 13:18:00+00:00,alimentacion,,13,-0.3333,0.9555,0.6667,0.9911,-0.9911,-0.0444,0.0657,0.0,-0.1667,0.0756,0.0793,0.0,0.0039,0.0056,-0.0056,0.0002,0.0039,0.0,0.0003,0.0004,-0.0003,0.0,0.0003,8,10,0.0,0.3333,0.000637,0.001389,0.0,0.000576,0.2484,361.127,60.188,22.57,27.779,1.0021,0.9979,253869.0,0.0756,0.0002,139.744,0.0793,0.0,2.2955,0.6084,21.4164,0.1341,1.0,2.2772,0.002564,0.00418,0.9262,0.8557,0.4137,-0.1083,1.4198,138.0,5.0,8.0,0.1267,-1.4369,139.545,0.0429,0,0,1,0.0,0.0,0.0,148.0,132.0,0.9911,0.9578,0.9618,0.9822,-0.9911,-0.9578,-0.9942,-0.9028,0.0,0.6882,0.7218,0.9571,0.0,300.0,90.0,180.0,240.0,240.0,240.0,300.0,0.0,16.0,-0.0,0.0,22.5704,0.0126,2.8719,0.3185,0.9942,0.3054
205,105,2026-04-28 00:15:00+00:00,2026-04-28 00:20:00+00:00,alimentacion,,11,-0.3,0.573,0.8,0.9182,-0.9182,-0.0467,0.1628,0.2333,-0.3,0.2867,0.1693,-0.0011,0.0095,0.01,-0.0178,0.0008,0.0095,-0.0001,0.0006,0.0009,-0.0009,0.0,0.0006,8,7,0.2,0.5,0.002452,0.006835,0.0,0.002196,0.6816,304.227,60.845,21.731,27.657,1.013,0.9872,251924.0,0.2867,0.0008,151.335,0.1693,1e-06,2.6635,0.7965,0.0,1.0,0.706,2.2015,0.012121,0.009029,0.4447,0.1417,0.2604,0.1972,2.1277,151.0,4.0,7.0,-0.2598,-0.9082,151.556,0.0286,0,2,0,0.0,0.0,0.0,157.0,147.0,0.9182,0.9081,0.9116,0.9187,-0.9182,-0.9081,-0.8991,-0.8699,0.0,0.6696,0.6961,0.8625,0.0,300.0,60.0,90.0,210.0,120.0,120.0,300.0,0.0,14.0,0.0,-18.0,21.7305,0.0573,0.0,0.1719,0.9187,2.2015
206,113,2026-04-29 21:22:00+00:00,2026-04-29 21:32:00+00:00,alimentacion,,21,-0.25,0.9239,0.5,0.988,-0.988,-0.03,0.0536,0.0,-0.1667,0.0756,0.0615,0.0,0.003,0.0056,-0.0056,0.0002,0.003,0.0,0.0002,0.0004,-0.0003,0.0,0.0002,10,12,0.0,0.25,0.000395,0.001389,0.0,0.000494,0.2488,601.128,60.113,33.396,28.625,1.0014,0.9986,463402.0,0.0756,0.0002,148.549,0.0615,0.0,2.3564,0.5897,0.5465,0.0098,1.0,2.0916,0.001587,0.002689,0.9438,0.932,0.7367,0.4271,1.3861,146.0,5.0,15.0,0.3399,-1.4331,148.0,0.0476,0,0,1,0.0,0.0,0.0,159.0,141.0,0.988,0.9686,0.9676,0.983,-0.988,-0.9686,-0.991,-0.9323,0.0,0.7556,0.7852,0.9292,0.0,390.0,120.0,240.0,300.0,270.0,270.0,390.0,0.0,18.0,-0.0,0.0,33.396,0.0076,0.0054,0.231,0.991,0.0205
207,121,2026-05-01 01:02:00+00:00,2026-05-01 01:10:00+00:00,alimentacion,,17,-0.125,0.7926,0.375,0.9621,-0.9621,-0.0271,0.0775,0.0667,-0.2667,0.1078,0.0821,-0.0001,0.0042,0.0089,-0.0089,0.0003,0.0042,-0.0,0.0003,0.0006,-0.0003,0.0,0.0003,6,8,0.0625,0.1875,0.000841,0.002222,0.0,0.00081,0.4125,481.595,60.199,37.046,28.329,1.003,0.9971,261848.0,0.1078,0.0003,124.108,0.0821,0.0,1.8499,0.4805,0.3567,0.2479,0.9135,1.6831,0.001961,0.003533,0.8979,0.8505,0.6045,0.0994,1.469,120.0,0.0,8.0,0.4903,-1.5176,123.8,0.0418,0,0,1,0.0,0.0,0.0,133.0,118.0,0.9621,0.9465,0.9425,0.9482,-0.9621,-0.9465,-0.9669,-0.8936,0.0,0.7689,0.7741,0.9163,90.0,480.0,120.0,120.0,210.0,210.0,210.0,480.0,2.0,13.0,-0.0,-2.0,37.0458,0.0135,0.0884,0.0991,0.9669,0.4172
208,129,2026-05-02 01:36:00+00:00,2026-05-02 01:41:00+00:00,alimentacion,,11,-0.4,0.8353,0.9,0.9646,-0.9646,-0.0533,0.1343,0.2333,-0.3,0.2089,0.1445,-0.0004,0.0089,0.0144,-0.0178,0.0007,0.0089,-0.0,0.0006,0.0009,-0.0011,0.0,0.0006,9,8,0.1,0.5,0.001055,0.002773,0.000269,0.000717,0.2985,303.087,60.617,18.943,27.553,1.0089,0.9912,272711.0,0.2089,0.0007,157.454,0.1445,1e-06,2.7322,0.5229,0.0,1.0,0.7923,2.2015,0.00303,0.006659,0.6751,0.541,0.0964,-0.3345,1.8413,159.0,5.0,9.0,-0.4231,-1.2632,157.667,0.034,0,1,0,0.0,0.0,0.0,164.0,153.0,0.9646,0.9174,0.9279,0.9508,-0.9646,-0.9174,-0.9599,-0.8491,0.0,0.5948,0.6306,0.9538,0.0,300.0,210.0,120.0,180.0,180.0,180.0,300.0,0.0,16.0,-0.0,-6.0,18.9429,0.0418,0.0,0.3341,0.9646,2.2015
209,137,2026-05-03 18:42:00+00:00,2026-05-03 18:53:00+00:00,ruido,,23,0.0,0.0447,0.1818,0.8476,-0.8476,-0.0121,0.0715,0.0667,-0.3333,0.1156,0.0725,-0.0,0.0035,0.0111,-0.0111,0.0003,0.0035,0.0,0.0002,0.0007,-0.0004,0.0,0.0002,4,5,0.0455,0.0455,0.000691,0.005556,0.0,0.001368,0.3932,661.689,60.154,82.711,28.769,1.0025,0.9975,254151.0,0.1156,0.0003,105.119,0.0725,0.0,1.2647,0.2124,0.2201,0.4822,0.945,1.9668,0.002899,0.005371,0.7925,0.4865,-0.1105,-0.1914,2.9624,105.0,0.0,2.0,2.2863,4.5534,104.474,0.0248,0,1,2,0.0,0.0,0.0,113.0,103.0,0.8476,0.9298,0.9287,0.8407,-0.8476,-0.9298,-0.7982,-0.9615,0.0,0.8637,0.914,0.6838,0.0,60.0,0.0,0.0,270.0,270.0,270.0,270.0,0.0,10.0,-8.0,-0.0,82.7111,0.0105,0.1061,0.0,0.9615,0.9484
210,145,2026-05-04 16:22:00+00:00,2026-05-04 16:37:00+00:00,ruido,,31,0.0333,0.0002,0.2,-0.0467,0.0467,0.0,0.1033,0.3667,-0.3333,0.32,0.1033,-0.0001,0.0061,0.0122,-0.0233,0.0011,0.0061,0.0,0.0004,0.0011,-0.0012,0.0,0.0004,6,7,0.1,0.0667,0.000784,0.005831,0.0,0.001559,0.6469,904.681,60.312,904680964.547,29.183,1.0052,0.9948,591323.0,0.32,0.0011,138.112,0.1033,1e-06,0.6121,0.3039,0.1296,1.0347,0.7373,1.9178,0.011828,0.009113,0.442,-0.1051,-0.0543,-0.0787,3.6538,138.0,0.0,0.0,3.4241,15.1081,137.84,0.0149,0,1,2,0.0,0.0,0.0,148.0,134.0,-0.0467,-0.0648,-0.0545,-0.0333,0.0467,0.0648,0.0356,0.1019,0.0,-0.0957,-0.0934,0.0,270.0,60.0,900.0,900.0,900.0,0.0,0.0,300.0,10.0,4.0,-0.8,0.0,904.681,0.0213,0.1341,0.0,0.1019,1.9843
214,172,2026-05-26 21:34:00+00:00,2026-05-26 21:36:00+00:00,servido,,5,0.25,0.75,0.5,-0.9037,0.9037,0.8333,1.4434,3.3333,0.0,11.1111,1.6667,0.0,0.0907,0.1111,-0.1111,0.0247,0.0907,-0.0019,0.0056,0.0037,-0.0074,0.0001,0.0059,2,2,0.25,0.0,0.01818,0.055556,0.0,0.021138,1.8937,194.403,97.202,1.944,38.881,1.2445,0.8035,99120.0,11.1111,0.0247,140.798,1.6667,0.000112,0.971,-0.0,0.0,1.0,1.0,1.8575,0.006667,0.007515,0.8727,0.4583,-1.0,0.0,0.55,92.0,0.0,100.0,0.4082,-1.8333,125.333,0.3711,0,0,0,0.0,0.0,0.0,192.0,92.0,-0.9037,-0.8113,-0.8345,-0.9037,0.9037,0.8113,0.9263,0.7071,0.0,-0.2887,-0.3638,-0.9449,90.0,0.0,0.0,0.0,90.0,90.0,90.0,90.0,0.0,0.0,-0.0,-0.0,1.944,5.5556,0.0,0.1875,0.9449,1.8575
215,176,2026-05-27 13:10:00+00:00,2026-05-27 13:15:00+00:00,ruido,,11,0.1,0.45,0.2,-0.9174,0.9174,0.0133,0.04,0.1333,0.0,0.0178,0.0422,0.0,0.0021,0.0044,-0.0044,0.0,0.0021,-0.0,0.0001,0.0001,-0.0003,0.0,0.0001,2,2,0.1,0.0,0.000504,0.002222,0.0,0.000727,0.1329,300.265,60.053,75.066,27.297,1.0008,0.9992,373547.0,0.0178,0.0,184.279,0.0422,0.0,0.684,-0.0,0.3365,1.0,1.0,2.2015,0.00303,0.005945,0.7237,0.5278,-0.0833,-0.1852,1.8535,185.0,0.0,0.0,-1.6499,0.7222,184.556,0.0084,0,0,1,0.0,0.0,0.0,185.0,181.0,-0.9174,-0.9739,-0.9649,-0.9167,0.9174,0.9739,0.8866,0.9864,0.0,-0.8677,-0.9007,-0.7888,60.0,0.0,0.0,0.0,60.0,60.0,60.0,60.0,0.0,0.0,-0.0,-0.0,75.0662,0.0036,0.3365,0.045,0.9864,2.2015
216,180,2026-05-27 23:57:00+00:00,2026-05-28 00:06:00+00:00,alimentacion,,19,-0.2778,0.776,0.6667,0.7933,-0.7933,-0.0259,0.0843,0.2333,-0.1333,0.14,0.0882,0.0,0.0042,0.0078,-0.0078,0.0003,0.0042,0.0,0.0002,0.0003,-0.0005,0.0,0.0002,12,13,0.0556,0.3333,0.001132,0.003035,0.0,0.000899,0.6116,542.084,60.232,38.72,28.531,1.0035,0.9965,398824.0,0.14,0.0003,144.882,0.0882,0.0,2.6498,0.6999,1.9459,0.2746,0.8094,2.0122,0.001754,0.002794,0.9035,0.8889,0.6829,0.2774,1.1184,147.0,5.0,11.5,-0.1379,-1.1448,144.765,0.0448,1,0,0,7.0,1.188,0.111,155.0,134.0,0.7933,0.6507,0.6703,0.779,-0.7933,-0.6507,-0.839,-0.537,0.0,0.2431,0.2727,0.9203,90.0,510.0,300.0,330.0,390.0,270.0,270.0,510.0,7.0,14.0,-0.0,-4.0,38.7203,0.0156,0.5343,0.2156,0.9203,0.5526
217,184,2026-05-28 12:50:00+00:00,2026-05-28 13:05:00+00:00,ruido,,31,0.0667,0.5646,0.2333,-0.9411,0.9411,0.0411,0.207,1.0333,-0.3,1.3367,0.2111,0.0,0.0094,0.0344,-0.0278,0.0026,0.0094,-0.0,0.0005,0.001,-0.0021,0.0,0.0005,7,7,0.1333,0.0667,0.001838,0.01273,0.0,0.0032,1.6263,917.092,61.139,24.786,29.584,1.0181,0.9822,236037.0,1.3367,0.0026,87.259,0.2111,6e-06,1.4752,0.2773,0.1299,0.3456,0.9161,1.7579,0.001075,0.00289,0.9067,0.8364,0.5481,0.4075,2.2314,94.0,0.0,24.0,-1.0125,-0.616,87.96,0.1553,1,0,1,9.0,0.625,0.067,103.0,57.0,-0.9411,-0.9797,-0.9727,-0.9279,0.9411,0.9797,0.9176,0.9808,0.0,-0.8823,-0.9049,-0.8104,300.0,0.0,210.0,90.0,330.0,330.0,330.0,330.0,9.0,0.0,6.114,0.0,24.7863,0.0891,0.0449,0.0377,0.9808,0.6075
218,188,2026-05-28 18:09:00+00:00,2026-05-28 18:26:00+00:00,ruido,,35,0.0588,0.2269,0.2353,-0.1662,0.1662,0.001,0.0826,0.2,-0.4,0.2322,0.0826,0.0,0.004,0.0133,-0.0133,0.0005,0.004,-0.0,0.0002,0.0009,-0.0004,0.0,0.0002,8,12,0.0882,0.0294,0.00078,0.003333,0.0,0.001075,0.8195,1023.386,60.199,1023.386,29.24,1.0033,0.9967,780119.0,0.2322,0.0005,149.295,0.0826,0.0,1.6562,0.151,0.1911,0.0549,0.8124,1.9052,0.000952,0.002193,0.9524,0.8706,0.5874,0.2996,2.0012,147.0,1.0,6.0,1.1362,-0.29,148.655,0.0299,1,1,4,11.0,3.188,0.059,158.0,146.0,-0.1662,-0.2971,-0.2944,-0.1548,0.1662,0.2971,0.0767,0.3991,0.0,-0.3736,-0.4342,0.035,240.0,420.0,0.0,0.0,930.0,930.0,930.0,930.0,10.0,1.0,2.143,0.857,1023.386,0.0137,0.0105,0.0133,0.4342,0.1046
219,192,2026-05-29 02:57:00+00:00,2026-05-29 03:01:00+00:00,ruido,,9,0.0,0.0037,0.5,-0.5755,0.5755,0.0042,0.0588,0.1333,-0.1,0.0278,0.0589,0.0,0.003,0.0044,-0.0044,0.0001,0.003,-0.0,0.0002,0.0002,-0.0003,0.0,0.0002,4,3,0.125,0.125,0.000984,0.002222,0.0,0.000837,0.2324,240.415,60.104,240.415,26.713,1.0017,0.9983,172520.0,0.0278,0.0001,138.452,0.0589,0.0,1.4355,0.4444,1.0986,1.0,0.797,2.1133,0.007407,0.006624,0.8335,0.2828,-0.4055,-0.122,1.5259,138.0,0.0,0.0,1.038,-0.4466,138.286,0.0103,1,0,1,3.0,0.938,0.25,141.0,137.0,-0.5755,-0.697,-0.678,-0.604,0.5755,0.697,0.5116,0.7937,0.0,-0.7435,-0.786,-0.3325,60.0,0.0,0.0,0.0,120.0,120.0,120.0,120.0,3.0,0.0,-0.0,-0.0,240.415,0.0069,1.0986,0.0,0.7937,2.1133
220,196,2026-05-29 14:02:00+00:00,2026-05-29 14:10:00+00:00,alimentacion,,17,-0.0625,0.3737,0.6875,0.7328,-0.7328,-0.0167,0.1979,0.5,-0.4,0.6311,0.1986,-0.0,0.0125,0.0278,-0.03,0.0024,0.0125,0.0,0.0008,0.0015,-0.0019,0.0,0.0008,11,12,0.25,0.3125,0.001461,0.004705,0.0,0.001376,0.745,489.114,61.139,61.139,28.771,1.0188,0.9815,233294.0,0.6311,0.0024,117.146,0.1986,3e-06,2.336,0.8856,21.4164,0.9432,0.6255,2.164,0.001961,0.007885,0.5683,0.1403,0.0335,-0.0452,2.6803,119.0,3.0,7.0,-0.2069,-1.3956,117.133,0.0386,1,3,1,3.0,0.938,0.125,122.0,109.0,0.7328,0.6793,0.6841,0.7226,-0.7328,-0.6793,-0.7488,-0.61,0.0,0.4803,0.4683,0.7541,390.0,360.0,210.0,210.0,240.0,120.0,120.0,420.0,4.0,11.0,0.0,-0.0,61.1392,0.0789,20.1999,0.0234,0.7541,2.0411
221,200,2026-05-30 08:58:00+00:00,2026-05-30 09:04:00+00:00,ruido,,13,0.0,0.3429,0.25,-0.1359,0.1359,0.0,0.0544,0.1333,-0.1333,0.0356,0.0544,-0.0004,0.0023,0.0044,-0.0044,0.0001,0.0023,0.0,0.0001,0.0003,-0.0001,0.0,0.0001,3,4,0.0833,0.0833,0.000763,0.002222,0.0,0.000903,0.2649,360.531,60.088,360530983.802,27.733,1.0015,0.9985,353632.0,0.0356,0.0001,164.932,0.0544,0.0,0.7793,0.335,0.383,0.7078,0.7873,1.7079,0.002564,0.004841,0.9188,0.5889,-0.22,-0.1875,1.735,164.0,0.0,0.0,1.278,-0.3667,164.727,0.0102,1,0,1,4.0,1.5,0.167,168.0,164.0,-0.1359,-0.252,-0.271,-0.1342,0.1359,0.252,0.0674,0.3554,0.0,-0.2867,-0.3677,0.0,30.0,0.0,360.0,360.0,360.0,0.0,0.0,120.0,4.0,0.0,8.0,-0.0,360.531,0.0059,0.2711,0.0,0.3677,1.2089
222,204,2026-05-30 11:58:00+00:00,2026-05-30 12:06:00+00:00,alimentacion,,17,-0.25,0.6627,0.6875,0.4943,-0.4943,-0.0271,0.1464,0.4,-0.2333,0.3544,0.1488,-0.0004,0.0072,0.0133,-0.0133,0.0008,0.0072,-0.0,0.0004,0.0005,-0.0009,0.0,0.0004,11,11,0.125,0.375,0.002449,0.006667,0.0,0.001657,1.1249,485.201,60.65,37.323,28.541,1.0105,0.9896,370266.0,0.3544,0.0008,147.582,0.1488,1e-06,2.6313,0.883,1.9459,0.5867,0.6953,2.164,0.001961,0.003502,0.9083,0.7674,0.5471,0.14,1.4219,147.0,6.0,12.0,0.1408,-0.8236,147.4,0.048,2,1,0,8.0,0.964,0.25,160.0,138.0,0.4943,0.3162,0.3324,0.4966,-0.4943,-0.3162,-0.5608,-0.1741,0.0,-0.0663,-0.0635,0.6754,60.0,480.0,240.0,330.0,390.0,240.0,240.0,480.0,12.0,13.0,12.0,-7.0,37.3232,0.0443,1.1417,0.1657,0.6754,1.2696
223,208,2026-05-31 01:56:00+00:00,2026-05-31 02:02:00+00:00,alimentacion,,13,-0.25,0.7575,0.6667,0.874,-0.874,-0.0333,0.0943,0.1333,-0.2,0.12,0.1,-0.0002,0.0057,0.0067,-0.01,0.0004,0.0057,-0.0,0.0004,0.0006,-0.0006,0.0,0.0004,8,9,0.1667,0.4167,0.000766,0.002499,0.0,0.000681,0.2822,361.789,60.298,30.149,27.83,1.0044,0.9956,159131.0,0.12,0.0004,110.638,0.1,1e-06,2.6235,0.8194,1.0986,0.6111,0.7684,2.2772,0.002564,0.004751,0.8588,0.7196,0.3261,-0.1623,1.4615,113.0,3.0,7.0,-0.4555,-0.9713,110.636,0.0425,0,1,0,0.0,0.0,0.0,118.0,107.0,0.874,0.7597,0.7823,0.8782,-0.874,-0.7597,-0.8966,-0.6581,0.0,0.3342,0.3782,0.9613,120.0,360.0,210.0,240.0,300.0,150.0,150.0,360.0,4.0,12.0,-0.0,-4.0,30.1491,0.02,0.6714,0.1894,0.9613,1.3916
224,212,2026-05-31 12:29:00+00:00,2026-05-31 12:35:00+00:00,ruido,,13,0.0,0.0508,0.3333,-0.4953,0.4953,0.0028,0.0616,0.1667,-0.1333,0.0456,0.0616,0.0,0.003,0.0056,-0.0056,0.0001,0.003,-0.0,0.0002,0.0003,-0.0004,0.0,0.0002,4,3,0.0833,0.0833,0.000871,0.002778,0.0,0.001055,0.2981,360.679,60.113,360.679,27.745,1.0019,0.9981,66419.0,0.0456,0.0001,71.478,0.0616,1e-06,1.1982,0.335,0.3365,0.98,0.8136,1.9925,0.005128,0.00632,0.8113,0.3315,-0.27,-0.0554,2.1374,71.0,0.0,0.0,1.6832,1.306,71.273,0.0217,1,0,1,4.0,0.95,0.167,75.0,70.0,-0.4953,-0.6029,-0.6019,-0.5146,0.4953,0.6029,0.4317,0.6946,0.0,-0.5926,-0.6619,-0.3281,60.0,0.0,0.0,0.0,120.0,120.0,120.0,120.0,4.0,0.0,-0.0,-0.0,360.679,0.0076,0.3298,0.0,0.6946,1.9526
225,216,2026-05-31 23:06:00+00:00,2026-05-31 23:27:00+00:00,ruido,,43,-0.0238,0.4147,0.4048,0.4551,-0.4551,-0.0056,0.1138,0.4333,-0.4,0.5456,0.114,0.0,0.0062,0.0144,-0.0189,0.0016,0.0062,-0.0,0.0004,0.001,-0.0011,0.0,0.0004,17,18,0.119,0.1429,0.000972,0.004567,0.0,0.00131,1.2126,1267.952,60.379,181.136,29.487,1.0063,0.9937,844606.0,0.5456,0.0016,140.15,0.114,1e-06,2.3439,0.5026,0.2231,0.5014,0.7044,1.7667,0.000775,0.001943,0.931,0.8741,0.7946,0.5808,1.7152,141.0,7.0,12.0,0.67,-0.865,139.257,0.0463,3,4,2,10.333,2.917,0.143,154.0,141.0,0.4551,0.3115,0.3325,0.4518,-0.4551,-0.3115,-0.5244,-0.1996,0.0,-0.0237,0.017,0.636,330.0,750.0,0.0,660.0,660.0,750.0,750.0,750.0,13.0,7.0,-0.357,-0.0,181.136,0.026,0.1119,0.0099,0.636,0.8858
226,220,2026-06-01 14:22:00+00:00,2026-06-01 14:33:00+00:00,ruido,,23,-0.0455,0.3314,0.2273,-0.1569,0.1569,0.0,0.0522,0.2,-0.1,0.06,0.0522,-0.0,0.0029,0.0067,-0.01,0.0002,0.0029,-0.0,0.0002,0.0004,-0.0006,0.0,0.0002,5,6,0.0455,0.0909,0.000506,0.003333,0.0,0.000841,0.2991,660.893,60.081,660893370.808,28.734,1.0014,0.9986,382289.0,0.06,0.0002,128.923,0.0522,0.0,0.9976,0.3823,0.3406,0.6132,0.819,1.5734,0.001449,0.004425,0.7985,0.5748,0.3684,0.116,2.434,128.0,0.0,1.5,1.6193,1.671,128.632,0.0127,1,0,2,6.0,0.75,0.091,134.0,128.0,-0.1569,-0.2772,-0.2911,-0.1473,0.1569,0.2772,0.0844,0.3614,0.0,-0.3238,-0.3981,0.0,60.0,0.0,660.0,660.0,660.0,0.0,0.0,240.0,6.0,0.0,3.0,-0.0,660.893,0.0055,0.2089,0.0151,0.3981,0.9648
227,224,2026-06-01 16:33:00+00:00,2026-06-01 16:44:00+00:00,ruido,,23,0.0,0.0837,0.1364,0.0325,-0.0325,0.0,0.0905,0.3,-0.3,0.18,0.0905,0.0,0.0053,0.02,-0.01,0.0006,0.0053,0.0,0.0003,0.001,-0.001,0.0,0.0003,3,3,0.0455,0.0455,0.000543,0.005,0.0,0.001466,0.3,662.642,60.24,662641839.053,28.811,1.004,0.996,340217.0,0.18,0.0006,121.623,0.0905,1e-06,0.258,0.2124,0.229,1.5543,0.819,1.5734,0.004348,0.008696,0.4545,-0.0496,-0.0068,-0.0126,3.4594,122.0,0.0,0.0,-4.4772,18.0455,122.0,0.0151,0,1,1,0.0,0.0,0.0,122.0,113.0,0.0325,0.0684,0.0889,0.0,-0.0325,-0.0684,-0.0119,-0.0774,0.0,0.067,0.0965,0.0,0.0,60.0,660.0,660.0,660.0,0.0,0.0,90.0,0.0,9.0,-1.8,0.0,662.642,0.0164,0.3559,0.0,0.0965,2.4455
228,228,2026-06-01 21:29:00+00:00,2026-06-01 21:40:00+00:00,ruido,,23,0.0,0.0036,0.1364,0.58,-0.58,-0.0015,0.0555,0.1667,-0.2,0.0678,0.0555,0.0,0.0033,0.0122,-0.0067,0.0002,0.0033,-0.0,0.0002,0.0006,-0.0006,0.0,0.0002,3,4,0.0455,0.0455,0.000289,0.003054,0.0,0.00073,0.1998,661.008,60.092,661.008,28.739,1.0015,0.9985,336287.0,0.0678,0.0002,120.918,0.0555,0.0,0.8077,0.2124,0.1325,1.1767,0.838,1.7701,0.007246,0.00924,0.4384,-0.1228,-0.2255,-0.0017,3.3822,121.0,0.0,0.0,-3.7484,14.4316,121.053,0.0091,0,0,1,0.0,0.0,0.0,122.0,116.0,0.58,0.6496,0.6543,0.6078,-0.58,-0.6496,-0.5381,-0.6735,0.0,0.6008,0.649,0.4595,0.0,90.0,0.0,0.0,120.0,120.0,120.0,120.0,0.0,6.0,-3.6,0.0,661.008,0.0062,0.1559,0.0,0.6735,2.0829
229,232,2026-06-02 06:07:00+00:00,2026-06-02 06:18:00+00:00,ruido,,23,0.0455,0.0049,0.2273,0.0363,-0.0363,0.0,0.0921,0.2667,-0.3333,0.1867,0.0921,-0.0,0.0054,0.0111,-0.02,0.0006,0.0054,-0.0,0.0003,0.001,-0.001,0.0,0.0003,5,6,0.0909,0.0455,0.000674,0.004992,0.0,0.001379,0.3986,662.738,60.249,662737718.751,28.815,1.0041,0.9959,203308.0,0.1867,0.0006,94.018,0.0921,1e-06,0.9123,0.2124,0.3127,1.017,0.7739,1.9668,0.004348,0.00878,0.4831,-0.0523,-0.1725,0.0,3.3799,94.0,0.0,0.0,3.2171,11.95,93.789,0.0198,0,1,1,0.0,0.0,0.0,102.0,92.0,0.0363,0.0548,0.0388,0.0791,-0.0363,-0.0548,-0.0236,-0.0866,0.0,0.0749,0.0809,0.0,60.0,90.0,660.0,660.0,660.0,0.0,0.0,210.0,8.0,2.0,0.4,-0.0,662.738,0.017,0.318,0.0002,0.0866,2.0002
230,236,2026-06-02 14:53:00+00:00,2026-06-02 15:00:00+00:00,alimentacion,,15,-0.1429,0.0215,0.6429,-0.5269,0.5269,-0.019,0.1531,0.2333,-0.3333,0.3333,0.1543,-0.0003,0.0077,0.0122,-0.01,0.0008,0.0077,0.0,0.0005,0.0007,-0.0007,0.0,0.0005,9,12,0.2857,0.4286,0.001603,0.003558,0.000272,0.001077,0.6229,424.927,60.704,53.116,28.328,1.0115,0.9886,159526.0,0.3333,0.0008,103.126,0.1543,2e-06,2.8402,0.885,21.4164,0.6296,0.6678,2.3441,0.002222,0.003765,0.9056,0.5964,0.0132,-0.3199,1.2661,104.0,5.0,9.5,-0.7174,-0.5003,103.462,0.0613,2,0,0,9.0,2.344,0.286,110.0,89.0,-0.5269,-0.6785,-0.6429,-0.514,0.5269,0.6785,0.5056,0.7376,0.0,-0.9279,-0.9194,-0.2684,180.0,420.0,0.0,390.0,390.0,420.0,420.0,420.0,13.0,8.0,6.0,-14.0,53.1159,0.0476,13.4838,0.0031,0.9279,1.4758
231,240,2026-06-02 21:04:00+00:00,2026-06-02 21:22:00+00:00,ruido,,37,0.1111,0.7771,0.1389,-0.9673,0.9673,0.0398,0.1354,0.5667,-0.1333,0.7167,0.1411,-0.0001,0.0067,0.0233,-0.0222,0.0016,0.0067,-0.0,0.0004,0.0015,-0.0014,0.0,0.0004,5,7,0.1389,0.0278,0.000692,0.006493,0.0,0.001452,0.7512,1090.128,60.563,25.352,29.463,1.0086,0.9915,528081.0,0.7167,0.0016,119.467,0.1411,1e-06,1.5799,0.1444,0.1335,0.1648,0.9549,1.8303,0.000901,0.001717,0.9641,0.9551,0.8551,0.7032,1.412,133.0,0.0,37.0,-0.4476,-1.7056,119.161,0.1506,0,0,2,0.0,0.0,0.0,133.0,90.0,-0.9673,-0.9612,-0.9582,-0.9624,0.9673,0.9612,0.9693,0.9276,0.0,-0.8095,-0.8213,-0.9026,480.0,0.0,390.0,450.0,420.0,420.0,420.0,480.0,0.0,0.0,1.857,-0.0,25.3518,0.0398,0.022,0.0863,0.9693,0.3016
232,244,2026-06-03 03:32:00+00:00,2026-06-03 03:39:00+00:00,ruido,,15,0.0,0.101,0.2857,-0.1554,0.1554,0.0,0.063,0.1667,-0.1667,0.0556,0.063,0.0,0.0031,0.0056,-0.0056,0.0001,0.0031,0.0,0.0002,0.0004,-0.0004,0.0,0.0002,4,4,0.0714,0.0714,0.000735,0.002749,0.0,0.000988,0.3308,420.828,60.118,420827625.303,28.055,1.002,0.998,187085.0,0.0556,0.0001,111.68,0.063,0.0,0.5665,0.2991,0.4745,0.9351,0.7962,1.5628,0.002222,0.005661,0.7526,0.4423,-0.2308,-0.0769,2.3444,111.0,0.0,0.0,2.1573,2.6538,111.385,0.0152,1,0,1,5.0,1.0,0.143,116.0,111.0,-0.1554,-0.2639,-0.2575,-0.1543,0.1554,0.2639,0.0898,0.3591,0.0,-0.3257,-0.3855,0.0,90.0,0.0,420.0,420.0,420.0,0.0,0.0,150.0,5.0,0.0,-0.0,-0.0,420.828,0.0079,0.4437,0.0,0.3855,1.4614
233,248,2026-06-03 21:09:00+00:00,2026-06-03 21:16:00+00:00,alimentacion,,15,-0.1429,0.2167,0.7143,-0.2729,0.2729,-0.0238,0.1697,0.2333,-0.4667,0.4111,0.1714,-0.0003,0.0083,0.0156,-0.0133,0.0009,0.0083,0.0,0.0005,0.001,-0.0005,0.0,0.0005,10,10,0.2857,0.4286,0.002516,0.007778,0.0,0.001879,0.9912,425.98,60.854,42.598,28.399,1.014,0.9862,235708.0,0.4111,0.0009,125.355,0.1714,2e-06,2.3899,0.8734,0.6931,0.8535,0.6414,2.3441,0.002222,0.004559,0.8606,0.5294,-0.0252,-0.2921,1.9291,127.0,2.0,4.0,-1.3603,0.8289,125.769,0.0498,2,2,0,8.5,1.884,0.286,132.0,125.0,-0.2729,-0.4504,-0.4235,-0.2587,0.2729,0.4504,0.2446,0.526,0.0,-0.7347,-0.7671,-0.0163,60.0,390.0,0.0,0.0,390.0,390.0,390.0,390.0,11.0,10.0,11.0,-14.0,42.598,0.0587,0.5916,0.031,0.7671,2.0007
234,252,2026-06-04 05:13:00+00:00,2026-06-04 05:18:00+00:00,ruido,,11,-0.1,0.45,0.2,0.9174,-0.9174,-0.0133,0.04,0.0,-0.1333,0.0178,0.0422,0.0,0.0021,0.0044,-0.0044,0.0,0.0021,0.0,0.0001,0.0003,-0.0001,0.0,0.0001,2,2,0.0,0.1,0.000504,0.002222,0.0,0.000727,0.1329,300.265,60.053,75.066,27.297,1.0008,0.9992,139808.0,0.0178,0.0,112.738,0.0422,0.0,0.684,0.3816,0.3365,1.0,1.0,1.887,0.00303,0.005945,0.7237,0.5278,-0.0833,-0.1852,1.8535,112.0,0.0,0.0,1.6499,0.7222,112.444,0.0137,0,0,1,0.0,0.0,0.0,116.0,112.0,0.9174,0.9739,0.9649,0.9167,-0.9174,-0.9739,-0.8866,-0.9864,0.0,0.8677,0.9007,0.7888,0.0,60.0,0.0,0.0,60.0,60.0,60.0,60.0,0.0,4.0,-0.0,-0.0,75.0662,0.0036,0.3365,0.045,0.9864,1.887
235,256,2026-06-04 14:36:00+00:00,2026-06-04 14:59:00+00:00,ruido,,47,0.0217,0.0821,0.1957,0.4197,-0.4197,-0.0022,0.0941,0.3333,-0.4333,0.4078,0.0942,0.0,0.0049,0.0144,-0.02,0.0011,0.0049,-0.0,0.0003,0.0011,-0.0009,0.0,0.0003,9,12,0.0652,0.0435,0.00082,0.00487,0.0,0.001283,1.1139,1385.93,60.258,461.977,29.488,1.0043,0.9957,557002.0,0.4078,0.0011,108.863,0.0942,1e-06,1.9231,0.2018,0.1335,0.3614,0.7085,1.7727,0.000709,0.003682,0.8872,0.6798,0.2343,0.1555,3.1051,107.0,5.0,5.0,-0.4221,-0.8767,109.103,0.0316,1,2,2,8.0,9.95,0.043,112.0,102.0,0.4197,0.3506,0.3774,0.4053,-0.4197,-0.3506,-0.4495,-0.2799,0.0,0.1023,0.1637,0.5009,60.0,90.0,0.0,0.0,900.0,900.0,900.0,900.0,5.0,8.0,-0.4,0.0,461.9767,0.0177,0.0482,0.0018,0.5009,0.6407
237,264,2026-06-04 23:27:00+00:00,2026-06-04 23:38:00+00:00,ruido,,23,0.0455,0.2386,0.0909,-0.8927,0.8927,0.0121,0.0555,0.2667,0.0,0.0711,0.0569,0.0,0.0027,0.0089,-0.0089,0.0002,0.0027,-0.0,0.0001,0.0003,-0.0006,0.0,0.0001,2,2,0.0455,0.0,0.000478,0.004444,0.0,0.001119,0.2632,661.048,60.095,82.631,28.741,1.0015,0.9985,274908.0,0.0711,0.0002,109.328,0.0569,0.0,0.4262,-0.0,0.1112,0.6381,1.0,1.7701,0.001449,0.005405,0.7775,0.5184,-0.0143,-0.0265,3.0029,110.0,0.0,0.0,-2.9318,6.5952,110.0,0.0206,0,0,1,0.0,0.0,0.0,110.0,102.0,-0.8927,-0.9612,-0.9595,-0.8872,0.8927,0.9612,0.8514,0.9801,0.0,-0.8773,-0.9214,-0.7436,60.0,0.0,0.0,0.0,60.0,60.0,60.0,60.0,0.0,0.0,6.4,0.0,82.631,0.0065,0.071,0.0109,0.9801,1.1295
238,268,2026-06-05 10:27:00+00:00,2026-06-05 10:40:00+00:00,ruido,,27,-0.0385,0.3794,0.1923,0.6542,-0.6542,-0.0051,0.1085,0.3667,-0.3667,0.3067,0.1086,-0.0,0.0058,0.0122,-0.0156,0.0008,0.0058,-0.0,0.0003,0.0009,-0.0009,0.0,0.0003,5,5,0.0769,0.1154,0.000878,0.006111,0.0,0.001632,0.6193,784.471,60.344,196.118,29.054,1.0057,0.9943,270478.0,0.3067,0.0008,100.088,0.1086,1e-06,1.2646,0.428,0.1112,0.6353,0.7553,1.4089,0.001235,0.003542,0.8753,0.73,0.4025,0.0051,2.39,98.0,0.0,0.0,1.9839,2.5287,99.174,0.0421,1,0,1,11.0,1.062,0.077,113.0,98.0,0.6542,0.6346,0.6093,0.6601,-0.6542,-0.6346,-0.6653,-0.6316,0.0,0.5594,0.5378,0.5984,60.0,180.0,0.0,0.0,180.0,180.0,180.0,180.0,11.0,4.0,3.2,-0.0,196.1178,0.0236,0.0706,0.0146,0.6653,0.8951
239,272,2026-06-05 16:40:00+00:00,2026-06-05 16:46:00+00:00,ruido,,13,0.0833,0.3929,0.1667,-0.9106,0.9106,0.0139,0.0461,0.1667,0.0,0.0278,0.0481,0.0,0.0024,0.0056,-0.0056,0.0001,0.0024,-0.0,0.0001,0.0002,-0.0004,0.0,0.0001,2,2,0.0833,0.0,0.000532,0.002778,0.0,0.000866,0.1658,360.414,60.069,72.083,27.724,1.0011,0.9989,130643.0,0.0278,0.0001,100.247,0.0481,0.0,0.6194,-0.0,0.2513,0.6643,1.0,1.9925,0.002564,0.005779,0.8316,0.5265,-0.0545,-0.1136,2.1195,101.0,0.0,0.0,-1.9188,1.6818,100.545,0.018,0,0,1,0.0,0.0,0.0,101.0,96.0,-0.9106,-0.9718,-0.9644,-0.9113,0.9106,0.9718,0.8761,0.9899,0.0,-0.8734,-0.9104,-0.76,60.0,0.0,0.0,0.0,60.0,60.0,60.0,60.0,0.0,0.0,-0.0,-0.0,72.0828,0.0046,0.1669,0.0327,0.9899,1.3236
240,276,2026-06-05 20:00:00+00:00,2026-06-05 20:12:00+00:00,ruido,,25,0.0,0.3667,0.125,-0.9032,0.9032,0.0069,0.0577,0.2667,-0.1,0.0811,0.0581,0.0,0.0032,0.0122,-0.0089,0.0002,0.0032,0.0,0.0002,0.0005,-0.0007,0.0,0.0002,3,4,0.0417,0.0417,0.000353,0.003024,0.0,0.000785,0.2645,721.198,60.1,144.24,28.848,1.0016,0.9984,240610.0,0.0811,0.0002,98.104,0.0581,0.0,0.7641,0.1985,0.1171,0.5133,0.8032,1.8575,0.001333,0.004376,0.8256,0.6417,0.2903,-0.0449,2.7011,99.0,0.0,0.0,-2.1197,3.0474,98.524,0.0221,0,0,1,0.0,0.0,0.0,99.0,91.0,-0.9032,-0.9529,-0.9425,-0.9079,0.9032,0.9529,0.8727,0.9656,0.0,-0.8668,-0.8955,-0.7608,120.0,90.0,0.0,0.0,120.0,120.0,120.0,120.0,0.0,3.0,1.4,-0.0,144.2396,0.0068,0.0601,0.0,0.9656,0.9535
241,280,2026-06-05 23:14:00+00:00,2026-06-05 23:31:00+00:00,ruido,,35,0.0882,0.6681,0.2941,-0.9549,0.9549,0.0647,0.2542,1.1667,-0.3667,2.34,0.2623,-0.0001,0.012,0.0389,-0.0311,0.0047,0.012,-0.0,0.0007,0.0015,-0.0023,0.0,0.0007,10,14,0.1765,0.0882,0.002321,0.014625,0.0,0.003742,2.2124,1049.327,61.725,15.899,29.981,1.0266,0.9741,740305.0,2.34,0.0047,145.436,0.2623,3e-06,1.7238,0.2943,0.1404,0.2705,0.9544,1.7586,0.000952,0.002352,0.9304,0.8871,0.7032,0.5635,2.0086,159.0,2.0,39.5,-0.8313,-0.7053,145.897,0.1591,1,0,3,15.0,0.848,0.059,172.0,91.0,-0.9549,-0.9872,-0.9823,-0.949,0.9549,0.9872,0.9356,0.9776,0.0,-0.8829,-0.9031,-0.8424,420.0,0.0,60.0,270.0,330.0,1020.0,1020.0,1020.0,15.0,0.0,8.929,-0.429,15.8989,0.1376,0.038,0.0589,0.9872,0.4757
242,284,2026-06-06 18:06:00+00:00,2026-06-06 18:11:00+00:00,alimentacion,,11,-0.1,0.5324,0.8,0.6866,-0.6866,-0.0267,0.175,0.3,-0.3333,0.3133,0.177,-0.0,0.0106,0.0111,-0.0211,0.001,0.0106,-0.0,0.0007,0.0011,-0.001,0.0,0.0007,8,7,0.2,0.3,0.002085,0.005276,0.0,0.001767,0.6131,304.597,60.919,38.075,27.691,1.015,0.9853,158650.0,0.3133,0.001,120.095,0.177,2e-06,2.1181,0.6131,0.0,1.0,0.6434,2.2015,0.00303,0.006602,0.7573,0.3916,-0.0605,0.1687,1.795,121.0,2.0,5.5,0.6091,0.2817,119.444,0.0397,0,1,1,0.0,0.0,0.0,131.0,119.0,0.6866,0.5707,0.5846,0.6634,-0.6866,-0.5707,-0.7141,-0.4219,0.0,0.2341,0.2293,0.7689,60.0,240.0,90.0,150.0,240.0,150.0,150.0,240.0,9.0,8.0,-0.0,-0.0,38.0746,0.0627,0.0,0.0532,0.7689,2.2015
243,287,2026-06-07 00:25:00+00:00,2026-06-07 00:29:00+00:00,alimentacion,,9,-0.125,0.7504,0.875,0.9068,-0.9068,-0.0417,0.1412,0.1667,-0.2667,0.1733,0.1472,0.0,0.0095,0.0144,-0.0133,0.0006,0.0095,-0.0,0.0007,0.0009,-0.0009,0.0,0.0007,7,6,0.25,0.375,0.001168,0.001667,0.000272,0.000449,0.2655,242.567,60.642,24.257,26.952,1.0098,0.9903,97532.0,0.1733,0.0006,104.1,0.1472,2e-06,2.1972,0.5605,0.0,1.0,0.6969,2.1133,0.003704,0.006585,0.7734,0.5027,-0.0957,-0.7181,1.311,103.0,5.0,7.0,0.0559,-1.4915,103.857,0.0439,0,0,0,0.0,0.0,0.0,111.0,98.0,0.9068,0.8279,0.8411,0.9112,-0.9068,-0.8279,-0.9238,-0.7338,0.0,0.4468,0.4949,0.925,60.0,210.0,0.0,90.0,150.0,210.0,210.0,210.0,3.0,10.0,0.0,-0.0,24.2567,0.0433,0.0,0.0938,0.925,2.1133
244,289,2026-06-07 04:08:00+00:00,2026-06-07 04:19:00+00:00,ruido,,23,0.0,0.0795,0.1364,-0.0738,0.0738,0.0015,0.9799,3.2667,-3.2333,21.1256,0.9799,-0.0,0.0579,0.1089,-0.2167,0.0704,0.0579,-0.0002,0.0035,0.0108,-0.0109,0.0002,0.0035,3,3,0.0455,0.0455,0.005896,0.054444,0.0,0.01591,3.2517,804.022,73.093,804.022,34.957,1.2182,0.8209,486811.0,21.1256,0.0704,145.484,0.9799,4.3e-05,0.258,0.2124,0.229,1.5439,0.8201,1.7701,0.010145,0.008752,0.4483,-0.0591,-0.0065,-0.0121,3.4592,140.0,0.0,0.0,4.4757,18.037,140.0,0.1374,0,0,1,0.0,0.0,0.0,237.0,139.0,-0.0738,-0.1125,-0.1327,-0.0414,0.0738,0.1125,0.0515,0.1224,0.0,-0.1072,-0.1385,-0.0347,60.0,0.0,0.0,0.0,90.0,90.0,90.0,90.0,97.0,0.0,20.2,0.0,804.022,1.9205,0.3536,0.0,0.1385,2.7329
245,291,2026-06-07 14:56:00+00:00,2026-06-07 15:04:00+00:00,alimentacion,,17,-0.25,0.8546,0.5,0.9605,-0.9605,-0.0396,0.1243,0.2333,-0.3333,0.2722,0.1304,-0.0005,0.0069,0.0111,-0.0156,0.0007,0.0069,-0.0,0.0004,0.0008,-0.0009,0.0,0.0004,8,10,0.125,0.375,0.002042,0.007183,0.0,0.00184,0.9335,484.015,60.502,25.474,28.471,1.0076,0.9925,218536.0,0.2722,0.0007,113.38,0.1304,1e-06,2.3243,0.8856,1.2528,0.5827,0.7976,2.164,0.001961,0.004199,0.8464,0.7705,0.565,0.2802,1.6635,111.0,7.0,12.0,-0.1844,-1.4095,113.4,0.06,1,2,0,7.0,0.5,0.125,109.0,102.0,0.9605,0.9056,0.9131,0.9458,-0.9605,-0.9056,-0.9724,-0.8358,0.0,0.6146,0.6482,0.9626,0.0,420.0,120.0,240.0,390.0,270.0,270.0,480.0,0.0,19.0,0.0,-0.0,25.4745,0.034,0.73,0.2137,0.9724,1.261
246,293,2026-06-07 19:50:00+00:00,2026-06-07 19:58:00+00:00,alimentacion,,17,-0.3125,0.5211,0.6875,0.1515,-0.1515,-0.0167,0.1419,0.4,-0.2,0.3267,0.1429,-0.0,0.0069,0.0133,-0.0133,0.0007,0.0069,-0.0,0.0004,0.0005,-0.0009,0.0,0.0004,11,8,0.1875,0.5,0.002282,0.006667,0.0,0.001852,1.0473,484.795,60.599,60.599,28.517,1.0098,0.9902,371284.0,0.3267,0.0007,147.784,0.1429,1e-06,3.2195,0.8535,20.7233,0.7147,0.6715,2.4044,0.001961,0.003382,0.9372,0.7623,0.3437,0.1082,1.5128,148.0,5.0,11.0,0.0148,-1.1113,147.6,0.0431,2,1,0,8.5,1.125,0.25,158.0,150.0,0.1515,-0.0514,-0.0274,0.1601,-0.1515,0.0514,-0.2192,0.188,0.0,-0.4551,-0.4343,0.3802,60.0,450.0,300.0,360.0,390.0,150.0,150.0,450.0,12.0,8.0,12.0,-2.0,60.5994,0.0408,14.8109,0.1628,0.4551,1.7184
247,295,2026-06-08 05:38:00+00:00,2026-06-08 05:49:00+00:00,ruido,,23,0.0,0.087,0.1364,-0.0008,0.0008,0.0015,1.2312,4.1,-4.0667,33.3478,1.2312,0.0,0.0728,0.2722,-0.1367,0.1112,0.0728,0.0002,0.0044,0.0136,-0.0136,0.0004,0.0044,3,3,0.0455,0.0455,0.007392,0.068027,0.0,0.019926,4.0839,852.24,77.476,852.24,37.054,1.2913,0.7744,332348.0,33.3478,0.1112,120.208,1.2312,0.0001,0.258,0.2124,0.229,1.5399,0.8181,1.7701,0.001449,0.00865,0.4596,-0.0419,-0.0071,-0.0131,3.4593,123.0,0.0,0.0,-4.4763,18.0402,122.947,0.2132,0,0,1,0.0,0.0,0.0,123.0,0.0,-0.0008,0.0328,0.0536,-0.0333,0.0008,-0.0328,0.02,-0.0412,0.0,0.0346,0.0626,-0.0279,90.0,60.0,0.0,0.0,90.0,90.0,90.0,90.0,0.0,122.0,-23.8,-0.0,852.24,3.0316,0.3526,0.0,0.0626,2.7258
248,297,2026-06-08 13:17:00+00:00,2026-06-08 14:00:00+00:00,ruido,,87,-0.1395,0.3452,0.4767,-0.1292,0.1292,0.005,0.5575,3.5667,-3.4,26.73,0.5575,0.0,0.0264,0.1189,-0.1189,0.0593,0.0264,-0.0,0.0015,0.0076,-0.0079,0.0002,0.0015,41,52,0.0581,0.1977,0.002546,0.030629,0.0,0.006135,6.646,2767.446,64.359,212.88,31.81,1.0726,0.9323,883621.0,26.73,0.0593,100.78,0.5575,3e-05,2.3331,0.5479,0.1528,0.1014,0.7923,1.5552,0.000383,0.002235,0.9366,0.8479,0.5344,0.2021,3.5327,98.0,17.0,34.0,-1.7387,3.9683,99.859,0.3056,2,2,8,27.0,4.999,0.047,139.0,0.0,-0.1292,-0.0242,-0.0177,-0.1648,0.1292,0.0242,0.1759,-0.0237,0.0,0.1873,0.1537,-0.258,1710.0,90.0,360.0,240.0,2400.0,2100.0,2100.0,2400.0,24.0,102.0,7.206,-0.515,212.8805,0.6216,0.0155,0.0482,0.258,0.1577
249,299,2026-06-08 21:20:00+00:00,2026-06-08 21:26:00+00:00,alimentacion,,13,0.0833,0.6733,0.8333,0.9407,-0.9407,-0.0639,0.2518,0.3333,-0.6,0.81,0.2598,-0.0003,0.0151,0.0311,-0.0222,0.0025,0.0151,0.0001,0.0009,0.0018,-0.0014,0.0,0.0009,10,7,0.4167,0.3333,0.00381,0.007663,0.0008,0.001899,1.2791,371.56,61.927,16.155,28.582,1.03,0.9709,259576.0,0.81,0.0025,141.306,0.2598,3e-06,2.7193,0.6084,20.7233,0.9003,0.7058,1.9925,0.010256,0.006699,0.6217,0.443,0.4176,-0.2652,2.0987,141.0,6.0,11.0,0.0078,-0.9671,140.909,0.057,3,1,0,6.333,0.915,0.5,149.0,144.0,0.9407,0.9268,0.9287,0.965,-0.9407,-0.9268,-0.9257,-0.8895,0.0,0.6989,0.7191,0.8833,30.0,330.0,90.0,180.0,240.0,30.0,30.0,330.0,3.0,23.0,6.0,-0.0,16.1548,0.135,18.6572,0.0561,0.965,1.7938
250,301,2026-06-09 08:31:00+00:00,2026-06-09 08:39:00+00:00,alimentacion,,17,-0.25,0.4263,0.5625,0.5656,-0.5656,-0.0292,0.1207,0.2667,-0.2333,0.2467,0.1242,-0.0002,0.0067,0.0089,-0.0167,0.0007,0.0067,0.0,0.0004,0.0008,-0.0009,0.0,0.0004,9,11,0.125,0.375,0.000992,0.004165,0.0,0.001108,0.4977,483.66,60.458,34.547,28.451,1.0072,0.9929,211707.0,0.2467,0.0007,111.595,0.1242,1e-06,2.0157,0.834,1.2528,0.68,0.7296,2.164,0.001961,0.004665,0.8218,0.6334,0.238,-0.2332,1.94,113.0,1.0,2.0,-0.773,0.399,111.667,0.0472,2,1,1,6.5,0.518,0.25,121.0,113.0,0.5656,0.4127,0.4474,0.577,-0.5656,-0.4127,-0.5698,-0.3239,0.0,-0.0668,-0.0199,0.6969,270.0,480.0,360.0,390.0,450.0,120.0,120.0,480.0,8.0,14.0,-0.0,-7.0,34.5471,0.0308,0.8519,0.1066,0.6969,1.4715
251,303,2026-06-09 13:19:00+00:00,2026-06-09 13:24:00+00:00,alimentacion,,11,-0.1,0.2957,0.7,0.3537,-0.3537,-0.03,0.1187,0.1667,-0.2333,0.15,0.1225,-0.0007,0.0068,0.01,-0.0133,0.0004,0.0069,-0.0,0.0005,0.0007,-0.0008,0.0,0.0005,7,8,0.2,0.3,0.00119,0.003143,0.0,0.00088,0.3455,302.229,60.446,33.581,27.475,1.007,0.9931,142415.0,0.15,0.0004,113.784,0.1225,1e-06,1.8231,0.678,21.4164,1.0,0.7012,2.2015,0.00303,0.007001,0.6226,0.2829,-0.2896,-0.5745,1.7118,114.0,3.0,5.0,-1.022,0.5856,114.222,0.0316,1,0,0,3.0,1.438,0.2,117.0,105.0,0.3537,0.1807,0.2245,0.3345,-0.3537,-0.1807,-0.3631,-0.0825,0.0,-0.3175,-0.2825,0.523,210.0,300.0,240.0,240.0,300.0,120.0,120.0,300.0,4.0,9.0,-0.0,-12.0,33.581,0.03,21.4164,0.0296,0.523,2.2015
252,305,2026-06-09 18:51:00+00:00,2026-06-09 18:57:00+00:00,ruido,,13,0.0,0.0207,0.3333,0.7188,-0.7188,-0.0056,0.0558,0.1,-0.1667,0.0378,0.0561,0.0,0.0028,0.0056,-0.0056,0.0001,0.0028,0.0,0.0002,0.0004,-0.0002,0.0,0.0002,4,6,0.0833,0.0833,0.000681,0.002222,0.0,0.000717,0.2656,360.563,60.094,180.282,27.736,1.0015,0.9985,406254.0,0.0378,0.0001,176.778,0.0561,0.0,1.4573,0.335,0.6931,0.4349,0.8451,1.9925,0.005128,0.005343,0.9147,0.5315,-0.6867,-0.2952,1.734,177.0,0.0,0.0,-0.4611,-0.7788,176.818,0.0097,0,1,1,0.0,0.0,0.0,179.0,174.0,0.7188,0.8171,0.7985,0.7102,-0.7188,-0.8171,-0.6663,-0.8795,0.0,0.8318,0.8569,0.5174,0.0,90.0,0.0,0.0,180.0,180.0,180.0,180.0,0.0,5.0,-0.0,-0.0,180.2815,0.0063,0.3014,0.0,0.8795,0.8665
253,307,2026-06-10 01:14:00+00:00,2026-06-10 01:32:00+00:00,ruido,,37,-0.0278,0.7363,0.3611,-0.9647,0.9647,0.0194,0.1251,0.5667,-0.2,0.5767,0.1266,0.0,0.0068,0.0211,-0.0211,0.0016,0.0068,0.0,0.0004,0.0008,-0.0014,0.0,0.0004,13,16,0.1111,0.1389,0.001112,0.005269,0.0,0.001554,1.2342,1088.255,60.459,51.822,29.412,1.0075,0.9926,1005406.0,0.5767,0.0016,164.843,0.1266,1e-06,1.801,0.5517,0.1426,0.4633,0.8055,1.8303,0.000901,0.002549,0.938,0.8597,0.6694,0.5405,2.0991,171.0,0.0,13.0,-0.6693,-1.1741,165.387,0.0486,2,3,1,6.0,1.262,0.111,162.0,152.0,-0.9647,-0.9758,-0.9718,-0.9547,0.9647,0.9758,0.9554,0.9558,0.0,-0.8343,-0.8573,-0.8758,480.0,0.0,90.0,210.0,210.0,390.0,390.0,510.0,2.0,0.0,0.857,0.0,51.8217,0.032,0.0661,0.0205,0.9758,0.848
254,309,2026-06-10 09:15:00+00:00,2026-06-10 09:20:00+00:00,alimentacion,,11,-0.3,0.7532,0.9,0.9041,-0.9041,-0.04,0.1548,0.2667,-0.4,0.2556,0.1599,-0.0,0.0095,0.0133,-0.0222,0.0008,0.0095,-0.0,0.0006,0.0012,-0.001,0.0,0.0006,9,8,0.1,0.4,0.001581,0.005519,0.0,0.001796,0.4301,303.725,60.745,25.31,27.611,1.0116,0.9885,264938.0,0.2556,0.0008,155.194,0.1599,1e-06,2.5503,0.5386,0.0,1.0,0.7389,2.2015,0.00303,0.005519,0.829,0.6256,0.1221,-0.3426,1.5147,154.0,3.0,7.0,0.7688,0.0517,154.444,0.0365,0,0,0,0.0,0.0,0.0,168.0,148.0,0.9041,0.8349,0.8404,0.895,-0.9041,-0.8349,-0.922,-0.7142,0.0,0.5367,0.5484,0.9213,60.0,270.0,90.0,150.0,210.0,270.0,270.0,270.0,8.0,12.0,-0.0,-0.0,25.3104,0.0511,0.0,0.226,0.922,2.2015
255,311,2026-06-10 14:18:00+00:00,2026-06-10 14:23:00+00:00,alimentacion,,11,-0.3,0.6925,0.7,0.9002,-0.9002,-0.0267,0.0757,0.1333,-0.1667,0.0644,0.0803,-0.0,0.0039,0.0056,-0.0067,0.0001,0.0039,0.0,0.0002,0.0003,-0.0004,0.0,0.0002,7,6,0.1,0.4,0.001381,0.00305,0.000555,0.000716,0.4142,300.962,60.192,37.62,27.36,1.0029,0.9972,153280.0,0.0644,0.0001,118.045,0.0803,0.0,2.2313,0.85,20.7233,1.0,0.7758,2.2015,0.00303,0.005335,0.6707,0.6638,0.2726,-0.648,1.348,119.0,3.0,5.0,-0.1752,-1.2277,118.0,0.0275,1,1,0,4.0,0.75,0.2,123.0,119.0,0.9002,0.8187,0.8388,0.8866,-0.9002,-0.8187,-0.9098,-0.74,0.0,0.4068,0.4761,0.9338,120.0,270.0,60.0,180.0,180.0,270.0,270.0,270.0,2.0,8.0,-0.0,-0.0,37.6202,0.0129,20.7233,0.2077,0.9338,2.2015
257,315,2026-06-10 22:00:00+00:00,2026-06-10 22:16:00+00:00,ruido,,33,0.0312,0.29,0.25,-0.3319,0.3319,0.001,0.0793,0.2667,-0.2,0.2011,0.0793,-0.0,0.0033,0.0089,-0.01,0.0003,0.0033,0.0,0.0002,0.0004,-0.0004,0.0,0.0002,8,10,0.125,0.0938,0.000765,0.004151,0.0,0.001183,0.7577,962.984,60.186,962.984,29.181,1.0031,0.9969,942599.0,0.2011,0.0003,169.008,0.0793,0.0,1.4674,0.3415,0.1363,0.3049,0.8031,1.6815,0.00101,0.002,0.9668,0.8924,0.5777,0.2626,1.7616,166.0,0.0,7.0,1.0125,-0.7746,168.37,0.0284,1,1,1,13.0,4.49,0.062,179.0,175.0,-0.3319,-0.4729,-0.4737,-0.3164,0.3319,0.4729,0.2462,0.5455,0.0,-0.5329,-0.6062,-0.1154,240.0,0.0,0.0,0.0,390.0,390.0,390.0,390.0,13.0,0.0,5.943,0.0,962.984,0.0126,0.0416,0.009,0.6062,0.5127
258,317,2026-06-11 09:42:00+00:00,2026-06-11 09:58:00+00:00,ruido,,33,0.0,0.0567,0.2188,-0.5303,0.5303,0.0042,0.1767,0.5,-0.5333,1.0,0.1768,0.0,0.0082,0.0178,-0.0278,0.0021,0.0082,0.0,0.0005,0.0015,-0.001,0.0,0.0005,7,10,0.1562,0.1562,0.001801,0.01001,0.0,0.002762,1.7833,974.363,60.898,243.591,29.526,1.015,0.9853,963259.0,1.0,0.0021,170.85,0.1768,1e-06,1.8022,0.4591,0.2348,0.7107,0.74,1.6815,0.005051,0.004697,0.8744,0.5671,-0.2087,-0.0934,3.2151,169.0,0.0,0.0,2.092,3.5112,169.63,0.0329,2,1,1,19.5,1.005,0.125,189.0,166.0,-0.5303,-0.632,-0.632,-0.5492,0.5303,0.632,0.4689,0.668,0.0,-0.634,-0.6884,-0.3536,180.0,0.0,300.0,270.0,270.0,390.0,390.0,390.0,20.0,0.0,7.371,-0.0,243.5908,0.0625,0.1669,0.0,0.6884,1.195
259,319,2026-06-11 14:48:00+00:00,2026-06-11 15:02:00+00:00,ruido,,28,-0.1111,0.3959,0.2963,0.9163,-0.9163,-0.0111,0.0388,0.0667,-0.15,0.0439,0.0403,0.0,0.0018,0.005,-0.0033,0.0001,0.0018,0.0,0.0001,0.0003,-0.0002,0.0,0.0001,8,10,0.037,0.1481,0.000405,0.001667,0.0,0.000514,0.3156,810.656,60.049,90.073,28.952,1.0007,0.9993,772705.25,0.0439,0.0001,166.122,0.0403,0.0,2.1011,0.476,0.2729,0.0997,0.9523,2.0603,0.00119,0.002686,0.927,0.8626,0.5813,0.2143,1.978,165.0,2.0,4.875,1.1273,0.11,165.688,0.0199,0,1,2,0.0,0.0,0.0,174.0,163.0,0.9163,0.9761,0.9658,0.9002,-0.9163,-0.9761,-0.8831,-0.9915,0.0,0.9199,0.9381,0.7586,0.0,240.0,60.0,150.0,210.0,480.0,480.0,480.0,0.0,11.0,-1.8,-0.0,90.0729,0.0033,0.0272,0.044,0.9915,0.2054
260,321,2026-06-11 22:24:00+00:00,2026-06-11 22:33:00+00:00,alimentacion,,19,-0.2778,0.4124,0.5556,0.0587,-0.0587,-0.0222,0.1242,0.3667,-0.2,0.2867,0.1262,-0.0,0.0049,0.0122,-0.0078,0.0004,0.0049,0.0,0.0003,0.0004,-0.0007,0.0,0.0003,10,11,0.1111,0.3889,0.001839,0.005243,0.0,0.001287,0.9981,544.221,60.469,45.352,28.643,1.0076,0.9925,399428.0,0.2867,0.0004,144.991,0.1262,1e-06,2.669,0.756,21.8219,0.2442,0.7409,2.0122,0.001754,0.002389,0.944,0.8738,0.4779,0.0905,0.7874,142.0,9.0,16.0,-0.1925,-1.248,144.882,0.0593,1,0,0,15.0,3.909,0.111,157.0,130.0,0.0587,-0.1552,-0.118,0.0588,-0.0587,0.1552,-0.1288,0.2911,0.0,-0.5846,-0.5555,0.3394,120.0,510.0,390.0,420.0,420.0,510.0,510.0,510.0,15.0,12.0,-0.0,-6.0,45.3518,0.0319,5.3289,0.1146,0.5846,0.4914
262,325,2026-06-12 17:20:00+00:00,2026-06-12 17:29:00+00:00,alimentacion,,19,0.0556,0.5837,0.5556,0.6146,-0.6146,-0.0167,0.1325,0.2,-0.4,0.3211,0.1336,0.0,0.007,0.0167,-0.0178,0.0008,0.007,-0.0,0.0004,0.0011,-0.0007,0.0,0.0004,10,13,0.2222,0.1667,0.001643,0.003517,0.0,0.001051,0.9201,544.701,60.522,60.522,28.668,1.0086,0.9915,353047.0,0.3211,0.0008,136.314,0.1336,1e-06,2.1471,0.5113,1.2528,0.3726,0.6994,2.2358,0.001754,0.003004,0.9183,0.8307,0.543,0.179,1.2217,138.0,6.0,10.0,-0.1121,-1.1103,136.0,0.0479,2,1,0,6.5,1.865,0.222,148.0,127.0,0.6146,0.4581,0.4814,0.626,-0.6146,-0.4581,-0.672,-0.3355,0.0,0.0475,0.0901,0.7801,180.0,390.0,210.0,360.0,510.0,510.0,510.0,510.0,10.0,11.0,-0.0,2.0,60.5223,0.0357,0.4668,0.0325,0.7801,0.8331
263,327,2026-06-13 00:23:00+00:00,2026-06-13 00:48:00+00:00,ruido,,51,-0.12,0.4757,0.26,0.7511,-0.7511,-0.0413,0.934,4.7,-4.3,43.7044,0.9349,-0.0,0.0537,0.3,-0.1567,0.1412,0.0537,0.0,0.0033,0.0148,-0.0152,0.0005,0.0033,13,17,0.04,0.16,0.003915,0.070715,0.0,0.012156,5.9895,1748.421,69.937,28.2,34.283,1.1646,0.8586,642243.0,43.7044,0.1412,112.219,0.9349,6.8e-05,1.488,0.5103,0.1265,0.7226,0.7985,1.6684,0.000654,0.00297,0.86,0.7268,0.6707,0.6391,2.163,129.0,12.0,74.0,-0.5156,-0.9844,107.707,0.3552,1,0,2,76.0,12.82,0.04,143.0,0.0,0.7511,0.6495,0.6702,0.7418,-0.7511,-0.6495,-0.7901,-0.5723,0.0,0.3118,0.3712,0.8396,540.0,90.0,840.0,900.0,900.0,60.0,60.0,930.0,14.0,129.0,8.182,-0.0,28.2003,1.7482,0.0914,0.0571,0.8396,1.2056
264,329,2026-06-13 10:37:00+00:00,2026-06-13 10:48:00+00:00,ruido,,23,0.0,0.0789,0.1364,0.0801,-0.0801,-0.0015,0.8493,2.8,-2.8333,15.8678,0.8493,-0.0,0.0502,0.1878,-0.0944,0.0529,0.0502,0.0002,0.003,0.0094,-0.0094,0.0002,0.003,3,3,0.0455,0.0455,0.005113,0.047222,0.0,0.013792,2.8193,779.335,70.849,779.335,33.884,1.1808,0.8469,243413.0,15.8678,0.0529,102.875,0.8493,6.5e-05,0.258,0.2124,0.229,1.5423,0.8202,1.5734,0.010145,0.00876,0.4474,-0.0605,-0.0065,-0.012,3.4591,105.0,0.0,0.0,-4.4752,18.0342,105.0,0.1691,0,0,1,0.0,0.0,0.0,106.0,21.0,0.0801,0.1193,0.1394,0.0478,-0.0801,-0.1193,-0.0576,-0.1292,0.0,0.1134,0.1448,0.04,0.0,60.0,0.0,0.0,90.0,90.0,90.0,90.0,0.0,85.0,-17.6,-0.0,779.335,1.4425,0.3532,0.0,0.1448,2.4267
265,331,2026-06-13 23:54:00+00:00,2026-06-14 00:00:00+00:00,ruido,,13,-0.1667,0.5362,0.1667,0.9328,-0.9328,-0.0139,0.0318,0.0,-0.1,0.0144,0.0347,0.0,0.0013,0.0033,-0.0022,0.0,0.0013,0.0,0.0001,0.0001,-0.0001,0.0,0.0001,2,2,0.0,0.1667,0.000384,0.001387,0.0,0.00055,0.133,360.216,60.036,72.043,27.709,1.0005,0.9995,190379.0,0.0144,0.0,121.015,0.0347,0.0,0.9913,0.4942,0.2877,0.455,1.0,1.7079,0.002564,0.004689,0.9371,0.7301,-0.0848,-0.1766,1.7566,120.0,0.0,0.0,1.4561,0.3053,120.727,0.0155,0,0,1,0.0,0.0,0.0,125.0,120.0,0.9328,0.9828,0.9733,0.9263,-0.9328,-0.9828,-0.9049,-0.9914,0.0,0.8776,0.906,0.7908,0.0,90.0,60.0,60.0,90.0,90.0,90.0,90.0,0.0,5.0,-0.0,-0.0,72.0432,0.0024,0.1309,0.0894,0.9914,0.7771
266,333,2026-06-14 17:49:00+00:00,2026-06-14 18:00:00+00:00,ruido,,23,-0.0909,0.5098,0.1818,0.9319,-0.9319,-0.0212,0.0838,0.0,-0.4,0.1644,0.0865,0.0,0.0042,0.0133,-0.0133,0.0004,0.0042,0.0,0.0002,0.0009,-0.0004,0.0,0.0002,4,6,0.0,0.0909,0.00066,0.003333,0.0,0.001201,0.4552,662.378,60.216,47.313,28.799,1.0034,0.9966,216272.0,0.1644,0.0004,96.97,0.0865,1e-06,1.4029,0.3454,0.2553,0.2673,1.0,1.9668,0.002899,0.004388,0.9041,0.7176,0.068,0.0384,2.6154,96.0,0.0,2.0,2.0019,2.3727,96.0,0.0455,0,0,2,0.0,0.0,0.0,108.0,94.0,0.9319,0.9795,0.9757,0.933,-0.9319,-0.9795,-0.8991,-0.9874,0.0,0.859,0.9024,0.8033,0.0,450.0,0.0,90.0,90.0,90.0,90.0,450.0,0.0,14.0,-7.2,-0.0,47.3127,0.0149,0.0682,0.0463,0.9874,0.5257
267,335,2026-06-14 21:40:00+00:00,2026-06-14 21:51:00+00:00,ruido,,23,0.0,0.1386,0.1364,0.4612,-0.4612,-0.0015,0.0755,0.2333,-0.2667,0.1256,0.0755,0.0,0.0045,0.0089,-0.0167,0.0004,0.0045,-0.0,0.0003,0.0009,-0.0008,0.0,0.0003,3,3,0.0455,0.0455,0.00047,0.004165,0.0,0.001188,0.2662,661.854,60.169,661.854,28.776,1.0028,0.9972,160173.0,0.1256,0.0004,83.451,0.0755,1e-06,0.6784,0.2124,0.1178,1.3504,0.8045,1.5734,0.001449,0.007912,0.5402,0.0831,-0.0106,-0.0196,3.4185,83.0,0.0,0.0,4.2768,16.8262,83.053,0.0196,0,0,1,0.0,0.0,0.0,91.0,83.0,0.4612,0.4644,0.4437,0.4895,-0.4612,-0.4644,-0.4582,-0.4661,0.0,0.4194,0.4154,0.4102,60.0,90.0,0.0,0.0,90.0,90.0,90.0,90.0,7.0,1.0,0.8,-0.0,661.854,0.0114,0.1591,0.0,0.4895,2.1247
268,337,2026-06-15 01:38:00+00:00,2026-06-15 01:43:00+00:00,ruido,,11,-0.1,0.45,0.2,0.9174,-0.9174,-0.0133,0.04,0.0,-0.1333,0.0178,0.0422,0.0,0.0021,0.0044,-0.0044,0.0,0.0021,0.0,0.0001,0.0003,-0.0001,0.0,0.0001,2,2,0.0,0.1,0.000504,0.002222,0.0,0.000727,0.1329,300.265,60.053,75.066,27.297,1.0008,0.9992,43308.0,0.0178,0.0,62.746,0.0422,0.0,0.684,0.3816,0.3365,1.0,1.0,1.887,0.00303,0.005945,0.7237,0.5278,-0.0833,-0.1852,1.8535,62.0,0.0,0.0,1.6499,0.7222,62.444,0.0246,0,0,1,0.0,0.0,0.0,66.0,62.0,0.9174,0.9739,0.9649,0.9167,-0.9174,-0.9739,-0.8866,-0.9864,0.0,0.8677,0.9007,0.7888,0.0,60.0,0.0,0.0,60.0,60.0,60.0,60.0,0.0,4.0,0.0,-0.0,75.0662,0.0036,0.3365,0.045,0.9864,1.887
269,339,2026-06-15 02:47:00+00:00,2026-06-15 02:58:00+00:00,ruido,,23,0.1364,0.8448,0.2727,-0.9791,0.9791,0.0091,0.0229,0.0667,0.0,0.0133,0.0246,0.0,0.0012,0.0022,-0.0022,0.0,0.0012,-0.0,0.0001,0.0001,-0.0001,0.0,0.0001,6,8,0.1364,0.0,0.000314,0.001111,0.0,0.00032,0.1998,660.2,60.018,110.033,28.704,1.0003,0.9997,94399.0,0.0133,0.0,64.065,0.0246,0.0,1.7209,-0.0,0.2822,0.2707,1.0,1.9668,0.001449,0.004177,0.8685,0.7963,0.4359,0.3625,2.507,65.0,2.0,2.0,-0.2997,-0.518,64.053,0.0258,0,0,2,0.0,0.0,0.0,67.0,61.0,-0.9791,-0.9784,-0.9796,-0.9789,0.9791,0.9784,0.9639,0.9509,0.0,-0.7865,-0.8124,-0.9094,630.0,0.0,90.0,90.0,300.0,630.0,630.0,630.0,0.0,0.0,1.2,1.6,110.0333,0.0012,0.0764,0.1152,0.9796,0.5324
270,341,2026-06-15 04:55:00+00:00,2026-06-15 04:57:00+00:00,servido,,5,0.0,0.3348,0.5,-0.5884,0.5884,0.2167,0.4975,1.0667,-0.2,1.1778,0.5426,0.0119,0.0216,0.0422,-0.0067,0.0018,0.0247,0.0007,0.0009,0.0016,-0.0002,0.0,0.0012,2,2,0.25,0.25,0.006111,0.015021,0.0,0.005252,0.8154,134.458,67.229,5.171,26.892,1.0951,0.9132,43877.0,1.1778,0.0018,93.677,0.5426,2.7e-05,1.371,0.6131,0.0,1.0,0.8092,2.3219,0.013333,0.010736,0.3896,-0.2927,-0.1899,0.0,0.9645,89.0,0.0,0.0,1.3308,0.0672,89.0,0.1209,0,0,0,0.0,0.0,0.0,115.0,83.0,-0.5884,-0.4507,-0.4931,-0.5884,0.5884,0.4507,0.5542,0.3748,0.0,0.0918,0.1157,-0.6611,120.0,90.0,0.0,0.0,120.0,120.0,120.0,120.0,0.0,6.0,-0.0,64.0,5.1715,0.5889,0.0,0.0,0.6611,2.3219
271,49,2026-04-15 10:45:00+00:00,2026-04-15 10:49:00+00:00,alimentacion,,9,-0.375,0.8142,0.875,0.9598,-0.9598,-0.0583,0.1441,0.2,-0.3333,0.1933,0.1555,-0.0005,0.0096,0.0122,-0.0178,0.0006,0.0096,0.0,0.0006,0.001,-0.001,0.0,0.0006,7,6,0.125,0.5,0.001349,0.003035,0.000275,0.001049,0.298,242.847,60.712,17.346,26.983,1.0101,0.99,243959.0,0.1933,0.0006,164.641,0.1555,1e-06,2.1972,0.5334,0.0,1.0,0.7802,2.1133,0.003704,0.006771,0.6653,0.517,0.1478,-0.9693,1.4487,162.0,4.0,11.0,0.2225,-1.4819,164.571,0.0322,0,0,0,0.0,0.0,0.0,172.0,157.0,0.9598,0.9188,0.9267,0.9355,-0.9598,-0.9188,-0.965,-0.8609,0.0,0.6206,0.6447,0.9377,90.0,240.0,60.0,60.0,180.0,240.0,240.0,240.0,1.0,14.0,-0.0,-6.0,17.3462,0.0483,0.0,0.3053,0.965,2.1133
272,77,2026-04-22 21:51:00+00:00,2026-04-22 22:02:00+00:00,ruido,,23,-0.0909,0.0692,0.0909,0.8612,-0.8612,-0.0106,0.0631,0.1667,-0.2,0.09,0.064,0.0002,0.0031,0.0122,-0.0056,0.0002,0.0031,-0.0,0.0002,0.0006,-0.0006,0.0,0.0002,2,4,0.0455,0.1364,0.000335,0.00361,0.0,0.00082,0.215,661.34,60.122,94.477,28.754,1.002,0.998,498855.0,0.09,0.0002,147.273,0.064,0.0,1.0144,0.2796,0.1252,1.0527,0.9,1.7701,0.005797,0.007242,0.7017,0.2434,-0.4729,-0.0053,3.073,147.0,0.0,0.0,1.1603,6.7655,147.053,0.0129,0,0,1,0.0,0.0,0.0,154.0,142.0,0.8612,0.9351,0.9379,0.861,-0.8612,-0.9351,-0.8168,-0.9562,0.0,0.8552,0.904,0.7106,0.0,90.0,0.0,30.0,60.0,60.0,60.0,120.0,0.0,12.0,-7.6,0.0,94.4771,0.0082,0.1318,0.0063,0.9562,1.8634
273,93,2026-04-25 23:47:00+00:00,2026-04-25 23:53:00+00:00,alimentacion,,13,-0.25,0.6955,0.8333,0.8571,-0.8571,-0.0306,0.1166,0.2333,-0.2,0.1744,0.1206,-0.0,0.0064,0.0111,-0.0111,0.0004,0.0064,-0.0,0.0004,0.0005,-0.0007,0.0,0.0004,10,8,0.1667,0.4167,0.001863,0.003587,0.000821,0.000861,0.6764,362.593,60.432,32.963,27.892,1.0067,0.9933,162022.0,0.1744,0.0004,111.639,0.1206,1e-06,2.9312,0.9335,0.0,0.8133,0.7123,2.2772,0.002564,0.005066,0.8433,0.6633,0.1239,0.0692,1.7203,112.0,4.0,8.0,-0.2506,-1.2338,111.636,0.0424,2,1,0,5.0,0.833,0.333,118.0,109.0,0.8571,0.7608,0.7758,0.8522,-0.8571,-0.7608,-0.8678,-0.6697,0.0,0.3993,0.4165,0.9041,60.0,330.0,120.0,180.0,270.0,90.0,90.0,330.0,3.0,11.0,-0.0,-0.0,32.963,0.0291,0.0,0.1739,0.9041,1.852
274,109,2026-04-28 21:02:00+00:00,2026-04-28 21:04:00+00:00,servido,,5,0.5,0.795,0.25,-0.9064,0.9064,0.7917,0.8112,1.8333,0.0,5.1389,1.1335,0.0148,0.0334,0.0611,-0.0167,0.004,0.0366,-0.0003,0.0023,0.002,-0.0026,0.0,0.0023,1,2,0.5,0.0,0.005741,0.015278,0.0,0.006078,0.8342,172.65,86.325,1.817,34.53,1.128,0.8865,106955.0,5.1389,0.004,146.257,1.1335,4.8e-05,1.371,-0.0,0.0,1.0,1.0,1.8575,0.006667,0.007937,0.8095,0.4429,-0.894,0.0,0.7025,111.0,0.0,55.0,0.7132,-1.1868,129.333,0.2756,0,0,0,0.0,0.0,0.0,206.0,111.0,-0.9064,-0.7902,-0.8218,-0.9064,0.9064,0.7902,0.9143,0.6832,0.0,-0.2045,-0.2578,-0.9617,120.0,0.0,0.0,90.0,90.0,120.0,120.0,120.0,0.0,0.0,-0.0,80.0,1.8174,2.5694,0.0,0.3975,0.9617,1.8575
275,125,2026-05-01 11:24:00+00:00,2026-05-01 11:25:00+00:00,servido,,3,0.5,0.75,0.5,-0.8944,0.8944,1.75,1.75,3.5,0.0,12.25,2.4749,0.1167,0.0,0.1167,0.1167,0.0136,0.1167,0.0,0.0,0.0,0.0,0.0,0.0,1,0,0.5,0.0,0.0,0.0,0.0,0.0,0.0,139.202,139.202,1.326,46.401,1.1511,0.8688,60417.0,12.25,0.0136,141.912,2.4749,0.000203,0.9183,0.0,0.0,1.0,1.0,1.585,0.0,0.0,0.0,0.0,0.0,0.0,0.0,98.0,0.0,52.5,0.7071,-1.5,98.0,0.3722,0,0,0,0.0,0.0,0.0,0.0,0.0,-0.8944,-0.7742,-0.8165,-0.8944,0.8944,0.7742,0.8944,0.7071,0.0,0.0,0.0,-1.0,60.0,0.0,0.0,0.0,60.0,60.0,60.0,60.0,0.0,0.0,-0.0,210.0,1.3257,12.25,0.0,0.375,1.0,1.585
276,141,2026-05-04 01:42:00+00:00,2026-05-04 01:44:00+00:00,servido,,5,0.5,0.731,0.25,-0.8715,0.8715,0.6333,0.6843,1.6333,0.0,3.4778,0.9324,0.0181,0.013,0.03,0.0,0.0015,0.0223,0.0004,0.0006,0.001,-0.0002,0.0,0.0007,1,1,0.5,0.0,0.005988,0.01601,0.0,0.005627,0.8722,157.815,78.908,2.077,31.563,1.111,0.9001,62272.0,3.4778,0.0015,111.599,0.9324,5.6e-05,1.371,-0.0,0.0,1.0,1.0,1.8575,0.006667,0.008604,0.7094,0.3056,-0.7261,0.0,0.8695,87.0,0.0,27.0,1.1101,-0.4075,96.0,0.2752,0,0,0,0.0,0.0,0.0,163.0,87.0,-0.8715,-0.7432,-0.7793,-0.8715,0.8715,0.7432,0.8685,0.6385,0.0,-0.1367,-0.1722,-0.9345,120.0,0.0,90.0,90.0,120.0,120.0,120.0,120.0,0.0,0.0,-0.0,98.0,2.0765,1.7389,0.0,0.3655,0.9345,1.8575
277,157,2026-05-06 15:00:00+00:00,2026-05-06 15:01:00+00:00,servido,,3,0.5,0.75,0.5,-0.8944,0.8944,0.6333,0.6333,1.2667,0.0,1.6044,0.8957,0.0422,0.0,0.0422,0.0422,0.0018,0.0422,0.0,0.0,0.0,0.0,0.0,0.0,1,0,0.5,0.0,0.0,0.0,0.0,0.0,0.0,78.415,78.415,2.064,26.138,1.1041,0.9057,27283.0,1.6044,0.0018,95.364,0.8957,5.9e-05,0.9183,0.0,0.0,1.0,1.0,1.585,0.0,0.0,0.0,0.0,0.0,0.0,0.0,81.0,0.0,19.0,0.7071,-1.5,81.0,0.1912,0,0,0,0.0,0.0,0.0,0.0,0.0,-0.8944,-0.7742,-0.8165,-0.8944,0.8944,0.7742,0.8944,0.7071,0.0,0.0,0.0,-1.0,60.0,0.0,0.0,0.0,60.0,60.0,60.0,60.0,0.0,0.0,-0.0,76.0,2.0636,1.6044,0.0,0.375,1.0,1.585
278,170,2026-05-26 16:09:00+00:00,2026-05-26 16:14:00+00:00,alimentacion,,11,-0.3,0.7055,0.6,0.8162,-0.8162,-0.0267,0.0611,0.1,-0.1,0.0444,0.0667,-0.0004,0.0031,0.0033,-0.0067,0.0001,0.0031,-0.0,0.0002,0.0003,-0.0003,0.0,0.0002,6,7,0.1,0.4,0.000781,0.001667,0.0,0.000601,0.2327,300.665,60.133,37.583,27.333,1.0019,0.9981,108689.0,0.0444,0.0001,99.402,0.0667,0.0,2.0049,0.85,1.3863,1.0,0.8108,1.887,0.00303,0.00607,0.7712,0.5589,0.1,-0.1444,1.8268,99.0,2.0,2.0,-0.7627,0.476,99.556,0.0279,1,0,0,3.0,0.5,0.2,104.0,93.0,0.8162,0.6898,0.712,0.8078,-0.8162,-0.6898,-0.8301,-0.5543,0.0,0.2743,0.2742,0.9024,60.0,300.0,150.0,270.0,270.0,300.0,300.0,300.0,3.0,8.0,-0.0,-6.0,37.5831,0.0089,1.3863,0.2117,0.9024,1.887
279,178,2026-05-27 15:10:00+00:00,2026-05-27 15:21:00+00:00,ruido,,23,0.0,0.1584,0.1364,0.8784,-0.8784,-0.0091,0.0668,0.1,-0.3,0.1,0.0674,0.0002,0.0032,0.01,-0.01,0.0002,0.0032,0.0,0.0002,0.0007,-0.0003,0.0,0.0002,3,3,0.0455,0.0455,0.000716,0.005,0.0,0.001273,0.3945,661.471,60.134,110.245,28.76,1.0022,0.9978,679896.0,0.1,0.0002,171.932,0.0674,0.0,0.6784,0.2124,0.1112,0.7163,0.916,1.5734,0.001449,0.00455,0.8734,0.4954,-0.0189,-0.0351,2.7718,171.0,0.0,0.0,2.6959,5.5678,171.158,0.0149,0,1,1,0.0,0.0,0.0,180.0,171.0,0.8784,0.9541,0.9507,0.8732,-0.8784,-0.9541,-0.8378,-0.9762,0.0,0.8891,0.9338,0.7223,0.0,60.0,0.0,0.0,660.0,660.0,660.0,660.0,0.0,9.0,-7.2,1.8,110.2452,0.0091,0.0797,0.0,0.9762,1.127
280,186,2026-05-28 14:22:00+00:00,2026-05-28 14:34:00+00:00,ruido,,25,-0.0417,0.1478,0.2083,0.2294,-0.2294,-0.0042,0.2554,0.8667,-0.9,1.5656,0.2554,0.0,0.0151,0.03,-0.0589,0.0052,0.0151,0.0,0.0009,0.003,-0.0029,0.0,0.0009,5,7,0.0417,0.0833,0.001283,0.014716,0.0,0.003377,0.9625,740.126,61.677,246.709,29.605,1.0279,0.9728,554272.0,1.5656,0.0052,148.899,0.2554,3e-06,0.7641,0.3251,0.271,1.2302,0.8112,1.8575,0.002667,0.008116,0.5299,0.039,0.0227,-0.0054,3.5444,148.0,0.0,0.0,4.474,18.761,147.81,0.0365,0,0,2,0.0,0.0,0.0,175.0,146.0,0.2294,0.1765,0.1666,0.272,-0.2294,-0.1765,-0.2483,-0.1571,0.0,0.0867,0.0681,0.2629,90.0,600.0,120.0,120.0,600.0,600.0,600.0,600.0,26.0,3.0,4.8,-0.0,246.7087,0.1305,0.3334,0.0062,0.272,2.2851
281,194,2026-05-29 09:11:00+00:00,2026-05-29 09:18:00+00:00,ruido,,15,0.0,0.0107,0.2857,-0.5268,0.5268,0.0024,0.057,0.1667,-0.1333,0.0456,0.057,0.0,0.0028,0.0056,-0.0056,0.0001,0.0028,0.0,0.0002,0.0003,-0.0004,0.0,0.0002,4,4,0.0714,0.0714,0.000662,0.002483,0.0,0.000894,0.2981,420.679,60.097,420.679,28.045,1.0016,0.9984,231915.0,0.0456,0.0001,124.342,0.057,0.0,1.2419,0.2991,0.3228,0.8268,0.8217,2.0837,0.004444,0.006077,0.7541,0.3821,-0.4125,-0.025,2.3691,124.0,0.0,0.0,1.8336,2.01,124.154,0.012,1,0,1,4.0,0.95,0.143,128.0,123.0,-0.5268,-0.6279,-0.6187,-0.5212,0.5268,0.6279,0.4664,0.7024,0.0,-0.6286,-0.6846,-0.3441,90.0,0.0,0.0,0.0,150.0,150.0,150.0,150.0,4.0,0.0,-0.0,0.0,420.679,0.0065,0.2669,0.0,0.7024,1.7228
282,202,2026-05-30 10:27:00+00:00,2026-05-30 10:39:00+00:00,ruido,,25,-0.0417,0.2725,0.2083,0.4655,-0.4655,-0.0014,0.0548,0.2,-0.1667,0.0722,0.0549,-0.0,0.0032,0.0067,-0.0122,0.0002,0.0032,0.0,0.0002,0.0006,-0.0006,0.0,0.0002,5,7,0.0417,0.0833,0.000311,0.003054,0.0,0.000677,0.233,721.075,60.09,721.075,28.843,1.0015,0.9985,552400.0,0.0722,0.0002,148.647,0.0549,0.0,1.2611,0.3588,0.1501,0.8659,0.8063,1.486,0.001333,0.005612,0.6883,0.4067,0.3266,-0.0141,2.9813,148.0,0.0,1.0,3.3009,11.2684,148.333,0.0099,1,0,1,6.0,0.55,0.083,155.0,148.0,0.4655,0.421,0.4032,0.4891,-0.4655,-0.421,-0.4925,-0.3949,0.0,0.3506,0.3152,0.4657,90.0,210.0,0.0,0.0,210.0,210.0,210.0,210.0,6.0,1.0,1.6,-0.0,721.075,0.006,0.13,0.0114,0.4925,1.2867
283,210,2026-05-31 08:20:00+00:00,2026-05-31 08:26:00+00:00,ruido,,13,0.0,0.1591,0.3333,-0.1387,0.1387,0.0,0.0544,0.1333,-0.1333,0.0356,0.0544,0.0,0.0027,0.0044,-0.0044,0.0001,0.0027,-0.0,0.0001,0.0003,-0.0003,0.0,0.0001,4,3,0.0833,0.0833,0.000766,0.002222,0.0,0.000909,0.2653,360.531,60.088,360530983.802,27.733,1.0015,0.9985,80372.0,0.0356,0.0001,78.629,0.0544,0.0,0.6194,0.335,0.6242,1.0309,0.7873,1.7079,0.002564,0.005779,0.8316,0.428,-0.1727,-0.1136,2.1195,78.0,0.0,0.0,1.9188,1.6818,78.364,0.0184,1,0,1,4.0,1.0,0.167,82.0,78.0,-0.1387,-0.2489,-0.2519,-0.1644,0.1387,0.2489,0.0726,0.3627,0.0,-0.2926,-0.3649,0.0,60.0,0.0,360.0,360.0,360.0,0.0,0.0,120.0,4.0,0.0,-0.0,-0.0,360.531,0.0059,0.6435,0.0,0.3649,1.7607
284,218,2026-06-01 09:13:00+00:00,2026-06-01 09:35:00+00:00,ruido,,45,0.0,0.0752,0.1591,-0.1352,0.1352,0.0015,0.8222,3.8,-3.8333,29.7444,0.8222,0.0,0.0479,0.2544,-0.1278,0.0985,0.0479,0.0001,0.0029,0.0127,-0.0127,0.0003,0.0029,7,9,0.0455,0.0455,0.004309,0.063889,0.0,0.013698,4.8594,1505.257,68.421,752.628,33.45,1.1403,0.8769,705698.0,29.7444,0.0985,125.229,0.8222,4.2e-05,0.6532,0.2087,0.186,1.0179,0.8222,1.7086,0.000741,0.007678,0.5566,0.0957,0.0608,0.0216,4.3373,126.0,2.0,3.0,-5.5768,33.0564,125.243,0.1462,1,1,3,15.0,2.458,0.045,141.0,9.0,-0.1352,-0.1341,-0.1099,-0.1483,0.1352,0.1341,0.1411,0.1377,0.0,-0.1731,-0.1357,-0.1158,570.0,60.0,0.0,0.0,720.0,720.0,720.0,720.0,15.0,115.0,7.367,0.0,752.6285,1.352,0.1893,0.0,0.1731,1.7392
285,226,2026-06-01 17:44:00+00:00,2026-06-01 17:46:00+00:00,servido,,5,0.25,0.75,0.5,-0.9037,0.9037,0.1083,0.1876,0.4333,0.0,0.1878,0.2167,0.0,0.0118,0.0144,-0.0144,0.0004,0.0118,-0.0002,0.0007,0.0005,-0.001,0.0,0.0008,2,2,0.25,0.0,0.003515,0.007222,0.0,0.002287,0.4189,122.696,61.348,9.438,24.539,1.0165,0.9837,64274.0,0.1878,0.0004,113.379,0.2167,3e-06,0.971,-0.0,0.0,1.0,1.0,1.8575,0.006667,0.007515,0.8727,0.4583,-1.0,0.0,0.55,108.0,0.0,13.0,0.4082,-1.8333,112.333,0.0563,0,0,0,0.0,0.0,0.0,121.0,108.0,-0.9037,-0.8113,-0.8345,-0.9037,0.9037,0.8113,0.9263,0.7071,0.0,-0.2887,-0.3638,-0.9449,90.0,0.0,0.0,0.0,90.0,90.0,90.0,90.0,0.0,0.0,0.0,-0.0,9.4382,0.0939,0.0,0.1875,0.9449,1.8575
286,234,2026-06-02 11:44:00+00:00,2026-06-02 11:50:00+00:00,ruido,,13,0.0,0.0952,0.25,-0.0784,0.0784,0.0,0.068,0.1667,-0.1667,0.0556,0.068,0.0,0.0041,0.0056,-0.0111,0.0002,0.0041,-0.0,0.0003,0.0006,-0.0006,0.0,0.0003,3,3,0.0833,0.0833,0.000534,0.002778,0.0,0.001025,0.1667,360.828,60.138,360827625.303,27.756,1.0023,0.9977,79897.0,0.0556,0.0002,78.396,0.068,1e-06,0.3912,0.335,0.539,1.5416,0.7873,1.7079,0.002564,0.008974,0.5,-0.0972,-0.025,-0.0521,2.585,78.0,0.0,0.0,3.1754,8.0833,78.0,0.017,1,0,1,5.0,0.5,0.167,83.0,78.0,-0.0784,-0.1504,-0.1601,-0.1162,0.0784,0.1504,0.0356,0.2052,0.0,-0.1655,-0.2196,0.0,60.0,0.0,360.0,360.0,360.0,0.0,0.0,90.0,5.0,0.0,-0.0,-0.0,360.828,0.0093,0.8309,0.0,0.2196,2.6329
287,242,2026-06-03 01:15:00+00:00,2026-06-03 01:27:00+00:00,ruido,,25,-0.0833,0.1109,0.2917,-0.5378,0.5378,0.0,0.0553,0.2333,-0.1,0.0733,0.0553,0.0,0.0031,0.0078,-0.0111,0.0002,0.0031,0.0,0.0002,0.0005,-0.0006,0.0,0.0002,7,9,0.0417,0.125,0.000442,0.002759,0.0,0.000703,0.3318,721.089,60.091,721088655.978,28.844,1.0015,0.9985,335301.0,0.0733,0.0002,115.81,0.0553,0.0,1.4337,0.4676,0.2053,0.6028,0.8228,1.8575,0.002667,0.005432,0.8071,0.4125,-0.2409,-0.0792,3.0346,116.0,0.0,2.0,1.3039,2.9133,115.619,0.0134,1,0,2,7.0,1.375,0.083,121.0,114.0,-0.5378,-0.6669,-0.6595,-0.5088,0.5378,0.6669,0.4874,0.7155,0.0,-0.7505,-0.7962,-0.3397,90.0,0.0,720.0,720.0,720.0,0.0,0.0,630.0,7.0,0.0,3.0,-0.8,721.089,0.0061,0.1238,0.0092,0.7962,1.1197
288,250,2026-06-04 00:47:00+00:00,2026-06-04 00:55:00+00:00,alimentacion,,17,-0.3125,0.1732,0.6875,0.0275,-0.0275,-0.0438,0.1855,0.3667,-0.6,0.5811,0.1906,-0.0013,0.0078,0.0144,-0.02,0.0009,0.0079,-0.0,0.0004,0.0006,-0.0009,0.0,0.0004,11,10,0.125,0.4375,0.002409,0.008055,0.0,0.002142,1.1339,488.233,61.029,23.249,28.72,1.0162,0.9841,227708.0,0.5811,0.0009,115.735,0.1906,3e-06,2.1622,0.8509,22.1096,0.6348,0.7615,2.164,0.001961,0.005629,0.7127,0.3836,0.1441,-0.1532,2.2742,115.0,4.0,7.0,-1.8355,3.9745,116.533,0.0597,2,1,0,7.5,1.944,0.25,123.0,115.0,0.0275,-0.1472,-0.1041,0.0278,-0.0275,0.1472,-0.0458,0.2443,0.0,-0.5536,-0.5362,0.2382,120.0,480.0,420.0,420.0,480.0,390.0,390.0,480.0,9.0,21.0,0.0,-18.0,23.2492,0.0726,14.0352,0.0541,0.5536,1.3737
289,258,2026-06-04 15:59:00+00:00,2026-06-04 16:17:00+00:00,ruido,,37,-0.1111,0.0665,0.3056,-0.6888,0.6888,0.0093,0.343,1.7333,-1.1,4.2378,0.3431,-0.0,0.0198,0.0578,-0.0944,0.0137,0.0198,-0.0,0.0012,0.0044,-0.0051,0.0001,0.0012,11,16,0.0278,0.1389,0.001619,0.020458,0.0,0.004154,1.7966,1124.981,62.499,112.498,30.405,1.0416,0.9601,540008.0,4.2378,0.0137,120.809,0.3431,8e-06,1.921,0.4843,0.4453,0.7802,0.8591,1.8303,0.000901,0.007104,0.6391,0.1604,-0.1089,0.0861,4.0056,121.0,3.0,5.0,2.2518,10.5811,120.452,0.0668,1,0,5,42.0,0.52,0.056,158.0,106.0,-0.6888,-0.793,-0.7939,-0.6727,0.6888,0.793,0.6333,0.8273,0.0,-0.7992,-0.8428,-0.5031,90.0,0.0,0.0,0.0,930.0,930.0,930.0,930.0,42.0,0.0,8.143,-0.429,112.4981,0.2354,0.3474,0.0074,0.8428,1.428
290,266,2026-06-05 02:31:00+00:00,2026-06-05 02:35:00+00:00,ruido,,9,0.0,0.2078,0.375,0.393,-0.393,-0.0042,0.0588,0.1,-0.1333,0.0278,0.0589,0.0,0.0036,0.0044,-0.0078,0.0001,0.0036,-0.0,0.0002,0.0004,-0.0004,0.0,0.0002,3,4,0.125,0.125,0.000493,0.001944,0.0,0.000638,0.1332,240.415,60.104,240.415,26.713,1.0017,0.9983,93242.0,0.0278,0.0001,101.785,0.0589,0.0,1.3516,0.4444,1.3863,1.0,0.7217,1.7611,0.003704,0.008187,0.5511,0.0605,-0.1025,-0.502,1.8596,101.0,0.0,1.0,1.8716,2.3699,101.429,0.0121,0,0,1,0.0,0.0,0.0,105.0,101.0,0.393,0.2916,0.3102,0.3273,-0.393,-0.2916,-0.443,-0.1985,0.0,0.0403,0.0404,0.5406,90.0,120.0,0.0,0.0,120.0,120.0,120.0,120.0,3.0,1.0,-0.0,-0.0,240.415,0.0069,1.3863,0.0,0.5406,1.7611
291,274,2026-06-05 17:28:00+00:00,2026-06-05 17:32:00+00:00,ruido,,9,0.0,0.0632,0.375,-0.7602,0.7602,0.0083,0.0682,0.1667,-0.1,0.0378,0.0687,-0.0,0.0042,0.0056,-0.0089,0.0001,0.0042,-0.0,0.0003,0.0004,-0.0005,0.0,0.0003,3,3,0.125,0.125,0.00077,0.002778,0.0,0.000978,0.1663,240.563,60.141,120.282,26.729,1.0023,0.9977,72737.0,0.0378,0.0001,89.899,0.0687,1e-06,1.2244,0.4444,0.6931,1.0,0.8238,2.1133,0.007407,0.009175,0.5189,-0.1266,-0.0033,-0.0082,1.8898,90.0,0.0,0.0,0.7193,0.7593,89.714,0.0152,0,0,1,0.0,0.0,0.0,93.0,88.0,-0.7602,-0.8407,-0.8299,-0.7582,0.7602,0.8407,0.716,0.9019,0.0,-0.7753,-0.8214,-0.5779,60.0,0.0,0.0,0.0,90.0,90.0,90.0,90.0,3.0,0.0,-0.0,-0.0,120.2815,0.0095,0.6931,0.0,0.9019,2.1133
292,282,2026-06-06 10:06:00+00:00,2026-06-06 10:15:00+00:00,alimentacion,,19,-0.1667,0.6737,0.6667,0.7359,-0.7359,-0.0204,0.073,0.1333,-0.1333,0.1033,0.0758,-0.0001,0.0039,0.0044,-0.0089,0.0003,0.0039,-0.0,0.0003,0.0004,-0.0004,0.0,0.0003,12,15,0.1111,0.2778,0.000846,0.002222,0.0,0.000646,0.4654,541.544,60.172,49.231,28.502,1.0027,0.9974,410959.0,0.1033,0.0003,147.069,0.0758,0.0,2.0182,0.671,1.5041,0.4215,0.782,2.0122,0.001754,0.003404,0.902,0.8134,0.4805,0.1224,1.5832,148.0,4.0,6.5,-0.6604,-0.8413,147.235,0.0307,2,1,0,3.5,1.219,0.222,152.0,148.0,0.7359,0.5822,0.6102,0.7415,-0.7359,-0.5822,-0.766,-0.4739,0.0,0.1218,0.1635,0.8777,90.0,540.0,210.0,390.0,450.0,240.0,240.0,540.0,3.0,11.0,-0.0,-2.0,49.2313,0.0115,0.634,0.1123,0.8777,0.8481
293,288,2026-06-07 02:19:00+00:00,2026-06-07 02:21:00+00:00,servido,,5,0.25,0.75,0.5,-0.9037,0.9037,0.3417,0.5918,1.3667,0.0,1.8678,0.6833,0.0,0.0372,0.0456,-0.0456,0.0042,0.0372,-0.0008,0.0023,0.0015,-0.003,0.0,0.0024,2,2,0.25,0.0,0.009397,0.022778,0.0,0.007605,1.0679,140.804,70.402,3.434,28.161,1.1103,0.9006,67454.0,1.8678,0.0042,116.15,0.6833,2.8e-05,0.971,-0.0,0.0,1.0,1.0,1.8575,0.006667,0.007515,0.8727,0.4583,-1.0,0.0,0.55,98.0,0.0,41.0,0.4082,-1.8333,111.667,0.1756,0,0,0,0.0,0.0,0.0,139.0,98.0,-0.9037,-0.8113,-0.8345,-0.9037,0.9037,0.8113,0.9263,0.7071,0.0,-0.2887,-0.3638,-0.9449,90.0,0.0,0.0,0.0,90.0,90.0,90.0,90.0,0.0,0.0,-0.0,-0.0,3.4342,0.9339,0.0,0.1875,0.9449,1.8575
294,292,2026-06-07 17:45:00+00:00,2026-06-07 17:46:00+00:00,servido,,3,0.5,0.75,0.5,-0.8944,0.8944,0.7333,0.7333,1.4667,0.0,2.1511,1.0371,0.0489,0.0,0.0489,0.0489,0.0024,0.0489,0.0,0.0,0.0,0.0,0.0,0.0,1,0,0.5,0.0,0.0,0.0,0.0,0.0,0.0,83.254,83.254,1.892,27.751,1.1189,0.8937,42124.0,2.1511,0.0024,118.496,1.0371,5.1e-05,0.9183,0.0,0.0,1.0,1.0,1.585,0.0,0.0,0.0,0.0,0.0,0.0,0.0,102.0,0.0,22.0,0.7071,-1.5,102.0,0.1778,0,0,0,0.0,0.0,0.0,0.0,0.0,-0.8944,-0.7742,-0.8165,-0.8944,0.8944,0.7742,0.8944,0.7071,0.0,0.0,0.0,-1.0,60.0,0.0,0.0,0.0,60.0,60.0,60.0,60.0,0.0,0.0,-0.0,88.0,1.8921,2.1511,0.0,0.375,1.0,1.585
295,296,2026-06-08 09:22:00+00:00,2026-06-08 09:31:00+00:00,alimentacion,,19,-0.1111,0.7388,0.5556,0.8806,-0.8806,-0.0389,0.163,0.2333,-0.4667,0.5056,0.1676,-0.0003,0.0095,0.0189,-0.0233,0.0015,0.0095,-0.0,0.0006,0.0014,-0.001,0.0,0.0006,10,12,0.1667,0.2778,0.002162,0.0049,0.0,0.001318,1.1499,547.357,60.817,26.065,28.808,1.0129,0.9873,260968.0,0.5056,0.0015,117.197,0.1676,2e-06,2.379,0.6418,0.6931,0.5898,0.7608,2.0122,0.001754,0.004366,0.8127,0.7159,0.471,0.0968,2.0952,121.0,4.0,10.0,-0.4795,-0.8476,117.118,0.0654,1,1,1,3.0,1.333,0.111,117.0,121.0,0.8806,0.7808,0.7992,0.8783,-0.8806,-0.7808,-0.891,-0.7084,0.0,0.3734,0.4345,0.9384,60.0,540.0,330.0,300.0,420.0,360.0,360.0,540.0,6.0,21.0,6.0,-4.0,26.0646,0.0562,0.4088,0.0821,0.9384,1.1868
296,300,2026-06-09 00:27:00+00:00,2026-06-09 00:37:00+00:00,alimentacion,,21,-0.1,0.7582,0.75,0.967,-0.967,-0.04,0.1344,0.1667,-0.3,0.3933,0.1402,-0.0002,0.0076,0.0122,-0.0144,0.0011,0.0076,0.0,0.0004,0.0009,-0.0007,0.0,0.0004,15,14,0.3,0.4,0.00212,0.006568,0.000269,0.001464,1.2035,605.823,60.582,25.243,28.849,1.0089,0.9912,313076.0,0.3933,0.0011,122.1,0.1402,1e-06,2.9464,0.9262,22.1096,0.7339,0.7563,2.0916,0.001587,0.004838,0.8668,0.7116,0.3432,0.2114,2.6094,121.0,3.0,7.0,0.5951,-0.118,121.471,0.0566,3,3,0,5.667,0.655,0.3,129.0,116.0,0.967,0.9764,0.9765,0.9677,-0.967,-0.9764,-0.943,-0.964,0.0,0.7871,0.8212,0.866,30.0,570.0,60.0,120.0,210.0,540.0,540.0,570.0,3.0,24.0,-5.4,-5.0,25.2426,0.0393,16.2262,0.0758,0.9765,1.535
297,304,2026-06-09 17:14:00+00:00,2026-06-09 17:16:00+00:00,servido,,5,0.25,0.75,0.5,-0.9037,0.9037,0.5667,0.9815,2.2667,0.0,5.1378,1.1333,0.0,0.0617,0.0756,-0.0756,0.0114,0.0617,-0.0013,0.0038,0.0025,-0.005,0.0,0.004,2,2,0.25,0.0,0.013522,0.037778,0.0,0.013636,1.4616,164.324,82.162,2.417,32.865,1.1914,0.8394,95597.0,5.1378,0.0114,138.273,1.1333,5.4e-05,0.971,-0.0,0.0,1.0,1.0,1.8575,0.006667,0.007515,0.8727,0.4583,-1.0,0.0,0.55,107.0,0.0,68.0,0.4082,-1.8333,129.667,0.2482,0,0,0,0.0,0.0,0.0,175.0,107.0,-0.9037,-0.8113,-0.8345,-0.9037,0.9037,0.8113,0.9263,0.7071,0.0,-0.2887,-0.3638,-0.9449,90.0,0.0,0.0,0.0,90.0,90.0,90.0,90.0,0.0,0.0,-0.0,-0.0,2.4165,2.5689,0.0,0.1875,0.9449,1.8575
298,308,2026-06-10 08:56:00+00:00,2026-06-10 09:02:00+00:00,alimentacion,,13,-0.0833,0.6082,0.6667,0.7497,-0.7497,-0.025,0.1029,0.1333,-0.2,0.1344,0.1058,0.0,0.0059,0.0067,-0.0089,0.0004,0.0059,0.0,0.0004,0.0005,-0.0005,0.0,0.0004,8,9,0.25,0.3333,0.001486,0.003333,0.0,0.000877,0.5295,362.002,60.334,40.222,27.846,1.0052,0.9948,362763.0,0.1344,0.0004,167.047,0.1058,0.0,2.5074,0.9163,21.4164,0.7408,0.7001,2.2772,0.002564,0.005026,0.8532,0.6258,0.2209,0.1183,1.6837,168.0,4.0,5.0,-0.4171,-0.8893,167.182,0.0238,2,1,0,3.5,0.938,0.333,172.0,164.0,0.7497,0.6165,0.6416,0.7454,-0.7497,-0.6165,-0.7799,-0.4982,0.0,0.2113,0.2235,0.8718,90.0,330.0,180.0,210.0,210.0,90.0,90.0,330.0,3.0,9.0,-0.0,-0.0,40.2224,0.0224,15.8653,0.0507,0.8718,1.6869
299,312,2026-06-10 16:07:00+00:00,2026-06-10 16:15:00+00:00,alimentacion,,17,-0.25,0.5349,0.75,0.8564,-0.8564,-0.0229,0.1383,0.3,-0.3,0.3144,0.1402,-0.0,0.0078,0.0167,-0.0133,0.0009,0.0078,0.0,0.0005,0.0008,-0.001,0.0,0.0005,12,10,0.1875,0.4375,0.001663,0.005747,0.0,0.001615,0.8229,484.646,60.581,44.059,28.509,1.0094,0.9907,210211.0,0.3144,0.0009,111.2,0.1402,1e-06,3.0286,0.8636,20.7233,0.9097,0.6611,2.164,0.001961,0.006082,0.8155,0.4644,0.2157,0.1194,2.2494,112.0,3.0,8.0,-0.2445,-1.1964,111.133,0.0384,2,2,0,7.5,0.692,0.25,118.0,109.0,0.8564,0.7949,0.8091,0.8874,-0.8564,-0.7949,-0.8484,-0.7391,0.0,0.4759,0.5108,0.867,270.0,450.0,360.0,210.0,390.0,240.0,240.0,450.0,3.0,11.0,0.0,-3.0,44.0587,0.0393,18.852,0.1337,0.8874,1.9686
300,316,2026-06-11 04:37:00+00:00,2026-06-11 04:53:00+00:00,ruido,,33,0.0625,0.2288,0.4062,-0.1422,0.1422,0.001,0.1171,0.3333,-0.3333,0.4389,0.1171,0.0,0.0052,0.0111,-0.0122,0.0008,0.0052,-0.0,0.0003,0.0007,-0.0006,0.0,0.0003,13,16,0.1875,0.125,0.001267,0.007465,0.0,0.001799,1.2539,966.445,60.403,966.445,29.286,1.0067,0.9933,938069.0,0.4389,0.0008,168.601,0.1171,0.0,2.224,0.4591,0.5705,0.4562,0.764,1.8343,0.00101,0.002729,0.9532,0.8136,0.3943,0.2558,2.3982,167.0,2.0,7.0,1.4941,1.6619,167.667,0.0319,1,3,2,18.0,1.4,0.062,184.0,163.0,-0.1422,-0.2389,-0.2555,-0.1289,0.1422,0.2389,0.0702,0.2841,0.0,-0.219,-0.3094,-0.0143,120.0,390.0,0.0,0.0,750.0,750.0,750.0,750.0,17.0,3.0,8.686,0.0,966.445,0.0274,0.2603,0.0143,0.3094,0.8368
301,320,2026-06-11 17:39:00+00:00,2026-06-11 17:48:00+00:00,alimentacion,,19,0.0556,0.737,0.5,0.8333,-0.8333,-0.0333,0.1875,0.2333,-0.7,0.6528,0.1904,-0.0001,0.0099,0.0233,-0.0311,0.0017,0.0099,0.0,0.0006,0.0018,-0.0013,0.0,0.0006,9,11,0.2778,0.2222,0.001616,0.007183,0.0,0.001676,0.8965,549.041,61.005,30.502,28.897,1.0162,0.9841,443220.25,0.6528,0.0017,152.733,0.1904,1e-06,2.669,0.5788,0.4925,0.2787,0.755,2.0122,0.001754,0.002515,0.9534,0.9174,0.6871,0.2391,0.8429,148.5,8.5,25.5,0.3913,-1.4356,151.618,0.0808,1,0,1,15.0,1.429,0.111,175.0,140.0,0.8333,0.7423,0.7441,0.8362,-0.8333,-0.7423,-0.8812,-0.6444,0.0,0.4796,0.4838,0.8961,180.0,330.0,210.0,270.0,300.0,300.0,300.0,540.0,15.0,20.0,7.0,2.0,30.5023,0.0725,0.1373,0.041,0.8961,0.5608
302,324,2026-06-12 15:03:00+00:00,2026-06-12 15:16:00+00:00,ruido,,26,-0.04,0.1196,0.24,0.8746,-0.8746,-0.0333,0.1523,0.1,-0.7333,0.6078,0.1559,0.0003,0.0069,0.0278,-0.0178,0.0011,0.0069,0.0,0.0004,0.0015,-0.001,0.0,0.0004,6,7,0.08,0.12,0.001091,0.008381,0.0,0.00218,0.7253,758.245,60.66,30.33,29.163,1.0104,0.9897,525944.0,0.6078,0.0011,142.227,0.1559,1e-06,1.3727,0.3482,0.2877,0.6621,0.9212,1.4463,0.001282,0.005143,0.7768,0.4937,0.1037,-0.0535,3.1275,139.0,0.0,3.0,3.0051,7.8382,140.364,0.046,1,1,2,3.0,1.0,0.08,142.0,139.0,0.8746,0.953,0.9514,0.8565,-0.8746,-0.953,-0.8303,-0.9764,0.0,0.8953,0.9357,0.7134,0.0,60.0,30.0,30.0,90.0,90.0,90.0,540.0,0.0,28.0,-13.8,-0.0,30.3298,0.0486,0.1905,0.0048,0.9764,0.9576
303,328,2026-06-13 04:22:00+00:00,2026-06-13 04:25:00+00:00,servido,,7,0.1667,0.5753,0.3333,-0.7734,0.7734,0.2611,0.4731,1.2,-0.1667,1.7522,0.5404,0.0036,0.0225,0.0456,-0.0222,0.0026,0.0228,-0.0002,0.0014,0.0017,-0.0023,0.0,0.0014,2,3,0.3333,0.1667,0.00411,0.011103,0.0,0.004438,0.7485,201.275,67.092,4.282,28.754,1.0819,0.9243,42260.0,1.7522,0.0026,77.699,0.5404,4.1e-05,1.1488,0.5304,1.0986,1.0,0.9098,2.0053,0.004762,0.007082,0.578,0.442,-0.2346,-0.857,1.2446,65.0,0.0,15.5,1.0888,-0.5514,71.2,0.2472,0,0,0,0.0,0.0,0.0,112.0,60.0,-0.7734,-0.6369,-0.6735,-0.7441,0.7734,0.6369,0.7678,0.5272,0.0,-0.0852,-0.1264,-0.8753,180.0,120.0,0.0,150.0,150.0,180.0,180.0,180.0,0.0,5.0,0.0,32.0,4.2824,0.5841,1.0986,0.0959,0.8753,2.0053
304,65,2026-04-20 15:14:00+00:00,2026-04-20 15:27:00+00:00,ruido,,27,-0.0385,0.4421,0.1923,0.8959,-0.8959,-0.0115,0.109,0.3333,-0.3333,0.3122,0.1096,0.0,0.0061,0.0111,-0.0222,0.0009,0.0061,0.0,0.0004,0.0011,-0.0011,0.0,0.0004,5,6,0.0385,0.0769,0.00059,0.005556,0.0,0.001321,0.4776,784.566,60.351,87.174,29.058,1.0058,0.9942,480881.0,0.3122,0.0009,133.456,0.1096,1e-06,0.9087,0.3382,0.1286,0.6083,0.7558,1.4089,0.001235,0.003464,0.882,0.759,0.4184,0.0631,2.3422,131.0,0.0,0.0,1.9713,3.2104,132.565,0.0358,1,0,1,10.0,0.5,0.077,150.0,131.0,0.8959,0.9246,0.9104,0.8945,-0.8959,-0.9246,-0.878,-0.9311,0.0,0.8337,0.847,0.768,90.0,180.0,0.0,0.0,180.0,180.0,180.0,180.0,10.0,9.0,2.0,-0.0,87.174,0.024,0.0782,0.017,0.9311,0.857
305,101,2026-04-27 04:48:00+00:00,2026-04-27 04:50:00+00:00,servido,,5,0.5,0.8998,0.5,-0.9741,0.9741,0.825,0.8258,1.7,0.0,5.45,1.1673,0.0,0.045,0.0567,-0.0533,0.0061,0.045,-0.0018,0.0002,-0.0017,-0.002,0.0,0.0018,2,1,0.5,0.0,0.016075,0.028333,0.000116,0.010405,1.5862,175.773,87.887,1.775,35.155,1.1299,0.885,120510.0,5.45,0.0061,155.248,1.1673,4.5e-05,1.5219,-0.0,0.0,1.0,1.0,2.3219,0.006667,0.007019,0.9471,0.6248,-1.2497,0.0,0.2985,150.0,48.0,99.0,-0.0203,-1.7502,149.0,0.2976,0,0,0,0.0,0.0,0.0,198.0,99.0,-0.9741,-0.9277,-0.9372,-0.9741,0.9741,0.9277,0.9915,0.8355,0.0,-0.5507,-0.5766,-0.9793,90.0,0.0,0.0,60.0,60.0,90.0,90.0,90.0,0.0,0.0,-0.0,-0.0,1.7755,2.725,0.0,0.4499,0.9915,2.3219
306,133,2026-05-02 20:35:00+00:00,2026-05-02 20:40:00+00:00,alimentacion,,11,-0.5,0.9139,0.5,0.9824,-0.9824,-0.04,0.0416,0.0,-0.1,0.0333,0.0577,-0.0002,0.0021,0.0033,-0.0033,0.0,0.0021,0.0,0.0001,0.0002,-0.0002,0.0,0.0001,5,6,0.0,0.5,0.00068,0.001387,0.000275,0.000342,0.1994,300.499,60.1,25.042,27.318,1.0009,0.9991,268466.0,0.0333,0.0,156.224,0.0577,0.0,2.3685,0.764,1.0986,1.0,1.0,2.2015,0.00303,0.005892,0.7716,0.7042,0.1355,-0.0776,1.8693,156.0,3.0,4.0,-0.4746,-0.6102,156.444,0.0233,0,0,0,0.0,0.0,0.0,161.0,149.0,0.9824,0.9372,0.9474,0.9863,-0.9824,-0.9372,-0.9723,-0.8702,0.0,0.6175,0.6453,0.9665,0.0,300.0,60.0,120.0,270.0,210.0,210.0,300.0,0.0,12.0,-0.0,-4.0,25.0416,0.0067,1.0986,0.457,0.9863,2.2015
307,165,2026-05-26 01:42:00+00:00,2026-05-26 01:44:00+00:00,servido,,5,0.25,0.75,0.5,-0.9037,0.9037,0.375,0.6495,1.5,0.0,2.25,0.75,0.0,0.0408,0.05,-0.05,0.005,0.0408,-0.0008,0.0025,0.0017,-0.0033,0.0,0.0026,2,2,0.25,0.0,0.01006,0.025,0.0,0.008452,1.134,144.083,72.042,3.202,28.817,1.1242,0.8895,66275.0,2.25,0.005,115.13,0.75,3.4e-05,0.971,-0.0,0.0,1.0,1.0,1.8575,0.006667,0.007515,0.8727,0.4583,-1.0,0.0,0.55,95.0,0.0,45.0,0.4082,-1.8333,110.0,0.1951,0,0,0,0.0,0.0,0.0,140.0,95.0,-0.9037,-0.8113,-0.8345,-0.9037,0.9037,0.8113,0.9263,0.7071,0.0,-0.2887,-0.3638,-0.9449,90.0,0.0,0.0,0.0,90.0,90.0,90.0,90.0,0.0,0.0,-0.0,-0.0,3.2018,1.125,0.0,0.1875,0.9449,1.8575
308,182,2026-05-28 09:47:00+00:00,2026-05-28 09:54:00+00:00,alimentacion,,15,-0.2143,0.8562,0.7857,0.9748,-0.9748,-0.0429,0.1151,0.1667,-0.2667,0.2111,0.1228,-0.0,0.0071,0.0111,-0.0144,0.0007,0.0071,0.0,0.0005,0.0008,-0.0009,0.0,0.0005,11,12,0.1429,0.3571,0.001234,0.003889,0.0,0.001148,0.4972,423.131,60.447,23.507,28.209,1.0065,0.9935,200994.0,0.2111,0.0007,115.757,0.1228,1e-06,2.3329,0.7435,22.1096,0.6323,0.8098,1.5628,0.002222,0.004954,0.7977,0.7238,0.3604,0.0342,2.0402,113.0,3.0,8.5,0.1153,-1.0585,115.692,0.0521,1,2,0,3.0,1.357,0.143,113.0,110.0,0.9748,0.9484,0.9509,0.9759,-0.9748,-0.9484,-0.971,-0.9045,0.0,0.7118,0.7291,0.922,0.0,390.0,90.0,150.0,270.0,390.0,390.0,390.0,0.0,18.0,0.0,-7.0,23.5073,0.0302,13.9799,0.1835,0.9759,0.9882
309,198,2026-05-30 03:33:00+00:00,2026-05-30 03:44:00+00:00,ruido,,23,0.0,0.0288,0.1364,0.5159,-0.5159,-0.0015,0.0655,0.2,-0.2333,0.0944,0.0655,0.0,0.0039,0.0144,-0.0078,0.0003,0.0039,0.0,0.0002,0.0007,-0.0007,0.0,0.0002,3,3,0.0455,0.0455,0.000422,0.003889,0.0,0.001083,0.233,661.4,60.127,661.4,28.757,1.0021,0.9979,516338.0,0.0944,0.0003,149.831,0.0655,0.0,0.6784,0.2124,0.1178,1.4132,0.8351,1.5734,0.010145,0.009385,0.3761,-0.1653,-0.0028,-0.0052,3.4048,150.0,0.0,0.0,-4.0922,16.1053,150.0,0.0085,0,0,1,0.0,0.0,0.0,151.0,144.0,0.5159,0.5797,0.5936,0.4895,-0.5159,-0.5797,-0.4783,-0.5967,0.0,0.5324,0.578,0.4102,0.0,60.0,0.0,0.0,90.0,90.0,90.0,90.0,0.0,7.0,-2.0,0.0,661.4,0.0086,0.1665,0.0,0.5967,2.2235
310,214,2026-05-31 16:51:00+00:00,2026-05-31 16:59:00+00:00,ruido,,17,0.0,0.0137,0.375,-0.6446,0.6446,0.0021,0.0546,0.1333,-0.1,0.0478,0.0546,-0.0,0.0032,0.0078,-0.0067,0.0002,0.0032,0.0,0.0002,0.0005,-0.0004,0.0,0.0002,6,8,0.125,0.125,0.000424,0.001111,0.0,0.000437,0.2164,480.714,60.089,480.714,28.277,1.0015,0.9985,326277.0,0.0478,0.0002,138.538,0.0546,0.0,1.778,0.53,0.6931,0.4661,0.7062,2.164,0.001961,0.005315,0.7691,0.4602,0.0545,-0.3248,2.0919,138.0,1.0,3.0,0.7201,-1.0929,138.467,0.0111,2,0,1,3.0,1.219,0.25,141.0,137.0,-0.6446,-0.7433,-0.7177,-0.655,0.6446,0.7433,0.6087,0.7804,0.0,-0.8741,-0.8307,-0.4771,180.0,0.0,0.0,0.0,300.0,300.0,300.0,300.0,3.0,0.0,0.0,-0.0,480.714,0.006,0.3231,0.0,0.8741,1.0086
312,246,2026-06-03 16:30:00+00:00,2026-06-03 16:42:00+00:00,ruido,,25,0.0417,0.1286,0.125,-0.0112,0.0112,-0.0014,0.4779,1.4667,-1.8,5.4811,0.4779,-0.0,0.0232,0.06,-0.07,0.0124,0.0232,0.0,0.0013,0.0043,-0.0029,0.0,0.0013,3,4,0.0833,0.0417,0.002628,0.015218,0.0,0.00501,1.971,776.349,64.696,776.349,31.054,1.0783,0.9274,365008.0,5.4811,0.0124,120.832,0.4779,1.5e-05,0.4822,0.1985,0.2166,0.9859,0.8208,1.486,0.001333,0.005367,0.8193,0.4712,-0.0891,-0.023,3.1441,116.0,0.0,0.0,3.1423,7.9989,116.143,0.1121,1,0,1,53.0,0.944,0.083,170.0,116.0,-0.0112,-0.0748,-0.0901,-0.0049,0.0112,0.0748,-0.0273,0.0961,0.0,-0.0895,-0.1384,0.0509,120.0,150.0,0.0,0.0,150.0,150.0,150.0,150.0,53.0,1.0,30.0,-0.0,776.349,0.4568,0.2135,0.0054,0.1384,1.465
313,262,2026-06-04 22:36:00+00:00,2026-06-04 22:42:00+00:00,alimentacion,,13,-0.25,0.2761,0.5,-0.0927,0.0927,-0.0306,0.1494,0.2333,-0.3667,0.2789,0.1524,0.0,0.0059,0.0122,-0.0089,0.0004,0.0059,0.0,0.0003,0.0007,-0.0003,0.0,0.0003,6,7,0.1667,0.4167,0.002586,0.006111,0.000259,0.001704,0.867,364.1,60.683,33.1,28.008,1.0109,0.9892,185757.0,0.2789,0.0004,119.537,0.1524,2e-06,2.4116,0.749,20.7233,0.5511,0.7103,2.2772,0.002564,0.00357,0.9394,0.7277,-0.0329,-0.2578,1.1215,122.0,6.0,7.0,-0.7212,-0.3371,119.727,0.062,1,0,0,13.0,3.027,0.167,129.0,105.0,-0.0927,-0.3019,-0.2598,-0.0796,0.0927,0.3019,0.0463,0.4321,0.0,-0.7113,-0.7079,0.187,90.0,330.0,0.0,0.0,330.0,330.0,330.0,330.0,13.0,11.0,-0.0,-0.0,33.1,0.0465,11.4206,0.069,0.7113,1.255
314,278,2026-06-05 20:53:00+00:00,2026-06-05 21:04:00+00:00,ruido,,23,0.0455,0.2386,0.0909,-0.8927,0.8927,0.0091,0.0417,0.2,0.0,0.04,0.0426,0.0,0.0021,0.0067,-0.0067,0.0001,0.0021,-0.0,0.0001,0.0002,-0.0004,0.0,0.0001,2,2,0.0455,0.0,0.00036,0.003333,0.0,0.000842,0.1985,660.594,60.054,110.099,28.721,1.0009,0.9991,176072.0,0.04,0.0001,87.495,0.0426,0.0,0.4262,-0.0,0.1112,0.6381,1.0,1.7701,0.001449,0.005405,0.7775,0.5184,-0.0143,-0.0265,3.0029,88.0,0.0,0.0,-2.9318,6.5952,88.0,0.0193,0,0,1,0.0,0.0,0.0,88.0,82.0,-0.8927,-0.9612,-0.9595,-0.8872,0.8927,0.9612,0.8514,0.9801,0.0,-0.8773,-0.9214,-0.7436,60.0,0.0,0.0,0.0,60.0,60.0,60.0,60.0,0.0,0.0,4.8,-0.0,110.099,0.0036,0.071,0.0109,0.9801,1.1295
315,290,2026-06-07 08:29:00+00:00,2026-06-07 08:36:00+00:00,alimentacion,,15,-0.2143,0.7435,0.7143,0.9233,-0.9233,-0.0405,0.1476,0.2333,-0.3667,0.3278,0.153,0.0,0.0095,0.0144,-0.0178,0.0012,0.0095,0.0,0.0006,0.001,-0.0011,0.0,0.0006,10,11,0.1429,0.3571,0.001342,0.006111,0.0,0.001424,0.5123,424.819,60.688,24.989,28.321,1.0106,0.9895,271412.0,0.3278,0.0012,134.514,0.153,1e-06,2.3656,0.7065,1.3863,0.8449,0.7547,2.3441,0.002222,0.005998,0.7473,0.5418,0.2424,0.2132,2.3686,137.0,3.0,6.0,-0.9665,-0.2776,134.846,0.0413,0,1,0,0.0,0.0,0.0,140.0,130.0,0.9233,0.8529,0.8674,0.9292,-0.9233,-0.8529,-0.9221,-0.7937,0.0,0.5129,0.5412,0.9391,0.0,390.0,300.0,270.0,330.0,300.0,300.0,390.0,0.0,17.0,0.0,-11.0,24.9894,0.0468,1.1713,0.1593,0.9391,1.9805
316,298,2026-06-08 17:06:00+00:00,2026-06-08 17:32:00+00:00,ruido,,53,0.1346,0.9768,0.2692,-0.997,0.997,0.0103,0.0266,0.1,0.0,0.0422,0.0285,-0.0,0.0014,0.0033,-0.0033,0.0001,0.0014,-0.0,0.0001,0.0001,-0.0002,0.0,0.0001,14,21,0.1346,0.0,0.000335,0.000833,0.0,0.000329,0.5327,1560.632,60.024,97.54,29.446,1.0004,0.9996,768063.0,0.0422,0.0001,120.382,0.0285,0.0,2.9237,-0.0,0.3603,0.0408,1.0,1.6211,0.000629,0.001735,0.967,0.952,0.8501,0.7824,2.1873,119.0,5.0,7.0,-0.0918,-1.2467,120.302,0.0405,0,0,7,0.0,0.0,0.0,128.0,112.0,-0.997,-0.9747,-0.9786,-0.9886,0.997,0.9747,0.9919,0.9407,0.0,-0.7475,-0.7862,-0.9494,1470.0,0.0,360.0,570.0,990.0,1170.0,1170.0,1470.0,0.0,0.0,0.509,0.582,97.5395,0.0016,0.0147,0.1315,0.997,0.0661
317,306,2026-06-09 20:53:00+00:00,2026-06-09 21:02:00+00:00,alimentacion,,19,-0.1111,0.6881,0.6111,0.7756,-0.7756,-0.0519,0.1976,0.2667,-0.5333,0.7511,0.2043,-0.0,0.0096,0.02,-0.0133,0.0016,0.0096,0.0,0.0006,0.001,-0.001,0.0,0.0006,11,14,0.2778,0.3889,0.002305,0.007663,0.0,0.002058,1.2723,550.881,61.209,19.674,28.994,1.0188,0.9816,566156.0,0.7511,0.0016,172.62,0.2043,1e-06,2.5843,0.9037,21.8219,0.4909,0.7419,2.0122,0.001754,0.002946,0.9317,0.8726,0.5469,0.2949,1.1165,179.0,11.0,23.5,-0.2151,-1.4754,172.294,0.0774,2,2,0,10.5,1.653,0.222,190.0,155.0,0.7756,0.6402,0.6621,0.7668,-0.7756,-0.6402,-0.8198,-0.5296,0.0,0.2289,0.273,0.9016,240.0,510.0,0.0,300.0,450.0,360.0,360.0,510.0,11.0,28.0,0.0,-5.0,19.6743,0.0835,10.7124,0.0764,0.9016,0.9878
318,314,2026-06-10 20:42:00+00:00,2026-06-10 20:53:00+00:00,ruido,,23,-0.0455,0.1924,0.2273,0.7981,-0.7981,-0.0045,0.0571,0.1667,-0.2,0.0722,0.0573,0.0,0.0033,0.0122,-0.0067,0.0002,0.0033,-0.0,0.0002,0.0006,-0.0006,0.0,0.0002,5,7,0.0455,0.0909,0.000386,0.003054,0.0,0.000722,0.2664,661.075,60.098,220.358,28.742,1.0016,0.9984,636823.0,0.0722,0.0002,166.397,0.0573,0.0,1.5509,0.3454,0.23,0.796,0.8022,1.9668,0.001449,0.007476,0.6097,0.2096,-0.0213,0.0273,3.2715,167.0,0.0,2.0,-1.4289,2.0641,166.526,0.0083,1,0,2,2.0,6.35,0.091,167.0,162.0,0.7981,0.7892,0.8061,0.81,-0.7981,-0.7892,-0.773,-0.7669,0.0,0.5381,0.605,0.7555,0.0,90.0,120.0,120.0,510.0,510.0,510.0,510.0,0.0,6.0,-3.6,-0.0,220.3583,0.0066,0.1831,0.0088,0.81,1.5656
319,322,2026-06-12 05:00:00+00:00,2026-06-12 05:08:00+00:00,alimentacion,,17,-0.125,0.3033,0.5625,0.4989,-0.4989,-0.0125,0.1338,0.2667,-0.2667,0.2889,0.1344,-0.0002,0.0069,0.01,-0.0144,0.0007,0.0069,-0.0,0.0004,0.0006,-0.0008,0.0,0.0004,9,12,0.25,0.375,0.001798,0.004124,0.0,0.001288,0.8924,484.286,60.536,80.714,28.487,1.0089,0.9912,273758.0,0.2889,0.0007,126.899,0.1344,1e-06,2.6313,0.9051,21.8219,0.7174,0.6126,2.164,0.001961,0.004709,0.8094,0.5993,0.1802,-0.2876,1.9618,126.0,3.0,4.0,0.4711,-0.5619,126.6,0.0346,2,2,0,7.5,0.875,0.25,136.0,121.0,0.4989,0.4202,0.4198,0.4482,-0.4989,-0.4202,-0.5445,-0.3157,0.0,0.3026,0.2376,0.5703,90.0,240.0,210.0,330.0,330.0,480.0,480.0,480.0,8.0,7.0,0.0,-3.0,80.7143,0.0361,15.655,0.0379,0.5703,1.5525
320,330,2026-06-13 18:59:00+00:00,2026-06-13 19:05:00+00:00,ruido,,13,0.0,0.0952,0.25,0.0784,-0.0784,0.0,0.068,0.1667,-0.1667,0.0556,0.068,0.0,0.0041,0.0111,-0.0056,0.0002,0.0041,0.0,0.0003,0.0006,-0.0006,0.0,0.0003,3,3,0.0833,0.0833,0.000534,0.002778,0.0,0.001025,0.1667,360.828,60.138,360827625.303,27.756,1.0023,0.9977,182928.0,0.0556,0.0002,118.623,0.068,0.0,0.3912,0.335,0.539,1.5416,0.7873,1.9925,0.002564,0.008974,0.5,-0.0972,-0.025,-0.0521,2.585,119.0,0.0,0.0,-3.1754,8.0833,119.0,0.0112,0,1,1,0.0,0.0,0.0,119.0,114.0,0.0784,0.1504,0.1601,0.1162,-0.0784,-0.1504,-0.0356,-0.2052,0.0,0.1655,0.2196,0.0,0.0,60.0,360.0,360.0,360.0,0.0,0.0,90.0,0.0,5.0,-0.0,-0.0,360.828,0.0093,0.8309,0.0,0.2196,3.0716
321,334,2026-06-14 20:45:00+00:00,2026-06-14 21:02:00+00:00,ruido,,35,0.0,0.2014,0.3824,-0.5789,0.5789,0.0049,0.1415,0.3333,-0.3,0.6811,0.1415,0.0,0.0073,0.02,-0.02,0.0018,0.0073,-0.0,0.0004,0.0013,-0.0013,0.0,0.0004,13,15,0.2059,0.2059,0.001308,0.006448,0.0,0.001795,1.29,1030.016,60.589,206.003,29.429,1.0098,0.9903,239578.0,0.6811,0.0018,82.735,0.1415,3e-06,2.643,0.6341,0.3067,0.6664,0.7141,1.7586,0.000952,0.003773,0.8879,0.6613,0.1039,0.0603,2.8643,80.0,1.0,5.5,1.0589,0.143,82.034,0.063,3,2,1,10.333,1.091,0.176,95.0,78.0,-0.5789,-0.6936,-0.7001,-0.5652,0.5789,0.6936,0.5092,0.7459,0.0,-0.692,-0.7571,-0.3896,120.0,0.0,0.0,480.0,480.0,570.0,570.0,570.0,15.0,0.0,6.786,-0.0,206.0032,0.0401,0.2044,0.0,0.7571,1.1719
322,338,2026-06-15 02:10:00+00:00,2026-06-15 02:36:00+00:00,ruido,,53,0.0962,0.0289,0.3654,-0.1593,0.1593,-0.0013,0.3975,1.7,-2.2333,8.2156,0.3975,-0.0,0.0197,0.0789,-0.0822,0.0199,0.0197,-0.0,0.0011,0.0054,-0.0037,0.0001,0.0011,19,21,0.1923,0.0962,0.001728,0.01628,0.0,0.003571,2.7468,1637.577,62.984,818.788,30.898,1.0497,0.9526,217018.0,8.2156,0.0199,63.99,0.3975,3.8e-05,1.3958,0.4163,0.2533,0.5603,0.8062,1.6211,0.000629,0.004293,0.8393,0.5756,0.2482,0.2093,3.9324,59.0,2.0,6.0,3.9447,15.9709,60.326,0.2025,3,1,4,25.333,0.913,0.115,126.0,59.0,-0.1593,-0.2511,-0.231,-0.161,0.1593,0.2511,0.1228,0.2975,0.0,-0.4664,-0.394,-0.0209,780.0,960.0,0.0,0.0,1110.0,1110.0,1110.0,1110.0,67.0,5.0,0.582,-0.0,818.7885,0.316,0.1419,0.0028,0.4664,0.9083
323,342,2026-06-15 09:23:00+00:00,2026-06-15 09:34:00+00:00,ruido,,23,0.0,0.0481,0.1364,0.8416,-0.8416,-0.0045,0.0475,0.1,-0.2,0.05,0.0477,0.0,0.0027,0.01,-0.0067,0.0002,0.0027,0.0,0.0002,0.0006,-0.0004,0.0,0.0002,3,3,0.0455,0.0455,0.000361,0.003333,0.0,0.000844,0.1993,660.744,60.068,220.248,28.728,1.0011,0.9989,432536.0,0.05,0.0002,137.135,0.0477,0.0,0.6784,0.2124,0.1178,1.0884,0.8855,1.5734,0.008696,0.008451,0.4557,-0.0007,-0.0022,-0.0041,3.3058,137.0,0.0,0.0,0.5778,4.5251,137.0,0.0078,0,0,1,0.0,0.0,0.0,140.0,134.0,0.8416,0.9131,0.9157,0.8299,-0.8416,-0.9131,-0.7988,-0.9326,0.0,0.8343,0.8816,0.6956,0.0,60.0,0.0,0.0,90.0,90.0,90.0,90.0,0.0,6.0,-3.0,-0.0,220.248,0.0045,0.1282,0.0,0.9326,1.7125
324,344,2026-06-15 14:51:00+00:00,2026-06-15 15:02:00+00:00,ruido,,23,-0.0455,0.3409,0.0909,0.9074,-0.9074,-0.0197,0.0903,0.0,-0.4333,0.1878,0.0924,0.0,0.0045,0.0144,-0.0144,0.0004,0.0045,0.0,0.0003,0.001,-0.0005,0.0,0.0003,2,3,0.0,0.0455,0.000607,0.003611,0.0,0.001324,0.4189,662.696,60.245,50.977,28.813,1.0039,0.9961,319043.0,0.1878,0.0004,117.777,0.0924,1e-06,0.5586,0.2124,0.1243,0.3274,1.0,1.5734,0.001449,0.004366,0.9053,0.6902,-0.0225,-0.0417,2.6179,116.0,0.0,0.0,2.1947,2.8167,116.684,0.0372,0,0,1,0.0,0.0,0.0,129.0,116.0,0.9074,0.9696,0.9633,0.9092,-0.9074,-0.9696,-0.8698,-0.987,0.0,0.884,0.9225,0.762,0.0,90.0,0.0,0.0,90.0,90.0,90.0,90.0,0.0,13.0,-7.8,-0.0,50.9766,0.0171,0.0407,0.0155,0.987,0.5151
325,346,2026-06-15 20:05:00+00:00,2026-06-15 20:17:00+00:00,alimentacion,,25,0.0417,0.1884,0.75,-0.0135,0.0135,-0.0111,0.2244,0.4333,-0.5333,1.2111,0.2246,0.0,0.0127,0.0178,-0.0278,0.0037,0.0127,-0.0,0.0008,0.0015,-0.0015,0.0,0.0008,18,19,0.2917,0.25,0.002554,0.006365,0.0,0.001906,1.899,737.362,61.447,92.17,29.494,1.0241,0.9765,315179.0,1.2111,0.0037,112.282,0.2246,4e-06,2.5788,0.7464,2.0794,0.6897,0.645,2.0433,0.001333,0.004208,0.7996,0.5823,0.418,0.0863,2.183,111.0,3.0,4.0,0.1239,-0.3639,111.857,0.0657,3,3,0,12.333,0.695,0.25,127.0,111.0,-0.0135,-0.1841,-0.1468,0.0088,0.0135,0.1841,-0.0273,0.2812,0.0,-0.5513,-0.519,0.224,300.0,600.0,0.0,0.0,690.0,690.0,690.0,690.0,17.0,10.0,1.2,1.2,92.1702,0.1009,1.4342,0.0079,0.5513,1.4093
326,348,2026-06-16 02:37:00+00:00,2026-06-16 02:51:00+00:00,ruido,,29,-0.0357,0.6157,0.3214,0.9463,-0.9463,-0.0179,0.0843,0.1,-0.3667,0.2078,0.0861,0.0,0.0044,0.0144,-0.0122,0.0005,0.0044,0.0,0.0003,0.0009,-0.0006,0.0,0.0003,9,10,0.0714,0.1071,0.000831,0.003493,0.0,0.001204,0.7227,843.042,60.217,56.203,29.07,1.0035,0.9966,331100.0,0.2078,0.0005,106.851,0.0861,1e-06,2.0005,0.3816,0.1905,0.4813,0.8683,1.8427,0.001149,0.004016,0.9221,0.7409,0.2774,0.4083,2.8161,105.0,0.0,2.0,1.6281,1.4517,106.16,0.0417,1,1,2,5.0,1.095,0.071,112.0,107.0,0.9463,0.9853,0.9824,0.9363,-0.9463,-0.9853,-0.9168,-0.9855,0.0,0.8628,0.8974,0.8244,0.0,690.0,180.0,120.0,90.0,240.0,240.0,690.0,0.0,15.0,-5.8,-0.0,56.2028,0.0148,0.0917,0.022,0.9855,0.8869
327,350,2026-06-16 08:17:00+00:00,2026-06-16 08:25:00+00:00,alimentacion,,17,-0.3125,0.908,0.625,0.9867,-0.9867,-0.05,0.0905,0.1,-0.2333,0.1711,0.1034,0.0,0.0052,0.0111,-0.0078,0.0004,0.0052,0.0,0.0003,0.0006,-0.0006,0.0,0.0003,10,11,0.0625,0.375,0.001363,0.002778,0.0,0.000774,0.6283,482.541,60.318,20.106,28.385,1.004,0.996,165726.0,0.1711,0.0004,98.735,0.1034,1e-06,2.2569,0.7993,1.0986,0.3855,0.927,2.164,0.001961,0.004508,0.8814,0.7947,0.4003,0.2043,2.1818,100.0,7.0,9.0,0.4834,-0.6583,98.267,0.0733,1,0,0,3.0,0.5,0.125,96.0,88.0,0.9867,0.9868,0.9879,0.9793,-0.9867,-0.9868,-0.9717,-0.9596,0.0,0.7734,0.8125,0.9154,0.0,450.0,60.0,150.0,270.0,390.0,390.0,450.0,0.0,24.0,-3.0,-5.0,20.1059,0.0214,0.4235,0.2838,0.9879,0.8342
328,352,2026-06-16 14:56:00+00:00,2026-06-16 14:58:00+00:00,servido,,5,0.25,0.75,0.5,-0.9037,0.9037,0.475,0.8227,1.9,0.0,3.61,0.95,0.0,0.0517,0.0633,-0.0633,0.008,0.0517,-0.0011,0.0032,0.0021,-0.0042,0.0,0.0033,2,2,0.25,0.0,0.011913,0.031667,0.0,0.011105,1.312,154.413,77.206,2.709,30.883,1.1623,0.8604,56738.0,3.61,0.008,106.525,0.95,6.4e-05,0.971,-0.0,0.0,1.0,1.0,1.8575,0.006667,0.007515,0.8727,0.4583,-1.0,0.0,0.55,80.0,0.0,57.0,0.4082,-1.8333,99.0,0.2716,0,0,0,0.0,0.0,0.0,137.0,80.0,-0.9037,-0.8113,-0.8345,-0.9037,0.9037,0.8113,0.9263,0.7071,0.0,-0.2887,-0.3638,-0.9449,90.0,0.0,0.0,0.0,90.0,90.0,90.0,90.0,0.0,0.0,-0.0,-0.0,2.709,1.805,0.0,0.1875,0.9449,1.8575
329,354,2026-06-16 16:54:00+00:00,2026-06-16 17:02:00+00:00,alimentacion,,17,-0.0625,0.5893,0.6875,0.8366,-0.8366,-0.0458,0.2958,0.8,-0.4333,1.4333,0.2993,0.0004,0.017,0.0411,-0.0378,0.0043,0.017,0.0,0.0011,0.002,-0.0026,0.0,0.0011,11,10,0.375,0.4375,0.003335,0.006931,0.0,0.002174,1.6202,499.964,62.495,22.726,29.41,1.0405,0.9611,287999.0,1.4333,0.0043,130.158,0.2993,5e-06,2.9842,0.9567,21.4164,0.7221,0.6775,2.164,0.003922,0.004781,0.8228,0.6512,0.1763,-0.1852,1.9162,134.0,6.0,17.0,-0.3661,-1.2373,129.933,0.0836,2,3,0,15.0,1.004,0.25,145.0,111.0,0.8366,0.7544,0.769,0.8454,-0.8366,-0.7544,-0.8383,-0.6846,0.0,0.4091,0.4438,0.8666,270.0,450.0,210.0,150.0,240.0,180.0,180.0,480.0,7.0,27.0,2.0,2.0,22.7256,0.1792,15.4648,0.0368,0.8666,1.5626
330,356,2026-06-16 18:25:00+00:00,2026-06-16 18:29:00+00:00,ruido,,9,0.0,0.0037,0.5,0.5755,-0.5755,-0.0042,0.0588,0.1,-0.1333,0.0278,0.0589,0.0,0.003,0.0044,-0.0044,0.0001,0.003,0.0,0.0002,0.0003,-0.0002,0.0,0.0002,4,3,0.125,0.125,0.000984,0.002222,0.0,0.000837,0.2324,240.415,60.104,240.415,26.713,1.0017,0.9983,135197.0,0.0278,0.0001,122.564,0.0589,0.0,1.4355,0.4444,1.0986,1.0,0.797,2.1133,0.007407,0.006624,0.8335,0.2828,-0.4055,-0.122,1.5259,123.0,0.0,0.0,-1.038,-0.4466,122.714,0.0116,0,1,1,0.0,0.0,0.0,124.0,120.0,0.5755,0.697,0.678,0.604,-0.5755,-0.697,-0.5116,-0.7937,0.0,0.7435,0.786,0.3325,0.0,60.0,0.0,0.0,120.0,120.0,120.0,120.0,0.0,4.0,-0.0,-0.0,240.415,0.0069,1.0986,0.0,0.7937,2.1133
333,362,2026-06-17 15:33:00+00:00,2026-06-17 15:44:00+00:00,ruido,,23,0.0455,0.3409,0.0909,-0.9074,0.9074,0.0121,0.0555,0.2667,0.0,0.0711,0.0569,0.0,0.0027,0.0089,-0.0089,0.0002,0.0027,0.0,0.0002,0.0003,-0.0006,0.0,0.0002,2,3,0.0455,0.0,0.000381,0.002222,0.0,0.000831,0.2632,661.048,60.095,82.631,28.741,1.0015,0.9985,331127.0,0.0711,0.0002,119.987,0.0569,0.0,0.5586,-0.0,0.1243,0.3274,1.0,1.7701,0.001449,0.004366,0.9053,0.6902,-0.0225,-0.0417,2.6179,121.0,0.0,0.0,-2.1947,2.8167,120.579,0.0225,0,0,1,0.0,0.0,0.0,121.0,113.0,-0.9074,-0.9696,-0.9633,-0.9092,0.9074,0.9696,0.8698,0.987,0.0,-0.884,-0.9225,-0.762,90.0,0.0,0.0,0.0,90.0,90.0,90.0,90.0,0.0,0.0,4.8,0.0,82.631,0.0065,0.0407,0.0155,0.987,0.5795
334,364,2026-06-17 20:11:00+00:00,2026-06-17 20:21:00+00:00,alimentacion,,21,-0.15,0.8701,0.7,0.9525,-0.9525,-0.0367,0.1394,0.2,-0.4,0.4156,0.1441,0.0,0.0083,0.0133,-0.0189,0.0013,0.0083,0.0,0.0005,0.0011,-0.0009,0.0,0.0005,14,16,0.2,0.35,0.001507,0.005,0.0,0.001389,0.8746,606.094,60.609,27.55,28.862,1.0095,0.9906,204674.0,0.4156,0.0013,98.724,0.1441,2e-06,2.72,0.8875,1.6094,0.5936,0.7722,2.0916,0.001587,0.003438,0.8789,0.8179,0.7156,0.4399,1.7183,100.0,7.0,14.0,-0.1374,-1.4541,98.706,0.0836,1,2,0,3.0,0.5,0.1,105.0,88.0,0.9525,0.8853,0.8932,0.9378,-0.9525,-0.8853,-0.9689,-0.8247,0.0,0.5811,0.6167,0.9635,90.0,570.0,180.0,540.0,450.0,300.0,300.0,570.0,2.0,22.0,1.2,-3.6,27.5497,0.0416,0.9553,0.1305,0.9689,1.2416
335,366,2026-06-18 05:49:00+00:00,2026-06-18 06:06:00+00:00,ruido,,35,0.0588,0.3851,0.4706,0.1065,-0.1065,-0.001,0.1139,0.2,-0.4333,0.4411,0.1139,-0.0001,0.0061,0.0144,-0.0189,0.0012,0.0061,-0.0,0.0004,0.0011,-0.001,0.0,0.0004,16,19,0.2059,0.1471,0.00105,0.004444,0.0,0.00121,1.0868,1026.468,60.38,1026.468,29.328,1.0063,0.9937,514713.0,0.4411,0.0012,121.269,0.1139,1e-06,2.6699,0.5588,0.2719,0.6167,0.6862,1.9052,0.000952,0.002893,0.9139,0.7779,0.4982,0.3781,2.2604,119.0,2.0,4.5,0.6685,-0.5761,120.931,0.0401,3,2,2,7.0,1.056,0.176,132.0,114.0,0.1065,0.0188,-0.0078,0.1112,-0.1065,-0.0188,-0.1687,0.0359,0.0,0.013,-0.0758,0.2038,150.0,420.0,0.0,0.0,660.0,660.0,660.0,660.0,12.0,6.0,2.786,-0.0,1026.468,0.0259,0.1677,0.0226,0.2038,1.1749
336,368,2026-06-18 15:26:00+00:00,2026-06-18 15:41:00+00:00,ruido,,31,-0.1,0.594,0.2667,0.9406,-0.9406,-0.0133,0.0444,0.0667,-0.1667,0.0644,0.0463,0.0,0.0021,0.0056,-0.0056,0.0001,0.0021,0.0,0.0001,0.0004,-0.0002,0.0,0.0001,8,10,0.0333,0.1333,0.000527,0.002778,0.0,0.000672,0.4316,900.962,60.064,75.08,29.063,1.001,0.999,303025.0,0.0644,0.0001,98.869,0.0463,0.0,1.876,0.4437,0.1507,0.207,0.9626,1.7579,0.002151,0.003322,0.901,0.8093,0.478,0.0876,2.6034,98.0,0.0,0.0,1.6806,2.3129,98.24,0.0355,0,1,2,0.0,0.0,0.0,109.0,95.0,0.9406,0.9861,0.9843,0.9313,-0.9406,-0.9861,-0.9066,-0.9915,0.0,0.8635,0.907,0.8052,0.0,720.0,60.0,60.0,150.0,180.0,180.0,870.0,0.0,14.0,-3.429,0.914,75.0802,0.0043,0.0312,0.0594,0.9915,0.3639
337,370,2026-06-18 16:30:00+00:00,2026-06-18 16:42:00+00:00,ruido,,25,0.0417,0.3785,0.2083,-0.2006,0.2006,0.0014,0.0548,0.1667,-0.2,0.0722,0.0549,0.0,0.0032,0.0122,-0.0067,0.0002,0.0032,-0.0,0.0002,0.0006,-0.0006,0.0,0.0002,5,7,0.0833,0.0417,0.000355,0.003054,0.0,0.0007,0.2664,721.075,60.09,721.075,28.843,1.0015,0.9985,358857.0,0.0722,0.0002,119.809,0.0549,0.0,1.6027,0.1985,0.2651,0.8184,0.8063,2.0433,0.001333,0.005387,0.7201,0.4234,0.3304,0.25,2.6976,120.0,1.0,2.0,-2.162,6.236,120.0,0.0125,0,1,2,0.0,0.0,0.0,121.0,114.0,-0.2006,-0.0619,-0.0664,-0.2223,0.2006,0.0619,0.2675,-0.0212,0.0,0.1792,0.1743,-0.363,420.0,90.0,0.0,0.0,420.0,420.0,420.0,420.0,0.0,6.0,-1.6,-0.0,721.075,0.006,0.217,0.0158,0.363,1.6722
338,372,2026-06-18 23:13:00+00:00,2026-06-18 23:21:00+00:00,alimentacion,,17,-0.125,0.6811,0.625,0.5734,-0.5734,-0.0208,0.1013,0.2,-0.2,0.1711,0.1034,-0.0,0.0056,0.0089,-0.01,0.0005,0.0056,-0.0,0.0004,0.0005,-0.0006,0.0,0.0004,10,11,0.125,0.25,0.001169,0.003333,0.0,0.000836,0.5464,482.547,60.318,48.255,28.385,1.0051,0.9949,245165.0,0.1711,0.0005,120.089,0.1034,1e-06,2.1334,0.6756,1.0986,0.3359,0.7206,2.164,0.001961,0.00301,0.9375,0.8561,0.4978,0.0582,1.0252,121.0,6.0,10.0,-0.3132,-1.2255,120.067,0.0497,1,1,2,6.0,2.55,0.125,127.0,118.0,0.5734,0.3893,0.4143,0.5823,-0.5734,-0.3893,-0.6333,-0.2418,0.0,-0.0518,-0.0313,0.7617,60.0,390.0,270.0,330.0,390.0,390.0,390.0,390.0,6.0,10.0,6.0,-0.0,48.2547,0.0214,0.369,0.0851,0.7617,0.7269
339,374,2026-06-19 10:17:00+00:00,2026-06-19 10:26:00+00:00,alimentacion,,19,-0.2778,0.9201,0.7778,0.9657,-0.9657,-0.0315,0.0828,0.1333,-0.1667,0.1411,0.0885,0.0,0.0047,0.01,-0.0089,0.0004,0.0047,0.0,0.0003,0.0005,-0.0005,0.0,0.0003,14,13,0.1111,0.3889,0.001166,0.003035,0.0,0.000879,0.598,542.107,60.234,31.889,28.532,1.0034,0.9966,166000.0,0.1411,0.0004,93.471,0.0885,1e-06,2.669,0.7821,1.0986,0.5113,0.8161,2.0122,0.001754,0.003495,0.9135,0.8569,0.596,0.3157,1.769,94.0,6.0,12.0,-0.1152,-1.2149,93.235,0.0668,2,0,0,4.0,0.75,0.222,104.0,83.0,0.9657,0.9005,0.9075,0.9695,-0.9657,-0.9005,-0.976,-0.8362,0.0,0.5969,0.6242,0.9727,60.0,510.0,210.0,270.0,390.0,360.0,360.0,510.0,4.0,17.0,4.0,-4.0,31.8886,0.0157,0.5617,0.2556,0.976,1.0288
340,376,2026-06-19 14:53:00+00:00,2026-06-19 14:55:00+00:00,servido,,5,0.25,0.75,0.5,-0.9037,0.9037,0.3417,0.5918,1.3667,0.0,1.8678,0.6833,0.0,0.0372,0.0456,-0.0456,0.0042,0.0372,-0.0008,0.0023,0.0015,-0.003,0.0,0.0024,2,2,0.25,0.0,0.009397,0.022778,0.0,0.007605,1.0679,140.804,70.402,3.434,28.161,1.1103,0.9006,51419.0,1.8678,0.0042,101.409,0.6833,3.6e-05,0.971,-0.0,0.0,1.0,1.0,1.8575,0.006667,0.007515,0.8727,0.4583,-1.0,0.0,0.55,83.0,0.0,41.0,0.4082,-1.8333,96.667,0.2021,0,0,0,0.0,0.0,0.0,124.0,83.0,-0.9037,-0.8113,-0.8345,-0.9037,0.9037,0.8113,0.9263,0.7071,0.0,-0.2887,-0.3638,-0.9449,90.0,0.0,0.0,0.0,90.0,90.0,90.0,90.0,0.0,0.0,-0.0,-0.0,3.4342,0.9339,0.0,0.1875,0.9449,1.8575
341,85,2026-04-24 09:28:00+00:00,2026-04-24 09:37:00+00:00,alimentacion,,19,-0.2222,0.8178,0.6667,0.9276,-0.9276,-0.0333,0.0889,0.1333,-0.2333,0.1622,0.0949,-0.0003,0.0044,0.0078,-0.0078,0.0003,0.0044,-0.0,0.0002,0.0004,-0.0004,0.0,0.0002,12,12,0.1667,0.3889,0.001507,0.003887,0.0,0.001052,0.8263,542.417,60.269,30.134,28.548,1.0039,0.9961,207645.0,0.1622,0.0003,104.54,0.0949,1e-06,2.5843,0.8187,2.0794,0.5608,0.8094,2.2358,0.001754,0.003903,0.8226,0.7998,0.5505,0.1451,1.93,106.0,4.0,10.0,-0.6935,-0.9001,104.647,0.0574,1,2,0,4.0,0.583,0.111,110.0,104.0,0.9276,0.8396,0.8562,0.9127,-0.9276,-0.8396,-0.9349,-0.7699,0.0,0.4605,0.5094,0.9651,90.0,540.0,180.0,390.0,420.0,420.0,420.0,540.0,2.0,18.0,-0.0,-4.0,30.1343,0.018,1.1661,0.1817,0.9651,1.2538
342,149,2026-05-05 08:57:00+00:00,2026-05-05 09:05:00+00:00,alimentacion,,17,-0.25,0.7725,0.625,0.8806,-0.8806,-0.0292,0.1348,0.3,-0.3333,0.3044,0.1379,-0.0002,0.0076,0.0111,-0.0211,0.0009,0.0076,-0.0,0.0005,0.0011,-0.001,0.0,0.0005,10,11,0.1875,0.4375,0.001849,0.005276,0.0,0.001381,0.8936,484.488,60.561,34.606,28.499,1.0089,0.9912,195572.0,0.3044,0.0009,107.258,0.1379,2e-06,2.851,0.8636,22.1096,0.6898,0.7043,2.164,0.001961,0.003688,0.8549,0.7837,0.6539,0.1555,1.3682,107.0,5.0,11.0,0.2102,-0.819,106.733,0.061,2,2,0,3.5,0.5,0.25,115.0,98.0,0.8806,0.7846,0.7962,0.8557,-0.8806,-0.7846,-0.9129,-0.6858,0.0,0.4471,0.4768,0.9388,90.0,390.0,240.0,270.0,360.0,270.0,270.0,480.0,9.0,14.0,-0.0,-0.0,34.6063,0.0381,15.2512,0.1931,0.9388,1.4927
343,190,2026-05-29 00:19:00+00:00,2026-05-29 00:26:00+00:00,ruido,,15,0.0,0.0254,0.2857,-0.5137,0.5137,0.0024,0.057,0.1667,-0.1333,0.0456,0.057,0.0,0.0028,0.0056,-0.0056,0.0001,0.0028,0.0,0.0002,0.0003,-0.0004,0.0,0.0002,4,6,0.0714,0.0714,0.000664,0.0025,0.0,0.000775,0.2987,420.679,60.097,420.679,28.045,1.0016,0.9984,300804.0,0.0456,0.0001,141.611,0.057,0.0,1.371,0.2991,0.4274,0.4698,0.8217,2.0837,0.004444,0.005049,0.8944,0.5555,-0.5559,-0.2697,1.991,141.0,0.0,0.0,1.304,0.0422,141.462,0.0123,1,0,1,4.0,1.45,0.143,145.0,140.0,-0.5137,-0.6327,-0.6182,-0.4881,0.5137,0.6327,0.4447,0.7203,0.0,-0.6748,-0.7253,-0.2908,90.0,0.0,0.0,0.0,180.0,180.0,180.0,180.0,4.0,0.0,0.0,-0.0,420.679,0.0065,0.2008,0.0,0.7253,0.9789
344,222,2026-06-01 15:45:00+00:00,2026-06-01 15:56:00+00:00,ruido,,23,0.0,0.017,0.1818,-0.6992,0.6992,0.003,0.0512,0.2,-0.1333,0.0578,0.0512,0.0,0.0025,0.0067,-0.0067,0.0001,0.0025,-0.0,0.0001,0.0003,-0.0004,0.0,0.0001,4,3,0.0455,0.0455,0.000552,0.003333,0.0,0.001029,0.3306,660.86,60.078,330.43,28.733,1.0013,0.9987,354680.0,0.0578,0.0001,124.181,0.0512,0.0,0.8405,0.2124,0.1252,0.9469,0.8599,1.7701,0.005797,0.006567,0.6892,0.2906,-0.2571,-0.0049,2.9605,124.0,0.0,0.0,1.7784,4.0464,124.0,0.0105,1,0,1,4.0,0.917,0.091,128.0,122.0,-0.6992,-0.7783,-0.7879,-0.6975,0.6992,0.7783,0.652,0.8021,0.0,-0.716,-0.7711,-0.5602,60.0,0.0,0.0,0.0,120.0,120.0,120.0,120.0,4.0,0.0,4.8,-0.0,330.43,0.0053,0.1186,0.0,0.8021,1.6761
345,254,2026-06-04 12:27:00+00:00,2026-06-04 12:44:00+00:00,ruido,,35,-0.0588,0.564,0.3529,0.4146,-0.4146,-0.0069,0.1506,0.5667,-0.6,0.7722,0.1507,0.0,0.0073,0.02,-0.0211,0.0017,0.0073,-0.0,0.0004,0.0013,-0.0013,0.0,0.0004,12,14,0.0882,0.1471,0.001591,0.009444,0.0,0.002231,1.5294,1030.825,60.637,147.261,29.452,1.0106,0.9895,471284.0,0.7722,0.0017,116.04,0.1507,2e-06,1.8438,0.5208,0.2313,0.3507,0.7517,1.7586,0.000952,0.001904,0.9621,0.9068,0.7206,0.5327,1.5983,109.0,2.0,17.0,0.6489,-1.3606,114.897,0.0814,2,1,2,11.0,3.215,0.118,133.0,125.0,0.4146,0.3007,0.2861,0.4292,-0.4146,-0.3007,-0.4847,-0.2135,0.0,0.1722,0.109,0.5314,60.0,420.0,0.0,0.0,600.0,600.0,600.0,600.0,17.0,9.0,3.929,-0.0,147.2607,0.0454,0.0811,0.0332,0.5314,0.6167
346,286,2026-06-06 23:58:00+00:00,2026-06-07 00:10:00+00:00,ruido,,25,0.0,0.0649,0.125,0.0429,-0.0429,0.0,1.0392,3.6,-3.6,25.92,1.0392,0.0,0.0613,0.24,-0.12,0.0864,0.0613,0.0,0.0038,0.012,-0.012,0.0003,0.0038,3,4,0.0417,0.0417,0.0048,0.06,0.0,0.013891,3.6,884.179,73.682,884178500.307,35.367,1.228,0.8143,279936.0,25.92,0.0864,105.818,1.0392,9.3e-05,0.2423,0.1985,0.2054,1.4663,0.8228,1.6718,0.005333,0.008667,0.5,-0.0451,-0.053,-0.0104,3.585,108.0,0.0,0.0,-4.6949,20.0417,108.0,0.2041,0,1,1,0.0,0.0,0.0,108.0,0.0,0.0429,0.0859,0.1,0.0,-0.0429,-0.0859,-0.0173,-0.0962,0.0,0.0882,0.1223,0.0,0.0,90.0,720.0,720.0,720.0,0.0,0.0,120.0,0.0,108.0,-21.6,-0.0,884.179,2.16,0.3012,0.0,0.1223,2.4514
347,302,2026-06-09 12:14:00+00:00,2026-06-09 12:16:00+00:00,servido,,5,0.5,0.7882,0.25,-0.9121,0.9121,0.225,0.3013,0.7333,0.0,0.5656,0.376,0.0019,0.0177,0.0244,-0.0189,0.001,0.0178,-0.0003,0.0011,0.0008,-0.0014,0.0,0.0012,1,2,0.5,0.0,0.004782,0.009064,0.0,0.003165,0.5813,127.616,63.808,4.727,25.523,1.0375,0.9638,59920.0,0.5656,0.001,109.471,0.376,9e-06,1.371,-0.0,0.0,1.0,1.0,1.8575,0.006667,0.007583,0.8625,0.4816,-0.9829,0.0,0.5776,99.0,0.0,22.0,0.46,-1.7212,106.333,0.1113,0,0,0,0.0,0.0,0.0,126.0,99.0,-0.9121,-0.8096,-0.8363,-0.9121,0.9121,0.8096,0.9291,0.7035,0.0,-0.2579,-0.325,-0.9592,120.0,0.0,0.0,90.0,90.0,90.0,90.0,120.0,0.0,0.0,-0.0,10.0,4.7265,0.2828,0.0,0.3941,0.9592,1.8575
348,318,2026-06-11 14:19:00+00:00,2026-06-11 14:30:00+00:00,ruido,,23,0.0,0.0349,0.1364,-0.4711,0.4711,0.0015,0.0755,0.2667,-0.2333,0.1256,0.0755,0.0,0.0045,0.0089,-0.0167,0.0004,0.0045,-0.0,0.0003,0.0008,-0.0009,0.0,0.0003,3,3,0.0455,0.0455,0.000482,0.004444,0.0,0.001245,0.2662,661.854,60.169,661.854,28.776,1.0028,0.9972,666451.0,0.1256,0.0004,170.224,0.0755,0.0,0.6784,0.2124,0.1178,1.4303,0.833,1.7701,0.010145,0.009316,0.3842,-0.154,-0.0033,-0.006,3.4176,170.0,0.0,0.0,4.1917,16.5793,170.0,0.0087,0,0,1,0.0,0.0,0.0,177.0,169.0,-0.4711,-0.5329,-0.5477,-0.4436,0.4711,0.5329,0.4348,0.5492,0.0,-0.4898,-0.5344,-0.3718,60.0,0.0,0.0,0.0,90.0,90.0,90.0,90.0,7.0,0.0,2.2,-0.0,661.854,0.0114,0.1685,0.0,0.5492,2.5318
349,332,2026-06-14 15:55:00+00:00,2026-06-14 16:14:00+00:00,ruido,,39,-0.1579,0.0545,0.6842,-0.2778,0.2778,0.0202,0.9385,4.3667,-3.6,33.4878,0.9388,-0.0,0.045,0.1456,-0.1456,0.075,0.045,0.0001,0.0023,0.008,-0.0097,0.0002,0.0023,26,32,0.1579,0.3158,0.004599,0.06,0.0,0.010635,4.4644,1346.123,70.849,58.527,34.516,1.1806,0.847,533097.0,33.4878,0.075,116.915,0.9388,6.3e-05,1.6018,0.8115,0.3586,0.7052,0.7611,1.8973,0.002564,0.005021,0.8262,0.5296,-0.0116,-0.119,3.6433,114.0,9.0,23.0,-3.1582,10.0884,118.667,0.2505,1,3,0,30.0,6.311,0.053,135.0,0.0,-0.2778,-0.2902,-0.2733,-0.3096,0.2778,0.2902,0.2488,0.3119,0.0,-0.2427,-0.2496,-0.2207,210.0,60.0,510.0,450.0,360.0,450.0,450.0,1110.0,4.0,108.0,17.571,9.286,58.5271,1.7625,0.2529,0.0086,0.3119,1.338
350,340,2026-06-15 03:31:00+00:00,2026-06-15 03:47:00+00:00,ruido,,33,0.1562,0.94,0.3125,-0.9914,0.9914,0.0115,0.0271,0.1,0.0,0.0278,0.0295,0.0,0.0014,0.0033,-0.0033,0.0001,0.0014,-0.0,0.0001,0.0001,-0.0002,0.0,0.0001,10,13,0.1562,0.0,0.000404,0.001111,0.0,0.000356,0.3663,960.416,60.026,87.311,29.104,1.0004,0.9996,222053.0,0.0278,0.0001,82.03,0.0295,0.0,2.3527,-0.0,0.3234,0.1674,1.0,1.8343,0.00101,0.002752,0.9258,0.8949,0.7381,0.6387,2.2259,82.0,3.0,5.0,-0.2191,-1.1001,82.074,0.0383,0,0,4,0.0,0.0,0.0,87.0,76.0,-0.9914,-0.984,-0.9868,-0.9822,0.9914,0.984,0.9817,0.9575,0.0,-0.7757,-0.8156,-0.92,930.0,0.0,60.0,390.0,600.0,540.0,540.0,930.0,0.0,0.0,0.914,0.914,87.3105,0.0017,0.0541,0.1468,0.9914,0.3071
351,345,2026-06-15 15:06:00+00:00,2026-06-15 15:10:00+00:00,ruido,,9,0.0,0.0632,0.375,-0.7602,0.7602,0.0083,0.0682,0.1667,-0.1,0.0378,0.0687,-0.0,0.0042,0.0056,-0.0089,0.0001,0.0042,-0.0,0.0003,0.0004,-0.0005,0.0,0.0003,3,3,0.125,0.125,0.00077,0.002778,0.0,0.000978,0.1663,240.563,60.141,120.282,26.729,1.0023,0.9977,125097.0,0.0378,0.0001,117.897,0.0687,0.0,1.2244,0.4444,0.6931,1.0,0.8238,2.1133,0.007407,0.009175,0.5189,-0.1266,-0.0033,-0.0082,1.8898,118.0,0.0,0.0,0.7193,0.7593,117.714,0.0116,0,0,1,0.0,0.0,0.0,121.0,116.0,-0.7602,-0.8407,-0.8299,-0.7582,0.7602,0.8407,0.716,0.9019,0.0,-0.7753,-0.8214,-0.5779,60.0,0.0,0.0,0.0,90.0,90.0,90.0,90.0,3.0,0.0,-0.0,-0.0,120.2815,0.0095,0.6931,0.0,0.9019,2.1133
352,349,2026-06-16 04:48:00+00:00,2026-06-16 04:59:00+00:00,ruido,,23,0.0455,0.2386,0.0909,-0.8927,0.8927,0.0136,0.0625,0.3,0.0,0.09,0.064,0.0,0.0031,0.01,-0.01,0.0002,0.0031,-0.0,0.0002,0.0003,-0.0007,0.0,0.0002,2,2,0.0455,0.0,0.000536,0.005,0.0,0.001257,0.2951,661.321,60.12,73.48,28.753,1.0019,0.9981,259637.0,0.09,0.0002,106.248,0.064,0.0,0.4262,-0.0,0.1112,0.6381,1.0,1.7701,0.001449,0.005405,0.7775,0.5184,-0.0143,-0.0265,3.0029,107.0,0.0,0.0,-2.9318,6.5952,107.0,0.0239,0,0,1,0.0,0.0,0.0,107.0,98.0,-0.8927,-0.9612,-0.9595,-0.8872,0.8927,0.9612,0.8514,0.9801,0.0,-0.8773,-0.9214,-0.7436,60.0,0.0,0.0,0.0,60.0,60.0,60.0,60.0,0.0,0.0,7.2,-0.0,73.4801,0.0082,0.071,0.0109,0.9801,1.1295
353,353,2026-06-16 16:22:00+00:00,2026-06-16 16:34:00+00:00,ruido,,25,0.0,0.1108,0.125,0.3129,-0.3129,-0.0014,0.1108,0.3667,-0.4,0.2944,0.1108,0.0,0.0065,0.0133,-0.0256,0.001,0.0065,0.0,0.0004,0.0013,-0.0013,0.0,0.0004,3,4,0.0417,0.0417,0.000532,0.006386,0.0,0.001474,0.399,724.264,60.355,724.264,28.971,1.0059,0.9941,466627.0,0.2944,0.001,136.62,0.1108,1e-06,0.2423,0.1985,0.1171,1.2893,0.8136,1.486,0.001333,0.008108,0.531,0.0396,0.0306,-0.0163,3.5591,136.0,0.0,0.0,4.5561,19.1755,136.095,0.0172,0,0,1,0.0,0.0,0.0,148.0,136.0,0.3129,0.2946,0.2783,0.3521,-0.3129,-0.2946,-0.3234,-0.2906,0.0,0.2592,0.2406,0.2951,90.0,120.0,0.0,0.0,120.0,120.0,120.0,120.0,11.0,1.0,1.8,-0.0,724.264,0.0245,0.151,0.0,0.3521,1.9159
354,357,2026-06-16 21:46:00+00:00,2026-06-16 21:50:00+00:00,ruido,,9,0.125,0.1194,0.375,-0.7902,0.7902,0.0083,0.0546,0.1,-0.1,0.0244,0.0553,0.0,0.003,0.0033,-0.0067,0.0001,0.003,-0.0,0.0002,0.0003,-0.0003,0.0,0.0002,3,3,0.25,0.125,0.000678,0.002222,0.0,0.000742,0.1664,240.366,60.091,120.183,26.707,1.0015,0.9985,135932.0,0.0244,0.0001,122.897,0.0553,0.0,1.2244,0.4444,1.0986,1.0,0.8238,2.1133,0.007407,0.007044,0.8251,0.273,-0.5066,-0.0082,1.6571,123.0,0.0,0.0,0.7193,0.7593,122.714,0.0111,1,0,1,3.0,0.5,0.25,126.0,121.0,-0.7902,-0.8699,-0.8526,-0.8165,0.7902,0.8699,0.7511,0.9019,0.0,-0.8399,-0.8603,-0.5779,90.0,0.0,0.0,0.0,60.0,60.0,60.0,120.0,3.0,0.0,-0.0,-0.0,120.183,0.0061,1.0986,0.0149,0.9019,2.1133
355,361,2026-06-17 15:11:00+00:00,2026-06-17 15:13:00+00:00,servido,,5,0.25,0.75,0.5,-0.9037,0.9037,0.3833,0.664,1.5333,0.0,2.3511,0.7667,0.0,0.0417,0.0511,-0.0511,0.0052,0.0417,-0.0009,0.0026,0.0017,-0.0034,0.0,0.0027,2,2,0.25,0.0,0.010221,0.025556,0.0,0.008667,1.1499,144.918,72.459,3.15,28.984,1.1276,0.8868,52940.0,2.3511,0.0052,102.898,0.7667,4.4e-05,0.971,-0.0,0.0,1.0,1.0,1.8575,0.006667,0.007515,0.8727,0.4583,-1.0,0.0,0.55,82.0,0.0,46.0,0.4082,-1.8333,97.333,0.2245,0,0,0,0.0,0.0,0.0,128.0,82.0,-0.9037,-0.8113,-0.8345,-0.9037,0.9037,0.8113,0.9263,0.7071,0.0,-0.2887,-0.3638,-0.9449,90.0,0.0,0.0,0.0,90.0,90.0,90.0,90.0,0.0,0.0,-0.0,-0.0,3.1504,1.1756,0.0,0.1875,0.9449,1.8575
356,365,2026-06-17 22:19:00+00:00,2026-06-17 22:20:00+00:00,servido,,3,0.5,0.75,0.5,-0.8944,0.8944,0.5167,0.5167,1.0333,0.0,1.0678,0.7307,0.0344,0.0,0.0344,0.0344,0.0012,0.0344,0.0,0.0,0.0,0.0,0.0,0.0,1,0,0.5,0.0,0.0,0.0,0.0,0.0,0.0,73.139,73.139,2.359,24.38,1.083,0.9234,27906.0,1.0678,0.0012,96.447,0.7307,3.8e-05,0.9183,0.0,0.0,1.0,1.0,1.585,0.0,0.0,0.0,0.0,0.0,0.0,0.0,85.0,0.0,15.5,0.7071,-1.5,85.0,0.1533,0,0,0,0.0,0.0,0.0,0.0,0.0,-0.8944,-0.7742,-0.8165,-0.8944,0.8944,0.7742,0.8944,0.7071,0.0,0.0,0.0,-1.0,60.0,0.0,0.0,0.0,60.0,60.0,60.0,60.0,0.0,0.0,-0.0,62.0,2.3593,1.0678,0.0,0.375,1.0,1.585
357,369,2026-06-18 15:59:00+00:00,2026-06-18 16:01:00+00:00,servido,,5,0.5,0.8068,0.5,-0.9602,0.9602,0.2083,0.3058,0.7333,0.0,0.5478,0.3701,-0.0,0.0187,0.0244,-0.0211,0.0011,0.0187,-0.0005,0.0011,0.0006,-0.0015,0.0,0.0012,2,1,0.5,0.0,0.006141,0.012222,0.001667,0.003513,0.7128,127.352,63.676,5.094,25.47,1.039,0.9625,62747.0,0.5478,0.0011,112.024,0.3701,9e-06,1.5219,-0.0,0.0,1.0,1.0,2.3219,0.006667,0.007327,0.9009,0.5214,-1.0947,0.0,0.4661,119.0,3.0,25.0,-0.3827,-1.8214,112.667,0.106,0,0,0,0.0,0.0,0.0,122.0,97.0,-0.9602,-0.9441,-0.9448,-0.9602,0.9602,0.9441,0.9734,0.8645,0.0,-0.6765,-0.6713,-0.9435,90.0,0.0,0.0,60.0,60.0,60.0,60.0,90.0,0.0,0.0,-0.0,-0.0,5.0941,0.2739,0.0,0.4034,0.9734,2.3219
358,373,2026-06-19 05:40:00+00:00,2026-06-19 05:47:00+00:00,alimentacion,,15,-0.2857,0.6345,0.7143,0.727,-0.727,-0.0238,0.0929,0.2,-0.2,0.1289,0.0959,-0.0003,0.0043,0.0067,-0.0067,0.0002,0.0043,0.0,0.0003,0.0004,-0.0004,0.0,0.0003,10,9,0.1429,0.4286,0.00136,0.003882,0.0,0.001008,0.612,421.92,60.274,42.192,28.128,1.0043,0.9957,178324.0,0.1289,0.0002,109.033,0.0959,1e-06,2.6892,0.851,21.4164,0.5775,0.7245,2.0837,0.002222,0.003854,0.8241,0.7712,0.4264,-0.1096,1.3333,109.0,2.0,5.5,0.2741,-0.8026,108.923,0.0429,2,1,0,4.5,0.917,0.286,117.0,104.0,0.727,0.5942,0.6121,0.7394,-0.727,-0.5942,-0.7763,-0.477,0.0,0.2396,0.244,0.8538,90.0,420.0,180.0,240.0,300.0,420.0,420.0,420.0,6.0,10.0,-0.0,-6.0,42.192,0.0184,12.368,0.1813,0.8538,1.2033
359,377,2026-06-19 18:34:00+00:00,2026-06-19 18:45:00+00:00,ruido,,23,0.0,0.0837,0.1364,0.0325,-0.0325,0.0,1.1558,3.8333,-3.8333,29.3889,1.1558,0.0,0.0683,0.2556,-0.1278,0.098,0.0683,0.0002,0.0041,0.0128,-0.0128,0.0003,0.0042,3,3,0.0455,0.0455,0.006944,0.063889,0.0,0.018737,3.8333,837.697,76.154,837697286.48,36.422,1.2692,0.7879,366298.0,29.3889,0.098,126.198,1.1558,8e-05,0.258,0.2124,0.229,1.5543,0.819,1.5734,0.008696,0.008696,0.4545,-0.0496,-0.0068,-0.0126,3.4594,129.0,0.0,0.0,-4.4772,18.0455,129.0,0.1891,0,1,1,0.0,0.0,0.0,129.0,14.0,0.0325,0.0684,0.0889,0.0,-0.0325,-0.0684,-0.0119,-0.0774,0.0,0.067,0.0965,0.0,0.0,60.0,660.0,660.0,660.0,0.0,0.0,90.0,0.0,115.0,-23.0,0.0,837.697,2.6717,0.3559,0.0,0.0965,2.4455
360,117,2026-04-30 12:27:00+00:00,2026-04-30 12:35:00+00:00,alimentacion,,17,-0.1875,0.7767,0.625,0.9081,-0.9081,-0.0188,0.0808,0.1333,-0.2,0.11,0.0829,0.0,0.0046,0.0067,-0.0111,0.0003,0.0046,0.0,0.0003,0.0006,-0.0005,0.0,0.0003,10,13,0.125,0.3125,0.001011,0.002773,0.0,0.000743,0.499,481.641,60.205,53.516,28.332,1.0032,0.9968,193396.0,0.11,0.0003,106.659,0.0829,1e-06,2.6313,0.7824,1.6094,0.6203,0.735,2.164,0.001961,0.003961,0.8714,0.7705,0.4775,0.1368,1.7036,105.0,4.0,7.0,0.1681,-1.2516,106.467,0.0366,1,1,0,4.0,0.583,0.125,114.0,105.0,0.9081,0.8318,0.8393,0.913,-0.9081,-0.8318,-0.9274,-0.7417,0.0,0.5403,0.5501,0.9389,90.0,450.0,180.0,210.0,330.0,150.0,150.0,450.0,4.0,9.0,-0.0,-2.0,53.5157,0.0138,0.9983,0.1456,0.9389,1.3423
361,206,2026-05-30 21:47:00+00:00,2026-05-30 21:53:00+00:00,alimentacion,,13,-0.1667,0.7154,0.75,0.9034,-0.9034,-0.0333,0.1509,0.2,-0.2667,0.2867,0.1546,-0.0002,0.0093,0.0133,-0.0156,0.0009,0.0093,-0.0,0.0006,0.0008,-0.001,0.0,0.0006,9,8,0.25,0.4167,0.001575,0.004714,0.0,0.001459,0.5479,364.245,60.707,30.354,28.019,1.0112,0.9889,191874.0,0.2867,0.0009,121.489,0.1546,1e-06,2.6612,0.8194,20.7233,0.952,0.6719,2.2772,0.002564,0.005987,0.7797,0.5338,0.1705,-0.0185,1.9358,121.0,5.0,8.0,0.3241,-0.6743,121.091,0.0414,0,2,0,0.0,0.0,0.0,132.0,118.0,0.9034,0.8415,0.8474,0.8736,-0.9034,-0.8415,-0.9099,-0.7752,0.0,0.5345,0.5643,0.9016,60.0,360.0,90.0,120.0,210.0,180.0,180.0,360.0,6.0,12.0,-0.0,-4.0,30.3538,0.0478,19.7286,0.1193,0.9099,2.1679
362,270,2026-06-05 15:05:00+00:00,2026-06-05 15:14:00+00:00,alimentacion,,19,-0.0556,0.3212,0.7778,-0.0061,0.0061,-0.0259,0.2107,0.3333,-0.5667,0.8111,0.2123,0.0,0.0125,0.0222,-0.03,0.0026,0.0125,0.0,0.0008,0.0016,-0.0017,0.0,0.0008,14,14,0.2778,0.3333,0.002056,0.009444,0.0,0.002177,1.0305,551.686,61.298,39.406,29.036,1.0213,0.9791,201688.0,0.8111,0.0026,103.03,0.2123,4e-06,2.5498,0.8925,22.6692,0.733,0.6316,2.2358,0.001754,0.004179,0.8027,0.5868,0.3709,0.1144,1.7824,103.0,6.0,10.5,-0.7702,-0.1327,103.059,0.0756,2,2,0,9.0,1.725,0.222,114.0,93.0,-0.0061,-0.2068,-0.1701,-0.0107,0.0061,0.2068,-0.0496,0.3288,0.0,-0.5973,-0.5878,0.2601,150.0,510.0,360.0,450.0,450.0,150.0,150.0,510.0,14.0,14.0,-0.0,-17.0,39.4061,0.0901,16.6165,0.0179,0.5973,1.6388
363,310,2026-06-10 13:11:00+00:00,2026-06-10 13:18:00+00:00,alimentacion,,15,-0.3571,0.9205,0.6429,0.9862,-0.9862,-0.0643,0.1123,0.1333,-0.3333,0.2344,0.1294,0.0,0.006,0.0078,-0.0156,0.0005,0.006,-0.0,0.0004,0.0008,-0.0007,0.0,0.0004,9,10,0.0714,0.4286,0.001558,0.004652,0.000264,0.001137,0.6426,423.461,60.494,15.684,28.231,1.0062,0.9939,268236.0,0.2344,0.0005,133.725,0.1294,1e-06,2.5493,0.7544,21.4164,0.2615,0.9126,2.0837,0.002222,0.003754,0.9068,0.874,0.5076,0.0374,1.5258,128.0,7.0,16.5,0.4475,-1.2147,132.846,0.0767,0,0,0,0.0,0.0,0.0,152.0,121.0,0.9862,0.964,0.9634,0.9768,-0.9862,-0.964,-0.9877,-0.924,0.0,0.7392,0.7612,0.928,60.0,390.0,90.0,180.0,210.0,300.0,300.0,390.0,4.0,27.0,4.0,-3.0,15.6837,0.0335,5.6004,0.3287,0.9877,0.5449
366,355,2026-06-16 17:28:00+00:00,2026-06-16 17:40:00+00:00,ruido,,25,0.0417,0.0571,0.1667,-0.5766,0.5766,0.0028,0.0937,0.3,-0.3333,0.2111,0.0938,-0.0001,0.0054,0.0111,-0.0211,0.0007,0.0054,0.0,0.0003,0.0011,-0.001,0.0,0.0003,4,4,0.0833,0.0417,0.000475,0.005276,0.0,0.001175,0.3314,723.093,60.258,361.547,28.924,1.0043,0.9957,374646.0,0.2111,0.0007,122.417,0.0938,1e-06,0.8743,0.1985,0.1112,1.307,0.8415,1.6718,0.005333,0.008196,0.5961,0.0413,-0.2727,-0.0098,3.5068,122.0,0.0,0.0,4.2227,17.4908,122.048,0.0165,1,0,1,10.0,0.528,0.083,132.0,120.0,-0.5766,-0.6517,-0.6663,-0.535,0.5766,0.6517,0.5317,0.6684,0.0,-0.6019,-0.6555,-0.4484,90.0,0.0,0.0,0.0,120.0,120.0,120.0,120.0,10.0,0.0,2.6,-0.0,361.5465,0.0176,0.1453,0.0024,0.6684,2.185
367,363,2026-06-17 15:45:00+00:00,2026-06-17 15:54:00+00:00,alimentacion,,19,0.0,0.7866,0.6667,0.9128,-0.9128,-0.0296,0.1324,0.1333,-0.3333,0.3311,0.1356,0.0,0.0071,0.0111,-0.0111,0.0009,0.0071,-0.0,0.0004,0.0007,-0.0007,0.0,0.0004,12,12,0.3333,0.3333,0.00172,0.004139,0.0,0.001357,0.9556,544.898,60.544,34.056,28.679,1.0086,0.9914,248936.0,0.3311,0.0009,114.464,0.1356,1e-06,2.8206,0.7983,21.8219,0.6443,0.7381,2.0122,0.001754,0.003203,0.8912,0.8496,0.6516,0.1711,1.445,117.0,5.0,14.0,-0.4601,-1.2968,114.353,0.0666,3,2,0,4.0,0.65,0.333,124.0,102.0,0.9128,0.8261,0.8405,0.8942,-0.9128,-0.8261,-0.9339,-0.7515,0.0,0.4589,0.5192,0.9567,90.0,420.0,150.0,360.0,330.0,330.0,330.0,510.0,3.0,19.0,0.0,3.0,34.0561,0.0368,14.0599,0.0,0.9567,1.2965
368,371,2026-06-18 20:45:00+00:00,2026-06-18 21:00:00+00:00,ruido,,31,0.0333,0.1525,0.3667,-0.3625,0.3625,0.0022,0.1177,0.3333,-0.3333,0.4156,0.1177,0.0,0.006,0.0189,-0.0111,0.001,0.006,0.0,0.0003,0.0009,-0.0009,0.0,0.0003,11,11,0.1333,0.1,0.001162,0.005553,0.0,0.001583,1.081,906.097,60.406,453.048,29.229,1.0068,0.9933,480246.0,0.4156,0.001,124.466,0.1177,1e-06,1.7358,0.3581,0.3637,0.495,0.7427,1.9178,0.001075,0.003516,0.8629,0.7049,0.353,-0.0458,2.6727,123.0,2.0,2.0,1.3054,0.1623,123.64,0.0356,2,1,2,11.0,1.661,0.133,135.0,121.0,-0.3625,-0.4638,-0.4744,-0.3706,0.3625,0.4638,0.2937,0.515,0.0,-0.4332,-0.5214,-0.2091,150.0,0.0,0.0,0.0,240.0,240.0,240.0,570.0,12.0,0.0,6.286,0.0,453.0485,0.0277,0.18,0.0051,0.5214,0.9493
369,378,2026-06-19 20:31:00+00:00,2026-06-19 20:35:00+00:00,alimentacion,,9,0.0,0.0015,0.625,-0.3895,0.3895,-0.0042,0.0807,0.1,-0.1667,0.0522,0.0808,0.0,0.0043,0.0033,-0.0089,0.0001,0.0043,0.0,0.0003,0.0004,-0.0004,0.0,0.0003,5,5,0.25,0.25,0.000986,0.002773,0.0,0.000897,0.2495,240.78,60.195,240.78,26.753,1.0032,0.9968,148012.0,0.0522,0.0001,128.241,0.0808,0.0,2.1972,0.6439,20.7233,1.0,0.7397,2.1133,0.003704,0.005712,0.8658,0.4349,-0.8661,-0.3514,1.3103,127.0,1.0,3.0,0.9692,-0.17,127.857,0.0172,1,0,0,6.0,0.8,0.25,133.0,126.0,-0.3895,-0.5156,-0.4766,-0.3425,0.3895,0.5156,0.3907,0.5411,0.0,-0.7987,-0.7535,-0.1607,150.0,210.0,0.0,0.0,210.0,210.0,210.0,210.0,6.0,1.0,-0.0,-0.0,240.78,0.0131,20.7233,0.0,0.7987,2.1133
370,380,2026-06-20 02:41:00+00:00,2026-06-20 02:52:00+00:00,ruido,,23,0.0,0.0837,0.1364,0.0325,-0.0325,0.0,1.1256,3.7333,-3.7333,27.8756,1.1256,0.0,0.0665,0.2489,-0.1244,0.0929,0.0665,0.0002,0.004,0.0124,-0.0124,0.0003,0.004,3,3,0.0455,0.0455,0.006763,0.062222,0.0,0.018248,3.7333,831.897,75.627,831896528.65,36.169,1.2604,0.7934,285916.0,27.8756,0.0929,111.495,1.1256,9.7e-05,0.258,0.2124,0.229,1.5543,0.819,1.5734,0.008696,0.008696,0.4545,-0.0496,-0.0068,-0.0126,3.4594,114.0,0.0,0.0,-4.4772,18.0455,114.0,0.2093,0,1,1,0.0,0.0,0.0,114.0,2.0,0.0325,0.0684,0.0889,0.0,-0.0325,-0.0684,-0.0119,-0.0774,0.0,0.067,0.0965,0.0,0.0,60.0,660.0,660.0,660.0,0.0,0.0,90.0,0.0,112.0,-22.4,0.0,831.897,2.5341,0.3559,0.0,0.0965,2.4455
371,382,2026-06-20 09:20:00+00:00,2026-06-20 09:42:00+00:00,ruido,,45,-0.0909,0.0321,0.2273,0.5952,-0.5952,-0.0091,0.7345,3.4,-3.4667,23.74,0.7345,0.0001,0.0429,0.2289,-0.1156,0.0791,0.0429,-0.0,0.0026,0.0115,-0.0114,0.0003,0.0026,10,11,0.0455,0.1364,0.002863,0.057127,0.0,0.010074,3.8481,1476.963,67.135,123.08,32.821,1.1189,0.8938,478950.0,23.74,0.0791,103.167,0.7345,5e-05,0.8226,0.4868,0.131,0.9361,0.8427,1.7086,0.000741,0.008064,0.5371,0.0386,0.0265,0.0086,4.3788,104.0,2.0,2.0,-5.9687,35.9526,103.432,0.1546,1,1,2,8.0,0.536,0.045,117.0,109.0,0.5952,0.6402,0.631,0.5865,-0.5952,-0.6402,-0.5769,-0.6468,0.0,0.6505,0.6379,0.4859,120.0,690.0,30.0,90.0,180.0,210.0,210.0,720.0,3.0,114.0,-2.3,0.0,123.0802,1.0791,0.1226,0.0029,0.6505,1.5994
372,384,2026-06-20 15:18:00+00:00,2026-06-20 15:22:00+00:00,alimentacion,,9,-0.125,0.5632,0.75,0.8509,-0.8509,-0.0333,0.1384,0.2,-0.2,0.1622,0.1424,-0.001,0.0088,0.0133,-0.0133,0.0006,0.0089,-0.0001,0.0006,0.0008,-0.0009,0.0,0.0006,6,5,0.375,0.5,0.001808,0.006286,0.0,0.001862,0.3771,242.414,60.603,30.302,26.935,1.0095,0.9906,73360.0,0.1622,0.0006,90.284,0.1424,2e-06,2.1972,0.865,0.0,1.0,0.6244,2.1133,0.003704,0.009023,0.5449,0.1024,-0.1529,-0.2868,1.4367,91.0,2.0,5.0,-0.4303,-1.0449,90.286,0.0369,1,2,0,6.0,0.5,0.25,91.0,85.0,0.8509,0.7965,0.8029,0.8374,-0.8509,-0.7965,-0.8626,-0.7142,0.0,0.5334,0.5261,0.8402,60.0,180.0,90.0,120.0,120.0,180.0,180.0,240.0,2.0,8.0,-0.0,-12.0,30.3017,0.0406,0.0,0.0704,0.8626,2.1133
373,386,2026-06-20 23:28:00+00:00,2026-06-20 23:36:00+00:00,alimentacion,,17,-0.25,0.8656,0.8125,0.9336,-0.9336,-0.0333,0.0858,0.1333,-0.2333,0.1356,0.092,-0.0005,0.0044,0.0044,-0.0122,0.0003,0.0044,-0.0,0.0002,0.0003,-0.0006,0.0,0.0002,13,13,0.1875,0.4375,0.001196,0.005644,0.0,0.001608,0.5084,482.019,60.252,30.126,28.354,1.0036,0.9964,277096.0,0.1356,0.0003,127.671,0.092,0.0,3.0286,0.6893,21.4164,0.4911,0.8034,2.164,0.001961,0.003622,0.8735,0.8345,0.6652,0.2094,1.2711,128.0,6.0,11.0,-0.0702,-1.3025,127.6,0.0471,1,1,0,4.0,0.833,0.125,137.0,120.0,0.9336,0.8546,0.8619,0.9262,-0.9336,-0.8546,-0.9591,-0.7617,0.0,0.5459,0.5692,0.9679,90.0,480.0,210.0,270.0,330.0,210.0,210.0,480.0,4.0,16.0,2.0,-3.0,30.1262,0.0169,10.5176,0.2164,0.9679,1.0627
374,388,2026-06-21 12:20:00+00:00,2026-06-21 12:25:00+00:00,alimentacion,,11,-0.2,0.8625,0.7,0.9558,-0.9558,-0.0333,0.0843,0.1,-0.2,0.0822,0.0907,-0.0,0.005,0.0067,-0.01,0.0002,0.005,-0.0,0.0003,0.0006,-0.0004,0.0,0.0003,7,8,0.1,0.3,0.001081,0.002491,0.000278,0.000595,0.315,301.224,60.245,30.122,27.384,1.0035,0.9965,115667.0,0.0822,0.0002,102.544,0.0907,1e-06,2.2313,0.6131,21.4164,1.0,0.8361,2.2015,0.00303,0.004815,0.8344,0.7591,0.3246,-0.5201,1.3436,104.0,5.0,6.5,0.2102,-1.2773,102.222,0.0417,0,0,0,0.0,0.0,0.0,110.0,97.0,0.9558,0.8977,0.9038,0.9426,-0.9558,-0.8977,-0.9711,-0.7947,0.0,0.5872,0.6196,0.96,60.0,270.0,90.0,90.0,180.0,180.0,180.0,270.0,3.0,10.0,-0.0,-0.0,30.1224,0.0164,21.4164,0.1725,0.9711,2.2015
375,390,2026-06-21 14:19:00+00:00,2026-06-21 14:25:00+00:00,alimentacion,,13,-0.25,0.6472,0.6667,0.8427,-0.8427,-0.0389,0.1609,0.2667,-0.2333,0.3289,0.1656,-0.0,0.0091,0.0167,-0.0133,0.0009,0.0091,0.0,0.0005,0.0007,-0.001,0.0,0.0005,8,8,0.25,0.5,0.002479,0.004998,0.0,0.001345,0.892,364.878,60.813,26.063,28.068,1.0128,0.9874,112662.0,0.3289,0.0009,93.093,0.1656,3e-06,2.5074,0.9601,20.7233,1.0665,0.6683,2.2772,0.002564,0.00581,0.8379,0.5414,0.2708,-0.0266,2.0946,94.0,3.0,9.0,-0.4918,-0.8447,93.091,0.0605,2,2,0,7.0,0.65,0.333,100.0,88.0,0.8427,0.7442,0.7631,0.8124,-0.8427,-0.7442,-0.8493,-0.6679,0.0,0.3503,0.3859,0.8975,60.0,330.0,90.0,210.0,210.0,90.0,90.0,330.0,4.0,14.0,-0.0,-0.0,26.0627,0.0548,22.1014,0.1618,0.8975,2.4286
376,392,2026-06-21 17:59:00+00:00,2026-06-21 18:08:00+00:00,alimentacion,,19,0.0,0.5537,0.6667,0.2779,-0.2779,-0.0093,0.1201,0.2333,-0.3,0.2611,0.1204,-0.0001,0.0068,0.01,-0.0178,0.0008,0.0068,0.0,0.0004,0.0009,-0.0009,0.0,0.0004,12,13,0.2222,0.2222,0.001395,0.004437,0.000272,0.001073,0.7461,543.862,60.429,108.772,28.624,1.0071,0.9929,262773.0,0.2611,0.0008,117.602,0.1204,1e-06,2.5843,0.5679,1.3863,0.7214,0.6994,2.0122,0.001754,0.004259,0.8362,0.6389,0.2896,0.0173,2.1189,117.0,3.0,4.5,0.1549,0.4006,117.353,0.0358,1,2,0,11.0,0.698,0.111,128.0,110.0,0.2779,0.0999,0.1141,0.2862,-0.2779,-0.0999,-0.3312,0.0083,0.0,-0.2396,-0.2573,0.4751,120.0,480.0,0.0,420.0,420.0,540.0,540.0,540.0,11.0,7.0,4.0,2.0,108.7724,0.029,1.0001,0.0,0.4751,1.4516
377,394,2026-06-22 00:26:00+00:00,2026-06-22 00:32:00+00:00,alimentacion,,13,-0.25,0.4953,0.5,0.6953,-0.6953,-0.0278,0.087,0.1333,-0.1667,0.1,0.0913,-0.0004,0.0036,0.0044,-0.0067,0.0001,0.0036,0.0,0.0002,0.0002,-0.0004,0.0,0.0002,6,9,0.1667,0.4167,0.001337,0.002483,0.0,0.000907,0.5134,361.493,60.249,36.149,27.807,1.0038,0.9963,123446.0,0.1,0.0001,97.447,0.0913,1e-06,2.5654,0.7628,21.4164,0.9562,0.7455,2.2772,0.005128,0.005882,0.8095,0.5215,-0.1183,0.3314,2.122,98.0,1.0,4.0,-0.8406,0.4614,97.636,0.0357,2,1,0,3.5,1.075,0.333,103.0,95.0,0.6953,0.5761,0.598,0.6981,-0.6953,-0.5761,-0.7083,-0.4677,0.0,0.2335,0.2042,0.7954,90.0,360.0,180.0,180.0,330.0,120.0,120.0,360.0,4.0,10.0,-0.0,-8.0,36.1493,0.0167,20.4784,0.1238,0.7954,2.1775
378,396,2026-06-22 14:31:00+00:00,2026-06-22 14:33:00+00:00,servido,,5,0.5,0.7691,0.25,-0.9084,0.9084,0.4083,0.6326,1.5,0.0,2.2678,0.753,0.0015,0.039,0.05,-0.0456,0.0046,0.0391,-0.0008,0.0024,0.0017,-0.0032,0.0,0.0025,1,2,0.5,0.0,0.009286,0.022184,0.0,0.007598,1.0601,144.349,72.174,2.946,28.87,1.1136,0.898,54475.0,2.2678,0.0046,104.379,0.753,4.2e-05,0.971,-0.0,0.0,1.0,1.0,1.8575,0.006667,0.007527,0.8709,0.4728,-0.997,0.0,0.555,83.0,0.0,45.0,0.4174,-1.8133,98.0,0.2265,0,0,0,0.0,0.0,0.0,132.0,83.0,-0.9084,-0.8116,-0.8363,-0.9084,0.9084,0.8116,0.9286,0.7065,0.0,-0.2761,-0.348,-0.9521,120.0,0.0,0.0,90.0,90.0,90.0,90.0,120.0,0.0,0.0,-0.0,8.0,2.9459,1.1339,0.0,0.3846,0.9521,1.8575
379,398,2026-06-22 22:41:00+00:00,2026-06-22 22:46:00+00:00,ruido,,11,0.1,0.45,0.2,-0.9174,0.9174,0.0133,0.04,0.1333,0.0,0.0178,0.0422,0.0,0.0021,0.0044,-0.0044,0.0,0.0021,-0.0,0.0001,0.0001,-0.0003,0.0,0.0001,2,2,0.1,0.0,0.000504,0.002222,0.0,0.000727,0.1329,300.265,60.053,75.066,27.297,1.0008,0.9992,106259.0,0.0178,0.0,98.285,0.0422,0.0,0.684,-0.0,0.3365,1.0,1.0,2.2015,0.00303,0.005945,0.7237,0.5278,-0.0833,-0.1852,1.8535,99.0,0.0,0.0,-1.6499,0.7222,98.556,0.0157,0,0,1,0.0,0.0,0.0,99.0,95.0,-0.9174,-0.9739,-0.9649,-0.9167,0.9174,0.9739,0.8866,0.9864,0.0,-0.8677,-0.9007,-0.7888,60.0,0.0,0.0,0.0,60.0,60.0,60.0,60.0,0.0,0.0,-0.0,-0.0,75.0662,0.0036,0.3365,0.045,0.9864,2.2015
380,400,2026-06-23 00:10:00+00:00,2026-06-23 00:13:00+00:00,servido,,7,0.3333,0.7576,0.5,-0.9115,0.9115,0.4056,0.6148,1.6,0.0,3.2544,0.7365,0.0107,0.0276,0.0533,-0.0278,0.0044,0.0296,0.0004,0.0014,0.0018,-0.0019,0.0,0.0014,3,4,0.3333,0.0,0.005846,0.012697,0.0,0.003514,1.1682,215.655,71.885,2.954,30.808,1.1103,0.9007,79995.0,3.2544,0.0044,106.901,0.7365,4.1e-05,1.4488,-0.0,21.4164,1.0,1.0,2.4063,0.004762,0.008604,0.4669,0.2984,-0.0192,-1.0118,1.5296,108.0,25.0,25.0,1.1318,0.3017,98.0,0.2317,0,0,0,0.0,0.0,0.0,156.0,83.0,-0.9115,-0.8222,-0.8433,-0.9165,0.9115,0.8222,0.9077,0.7119,0.0,-0.4054,-0.4026,-0.9508,180.0,0.0,90.0,90.0,180.0,180.0,180.0,180.0,0.0,0.0,-0.0,96.0,2.9542,1.0848,21.4164,0.2525,0.9508,2.4063
381,402,2026-06-23 14:08:00+00:00,2026-06-23 14:13:00+00:00,alimentacion,,11,-0.2,0.4816,0.8,0.5291,-0.5291,-0.0233,0.1325,0.2,-0.2667,0.1811,0.1346,-0.0004,0.0081,0.0089,-0.0144,0.0006,0.0081,-0.0,0.0005,0.0008,-0.0007,0.0,0.0005,8,8,0.2,0.4,0.001684,0.003333,0.000274,0.001057,0.4812,302.686,60.537,43.241,27.517,1.0087,0.9914,204419.0,0.1811,0.0006,136.321,0.1346,1e-06,2.6635,0.85,20.7233,1.0,0.6278,2.2015,0.00303,0.00677,0.6802,0.3367,0.086,-0.3558,1.82,137.0,4.0,5.0,0.1298,-0.7051,136.222,0.0268,1,1,0,6.0,0.55,0.2,143.0,136.0,0.5291,0.37,0.3965,0.5374,-0.5291,-0.37,-0.5649,-0.2134,0.0,-0.0528,-0.0393,0.6718,60.0,300.0,150.0,210.0,210.0,150.0,150.0,300.0,6.0,7.0,-0.0,-6.0,43.2409,0.0362,20.7233,0.0963,0.6718,2.2015
382,404,2026-06-23 21:37:00+00:00,2026-06-23 21:46:00+00:00,ruido,,19,0.0,0.0472,0.2222,0.6987,-0.6987,-0.0037,0.0457,0.1,-0.1667,0.0378,0.0458,0.0,0.0022,0.0056,-0.0056,0.0001,0.0022,0.0,0.0001,0.0004,-0.0002,0.0,0.0001,4,5,0.0556,0.0556,0.000539,0.002778,0.0,0.000749,0.2656,540.563,60.063,270.282,28.451,1.001,0.999,241094.0,0.0378,0.0001,112.646,0.0458,0.0,1.36,0.2477,0.3023,0.3203,0.8623,1.565,0.001754,0.003585,0.8695,0.6563,0.1605,-0.1109,1.6412,111.0,0.0,3.0,0.4503,-1.2792,112.529,0.0161,0,1,2,0.0,0.0,0.0,116.0,111.0,0.6987,0.83,0.8165,0.681,-0.6987,-0.83,-0.6373,-0.8922,0.0,0.914,0.9318,0.4728,0.0,60.0,0.0,0.0,360.0,360.0,360.0,360.0,0.0,5.0,-5.0,0.0,270.2815,0.0042,0.0968,0.0,0.9318,0.5013
383,406,2026-06-24 02:38:00+00:00,2026-06-24 02:44:00+00:00,alimentacion,,13,-0.1667,0.5076,0.75,0.751,-0.751,-0.0306,0.1833,0.2667,-0.3667,0.4144,0.1858,-0.0002,0.011,0.0122,-0.0211,0.0013,0.011,-0.0,0.0007,0.0011,-0.001,0.0,0.0007,9,8,0.3333,0.5,0.002389,0.005258,0.000553,0.00139,0.8402,366.094,61.016,33.281,28.161,1.0165,0.9838,385923.0,0.4144,0.0013,172.297,0.1858,1e-06,2.8731,0.9866,0.0,1.2291,0.62,2.2772,0.002564,0.007357,0.7225,0.2691,0.1944,0.0941,2.339,172.0,3.0,6.0,0.4327,0.0686,172.0,0.0278,2,3,0,3.5,0.583,0.333,174.0,169.0,0.751,0.6664,0.6756,0.7284,-0.751,-0.6664,-0.7605,-0.5966,0.0,0.3734,0.3666,0.7896,60.0,360.0,90.0,180.0,330.0,60.0,60.0,360.0,8.0,11.0,-0.0,-4.0,33.2813,0.0691,0.0,0.0846,0.7896,2.7989
384,408,2026-06-24 10:08:00+00:00,2026-06-24 10:18:00+00:00,ruido,,21,-0.05,0.3682,0.1,0.9107,-0.9107,-0.0067,0.0291,0.0,-0.1333,0.0178,0.0298,0.0,0.0014,0.0044,-0.0044,0.0,0.0014,0.0,0.0001,0.0003,-0.0001,0.0,0.0001,2,3,0.0,0.05,0.000211,0.001111,0.0,0.000435,0.1329,600.265,60.027,150.066,28.584,1.0004,0.9996,514848.0,0.0178,0.0,156.578,0.0298,0.0,0.5917,0.2285,0.1418,0.2933,1.0,1.4641,0.001587,0.004422,0.9213,0.6917,-0.0278,-0.0521,2.4762,156.0,0.0,0.0,2.0412,2.1667,156.235,0.0089,0,0,1,0.0,0.0,0.0,160.0,156.0,0.9107,0.971,0.9637,0.9113,-0.9107,-0.971,-0.8745,-0.9856,0.0,0.8833,0.9202,0.7495,0.0,90.0,0.0,0.0,90.0,90.0,90.0,90.0,0.0,4.0,-2.4,0.0,150.0662,0.0018,0.0416,0.0184,0.9856,0.4294
385,410,2026-06-24 20:03:00+00:00,2026-06-24 20:08:00+00:00,alimentacion,,11,-0.2,0.0752,0.7,-0.3039,0.3039,-0.01,0.1044,0.2,-0.1667,0.11,0.1049,-0.0004,0.0059,0.01,-0.0122,0.0003,0.0059,-0.0,0.0004,0.0005,-0.0007,0.0,0.0004,7,7,0.2,0.4,0.001405,0.003054,0.000278,0.00076,0.414,301.639,60.328,100.546,27.422,1.0054,0.9946,213703.0,0.11,0.0003,139.383,0.1049,1e-06,2.4131,0.9359,20.7233,1.0,0.6111,2.2015,0.006061,0.007892,0.566,-0.0264,0.2149,-0.0634,2.0812,140.0,2.0,3.0,-0.1362,-0.8302,139.444,0.0166,2,1,0,5.0,0.9,0.4,143.0,137.0,-0.3039,-0.45,-0.4243,-0.2813,0.3039,0.45,0.2692,0.5549,0.0,-0.6468,-0.6879,-0.1141,240.0,300.0,210.0,210.0,300.0,300.0,300.0,300.0,5.0,3.0,-0.0,-6.0,100.5463,0.022,20.7233,0.015,0.6879,2.2015
386,412,2026-06-25 08:08:00+00:00,2026-06-25 08:15:00+00:00,alimentacion,,15,-0.2143,0.5486,0.7857,0.8669,-0.8669,-0.0286,0.1568,0.3333,-0.3,0.3556,0.1594,-0.0003,0.0092,0.0111,-0.0211,0.0011,0.0092,0.0,0.0006,0.0009,-0.0011,0.0,0.0006,11,10,0.2143,0.4286,0.001791,0.006109,0.0,0.001637,0.7568,425.24,60.749,35.437,28.349,1.0121,0.9881,208903.0,0.3556,0.0011,118.012,0.1594,2e-06,2.9736,0.9105,20.7233,1.042,0.6614,2.3441,0.002222,0.007084,0.4537,0.3042,0.5455,-0.0471,2.2099,119.0,3.0,8.0,-0.4583,-1.1506,118.077,0.0366,1,3,0,10.0,0.528,0.143,122.0,112.0,0.8669,0.8179,0.826,0.8793,-0.8669,-0.8179,-0.8724,-0.7648,0.0,0.5503,0.5733,0.8644,150.0,420.0,270.0,240.0,390.0,210.0,210.0,420.0,2.0,12.0,0.0,-12.0,35.4367,0.0508,21.5937,0.1176,0.8793,2.4426
387,414,2026-06-25 14:49:00+00:00,2026-06-25 14:57:00+00:00,alimentacion,,17,-0.1875,0.675,0.625,0.8067,-0.8067,-0.0208,0.1218,0.2333,-0.2667,0.2444,0.1236,-0.0,0.0065,0.0089,-0.0144,0.0006,0.0065,0.0,0.0004,0.0007,-0.0007,0.0,0.0004,10,11,0.125,0.3125,0.001726,0.004673,0.0,0.001422,0.8551,483.62,60.453,48.362,28.448,1.0073,0.9927,164233.0,0.2444,0.0006,98.289,0.1236,1e-06,2.8222,0.7824,1.6094,0.7468,0.6887,2.164,0.001961,0.004427,0.7678,0.6681,0.5251,-0.0094,1.8073,97.0,3.0,7.0,0.4107,-0.5261,98.0,0.0479,1,1,0,7.0,0.844,0.125,108.0,98.0,0.8067,0.6977,0.7111,0.7902,-0.8067,-0.6977,-0.8358,-0.5903,0.0,0.3527,0.3702,0.8782,90.0,450.0,150.0,240.0,360.0,450.0,450.0,450.0,7.0,10.0,-0.0,-3.0,48.362,0.0306,1.2019,0.1266,0.8782,1.6161
388,416,2026-06-26 01:01:00+00:00,2026-06-26 01:13:00+00:00,ruido,,25,0.0,0.0649,0.125,0.0429,-0.0429,0.0,1.1451,3.9667,-3.9667,31.4689,1.1451,0.0,0.0675,0.2644,-0.1322,0.1049,0.0675,0.0,0.0042,0.0132,-0.0132,0.0004,0.0042,3,4,0.0417,0.0417,0.005289,0.066111,0.0,0.015306,3.9667,905.447,75.454,905446531.856,36.218,1.2576,0.7952,577896.0,31.4689,0.1049,152.039,1.1451,5.4e-05,0.2423,0.1985,0.2054,1.4663,0.8228,1.6718,0.005333,0.008667,0.5,-0.0451,-0.053,-0.0104,3.585,155.0,0.0,0.0,-4.6949,20.0417,155.0,0.1552,0,1,1,0.0,0.0,0.0,155.0,36.0,0.0429,0.0859,0.1,0.0,-0.0429,-0.0859,-0.0173,-0.0962,0.0,0.0882,0.1223,0.0,0.0,90.0,720.0,720.0,720.0,0.0,0.0,120.0,0.0,119.0,-23.8,-0.0,905.447,2.6224,0.3012,0.0,0.1223,2.4514
389,174,2026-05-27 00:02:00+00:00,2026-05-27 00:19:00+00:00,ruido,,35,0.0,0.4086,0.4706,-0.0752,0.0752,0.0,0.0754,0.3,-0.1667,0.1933,0.0754,0.0,0.0036,0.01,-0.01,0.0004,0.0036,0.0,0.0002,0.0004,-0.0007,0.0,0.0002,16,16,0.1471,0.1471,0.00085,0.002777,0.0,0.000861,0.8924,1022.864,60.168,1022863796.447,29.225,1.0028,0.9972,1177744.0,0.1933,0.0004,183.439,0.0754,0.0,2.3147,0.5119,0.3463,0.3397,0.7639,1.9052,0.000952,0.001698,0.9628,0.9193,0.7403,0.5223,1.3452,181.0,2.0,11.0,0.7603,-1.0753,182.862,0.0271,3,2,2,5.333,2.106,0.176,193.0,179.0,-0.0752,-0.2205,-0.2252,-0.0745,0.0752,0.2205,-0.0202,0.3191,0.0,-0.3207,-0.3841,0.1236,150.0,510.0,1020.0,1020.0,1020.0,0.0,0.0,900.0,12.0,2.0,4.929,0.714,1022.864,0.0114,0.1176,0.0,0.3841,0.6472
390,294,2026-06-07 23:48:00+00:00,2026-06-07 23:53:00+00:00,alimentacion,,11,-0.3,0.5848,0.6,0.7583,-0.7583,-0.0433,0.1542,0.2333,-0.2333,0.2567,0.1602,-0.0007,0.009,0.0144,-0.0144,0.0007,0.009,-0.0,0.0006,0.0007,-0.0009,0.0,0.0006,6,8,0.2,0.5,0.001721,0.00361,0.000272,0.001277,0.4945,303.809,60.762,23.37,27.619,1.0117,0.9884,199109.0,0.2567,0.0007,134.539,0.1602,1e-06,1.8676,0.9684,20.7233,1.0,0.6858,2.2015,0.00303,0.007282,0.66,0.3393,0.0499,-0.08,2.0266,136.0,1.0,5.5,-0.5329,0.187,134.667,0.0355,1,1,0,7.0,0.688,0.2,137.0,130.0,0.7583,0.6426,0.6617,0.7314,-0.7583,-0.6426,-0.7695,-0.513,0.0,0.2599,0.2597,0.8336,60.0,300.0,240.0,180.0,180.0,210.0,210.0,300.0,6.0,13.0,-0.0,-12.0,23.3699,0.0513,20.7233,0.1754,0.8336,2.2015
391,343,2026-06-15 11:28:00+00:00,2026-06-15 11:37:00+00:00,alimentacion,,19,-0.2222,0.0833,0.7778,0.0086,-0.0086,-0.0278,0.1533,0.4,-0.3667,0.4367,0.1558,-0.0006,0.0075,0.0133,-0.0167,0.001,0.0075,-0.0,0.0004,0.0008,-0.001,0.0,0.0004,14,14,0.1111,0.3333,0.001791,0.004394,0.0,0.001576,0.9552,546.366,60.707,36.424,28.756,1.0114,0.9887,394319.0,0.4367,0.001,144.061,0.1558,1e-06,2.5651,0.6999,22.515,0.5453,0.7205,2.0122,0.001754,0.005024,0.8401,0.5064,-0.0807,-0.0293,2.0388,144.0,3.0,7.0,-0.8995,0.9669,144.353,0.0398,2,2,0,8.0,1.545,0.222,153.0,141.0,0.0086,-0.135,-0.0924,0.038,-0.0086,0.135,-0.0098,0.1947,0.0,-0.522,-0.4772,0.2016,180.0,540.0,90.0,480.0,540.0,450.0,450.0,540.0,10.0,15.0,-0.0,-9.0,36.4244,0.0485,12.2774,0.0185,0.522,1.0973
392,359,2026-06-17 07:34:00+00:00,2026-06-17 07:38:00+00:00,ruido,,9,0.0,0.0221,0.375,0.5752,-0.5752,-0.0042,0.0753,0.1333,-0.1667,0.0456,0.0755,0.0,0.0046,0.01,-0.0056,0.0002,0.0046,0.0,0.0003,0.0005,-0.0005,0.0,0.0003,3,4,0.125,0.125,0.000617,0.002499,0.0,0.000826,0.1665,240.679,60.17,240.679,26.742,1.0028,0.9972,89819.0,0.0456,0.0002,99.899,0.0755,1e-06,1.3516,0.4444,1.3863,1.0,0.7889,2.1133,0.007407,0.009213,0.551,-0.1331,-0.3559,-0.0074,1.9691,100.0,0.0,1.0,-1.9986,2.8848,100.286,0.0145,0,0,1,0.0,0.0,0.0,101.0,96.0,0.5752,0.6534,0.6335,0.6211,-0.5752,-0.6534,-0.5393,-0.6781,0.0,0.6881,0.6906,0.3693,0.0,90.0,0.0,0.0,120.0,120.0,120.0,120.0,0.0,5.0,-0.0,-0.0,240.679,0.0114,1.3863,0.0,0.6906,2.1133
393,375,2026-06-19 13:34:00+00:00,2026-06-19 13:40:00+00:00,ruido,,13,0.0833,0.0001,0.5833,-0.5679,0.5679,-0.0,0.1563,0.2,-0.4,0.2933,0.1563,-0.0,0.0089,0.0133,-0.02,0.0009,0.0089,0.0,0.0006,0.0011,-0.001,0.0,0.0006,7,10,0.3333,0.25,0.001625,0.003831,0.0,0.00091,0.6089,364.297,60.716,364297476.855,28.023,1.0119,0.9882,99942.0,0.2933,0.0009,87.68,0.1563,3e-06,2.4416,0.7893,21.4164,0.5334,0.734,2.2772,0.002564,0.004537,0.8357,0.5719,-0.1607,-0.9698,1.2671,86.0,3.0,8.0,0.8704,-0.5386,87.0,0.057,1,0,0,15.0,1.896,0.167,98.0,83.0,-0.5679,-0.6978,-0.6634,-0.5451,0.5679,0.6978,0.5368,0.747,0.0,-0.9124,-0.8726,-0.3485,210.0,0.0,360.0,360.0,360.0,0.0,0.0,330.0,15.0,0.0,-0.0,-0.0,364.297,0.0489,11.4235,0.0,0.9124,1.2147
394,381,2026-06-20 07:15:00+00:00,2026-06-20 07:26:00+00:00,ruido,,23,0.0,0.0837,0.1364,0.0325,-0.0325,0.0,1.1457,3.8,-3.8,28.88,1.1457,0.0,0.0677,0.2533,-0.1267,0.0963,0.0677,0.0002,0.0041,0.0127,-0.0127,0.0003,0.0041,3,3,0.0455,0.0455,0.006884,0.063333,0.0,0.018574,3.8,835.763,75.978,835762592.453,36.338,1.2663,0.7897,285912.0,28.88,0.0963,111.494,1.1457,0.000101,0.258,0.2124,0.229,1.5543,0.819,1.5734,0.015942,0.008696,0.4545,-0.0496,-0.0068,-0.0126,3.4594,114.0,0.0,0.0,-4.4772,18.0455,114.0,0.2132,0,1,1,0.0,0.0,0.0,114.0,0.0,0.0325,0.0684,0.0889,0.0,-0.0325,-0.0684,-0.0119,-0.0774,0.0,0.067,0.0965,0.0,0.0,60.0,660.0,660.0,660.0,0.0,0.0,90.0,0.0,114.0,-22.8,0.0,835.763,2.6255,0.3559,0.0,0.0965,2.4455
395,385,2026-06-20 21:00:00+00:00,2026-06-20 21:02:00+00:00,servido,,5,0.25,0.75,0.5,-0.9037,0.9037,0.4917,0.8516,1.9667,0.0,3.8678,0.9833,0.0,0.0535,0.0656,-0.0656,0.0086,0.0535,-0.0011,0.0033,0.0022,-0.0044,0.0,0.0035,2,2,0.25,0.0,0.01221,0.032778,0.0,0.01156,1.3398,156.189,78.095,2.647,31.238,1.168,0.8561,63147.0,3.8678,0.0086,112.381,0.9833,6.1e-05,0.971,-0.0,0.0,1.0,1.0,1.8575,0.006667,0.007515,0.8727,0.4583,-1.0,0.0,0.55,85.0,0.0,59.0,0.4082,-1.8333,104.667,0.2662,0,0,0,0.0,0.0,0.0,144.0,85.0,-0.9037,-0.8113,-0.8345,-0.9037,0.9037,0.8113,0.9263,0.7071,0.0,-0.2887,-0.3638,-0.9449,90.0,0.0,0.0,0.0,90.0,90.0,90.0,90.0,0.0,0.0,-0.0,-0.0,2.6473,1.9339,0.0,0.1875,0.9449,1.8575
396,389,2026-06-21 13:13:00+00:00,2026-06-21 13:25:00+00:00,ruido,,25,0.0,0.0649,0.125,0.0429,-0.0429,0.0,0.9334,3.2333,-3.2333,20.9089,0.9334,0.0,0.055,0.2156,-0.1078,0.0697,0.055,0.0,0.0034,0.0108,-0.0108,0.0003,0.0034,3,4,0.0417,0.0417,0.004311,0.053889,0.0,0.012476,3.2333,863.066,71.922,863066491.574,34.523,1.1987,0.8342,225816.0,20.9089,0.0697,95.04,0.9334,9.3e-05,0.2423,0.1985,0.2054,1.4663,0.8228,1.6718,0.008,0.008667,0.5,-0.0451,-0.053,-0.0104,3.585,97.0,0.0,0.0,-4.6949,20.0417,97.0,0.2041,0,1,1,0.0,0.0,0.0,97.0,0.0,0.0429,0.0859,0.1,0.0,-0.0429,-0.0859,-0.0173,-0.0962,0.0,0.0882,0.1223,0.0,0.0,90.0,720.0,720.0,720.0,0.0,0.0,120.0,0.0,97.0,-19.4,-0.0,863.066,1.7424,0.3012,0.0,0.1223,2.4514
397,393,2026-06-21 23:45:00+00:00,2026-06-21 23:51:00+00:00,alimentacion,,13,0.0,0.1546,0.8333,-0.1007,0.1007,-0.0139,0.119,0.2,-0.3,0.1722,0.1198,0.0,0.0055,0.01,-0.01,0.0003,0.0055,0.0,0.0003,0.0007,-0.0004,0.0,0.0003,10,8,0.25,0.25,0.001599,0.004926,0.000276,0.001385,0.5738,362.546,60.424,72.509,27.888,1.007,0.9931,151279.0,0.1722,0.0003,107.874,0.1198,1e-06,2.4697,0.5956,20.7233,0.4953,0.7407,2.2772,0.002564,0.003845,0.9441,0.708,-0.0354,-0.7239,1.1502,108.0,3.0,3.0,0.6662,-0.1535,107.545,0.0442,1,0,0,11.0,1.264,0.167,117.0,101.0,-0.1007,-0.2826,-0.2395,-0.108,0.1007,0.2826,0.0579,0.3756,0.0,-0.7189,-0.6401,0.1492,150.0,330.0,270.0,270.0,330.0,330.0,330.0,330.0,11.0,5.0,-0.0,-0.0,72.5092,0.0287,10.2643,0.0,0.7189,1.1279
398,397,2026-06-22 19:53:00+00:00,2026-06-22 20:02:00+00:00,alimentacion,,19,-0.2778,0.9022,0.5556,0.9828,-0.9828,-0.0315,0.0952,0.1667,-0.2667,0.1811,0.1003,-0.0,0.0057,0.0089,-0.0144,0.0005,0.0057,0.0,0.0004,0.0008,-0.0008,0.0,0.0004,10,13,0.1111,0.3889,0.000902,0.002767,0.0,0.000823,0.5142,542.691,60.299,31.923,28.563,1.0045,0.9955,210237.0,0.1811,0.0005,105.191,0.1003,1e-06,2.8656,0.9358,22.1096,0.446,0.803,2.2358,0.001754,0.003582,0.8787,0.8422,0.6202,0.2155,1.7621,104.0,4.0,9.5,0.2972,-1.2414,104.824,0.0603,1,1,1,4.0,0.5,0.111,104.0,100.0,0.9828,0.9552,0.9569,0.9749,-0.9828,-0.9552,-0.9833,-0.9101,0.0,0.725,0.7478,0.9403,120.0,450.0,90.0,240.0,270.0,270.0,270.0,450.0,2.0,17.0,0.0,-0.0,31.923,0.0201,9.8609,0.2506,0.9833,0.9972
399,401,2026-06-23 11:05:00+00:00,2026-06-23 11:11:00+00:00,alimentacion,,13,-0.25,0.812,0.5833,0.9136,-0.9136,-0.0222,0.0698,0.1333,-0.1667,0.0644,0.0733,-0.0,0.0035,0.0056,-0.0067,0.0001,0.0035,-0.0,0.0002,0.0003,-0.0004,0.0,0.0002,7,8,0.0833,0.3333,0.001233,0.00305,0.000278,0.000786,0.4311,360.962,60.16,45.12,27.766,1.0024,0.9976,273204.0,0.0644,0.0001,144.968,0.0733,0.0,2.4116,0.8194,1.3863,0.4944,0.7873,2.2772,0.002564,0.004259,0.8967,0.7893,0.3456,-0.1446,1.5203,145.0,3.0,6.0,0.3777,-0.8379,144.727,0.0249,1,0,0,4.0,0.75,0.167,152.0,140.0,0.9136,0.8358,0.8419,0.9048,-0.9136,-0.8358,-0.9339,-0.7445,0.0,0.5231,0.5411,0.9342,60.0,330.0,120.0,120.0,240.0,330.0,330.0,330.0,4.0,8.0,-0.0,-0.0,45.1202,0.0107,0.6854,0.203,0.9342,1.1258
400,405,2026-06-24 01:52:00+00:00,2026-06-24 01:54:00+00:00,servido,,5,0.25,0.75,0.5,-0.9037,0.9037,0.5083,0.8805,2.0333,0.0,4.1344,1.0167,0.0,0.0553,0.0678,-0.0678,0.0092,0.0553,-0.0011,0.0034,0.0023,-0.0045,0.0,0.0036,2,2,0.25,0.0,0.012504,0.033889,0.0,0.012018,1.3672,157.978,78.989,2.59,31.596,1.1736,0.8521,100238.0,4.1344,0.0092,141.59,1.0167,4.1e-05,0.971,-0.0,0.0,1.0,1.0,1.8575,0.006667,0.007515,0.8727,0.4583,-1.0,0.0,0.55,114.0,0.0,61.0,0.4082,-1.8333,134.333,0.2159,0,0,0,0.0,0.0,0.0,175.0,114.0,-0.9037,-0.8113,-0.8345,-0.9037,0.9037,0.8113,0.9263,0.7071,0.0,-0.2887,-0.3638,-0.9449,90.0,0.0,0.0,0.0,90.0,90.0,90.0,90.0,0.0,0.0,-0.0,-0.0,2.5898,2.0672,0.0,0.1875,0.9449,1.8575
401,409,2026-06-24 13:26:00+00:00,2026-06-24 13:31:00+00:00,alimentacion,,11,-0.3,0.8933,0.7,0.9784,-0.9784,-0.0433,0.0932,0.1333,-0.2,0.1056,0.1027,-0.0004,0.0061,0.0111,-0.01,0.0003,0.0061,-0.0,0.0004,0.0006,-0.0007,0.0,0.0004,7,8,0.1,0.4,0.000879,0.001667,0.0,0.000599,0.2655,301.573,60.315,23.198,27.416,1.0043,0.9957,248023.0,0.1056,0.0003,150.158,0.1027,0.0,2.4131,0.5921,21.4164,1.0,0.8333,2.2015,0.00303,0.005889,0.7364,0.6554,0.2354,-0.3697,1.6472,149.0,3.0,9.0,0.1138,-1.3923,150.222,0.03,0,0,0,0.0,0.0,0.0,156.0,143.0,0.9784,0.9417,0.9471,0.964,-0.9784,-0.9417,-0.9797,-0.8675,0.0,0.656,0.6869,0.9536,0.0,300.0,120.0,90.0,210.0,180.0,180.0,300.0,0.0,13.0,-0.0,-6.0,23.1979,0.0211,21.4164,0.268,0.9797,2.2015
402,413,2026-06-25 11:11:00+00:00,2026-06-25 11:16:00+00:00,alimentacion,,11,-0.1,0.375,0.6,0.678,-0.678,-0.03,0.1767,0.2667,-0.4333,0.3211,0.1792,-0.0002,0.0102,0.0144,-0.0233,0.0009,0.0102,0.0,0.0006,0.0013,-0.0011,0.0,0.0006,6,7,0.2,0.3,0.002297,0.005773,0.0,0.001674,0.7248,304.67,60.934,33.852,27.697,1.0151,0.9851,127871.0,0.3211,0.0009,107.818,0.1792,3e-06,2.4131,0.6413,21.4164,1.0,0.6486,2.2015,0.006061,0.00757,0.5939,0.2284,-0.1263,0.298,2.1695,109.0,4.0,5.0,0.6904,0.3415,107.333,0.041,1,1,0,4.0,0.917,0.2,109.0,105.0,0.678,0.5981,0.6103,0.6986,-0.678,-0.5981,-0.6891,-0.4993,0.0,0.3492,0.3125,0.7393,90.0,300.0,210.0,120.0,270.0,90.0,90.0,300.0,8.0,9.0,-0.0,-4.0,33.8522,0.0642,21.4164,0.0375,0.7393,2.2015
403,238,2026-06-02 18:16:00+00:00,2026-06-02 18:20:00+00:00,ruido,,9,0.0,0.0188,0.375,-0.21,0.21,0.0,0.0667,0.1333,-0.1333,0.0356,0.0667,0.0,0.0041,0.0044,-0.0089,0.0001,0.0041,0.0,0.0003,0.0004,-0.0004,0.0,0.0003,3,4,0.125,0.125,0.000494,0.002222,0.0,0.000761,0.1333,240.531,60.133,240530983.802,26.726,1.0022,0.9978,87236.0,0.0356,0.0001,98.452,0.0667,0.0,0.5033,0.4444,1.204,1.0,0.7602,1.7611,0.003704,0.009259,0.5,-0.1562,-0.25,-0.1562,2.0,98.0,0.0,0.0,2.4749,4.125,98.0,0.0128,1,0,1,4.0,0.5,0.25,102.0,98.0,-0.21,-0.311,-0.2887,-0.2722,0.21,0.311,0.162,0.3714,0.0,-0.4523,-0.4539,0.0,90.0,0.0,240.0,240.0,240.0,0.0,0.0,120.0,4.0,0.0,-0.0,-0.0,240.531,0.0089,1.204,0.0,0.4539,1.7611
404,351,2026-06-16 12:50:00+00:00,2026-06-16 12:55:00+00:00,alimentacion,,11,-0.3,0.1906,0.5,0.1012,-0.1012,-0.0267,0.2426,0.5,-0.3667,0.5956,0.244,-0.0002,0.0128,0.0167,-0.0222,0.0015,0.0128,0.0,0.0008,0.001,-0.0013,0.0,0.0008,5,5,0.2,0.5,0.003639,0.007731,0.0,0.002551,1.1264,308.609,61.722,38.576,28.055,1.0283,0.9724,87589.0,0.5956,0.0015,89.234,0.244,7e-06,2.3685,0.8175,20.7233,1.0,0.6518,2.2015,0.00303,0.006176,0.6526,0.3579,-0.1531,0.004,1.918,88.0,3.0,6.0,0.7898,-0.131,88.444,0.0725,1,1,0,15.0,0.889,0.2,103.0,85.0,0.1012,-0.0553,-0.0235,0.1097,-0.1012,0.0553,-0.1511,0.167,0.0,-0.3656,-0.3767,0.2966,90.0,300.0,180.0,180.0,270.0,300.0,300.0,300.0,15.0,8.0,-0.0,-4.0,38.5761,0.1191,20.7233,0.0572,0.3767,2.2015
405,379,2026-06-19 23:55:00+00:00,2026-06-20 00:00:00+00:00,alimentacion,,11,-0.1,0.6535,0.7,0.8222,-0.8222,-0.0333,0.1764,0.2667,-0.3667,0.3222,0.1795,-0.0,0.0114,0.0178,-0.0211,0.0012,0.0114,-0.0,0.0008,0.0013,-0.0011,0.0,0.0008,7,7,0.2,0.3,0.00166,0.004444,0.0,0.001336,0.4478,304.729,60.946,30.473,27.703,1.0152,0.985,160381.0,0.3222,0.0012,120.748,0.1795,2e-06,2.3685,0.6131,1.0986,1.0,0.6518,1.887,0.00303,0.006362,0.7324,0.4595,0.0749,-0.4127,1.5989,118.0,4.0,6.0,0.6755,-0.2692,120.111,0.043,0,0,0,0.0,0.0,0.0,132.0,114.0,0.8222,0.7296,0.7391,0.7981,-0.8222,-0.7296,-0.8504,-0.5929,0.0,0.4176,0.4162,0.8732,60.0,270.0,90.0,150.0,150.0,270.0,270.0,270.0,8.0,10.0,-0.0,-0.0,30.4729,0.0644,1.0986,0.0654,0.8732,1.887
406,387,2026-06-21 07:11:00+00:00,2026-06-21 07:15:00+00:00,alimentacion,,9,-0.125,0.2419,0.75,0.3705,-0.3705,-0.0333,0.1929,0.3,-0.3667,0.3067,0.1958,-0.0005,0.0109,0.01,-0.0222,0.0008,0.0109,0.0,0.0007,0.001,-0.0011,0.0,0.0007,6,4,0.25,0.375,0.002982,0.006378,0.001026,0.001699,0.7061,244.495,61.124,30.562,27.166,1.0182,0.9822,122206.0,0.3067,0.0008,116.527,0.1958,3e-06,2.5033,0.7127,0.0,1.0,0.6029,2.1133,0.011111,0.008225,0.5737,0.0415,0.4265,-0.6777,1.7019,117.0,4.0,7.0,-0.0775,-1.1062,116.571,0.0376,1,1,0,4.0,0.893,0.25,121.0,114.0,0.3705,0.2412,0.2681,0.3498,-0.3705,-0.2412,-0.382,-0.1404,0.0,-0.0684,-0.119,0.5198,180.0,240.0,120.0,120.0,210.0,240.0,240.0,240.0,6.0,8.0,-0.0,-6.0,30.5619,0.0767,0.0,0.0302,0.5198,2.1133
407,395,2026-06-22 11:11:00+00:00,2026-06-22 11:14:00+00:00,alimentacion,,7,-0.3333,0.1667,0.6667,0.5241,-0.5241,-0.0333,0.1262,0.2,-0.2,0.1022,0.1305,-0.0009,0.0068,0.0067,-0.0133,0.0002,0.0069,0.0,0.0004,0.0005,-0.0007,0.0,0.0004,4,3,0.1667,0.5,0.001727,0.004444,0.000547,0.001273,0.3298,181.52,60.507,30.253,25.931,1.0079,0.9922,54087.0,0.1022,0.0002,87.902,0.1305,2e-06,1.8424,0.8982,0.0,1.0,0.6392,2.0053,0.009524,0.009291,0.1355,-0.0764,0.3125,-0.4167,0.9781,87.0,2.0,2.0,0.1467,-0.0664,87.8,0.0319,1,1,0,6.0,0.5,0.333,93.0,87.0,0.5241,0.4512,0.4763,0.4743,-0.5241,-0.4512,-0.477,-0.4082,0.0,0.1147,0.0932,0.5477,120.0,180.0,60.0,60.0,180.0,180.0,180.0,180.0,4.0,6.0,-0.0,-8.0,30.2533,0.0341,0.0,0.0556,0.5477,2.0053
408,403,2026-06-23 20:34:00+00:00,2026-06-23 20:42:00+00:00,alimentacion,,17,-0.0625,0.7174,0.8125,0.9341,-0.9341,-0.0292,0.1771,0.3667,-0.2667,0.5156,0.1795,-0.0003,0.0108,0.0211,-0.02,0.0018,0.0108,0.0,0.0007,0.0012,-0.0014,0.0,0.0007,13,11,0.3125,0.375,0.002344,0.004139,0.000553,0.001009,1.1049,487.596,60.949,34.828,28.682,1.0154,0.9848,257114.0,0.5156,0.0018,122.981,0.1795,2e-06,2.6601,0.9245,21.4164,0.9883,0.6856,2.4044,0.001961,0.005038,0.8498,0.609,0.3683,0.1899,2.1174,123.0,4.0,7.0,0.222,-0.7716,122.8,0.0507,2,3,0,3.5,0.875,0.25,134.0,112.0,0.9341,0.9114,0.9068,0.9311,-0.9341,-0.9114,-0.9375,-0.8654,0.0,0.7062,0.7253,0.8955,30.0,390.0,90.0,300.0,210.0,450.0,450.0,450.0,4.0,18.0,4.0,-7.0,34.8283,0.0644,21.1658,0.0448,0.9375,2.3763
409,411,2026-06-24 22:57:00+00:00,2026-06-24 23:02:00+00:00,alimentacion,,11,-0.3,0.2717,0.6,0.7371,-0.7371,-0.0433,0.2801,0.5333,-0.6333,0.8033,0.2834,-0.0007,0.0165,0.0211,-0.0389,0.0025,0.0165,-0.0,0.0011,0.0019,-0.002,0.0,0.0011,6,6,0.2,0.5,0.00344,0.009409,0.000234,0.0028,1.0669,311.256,62.251,23.943,28.296,1.0365,0.9647,187093.0,0.8033,0.0025,130.416,0.2834,4e-06,2.5503,0.85,20.7233,1.0,0.6244,2.2015,0.012121,0.008914,0.4283,0.0141,-0.0335,0.0044,2.2564,130.0,3.0,5.5,1.2372,1.4079,129.444,0.047,1,1,0,5.0,1.406,0.2,130.0,125.0,0.7371,0.7118,0.7168,0.7407,-0.7371,-0.7118,-0.7396,-0.6537,0.0,0.5539,0.526,0.738,90.0,300.0,30.0,60.0,150.0,270.0,270.0,300.0,11.0,13.0,-4.0,-16.0,23.9428,0.1607,20.7233,0.0815,0.7407,2.2015
410,326,2026-06-12 23:45:00+00:00,2026-06-12 23:49:00+00:00,ruido,,9,0.125,0.0146,0.625,-0.6446,0.6446,0.0042,0.0633,0.1,-0.1333,0.0322,0.0635,0.0,0.0038,0.0044,-0.0078,0.0001,0.0038,-0.0,0.0003,0.0004,-0.0004,0.0,0.0003,5,5,0.25,0.125,0.000678,0.001944,0.0,0.000602,0.1665,240.482,60.12,240.482,26.72,1.002,0.998,157892.0,0.0322,0.0001,132.452,0.0635,0.0,1.8366,0.4444,20.7233,1.0,0.7889,2.1133,0.003704,0.007438,0.7039,0.1593,-0.6433,0.0976,1.7462,132.0,1.0,1.0,1.5008,1.5772,132.143,0.0107,1,0,1,4.0,0.583,0.25,136.0,131.0,-0.6446,-0.7501,-0.7248,-0.6488,0.6446,0.7501,0.6084,0.7937,0.0,-0.8922,-0.8358,-0.4212,120.0,0.0,0.0,0.0,150.0,150.0,150.0,150.0,4.0,0.0,-0.0,0.0,240.482,0.008,20.7233,0.0018,0.8922,2.1133
412,399,2026-06-22 22:51:00+00:00,2026-06-22 22:57:00+00:00,alimentacion,,13,-0.1667,0.8644,0.8333,0.9552,-0.9552,-0.0444,0.1264,0.1667,-0.2333,0.2156,0.134,-0.0004,0.0079,0.01,-0.0133,0.0007,0.0079,-0.0,0.0005,0.0007,-0.0006,0.0,0.0005,10,10,0.25,0.4167,0.001397,0.003787,0.0,0.00113,0.4464,363.206,60.534,22.7,27.939,1.0079,0.9922,111630.0,0.2156,0.0007,92.666,0.134,2e-06,2.8731,0.5783,20.7233,0.6702,0.7478,2.2772,0.002564,0.004975,0.8506,0.7236,0.3028,-0.1129,1.4613,91.0,6.0,8.0,0.1797,-1.0229,92.273,0.0665,0,0,0,0.0,0.0,0.0,104.0,83.0,0.9552,0.8977,0.9026,0.9413,-0.9552,-0.8977,-0.967,-0.8244,0.0,0.6036,0.6278,0.9521,60.0,360.0,180.0,150.0,330.0,210.0,210.0,360.0,5.0,16.0,-0.0,-8.0,22.7004,0.0359,13.8888,0.1441,0.967,1.5262
413,415,2026-06-25 23:49:00+00:00,2026-06-25 23:50:00+00:00,servido,,3,0.5,0.75,0.5,-0.8944,0.8944,1.1667,1.1667,2.3333,0.0,5.4444,1.6499,0.0778,0.0,0.0778,0.0778,0.006,0.0778,0.0,0.0,0.0,0.0,0.0,0.0,1,0,0.5,0.0,0.0,0.0,0.0,0.0,0.0,106.158,106.158,1.517,35.386,1.1514,0.8685,42483.0,5.4444,0.006,119.0,1.6499,0.000128,0.9183,0.0,0.0,1.0,1.0,1.585,0.0,0.0,0.0,0.0,0.0,0.0,0.0,91.0,0.0,35.0,0.7071,-1.5,91.0,0.2886,0,0,0,0.0,0.0,0.0,0.0,0.0,-0.8944,-0.7742,-0.8165,-0.8944,0.8944,0.7742,0.8944,0.7071,0.0,0.0,0.0,-1.0,60.0,0.0,0.0,0.0,60.0,60.0,60.0,60.0,0.0,0.0,-0.0,140.0,1.5165,5.4444,0.0,0.375,1.0,1.585
414,367,2026-06-18 11:41:00+00:00,2026-06-18 11:50:00+00:00,alimentacion,,19,-0.1111,0.6702,0.7778,0.6545,-0.6545,-0.0222,0.1262,0.2,-0.3333,0.2956,0.1281,0.0,0.0072,0.0144,-0.0178,0.0009,0.0072,0.0,0.0004,0.0011,-0.0008,0.0,0.0004,14,13,0.2778,0.3889,0.001482,0.003587,0.0,0.001049,0.7781,544.372,60.486,45.364,28.651,1.0078,0.9922,270086.0,0.2956,0.0009,119.227,0.1281,1e-06,3.0761,0.8253,21.4164,0.6768,0.6735,2.0122,0.001754,0.003162,0.8768,0.8075,0.6805,0.2221,1.1179,121.0,6.0,11.0,-0.1695,-1.2393,119.0,0.0541,3,2,0,5.0,0.825,0.333,130.0,110.0,0.6545,0.4903,0.5139,0.6395,-0.6545,-0.4903,-0.7098,-0.3706,0.0,0.0524,0.0956,0.8221,210.0,510.0,330.0,360.0,390.0,210.0,210.0,510.0,9.0,12.0,3.0,-5.0,45.3643,0.0328,14.4946,0.0745,0.8221,1.3619
415,407,2026-06-24 09:06:00+00:00,2026-06-24 09:18:00+00:00,ruido,,25,0.0,0.0571,0.125,0.1103,-0.1103,-0.0028,1.1836,4.0667,-4.1333,33.6222,1.1836,-0.0,0.0698,0.2733,-0.1378,0.1121,0.0698,-0.0,0.0043,0.0137,-0.0136,0.0004,0.0043,3,4,0.0417,0.0417,0.005466,0.06822,0.0,0.015801,4.0994,913.212,76.101,456.606,36.528,1.2683,0.7884,633412.0,33.6222,0.1121,159.174,1.1836,5.3e-05,0.2423,0.1985,0.2054,1.4398,0.8245,1.6718,0.006667,0.008756,0.4958,-0.0584,-0.0692,-0.0094,3.5841,162.0,0.0,0.0,-4.6892,20.0082,162.095,0.1523,0,0,1,0.0,0.0,0.0,164.0,40.0,0.1103,0.1574,0.1708,0.0675,-0.1103,-0.1574,-0.0823,-0.1686,0.0,0.1533,0.1897,0.0566,0.0,90.0,0.0,0.0,120.0,120.0,120.0,120.0,0.0,124.0,-25.6,-0.0,456.606,2.8018,0.2957,0.0,0.1897,2.4071
416,391,2026-06-21 16:07:00+00:00,2026-06-21 16:09:00+00:00,servido,,5,0.5,0.7989,0.25,-0.9096,0.9096,0.3333,0.3536,0.8333,0.0,0.9444,0.4859,0.0056,0.0164,0.0278,-0.0111,0.0009,0.0173,-0.0002,0.0011,0.0009,-0.0013,0.0,0.0011,1,2,0.5,0.0,0.004092,0.008739,0.0,0.003386,0.5541,132.592,66.296,3.315,26.518,1.0482,0.954,47460.0,0.9444,0.0009,97.427,0.4859,2e-05,1.371,-0.0,0.0,1.0,1.0,1.8575,0.006667,0.00784,0.8241,0.4583,-0.9185,0.0,0.6711,83.0,0.0,25.0,0.6464,-1.3253,91.333,0.1731,0,0,0,0.0,0.0,0.0,123.0,83.0,-0.9096,-0.796,-0.8266,-0.9096,0.9096,0.796,0.9194,0.689,0.0,-0.2164,-0.2727,-0.9632,120.0,0.0,0.0,90.0,90.0,120.0,120.0,120.0,0.0,0.0,-0.0,30.0,3.3148,0.4722,0.0,0.3995,0.9632,1.8575
417,15,2026-04-10 04:35:00+00:00,2026-04-10 05:00:00+00:00,ruido,,51,-0.2,0.8577,0.46,0.9808,-0.9808,-0.0427,0.3347,1.2,-1.2333,5.6933,0.3374,0.0001,0.0199,0.06,-0.0767,0.0195,0.0199,-0.0,0.0012,0.0041,-0.004,0.0001,0.0012,23,26,0.16,0.36,0.002366,0.015221,0.0,0.003379,3.5956,1571.096,62.844,24.548,30.806,1.0464,0.9556,1323771.0,5.6933,0.0195,161.11,0.3374,4e-06,2.6986,0.869,0.1771,0.7325,0.7509,1.7796,0.000654,0.001928,0.9287,0.8954,0.8581,0.7542,1.9771,159.0,23.0,40.5,0.4802,-1.2442,157.268,0.1522,5,2,1,15.6,0.66,0.2,207.0,156.0,0.9808,0.9742,0.972,0.9724,-0.9808,-0.9742,-0.9776,-0.9502,0.0,0.7933,0.8268,0.909,90.0,810.0,300.0,450.0,720.0,720.0,720.0,930.0,7.0,70.0,-2.376,0.0,24.5484,0.2277,0.1297,0.1715,0.9808,1.3036
419,27,2026-04-12 03:57:00+00:00,2026-04-12 04:20:00+00:00,ruido,,47,-0.0217,0.2445,0.2826,0.4139,-0.4139,-0.0065,0.4385,1.9667,-2.0,8.8478,0.4386,-0.0,0.0256,0.0667,-0.1322,0.0295,0.0256,-0.0,0.0016,0.0066,-0.0066,0.0001,0.0016,13,15,0.1087,0.1304,0.002055,0.033042,0.0,0.005762,2.8979,1467.297,63.796,163.033,31.219,1.0632,0.9405,1442689.0,8.8478,0.0295,175.201,0.4386,6e-06,1.5269,0.5258,0.1795,0.9899,0.7631,1.7727,0.000709,0.0065,0.6307,0.2654,0.1756,0.1075,4.2103,176.0,6.0,8.0,4.0148,19.8083,173.051,0.0614,2,2,2,15.0,0.669,0.087,196.0,173.0,0.4139,0.348,0.3459,0.4283,-0.4139,-0.348,-0.4351,-0.3114,0.0,0.1348,0.1797,0.4626,90.0,810.0,540.0,630.0,810.0,690.0,690.0,810.0,59.0,9.0,-2.3,0.0,163.033,0.3847,0.1777,0.0053,0.4626,1.7548
420,0,2026-04-08 03:10:00+00:00,2026-04-08 03:29:00+00:00,ruido,,39,-0.0263,0.384,0.2368,-0.871,0.871,0.1114,1.6796,6.6,-6.6667,107.6678,1.6833,0.0,0.0806,0.2222,-0.2222,0.2402,0.0806,-0.0,0.0047,0.0148,-0.0147,0.0008,0.0047,9,13,0.0526,0.0789,0.007888,0.0925,0.0,0.02062,9.2288,1588.972,83.63,12.512,40.743,1.3853,0.7219,1314294.0,107.6678,0.2402,183.575,1.6833,8.2e-05,1.3484,0.3389,0.1873,0.2124,0.7849,1.8973,0.000855,0.003506,0.914,0.7413,0.1853,0.1203,3.0682,208.0,2.0,129.0,-0.2902,-1.4128,168.364,0.4127,1,1,2,198.0,1.997,0.053,277.0,77.0,-0.871,-0.8843,-0.877,-0.8374,0.871,0.8843,0.8596,0.8832,0.0,-0.7607,-0.7851,-0.7699,330.0,450.0,0.0,0.0,870.0,870.0,870.0,540.0,69.0,4.0,-0.0,0.0,12.5116,5.6667,0.0398,0.0101,0.8843,0.403
421,159,2026-05-07 00:54:00+00:00,2026-05-07 00:56:00+00:00,servido,,5,0.0,0.7295,0.5,-0.8982,0.8982,0.425,0.8149,1.8333,-0.1333,3.3789,0.9191,-0.0015,0.0517,0.0611,-0.0656,0.008,0.0517,-0.0011,0.0031,0.002,-0.0042,0.0,0.0033,2,2,0.25,0.25,0.012123,0.031923,0.0,0.011043,1.3396,152.915,76.458,2.998,30.583,1.1728,0.8527,64099.0,3.3789,0.008,113.225,0.9191,5.3e-05,0.971,0.3552,0.0,1.0,0.9582,1.8575,0.006667,0.007525,0.8713,0.4401,-0.9976,0.0,0.554,89.0,0.0,51.0,0.4155,-1.8176,106.0,0.2359,0,0,0,0.0,0.0,0.0,144.0,89.0,-0.8982,-0.8098,-0.8317,-0.8982,0.8982,0.8098,0.9228,0.7066,0.0,-0.2994,-0.3773,-0.9371,90.0,0.0,0.0,0.0,120.0,120.0,120.0,120.0,4.0,0.0,-0.0,-8.0,2.9983,1.6894,0.0,0.0,0.9371,1.8575
422,75,2026-04-22 14:54:00+00:00,2026-04-22 14:57:00+00:00,servido,,7,0.1667,0.625,0.3333,-0.9376,0.9376,0.3833,0.8572,2.3,0.0,5.29,0.939,0.0,0.0485,0.0767,-0.0767,0.0118,0.0485,-0.0006,0.0028,0.0026,-0.0051,0.0,0.0029,2,2,0.1667,0.0,0.009761,0.038333,0.0,0.013247,1.4749,225.24,75.08,3.264,32.177,1.1684,0.8559,164902.0,5.29,0.0118,153.484,0.939,3.2e-05,0.8631,-0.0,1.0986,1.0,1.0,2.4063,0.004762,0.00662,0.6494,0.5167,-0.3,-1.0,1.113,170.0,0.0,34.5,-0.9487,-1.1,156.2,0.2074,0,0,1,0.0,0.0,0.0,170.0,101.0,-0.9376,-0.9694,-0.9595,-0.9192,0.9376,0.9694,0.9251,0.9129,0.0,-0.8208,-0.8337,-0.8165,60.0,0.0,0.0,0.0,60.0,60.0,60.0,60.0,0.0,0.0,-0.0,-0.0,3.2643,1.7633,1.0986,0.1042,0.9694,2.4063
429,347,2026-06-16 00:37:00+00:00,2026-06-16 00:48:00+00:00,ruido,,23,0.0455,0.3409,0.0909,-0.9074,0.9074,0.0121,0.0555,0.2667,0.0,0.0711,0.0569,0.0,0.0027,0.0089,-0.0089,0.0002,0.0027,0.0,0.0002,0.0003,-0.0006,0.0,0.0002,2,3,0.0455,0.0,0.000381,0.002222,0.0,0.000831,0.2632,661.048,60.095,82.631,28.741,1.0015,0.9985,314780.0,0.0711,0.0002,116.988,0.0569,0.0,0.5586,-0.0,0.1243,0.3274,1.0,1.7701,0.001449,0.004366,0.9053,0.6902,-0.0225,-0.0417,2.6179,118.0,0.0,0.0,-2.1947,2.8167,117.579,0.023,0,0,1,0.0,0.0,0.0,118.0,110.0,-0.9074,-0.9696,-0.9633,-0.9092,0.9074,0.9696,0.8698,0.987,0.0,-0.884,-0.9225,-0.762,90.0,0.0,0.0,0.0,90.0,90.0,90.0,90.0,0.0,0.0,4.8,0.0,82.631,0.0065,0.0407,0.0155,0.987,0.5795
430,50,2026-04-15 13:59:00+00:00,2026-04-15 14:08:00+00:00,ruido,,19,-0.1111,0.5293,0.2222,0.9331,-0.9331,-0.0093,0.0268,0.0,-0.1,0.0144,0.0283,0.0,0.0014,0.0033,-0.0033,0.0,0.0014,0.0,0.0001,0.0002,-0.0001,0.0,0.0001,4,5,0.0,0.1111,0.000277,0.001667,0.0,0.000441,0.1331,540.216,60.024,108.043,28.432,1.0004,0.9996,420974.0,0.0144,0.0,148.851,0.0283,0.0,1.087,0.3955,0.1974,0.3039,1.0,1.565,0.001754,0.004269,0.8189,0.7184,0.3549,-0.0992,2.2842,148.0,0.0,1.0,1.806,1.9234,148.647,0.0107,0,0,1,0.0,0.0,0.0,153.0,148.0,0.9331,0.9866,0.9802,0.9218,-0.9331,-0.9866,-0.9015,-0.996,0.0,0.8897,0.9222,0.7878,0.0,150.0,0.0,60.0,60.0,150.0,150.0,150.0,0.0,5.0,-3.0,-0.0,108.0432,0.0016,0.06,0.0588,0.996,0.4756
431,119,2026-04-30 20:56:00+00:00,2026-04-30 21:06:00+00:00,ruido,,21,-0.1,0.4455,0.15,0.9197,-0.9197,-0.015,0.0453,0.0,-0.1667,0.0456,0.0477,0.0002,0.0021,0.0056,-0.0056,0.0001,0.0021,-0.0,0.0001,0.0004,-0.0002,0.0,0.0001,3,4,0.0,0.1,0.000418,0.002207,0.0,0.000745,0.2312,600.679,60.068,66.742,28.604,1.001,0.999,406704.0,0.0456,0.0001,139.165,0.0477,0.0,0.857,0.2995,0.1526,0.365,1.0,1.4641,0.001587,0.0048,0.7919,0.6252,0.3209,-0.0667,2.5407,138.0,0.0,0.0,1.9861,2.722,138.588,0.0178,0,0,1,0.0,0.0,0.0,147.0,138.0,0.9197,0.9804,0.9766,0.9096,-0.9197,-0.9804,-0.8835,-0.9937,0.0,0.8904,0.9279,0.7581,0.0,120.0,30.0,30.0,120.0,120.0,120.0,120.0,0.0,9.0,-2.4,0.0,66.7421,0.0046,0.0557,0.0446,0.9937,0.5344
432,233,2026-06-02 06:49:00+00:00,2026-06-02 06:56:00+00:00,alimentacion,,15,0.0,0.3854,0.6429,0.1207,-0.1207,-0.019,0.1252,0.1333,-0.3333,0.2244,0.1266,-0.0,0.0066,0.0111,-0.0144,0.0006,0.0066,-0.0,0.0004,0.0009,-0.0007,0.0,0.0004,9,11,0.3571,0.3571,0.001612,0.003054,0.0,0.000973,0.6922,423.314,60.473,52.914,28.221,1.0077,0.9924,131140.0,0.2244,0.0006,93.502,0.1266,2e-06,2.8729,0.9554,21.4164,0.5357,0.6698,2.3441,0.002222,0.003584,0.9007,0.7422,0.2016,-0.1845,1.0985,93.0,5.0,6.5,-0.4155,-0.8275,93.385,0.0602,2,1,1,6.0,1.458,0.286,102.0,91.0,0.1207,-0.0885,-0.0493,0.1073,-0.1207,0.0885,-0.1789,0.2141,0.0,-0.5473,-0.511,0.408,180.0,360.0,300.0,300.0,360.0,60.0,60.0,360.0,10.0,8.0,4.0,0.0,52.9143,0.0321,11.4728,0.0,0.5473,1.2557
436,142,2026-05-04 02:38:00+00:00,2026-05-04 02:42:00+00:00,alimentacion,,9,0.0,0.383,0.625,0.4147,-0.4147,-0.0542,0.2166,0.2,-0.5667,0.3989,0.2233,0.0,0.0107,0.0133,-0.0222,0.0008,0.0107,-0.0,0.0006,0.0012,-0.0009,0.0,0.0006,5,5,0.25,0.25,0.003181,0.006414,0.000833,0.001851,0.7673,245.639,61.41,18.895,27.293,1.022,0.9785,231626.0,0.3989,0.0008,160.425,0.2233,2e-06,2.1972,0.6439,20.7233,1.0,0.7166,2.1133,0.003704,0.005076,0.915,0.6361,-0.447,-0.629,1.0528,161.0,6.0,14.0,-0.457,-1.351,160.571,0.0503,1,0,0,9.0,1.757,0.25,170.0,148.0,0.4147,0.2286,0.2726,0.4478,-0.4147,-0.2286,-0.4442,-0.1069,0.0,-0.3225,-0.2564,0.6489,150.0,210.0,0.0,180.0,180.0,210.0,210.0,210.0,9.0,13.0,-0.0,-0.0,18.8953,0.0997,20.7233,0.0,0.6489,2.1133
437,17,2026-04-10 12:05:00+00:00,2026-04-10 12:07:00+00:00,servido,,5,0.0,0.5786,0.75,-0.7958,0.7958,0.3,0.7681,1.6,-0.4,2.72,0.8246,-0.0,0.0499,0.0667,-0.0533,0.0075,0.0499,-0.0007,0.0033,0.0027,-0.004,0.0,0.0034,3,2,0.25,0.25,0.011606,0.026667,0.004761,0.007798,1.241,148.915,74.457,4.137,29.783,1.1886,0.8413,125261.0,2.72,0.0075,158.279,0.8246,2.2e-05,1.5219,0.6131,0.0,1.0,0.7591,1.8575,0.006667,0.008083,0.7875,0.2679,-0.7143,0.0,0.7462,145.0,12.0,36.0,0.2561,-1.7245,157.0,0.1279,0,0,0,0.0,0.0,0.0,181.0,133.0,-0.7958,-0.6788,-0.7097,-0.7958,0.7958,0.6788,0.8204,0.5735,0.0,-0.0937,-0.1967,-0.8584,90.0,60.0,0.0,0.0,90.0,90.0,90.0,90.0,0.0,12.0,-0.0,-0.0,4.1365,1.36,0.0,0.0,0.8584,1.8575
438,95,2026-04-26 03:01:00+00:00,2026-04-26 03:06:00+00:00,alimentacion,,11,-0.2,0.7806,0.7,0.9246,-0.9246,-0.0233,0.0844,0.1333,-0.1667,0.0767,0.0876,0.0,0.0054,0.01,-0.0089,0.0003,0.0054,0.0,0.0004,0.0006,-0.0006,0.0,0.0004,7,7,0.2,0.4,0.000857,0.001664,0.0,0.000435,0.2495,301.145,60.229,43.021,27.377,1.0035,0.9965,322096.0,0.0767,0.0003,171.118,0.0876,0.0,2.4817,0.85,20.7233,1.0,0.706,2.2015,0.00303,0.005745,0.7237,0.5966,0.2669,-0.5708,1.4958,171.0,3.0,5.0,0.1999,-1.3641,171.0,0.0179,1,0,0,4.0,0.5,0.2,175.0,167.0,0.9246,0.8555,0.8652,0.9018,-0.9246,-0.8555,-0.9412,-0.7515,0.0,0.5268,0.5568,0.9417,60.0,270.0,90.0,90.0,180.0,270.0,270.0,270.0,2.0,7.0,-0.0,-0.0,43.0207,0.0153,20.7233,0.1561,0.9417,2.2015
439,78,2026-04-23 01:25:00+00:00,2026-04-23 01:30:00+00:00,alimentacion,,11,-0.3,0.6106,0.4,0.7762,-0.7762,-0.03,0.1059,0.2,-0.2333,0.1211,0.1101,-0.0002,0.0059,0.0067,-0.0144,0.0003,0.0059,0.0,0.0004,0.0007,-0.0007,0.0,0.0004,4,6,0.1,0.4,0.001209,0.004165,0.0,0.001203,0.3823,301.799,60.36,33.533,27.436,1.0055,0.9945,215475.0,0.1211,0.0003,139.959,0.1101,1e-06,2.2999,0.7105,1.3863,1.0,0.7389,1.887,0.00303,0.005885,0.7018,0.528,0.1821,-0.1436,1.7581,139.0,3.0,3.0,0.1845,0.3033,139.778,0.0268,0,0,0,0.0,0.0,0.0,148.0,133.0,0.7762,0.6543,0.6771,0.7896,-0.7762,-0.6543,-0.8,-0.5308,0.0,0.2664,0.2662,0.8779,90.0,300.0,150.0,150.0,270.0,180.0,180.0,300.0,6.0,9.0,-0.0,-4.0,33.5332,0.0242,1.3863,0.1832,0.8779,1.887
440,127,2026-05-01 16:41:00+00:00,2026-05-01 16:46:00+00:00,alimentacion,,11,-0.1,0.5295,0.8,0.7193,-0.7193,-0.02,0.098,0.1667,-0.2,0.1,0.1,0.0,0.0062,0.01,-0.0122,0.0003,0.0062,0.0,0.0004,0.0006,-0.0007,0.0,0.0004,8,7,0.2,0.3,0.001059,0.003333,0.0,0.000908,0.2993,301.49,60.298,50.248,27.408,1.0048,0.9953,355048.0,0.1,0.0003,179.658,0.1,0.0,2.1867,0.7316,20.7233,1.0,0.6657,2.2015,0.00303,0.006619,0.588,0.3796,0.2277,-0.3529,1.736,181.0,1.0,3.0,-0.6635,-0.9897,179.778,0.0156,1,1,0,2.0,0.917,0.2,183.0,176.0,0.7193,0.5915,0.6182,0.7371,-0.7193,-0.5915,-0.745,-0.4768,0.0,0.1678,0.1976,0.8252,90.0,270.0,150.0,150.0,210.0,60.0,60.0,270.0,2.0,6.0,-0.0,-0.0,50.2483,0.02,20.7233,0.0529,0.8252,2.2015
441,239,2026-06-02 19:53:00+00:00,2026-06-02 20:06:00+00:00,ruido,,27,-0.0385,0.4516,0.2692,0.9225,-0.9225,-0.0154,0.0786,0.1667,-0.2333,0.1667,0.0801,0.0,0.0037,0.0122,-0.0078,0.0003,0.0037,0.0,0.0002,0.0006,-0.0006,0.0,0.0002,7,8,0.0769,0.1154,0.000713,0.0049,0.0,0.001246,0.5774,782.474,60.19,65.206,28.981,1.0031,0.997,230242.0,0.1667,0.0003,92.344,0.0801,1e-06,1.6582,0.397,0.1844,0.4191,0.8419,1.9372,0.001235,0.003107,0.9217,0.8247,0.4507,0.1205,2.1996,90.0,0.0,2.0,1.2941,0.0004,91.739,0.0515,1,1,1,5.0,0.929,0.077,101.0,88.0,0.9225,0.9705,0.9605,0.9076,-0.9225,-0.9705,-0.8935,-0.9833,0.0,0.8865,0.9112,0.7702,0.0,210.0,120.0,90.0,180.0,210.0,210.0,330.0,0.0,14.0,-1.6,-0.0,65.2062,0.0128,0.0773,0.0174,0.9833,0.8119
442,383,2026-06-20 11:56:00+00:00,2026-06-20 12:01:00+00:00,alimentacion,,11,-0.3,0.8476,0.8,0.9663,-0.9663,-0.03,0.0752,0.1333,-0.1333,0.0656,0.081,-0.0,0.0049,0.0078,-0.0089,0.0002,0.0049,0.0,0.0003,0.0004,-0.0006,0.0,0.0003,8,8,0.1,0.4,0.000781,0.001667,0.0,0.0005,0.2328,300.98,60.196,33.442,27.362,1.0028,0.9972,105760.0,0.0656,0.0002,98.054,0.081,1e-06,2.2313,0.8175,20.7233,1.0,0.7904,2.2015,0.00303,0.005998,0.8048,0.6259,0.0474,-0.079,1.7756,99.0,3.0,5.0,-0.1911,-1.2964,98.111,0.0331,1,1,0,4.0,0.5,0.2,100.0,96.0,0.9663,0.9218,0.9297,0.9729,-0.9663,-0.9218,-0.9619,-0.8466,0.0,0.622,0.6447,0.9496,0.0,270.0,180.0,90.0,150.0,270.0,270.0,270.0,0.0,9.0,-0.0,-0.0,33.4422,0.0131,20.7233,0.2543,0.9729,2.2015
443,114,2026-04-29 23:51:00+00:00,2026-04-29 23:54:00+00:00,alimentacion,,7,0.0,0.5391,0.6667,0.6015,-0.6015,-0.0278,0.1353,0.1,-0.3,0.1144,0.1381,-0.0007,0.0076,0.01,-0.0133,0.0003,0.0076,0.0,0.0005,0.0008,-0.0004,0.0,0.0005,4,4,0.3333,0.3333,0.001724,0.004105,0.0,0.001378,0.3454,181.687,60.562,36.337,25.955,1.009,0.9911,137306.0,0.1144,0.0003,140.054,0.1381,1e-06,2.2359,0.5888,0.0,1.0,0.6514,2.0053,0.004762,0.006144,0.8188,0.5063,-0.4953,-0.6604,0.8584,138.0,2.0,5.5,0.64,-1.0052,139.4,0.0278,1,0,0,6.0,0.667,0.333,147.0,136.0,0.6015,0.4575,0.475,0.6098,-0.6015,-0.4575,-0.6635,-0.2688,0.0,0.1079,0.076,0.7557,60.0,150.0,0.0,90.0,90.0,150.0,150.0,150.0,6.0,5.0,6.0,-0.0,36.3374,0.0381,0.0,0.0,0.7557,2.0053
444,313,2026-06-10 17:44:00+00:00,2026-06-10 17:47:00+00:00,servido,,7,0.3333,0.8099,0.3333,-0.9551,0.9551,0.3389,0.6087,1.6667,0.0,2.9122,0.6967,0.0,0.032,0.0556,-0.0433,0.0051,0.032,0.0,0.002,0.0019,-0.0033,0.0,0.002,2,3,0.3333,0.0,0.006355,0.016125,0.0,0.006006,1.3346,210.263,70.088,3.447,30.038,1.1063,0.9039,137839.0,2.9122,0.0051,140.326,0.6967,2.1e-05,1.4488,-0.0,20.7233,1.0,1.0,2.4063,0.004762,0.005748,0.882,0.7226,-0.5741,-1.0931,0.6181,154.0,11.0,61.0,-0.2454,-1.8907,138.4,0.2116,0,0,1,0.0,0.0,0.0,165.0,104.0,-0.9551,-0.9203,-0.923,-0.9604,0.9551,0.9203,0.9739,0.8138,0.0,-0.6536,-0.6608,-0.9356,120.0,0.0,0.0,90.0,90.0,90.0,90.0,120.0,0.0,0.0,-0.0,-0.0,3.4469,0.9707,20.7233,0.2699,0.9739,2.4063
445,230,2026-06-02 00:31:00+00:00,2026-06-02 00:42:00+00:00,ruido,,23,-0.0909,0.5773,0.1818,0.9391,-0.9391,-0.0091,0.0305,0.0,-0.1333,0.0222,0.0318,0.0,0.0015,0.0044,-0.0044,0.0,0.0015,0.0,0.0001,0.0003,-0.0001,0.0,0.0001,4,5,0.0,0.0909,0.000337,0.002222,0.0,0.00056,0.1995,660.332,60.03,110.055,28.71,1.0005,0.9995,198607.0,0.0222,0.0,92.925,0.0318,0.0,1.1492,0.3454,0.1603,0.3546,1.0,1.9668,0.002899,0.005433,0.7642,0.6383,0.1693,-0.0009,2.9148,93.0,0.0,0.0,1.3051,2.3516,92.684,0.0162,0,0,2,0.0,0.0,0.0,97.0,91.0,0.9391,0.9719,0.9769,0.9313,-0.9391,-0.9719,-0.9036,-0.9717,0.0,0.8022,0.8527,0.8296,0.0,540.0,0.0,60.0,60.0,540.0,540.0,540.0,0.0,6.0,-3.2,-0.0,110.0553,0.002,0.0568,0.0525,0.9769,0.6974
446,417,2026-06-26 02:50:00+00:00,2026-06-26 02:54:00+00:00,alimentacion,,9,-0.25,0.844,0.625,0.9579,-0.9579,-0.0375,0.0772,0.0667,-0.2,0.0589,0.0858,0.0,0.0043,0.0044,-0.0089,0.0001,0.0043,0.0,0.0003,0.0004,-0.0004,0.0,0.0003,5,5,0.125,0.375,0.00126,0.002759,0.000278,0.000762,0.2987,240.877,60.219,26.764,26.764,1.0029,0.9971,204735.0,0.0589,0.0001,150.826,0.0858,0.0,2.1972,0.7544,20.7233,1.0,0.8566,2.1133,0.003704,0.005489,0.8967,0.7184,-0.012,-0.7955,1.2673,149.0,3.0,6.0,0.3183,-1.2806,150.571,0.0252,0,0,0,0.0,0.0,0.0,157.0,146.0,0.9579,0.91,0.9149,0.9589,-0.9579,-0.91,-0.968,-0.8287,0.0,0.6285,0.6344,0.9264,60.0,210.0,90.0,90.0,120.0,210.0,210.0,210.0,2.0,9.0,-0.0,-0.0,26.7641,0.0147,20.7233,0.211,0.968,2.1133
447,419,2026-06-26 20:22:00+00:00,2026-06-26 20:28:00+00:00,alimentacion,,13,-0.25,0.463,0.6667,0.5781,-0.5781,-0.0333,0.2701,0.7,-0.5,0.8889,0.2722,-0.0002,0.015,0.0233,-0.04,0.0025,0.015,-0.0,0.0009,0.0016,-0.0021,0.0,0.0009,8,9,0.1667,0.4167,0.002832,0.012315,0.0,0.003259,1.0879,372.359,62.06,31.03,28.643,1.0338,0.9673,215962.0,0.8889,0.0025,128.889,0.2722,4e-06,2.3535,0.8366,21.4164,0.8178,0.7163,2.2772,0.002564,0.005154,0.7841,0.5529,0.2103,-0.1223,1.7416,128.0,3.0,10.0,1.4478,1.991,127.364,0.0653,1,0,0,21.0,0.6,0.167,152.0,119.0,0.5781,0.448,0.4648,0.5798,-0.5781,-0.448,-0.6311,-0.3031,0.0,0.1367,0.1298,0.7095,90.0,360.0,150.0,210.0,270.0,270.0,270.0,360.0,21.0,12.0,-0.0,-4.0,31.0299,0.1482,17.5143,0.1158,0.7095,1.8623
448,418,2026-06-26 09:41:00+00:00,2026-06-26 09:48:00+00:00,alimentacion,,15,-0.2857,0.9513,0.5714,0.987,-0.987,-0.0405,0.0681,0.0,-0.2,0.0878,0.0792,0.0,0.0039,0.0067,-0.0067,0.0002,0.0039,0.0,0.0002,0.0004,-0.0002,0.0,0.0002,8,11,0.0,0.2857,0.001087,0.001667,0.0,0.000476,0.464,421.307,60.187,24.783,28.087,1.0023,0.9977,287025.0,0.0878,0.0002,138.329,0.0792,0.0,2.2892,0.6099,1.7918,0.1232,1.0,2.0837,0.002222,0.004038,0.8506,0.8472,0.5296,0.0246,1.6695,138.0,6.0,11.0,-0.1612,-1.36,138.308,0.0433,0,0,0,0.0,0.0,0.0,146.0,129.0,0.987,0.9394,0.947,0.9832,-0.987,-0.9394,-0.9899,-0.8862,0.0,0.6413,0.6775,0.9664,0.0,390.0,90.0,180.0,300.0,210.0,210.0,390.0,0.0,17.0,-0.0,-3.0,24.7828,0.0125,0.2207,0.2718,0.9899,0.2567
449,420,2026-06-27 01:29:00+00:00,2026-06-27 01:36:00+00:00,alimentacion,,15,-0.0714,0.5309,0.6429,0.6051,-0.6051,-0.0167,0.1289,0.2667,-0.2,0.2367,0.13,-0.0,0.0072,0.0089,-0.0156,0.0007,0.0072,-0.0,0.0004,0.0006,-0.0008,0.0,0.0004,9,10,0.2143,0.2857,0.002029,0.004992,0.0,0.001503,0.7964,423.511,60.502,60.502,28.234,1.0082,0.9918,208616.0,0.2367,0.0007,117.931,0.13,1e-06,2.3899,0.851,1.3863,0.997,0.6388,2.3441,0.002222,0.005556,0.8103,0.4864,0.2899,0.2984,1.9085,118.0,3.0,6.0,0.4385,-0.1114,117.615,0.0331,2,2,0,6.0,1.0,0.286,127.0,115.0,0.6051,0.4771,0.4886,0.5901,-0.6051,-0.4771,-0.6454,-0.397,0.0,0.1298,0.1506,0.7237,60.0,390.0,120.0,240.0,240.0,30.0,30.0,390.0,8.0,7.0,8.0,-6.0,60.5016,0.0338,1.3821,0.0379,0.7237,2.3371
450,421,2026-06-27 06:25:00+00:00,2026-06-27 06:27:00+00:00,servido,,5,0.25,0.75,0.5,-0.9037,0.9037,0.4917,0.8516,1.9667,0.0,3.8678,0.9833,0.0,0.0535,0.0656,-0.0656,0.0086,0.0535,-0.0011,0.0033,0.0022,-0.0044,0.0,0.0035,2,2,0.25,0.0,0.01221,0.032778,0.0,0.01156,1.3398,156.189,78.095,2.647,31.238,1.168,0.8561,96114.0,3.8678,0.0086,138.646,0.9833,4e-05,0.971,-0.0,0.0,1.0,1.0,1.8575,0.006667,0.007515,0.8727,0.4583,-1.0,0.0,0.55,112.0,0.0,59.0,0.4082,-1.8333,131.667,0.2132,0,0,0,0.0,0.0,0.0,171.0,112.0,-0.9037,-0.8113,-0.8345,-0.9037,0.9037,0.8113,0.9263,0.7071,0.0,-0.2887,-0.3638,-0.9449,90.0,0.0,0.0,0.0,90.0,90.0,90.0,90.0,0.0,0.0,-0.0,-0.0,2.6473,1.9339,0.0,0.1875,0.9449,1.8575
451,423,2026-06-27 14:45:00+00:00,2026-06-27 14:53:00+00:00,alimentacion,,17,-0.125,0.8211,0.875,0.9251,-0.9251,-0.0229,0.0991,0.1667,-0.2667,0.1656,0.1017,-0.0,0.0057,0.0089,-0.0144,0.0005,0.0057,0.0,0.0003,0.0008,-0.0007,0.0,0.0003,14,11,0.1875,0.3125,0.001301,0.003598,0.000277,0.000932,0.6133,482.458,60.307,43.86,28.38,1.0049,0.9952,336129.0,0.1656,0.0005,140.614,0.1017,0.0,2.5425,0.6131,20.7233,0.6747,0.7322,2.164,0.001961,0.00379,0.8692,0.7844,0.6698,0.1891,1.497,140.0,5.0,8.0,0.2194,-1.3159,140.467,0.0347,1,2,0,3.0,0.9,0.125,148.0,135.0,0.9251,0.8525,0.8586,0.9073,-0.9251,-0.8525,-0.948,-0.7702,0.0,0.5535,0.5793,0.9502,60.0,450.0,120.0,210.0,300.0,240.0,240.0,450.0,3.0,11.0,3.0,-3.0,43.8598,0.0207,13.982,0.1026,0.9502,1.4601
452,422,2026-06-27 11:33:00+00:00,2026-06-27 11:41:00+00:00,alimentacion,,17,-0.25,0.7271,0.625,0.8741,-0.8741,-0.0271,0.1425,0.2667,-0.3333,0.3367,0.1451,-0.0002,0.0086,0.0122,-0.02,0.0011,0.0086,-0.0,0.0005,0.001,-0.0011,0.0,0.0005,10,12,0.125,0.375,0.001415,0.004165,0.0,0.001242,0.6972,484.958,60.62,37.304,28.527,1.01,0.9901,419487.0,0.3367,0.0011,157.085,0.1451,1e-06,2.5869,0.7899,1.5041,0.7877,0.7031,2.164,0.001961,0.005078,0.7587,0.5944,0.5242,0.0874,1.9882,158.0,5.0,8.0,0.1688,-0.7614,156.867,0.0329,0,1,0,0.0,0.0,0.0,168.0,155.0,0.8741,0.7837,0.7956,0.866,-0.8741,-0.7837,-0.8941,-0.695,0.0,0.4462,0.4731,0.9206,90.0,480.0,210.0,240.0,420.0,360.0,360.0,480.0,7.0,13.0,0.0,-3.0,37.3045,0.0421,1.1848,0.1818,0.9206,1.7046
453,88,2026-04-24 22:35:00+00:00,2026-04-24 22:42:00+00:00,alimentacion,,15,-0.2857,0.641,0.4286,0.6666,-0.6666,-0.031,0.1306,0.3,-0.2333,0.2522,0.1342,-0.0,0.0073,0.0167,-0.0178,0.0007,0.0073,-0.0,0.0005,0.0007,-0.0011,0.0,0.0005,6,8,0.1429,0.4286,0.001722,0.003605,0.0,0.000941,0.725,423.734,60.533,32.595,28.249,1.0084,0.9917,449174.0,0.2522,0.0007,173.046,0.1342,1e-06,2.4226,0.848,0.6931,0.6015,0.7114,2.3441,0.002222,0.003996,0.8849,0.7501,0.349,-0.0719,1.5107,175.0,4.0,10.5,-0.6138,-1.1026,173.308,0.0361,2,1,1,6.5,1.536,0.286,179.0,169.0,0.6666,0.4998,0.5291,0.6382,-0.6666,-0.4998,-0.7042,-0.3873,0.0,0.0336,0.0636,0.8417,60.0,390.0,300.0,240.0,360.0,360.0,360.0,390.0,4.0,13.0,4.0,-2.0,32.5949,0.036,0.4169,0.1831,0.8417,1.41
454,153,2026-05-05 23:37:00+00:00,2026-05-05 23:42:00+00:00,alimentacion,,11,-0.3,0.1037,0.5,-0.4076,0.4076,-0.03,0.1822,0.4333,-0.2667,0.3411,0.1847,-0.001,0.0072,0.0144,-0.0144,0.0005,0.0072,-0.0001,0.0004,0.0004,-0.001,0.0,0.0004,5,4,0.1,0.4,0.002696,0.007222,0.000501,0.001966,0.7739,304.965,60.993,33.885,27.724,1.0161,0.9842,116383.0,0.3411,0.0005,102.86,0.1847,3e-06,2.3685,0.7105,1.0986,1.0,0.7077,2.2015,0.00303,0.004536,0.9142,0.4996,-0.201,-0.388,1.1918,107.0,3.0,10.0,-0.7723,-0.5487,103.444,0.0661,1,0,0,13.0,3.188,0.2,110.0,88.0,-0.4076,-0.5889,-0.5518,-0.4016,0.4076,0.5889,0.3726,0.6968,0.0,-0.8749,-0.8928,-0.1762,60.0,300.0,270.0,270.0,300.0,30.0,30.0,300.0,13.0,9.0,-0.0,-16.0,33.885,0.0682,1.0986,0.0311,0.8928,2.2015
455,161,2026-05-25 12:17:00+00:00,2026-05-25 12:24:00+00:00,alimentacion,,15,-0.2143,0.878,0.7857,0.9445,-0.9445,-0.0357,0.1123,0.1667,-0.2333,0.1944,0.1179,-0.0,0.007,0.01,-0.0133,0.0006,0.007,-0.0,0.0005,0.0008,-0.0007,0.0,0.0005,11,11,0.2143,0.4286,0.000997,0.002778,0.0,0.000841,0.3821,422.893,60.413,28.193,28.193,1.0062,0.9938,304403.0,0.1944,0.0006,142.455,0.1179,1e-06,2.6892,0.8959,20.7233,0.6498,0.75,2.0837,0.002222,0.00431,0.8655,0.7691,0.4931,0.1442,1.6772,142.0,6.0,9.0,-0.0862,-1.0648,142.231,0.0414,1,1,0,2.0,0.5,0.143,148.0,142.0,0.9445,0.866,0.8762,0.9336,-0.9445,-0.866,-0.9583,-0.7972,0.0,0.5215,0.5577,0.967,60.0,390.0,90.0,240.0,330.0,240.0,240.0,390.0,5.0,15.0,5.0,-3.0,28.1929,0.0278,13.466,0.1882,0.967,1.354
456,155,2026-05-06 02:48:00+00:00,2026-05-06 02:55:00+00:00,alimentacion,,15,-0.2857,0.2304,0.5,-0.1607,0.1607,-0.0095,0.1183,0.3667,-0.1167,0.1971,0.1187,-0.0,0.0059,0.0122,-0.0152,0.0005,0.0059,0.0,0.0003,0.0006,-0.0009,0.0,0.0003,7,9,0.2143,0.5,0.001641,0.004049,0.0,0.001138,0.7216,422.89,60.413,105.723,28.193,1.0068,0.9932,136192.19,0.1971,0.0005,95.286,0.1187,1e-06,2.9736,0.851,20.7233,0.5864,0.7172,2.0837,0.002222,0.004031,0.8482,0.647,-0.0088,-0.1862,1.6487,94.5,2.0,5.25,0.4599,-0.7031,94.987,0.0453,2,1,0,7.0,1.482,0.286,104.0,93.0,-0.1607,-0.3474,-0.3151,-0.1594,0.1607,0.3474,0.096,0.4665,0.0,-0.6463,-0.6609,0.1203,90.0,390.0,0.0,360.0,360.0,390.0,390.0,390.0,11.0,4.0,-0.0,-2.0,105.7225,0.0282,12.1521,0.0658,0.6609,1.2219
457,168,2026-05-26 11:07:00+00:00,2026-05-26 11:14:00+00:00,alimentacion,,15,-0.2143,0.9085,0.6429,0.98,-0.98,-0.0357,0.085,0.1,-0.2667,0.1189,0.0922,-0.0,0.005,0.0089,-0.0122,0.0003,0.005,0.0,0.0003,0.0007,-0.0005,0.0,0.0003,9,10,0.0714,0.2857,0.001179,0.003024,0.0,0.000693,0.497,421.763,60.252,28.118,28.118,1.0036,0.9965,199028.0,0.1189,0.0003,115.189,0.0922,1e-06,2.2566,0.6099,1.6094,0.4075,0.8895,2.0837,0.002222,0.004322,0.8269,0.7926,0.5379,0.1241,1.7044,114.0,5.0,9.5,0.059,-1.3825,115.154,0.0461,0,1,0,0.0,0.0,0.0,122.0,119.0,0.98,0.9383,0.944,0.9871,-0.98,-0.9383,-0.984,-0.8859,0.0,0.6653,0.6925,0.9545,0.0,390.0,90.0,180.0,270.0,390.0,390.0,390.0,0.0,15.0,0.0,-4.0,28.1175,0.017,0.6558,0.1947,0.9871,0.8491
458,260,2026-06-04 17:43:00+00:00,2026-06-04 17:56:00+00:00,alimentacion,,27,-0.1154,0.1557,0.6538,0.5147,-0.5147,-0.0192,0.135,0.3667,-0.3,0.4833,0.1363,0.0,0.0073,0.0211,-0.0122,0.0013,0.0073,0.0,0.0004,0.001,-0.0011,0.0,0.0004,17,17,0.1538,0.2692,0.001814,0.005258,0.0,0.001214,1.3862,787.116,60.547,52.474,29.152,1.0089,0.9911,279587.0,0.4833,0.0013,101.76,0.1363,2e-06,2.9818,0.7361,1.204,0.4865,0.6967,2.1133,0.001235,0.003807,0.7941,0.6996,0.4885,-0.0221,2.4153,102.0,2.0,4.5,-0.5381,-0.2729,101.957,0.0574,3,2,1,8.0,2.298,0.231,110.0,93.0,0.5147,0.4168,0.455,0.5195,-0.5147,-0.4168,-0.493,-0.3719,0.0,-0.0231,0.078,0.6071,360.0,750.0,60.0,690.0,210.0,210.0,210.0,750.0,6.0,15.0,-1.8,-3.0,52.4744,0.0372,0.5857,0.018,0.6071,1.0281
459,336,2026-06-14 23:43:00+00:00,2026-06-14 23:51:00+00:00,alimentacion,,17,0.0,0.0669,0.5625,-0.2427,0.2427,-0.0167,0.1744,0.3667,-0.3333,0.4911,0.1752,-0.0007,0.0098,0.0167,-0.0222,0.0014,0.0098,-0.0,0.0006,0.0012,-0.0013,0.0,0.0006,9,10,0.3125,0.3125,0.002215,0.006166,0.0,0.00192,1.0373,487.212,60.902,60.902,28.66,1.0149,0.9853,103213.0,0.4911,0.0014,77.919,0.1752,5e-06,2.4863,0.8304,0.8473,1.0581,0.5989,2.164,0.001961,0.00835,0.4451,-0.0776,0.0468,-0.0923,2.77,78.0,2.0,3.0,-0.2788,1.014,78.0,0.0495,3,1,1,7.667,1.288,0.375,85.0,74.0,-0.2427,-0.3744,-0.3497,-0.2356,0.2427,0.3744,0.2186,0.4544,0.0,-0.5736,-0.6028,-0.0733,120.0,480.0,180.0,180.0,480.0,60.0,60.0,480.0,9.0,8.0,0.0,-7.0,60.9015,0.0614,0.8965,0.0,0.6028,2.2897
460,360,2026-06-17 07:50:00+00:00,2026-06-17 08:00:00+00:00,alimentacion,,21,-0.25,0.7289,0.8,0.6437,-0.6437,-0.02,0.1352,0.3667,-0.2,0.3733,0.1366,0.0,0.0071,0.0144,-0.0167,0.001,0.0071,-0.0,0.0004,0.0006,-0.001,0.0,0.0004,16,13,0.15,0.4,0.00204,0.006111,0.0,0.00166,1.1685,605.505,60.55,50.459,28.834,1.009,0.9911,195598.0,0.3733,0.001,96.51,0.1366,2e-06,3.0823,0.8935,21.8219,0.694,0.6693,2.3007,0.001587,0.003228,0.9017,0.7929,0.6463,0.2839,1.7073,97.0,6.0,9.0,0.1729,-0.8968,96.176,0.0683,3,2,0,7.0,0.931,0.3,109.0,94.0,0.6437,0.4867,0.4995,0.6473,-0.6437,-0.4867,-0.6969,-0.383,0.0,0.1191,0.1199,0.7988,60.0,570.0,300.0,420.0,480.0,210.0,210.0,570.0,11.0,12.0,6.4,-2.4,50.4588,0.0373,15.1444,0.1822,0.7988,1.5967
461,241,2026-06-02 23:09:00+00:00,2026-06-02 23:19:00+00:00,alimentacion,,21,-0.15,0.5085,0.45,0.1253,-0.1253,-0.0167,0.1344,0.3667,-0.2667,0.3667,0.1354,-0.0005,0.0064,0.0122,-0.0144,0.0008,0.0064,-0.0,0.0003,0.0006,-0.0009,0.0,0.0003,9,9,0.1,0.25,0.002155,0.006111,0.0,0.001776,1.2062,605.39,60.539,60.539,28.828,1.0088,0.9912,369437.0,0.3667,0.0008,132.636,0.1354,1e-06,2.0671,0.6903,0.2787,0.6966,0.6871,1.4641,0.001587,0.003864,0.874,0.6582,0.4356,0.2493,2.0878,129.0,2.0,8.0,0.2529,-0.7151,132.353,0.0411,2,1,1,8.5,1.363,0.2,142.0,135.0,0.1253,-0.0499,-0.0411,0.1101,-0.1253,0.0499,-0.2012,0.1487,0.0,-0.307,-0.3461,0.3478,60.0,600.0,300.0,300.0,600.0,600.0,600.0,600.0,11.0,10.0,7.6,-4.8,60.539,0.0367,0.1941,0.0763,0.3478,1.0199
462,358,2026-06-17 00:53:00+00:00,2026-06-17 01:03:00+00:00,alimentacion,,21,-0.1,0.626,0.65,0.6633,-0.6633,-0.0267,0.1685,0.3,-0.5667,0.5822,0.1706,0.0,0.0081,0.0189,-0.0189,0.0012,0.0081,-0.0,0.0005,0.0013,-0.0007,0.0,0.0005,13,15,0.15,0.25,0.002408,0.007222,0.0,0.001697,1.4252,608.341,60.834,38.021,28.969,1.0135,0.9866,299017.0,0.5822,0.0012,119.327,0.1706,2e-06,2.6433,0.6412,1.204,0.3272,0.7145,2.0916,0.001587,0.003188,0.9389,0.8247,0.3844,0.1147,1.8446,120.0,10.0,17.0,-0.1234,-1.5224,119.235,0.0742,2,1,1,9.5,2.201,0.2,130.0,109.0,0.6633,0.5333,0.5426,0.6443,-0.6633,-0.5333,-0.7099,-0.4395,0.0,0.2442,0.2156,0.7828,60.0,570.0,390.0,480.0,300.0,150.0,150.0,570.0,8.0,16.0,6.4,-2.4,38.0213,0.0582,0.3939,0.0626,0.7828,0.6844
463,323,2026-06-12 10:19:00+00:00,2026-06-12 10:26:00+00:00,alimentacion,,15,-0.0714,0.4946,0.7857,0.7173,-0.7173,-0.0214,0.1716,0.2667,-0.3333,0.4189,0.173,-0.0003,0.0106,0.0133,-0.02,0.0015,0.0106,-0.0,0.0007,0.001,-0.0011,0.0,0.0007,11,12,0.2857,0.3571,0.001783,0.004437,0.0,0.001663,0.7455,426.156,60.879,47.351,28.41,1.0144,0.9858,214890.0,0.4189,0.0015,119.691,0.173,2e-06,2.5736,0.8364,21.4164,0.9113,0.6096,2.3441,0.002222,0.006429,0.6255,0.3743,0.2027,-0.2784,1.844,120.0,4.0,7.0,0.3084,-0.5342,119.308,0.0391,1,2,0,2.0,0.5,0.143,124.0,114.0,0.7173,0.6105,0.6286,0.7078,-0.7173,-0.6105,-0.7517,-0.5206,0.0,0.2684,0.2962,0.8181,150.0,420.0,180.0,390.0,240.0,300.0,300.0,420.0,8.0,9.0,0.0,-1.0,47.3507,0.0598,19.5168,0.0353,0.8181,2.1362
464,424,2026-06-27 23:57:00+00:00,2026-06-28 00:04:00+00:00,alimentacion,,15,-0.1429,0.3843,0.7143,0.883,-0.883,-0.0262,0.1255,0.3,-0.2667,0.23,0.1282,-0.0007,0.0058,0.01,-0.01,0.0004,0.0059,-0.0,0.0003,0.0005,-0.0007,0.0,0.0003,10,9,0.1429,0.2857,0.002177,0.006763,0.000556,0.001754,0.9113,423.395,60.485,38.49,28.226,1.0077,0.9923,253515.0,0.23,0.0004,130.004,0.1282,1e-06,2.2892,0.5904,1.3863,0.676,0.7405,2.0837,0.002222,0.005608,0.6338,0.5489,0.2573,-0.1678,1.8827,131.0,4.0,6.0,0.1886,-1.2634,129.846,0.0329,1,1,0,8.0,0.972,0.143,133.0,124.0,0.883,0.918,0.9056,0.8802,-0.883,-0.918,-0.8732,-0.9107,0.0,0.8397,0.8474,0.7539,60.0,300.0,360.0,90.0,180.0,180.0,180.0,420.0,1.0,12.0,1.0,-8.0,38.4905,0.0329,0.9371,0.0549,0.918,1.4086
465,425,2026-06-28 03:37:00+00:00,2026-06-28 03:44:00+00:00,alimentacion,,15,-0.2143,0.7249,0.9286,0.9354,-0.9354,-0.0381,0.1537,0.2333,-0.3667,0.3511,0.1584,0.0,0.0097,0.0133,-0.02,0.0012,0.0097,0.0,0.0006,0.0011,-0.0011,0.0,0.0006,13,11,0.2143,0.4286,0.001511,0.003889,0.0,0.001149,0.5967,425.171,60.739,26.573,28.345,1.0116,0.9886,211001.0,0.3511,0.0012,118.603,0.1584,2e-06,2.8729,0.7885,0.0,0.8222,0.7114,2.0837,0.002222,0.005662,0.7446,0.577,0.2989,0.1679,2.1946,119.0,6.0,9.0,-0.1876,-1.1534,118.538,0.048,0,2,0,0.0,0.0,0.0,127.0,113.0,0.9354,0.8798,0.8938,0.943,-0.9354,-0.8798,-0.9365,-0.828,0.0,0.5333,0.5987,0.9374,210.0,390.0,60.0,240.0,300.0,330.0,330.0,390.0,2.0,16.0,-3.0,-7.0,26.5732,0.0502,0.0,0.1553,0.943,1.7132
466,427,2026-06-28 17:28:00+00:00,2026-06-28 17:29:00+00:00,ruido,,3,0.0,0.0,0.0,0.0,0.0,0.0,0.0,0.0,0.0,0.0,0.0,0.0,0.0,0.0,0.0,0.0,0.0,0.0,0.0,0.0,0.0,0.0,0.0,0,0,0.0,0.0,0.0,0.0,0.0,0.0,0.0,60.0,60.0,60000000.0,20.0,1.0,1.0,23763.0,0.0,0.0,89.0,0.0,0.0,-0.0,0.0,0.0,1.0,1.0,1.585,0.0,0.0,0.0,0.0,0.0,0.0,0.0,89.0,0.0,0.0,,,89.0,0.0,0,0,0,0.0,0.0,0.0,0.0,0.0,0.0,0.0,0.0,0.0,0.0,0.0,0.0,0.0,0.0,0.0,0.0,0.0,0.0,0.0,60.0,60.0,60.0,0.0,0.0,60.0,0.0,0.0,-0.0,-0.0,60.0,0.0,0.0,0.0,0.0,1.585
467,426,2026-06-28T13:02:00+00:00,2026-06-28T13:11:00+00:00,alimentacion,,19,-0.2222,0.8516,0.6667,0.9779,-0.9779,-0.0333,0.1042,0.2333,-0.2667,0.2156,0.1094,-0.0002,0.0062,0.0089,-0.0167,0.0006,0.0062,-0.0,0.0004,0.0009,-0.0008,0.0,0.0004,12,14,0.1111,0.3333,0.001121,0.004165,0.0,0.00116,0.5978,543.197,60.355,30.178,28.589,1.0054,0.9947,191796.0,0.2156,0.0006,100.472,0.1094,1e-06,2.4187,0.6112,0.9808,0.5698,0.8094,2.2358,0.001754,0.00466,0.8622,0.7391,0.4039,0.2073,2.2086,98.0,5.0,8.5,0.1862,-1.152,100.353,0.0557,0,1,1,0.0,0.0,0.0,109.0,98.0,0.9779,0.9621,0.9637,0.9831,-0.9779,-0.9621,-0.9666,-0.9298,0.0,0.7352,0.7648,0.9174,0.0,540.0,300.0,210.0,330.0,390.0,390.0,540.0,0.0,18.0,0.0,-1.0,30.1776,0.024,0.5589,0.1892,0.9831,1.274
468,428,2026-06-28T21:28:00+00:00,2026-06-28T21:29:00+00:00,servido,,3,0.5,0.75,0.5,-0.8944,0.8944,1.9667,1.9667,3.9333,0.0,15.4711,2.7813,0.1311,0.0,0.1311,0.1311,0.0172,0.1311,0.0,0.0,0.0,0.0,0.0,0.0,1,0,0.5,0.0,0.0,0.0,0.0,0.0,0.0,151.754,151.754,1.286,50.585,1.1464,0.8723,58691.0,15.4711,0.0172,139.87,2.7813,0.000264,0.9183,0.0,0.0,1.0,1.0,1.585,0.0,0.0,0.0,0.0,0.0,0.0,0.0,89.0,0.0,59.0,0.7071,-1.5,89.0,0.4334,0,0,0,0.0,0.0,0.0,0.0,0.0,-0.8944,-0.7742,-0.8165,-0.8944,0.8944,0.7742,0.8944,0.7071,0.0,0.0,0.0,-1.0,60.0,0.0,0.0,0.0,60.0,60.0,60.0,60.0,0.0,0.0,-0.0,236.0,1.2861,15.4711,0.0,0.375,1.0,1.585
469,429,2026-06-28T21:46:00+00:00,2026-06-28T21:50:00+00:00,alimentacion,,9,-0.25,0.8292,0.75,0.9471,-0.9471,-0.0333,0.0799,0.1,-0.1667,0.06,0.0866,-0.0,0.0053,0.0078,-0.0089,0.0002,0.0053,0.0,0.0004,0.0005,-0.0006,0.0,0.0004,6,6,0.125,0.375,0.00077,0.002778,0.0,0.000761,0.1663,240.896,60.224,30.112,26.766,1.0032,0.9968,373816.0,0.06,0.0002,203.802,0.0866,0.0,2.1972,0.5605,20.7233,1.0,0.797,2.1133,0.003704,0.006416,0.7531,0.5647,0.1136,-0.7573,1.5771,205.0,2.0,6.0,-0.4963,-1.3217,204.0,0.0153,0,0,0,0.0,0.0,0.0,207.0,199.0,0.9471,0.8793,0.8922,0.9407,-0.9471,-0.8793,-0.9539,-0.8006,0.0,0.5155,0.5488,0.9521,0.0,210.0,90.0,180.0,150.0,210.0,210.0,210.0,0.0,8.0,-0.0,-0.0,30.112,0.015,20.7233,0.2073,0.9539,2.1133
470,430,2026-06-28T22:08:00+00:00,2026-06-28T22:19:00+00:00,ruido,,23,0.0,0.0837,0.1364,0.0325,-0.0325,0.0,1.2965,4.3,-4.3,36.98,1.2965,0.0,0.0766,0.2867,-0.1433,0.1233,0.0766,0.0002,0.0047,0.0143,-0.0143,0.0004,0.0047,3,3,0.0455,0.0455,0.00779,0.071667,0.0,0.021018,4.3,864.885,78.626,864884880.656,37.604,1.3104,0.7631,876122.0,36.98,0.1233,195.172,1.2965,4.2e-05,0.258,0.2124,0.229,1.5543,0.819,1.5734,0.004348,0.008696,0.4545,-0.0496,-0.0068,-0.0126,3.4594,199.0,0.0,0.0,-4.4772,18.0455,199.0,0.136,0,1,1,0.0,0.0,0.0,199.0,70.0,0.0325,0.0684,0.0889,0.0,-0.0325,-0.0684,-0.0119,-0.0774,0.0,0.067,0.0965,0.0,0.0,60.0,660.0,660.0,660.0,0.0,0.0,90.0,0.0,129.0,-25.8,-0.0,864.885,3.3618,0.3559,0.0,0.0965,2.4455
471,431,2026-06-29T00:42:00+00:00,2026-06-29T00:47:00+00:00,ruido,,11,-0.1,0.45,0.2,0.9174,-0.9174,-0.0133,0.04,0.0,-0.1333,0.0178,0.0422,0.0,0.0021,0.0044,-0.0044,0.0,0.0021,0.0,0.0001,0.0003,-0.0001,0.0,0.0001,2,2,0.0,0.1,0.000504,0.002222,0.0,0.000727,0.1329,300.265,60.053,75.066,27.297,1.0008,0.9992,421427.0,0.0178,0.0,195.733,0.0422,0.0,0.684,0.3816,0.3365,1.0,1.0,1.887,0.00303,0.005945,0.7237,0.5278,-0.0833,-0.1852,1.8535,195.0,0.0,0.0,1.6499,0.7222,195.444,0.0079,0,0,1,0.0,0.0,0.0,199.0,195.0,0.9174,0.9739,0.9649,0.9167,-0.9174,-0.9739,-0.8866,-0.9864,0.0,0.8677,0.9007,0.7888,0.0,60.0,0.0,0.0,60.0,60.0,60.0,60.0,0.0,4.0,-0.0,-0.0,75.0662,0.0036,0.3365,0.045,0.9864,1.887
472,432,2026-06-29T07:56:00+00:00,2026-06-29T08:02:00+00:00,alimentacion,,13,-0.3333,0.9469,0.6667,0.9913,-0.9913,-0.0389,0.0591,0.0,-0.1667,0.06,0.0707,0.0,0.0035,0.0056,-0.0056,0.0001,0.0035,0.0,0.0002,0.0004,-0.0002,0.0,0.0002,8,9,0.0,0.3333,0.000958,0.001667,0.000278,0.0004,0.3319,360.896,60.149,25.778,27.761,1.0017,0.9983,448945.0,0.06,0.0001,185.834,0.0707,0.0,2.2578,0.6084,1.3863,0.1975,1.0,2.2772,0.002564,0.004463,0.8879,0.8195,0.4617,-0.0714,1.6042,187.0,5.0,9.0,0.1394,-1.4035,185.727,0.0264,0,0,0,0.0,0.0,0.0,193.0,179.0,0.9913,0.9649,0.9683,0.9855,-0.9913,-0.9649,-0.9906,-0.9121,0.0,0.7042,0.7391,0.947,0.0,330.0,60.0,120.0,210.0,270.0,270.0,330.0,0.0,14.0,-0.0,-0.0,25.7783,0.01,0.2738,0.3156,0.9913,0.4497
473,433,2026-06-29T12:53:00+00:00,2026-06-29T12:59:00+00:00,alimentacion,,13,-0.25,0.7344,0.5833,0.9047,-0.9047,-0.0417,0.1334,0.1667,-0.2667,0.2344,0.1398,-0.0002,0.0078,0.0122,-0.0144,0.0007,0.0078,0.0,0.0005,0.0008,-0.0009,0.0,0.0005,7,7,0.25,0.5,0.001525,0.003611,0.0,0.00129,0.5451,363.483,60.58,24.232,27.96,1.0088,0.9913,394325.0,0.2344,0.0007,174.163,0.1398,1e-06,2.5654,0.8632,20.7233,0.8322,0.7184,2.2772,0.002564,0.005507,0.7627,0.6143,0.283,0.0352,1.9538,174.0,5.0,8.0,-0.2589,-0.9287,174.182,0.0314,1,1,0,4.0,0.5,0.167,183.0,171.0,0.9047,0.8311,0.8416,0.9069,-0.9047,-0.8311,-0.9148,-0.7424,0.0,0.5303,0.5281,0.9288,90.0,360.0,240.0,180.0,270.0,330.0,330.0,360.0,4.0,15.0,-0.0,-4.0,24.2322,0.0391,17.2459,0.1836,0.9288,1.8951
474,434,2026-06-29T17:14:00+00:00,2026-06-29T17:19:00+00:00,alimentacion,,11,-0.2,0.4869,0.6,0.5491,-0.5491,-0.03,0.2387,0.4333,-0.4333,0.5789,0.2406,-0.0002,0.0147,0.02,-0.0267,0.002,0.0147,-0.0001,0.001,0.0016,-0.0014,0.0,0.001,6,6,0.2,0.4,0.00243,0.007222,0.000519,0.00211,0.677,308.366,61.673,34.263,28.033,1.0274,0.9733,290827.0,0.5789,0.002,162.6,0.2406,2e-06,2.2222,0.85,1.0986,1.0,0.6438,2.2015,0.00303,0.005829,0.7699,0.4885,-0.0184,-0.5285,1.2638,160.0,4.0,8.0,0.8998,-0.4052,161.667,0.0424,1,0,0,13.0,0.545,0.2,177.0,155.0,0.5491,0.4125,0.4268,0.5077,-0.5491,-0.4125,-0.6119,-0.239,0.0,0.102,0.0918,0.6794,60.0,300.0,150.0,150.0,180.0,300.0,300.0,300.0,13.0,9.0,-0.0,-4.0,34.2629,0.1158,1.0986,0.0974,0.6794,2.2015
475,435,2026-06-29T21:15:00+00:00,2026-06-29T21:21:00+00:00,alimentacion,,13,-0.25,0.7208,0.75,0.9395,-0.9395,-0.0333,0.0694,0.0667,-0.1667,0.0711,0.077,-0.0005,0.0035,0.0044,-0.0056,0.0001,0.0035,-0.0,0.0002,0.0003,-0.0003,0.0,0.0002,9,8,0.1667,0.4167,0.001312,0.002666,0.000555,0.000577,0.4468,361.062,60.177,30.089,27.774,1.0024,0.9976,296854.0,0.0711,0.0001,151.112,0.077,0.0,2.4116,0.8194,20.7233,0.8393,0.8339,2.2772,0.002564,0.006804,0.7604,0.5194,0.1265,0.041,2.2562,152.0,2.0,5.0,-0.9272,0.4189,151.455,0.0216,1,2,0,2.0,0.917,0.167,154.0,149.0,0.9395,0.8843,0.9015,0.9344,-0.9395,-0.8843,-0.9267,-0.8359,0.0,0.5169,0.5755,0.9354,0.0,360.0,60.0,240.0,300.0,210.0,210.0,360.0,0.0,12.0,-0.0,-10.0,30.0885,0.0118,17.3931,0.1802,0.9395,1.9113
476,436,2026-06-30T02:17:00+00:00,2026-06-30T02:28:00+00:00,alimentacion,,23,-0.2727,0.7858,0.7273,0.9233,-0.9233,-0.0273,0.1262,0.3,-0.2333,0.3667,0.1291,-0.0002,0.0074,0.0133,-0.0167,0.0011,0.0074,-0.0,0.0005,0.0008,-0.001,0.0,0.0005,16,19,0.1364,0.4091,0.00125,0.004444,0.0,0.001188,0.7956,665.43,60.494,36.968,28.932,1.0079,0.9922,434416.0,0.3667,0.0011,137.432,0.1291,1e-06,2.7571,0.9331,1.7047,0.8396,0.7282,2.1634,0.001449,0.004259,0.8571,0.7134,0.505,0.4592,2.3155,136.0,4.0,8.5,0.1275,-0.3238,137.316,0.0432,3,2,0,6.667,0.554,0.273,151.0,130.0,0.9233,0.8675,0.8678,0.9257,-0.9233,-0.8675,-0.9329,-0.8091,0.0,0.6176,0.6271,0.9218,60.0,660.0,540.0,360.0,510.0,480.0,480.0,660.0,8.0,18.0,2.2,-5.6,36.9683,0.0333,1.4313,0.2143,0.9329,1.8164
477,437,2026-06-30T09:26:00+00:00,2026-06-30T09:34:00+00:00,alimentacion,,17,-0.1875,0.7698,0.625,0.9516,-0.9516,-0.0354,0.1583,0.2667,-0.4,0.4211,0.1622,-0.0,0.0088,0.0111,-0.0211,0.0012,0.0088,-0.0,0.0005,0.0011,-0.001,0.0,0.0005,10,9,0.1875,0.375,0.002314,0.005773,0.0,0.001714,1.0804,486.179,60.772,28.599,28.599,1.0122,0.9879,239854.0,0.4211,0.0012,118.782,0.1622,2e-06,2.5425,0.9151,0.6931,0.8506,0.7206,2.164,0.001961,0.004521,0.8849,0.706,0.4995,0.1886,2.0485,115.0,5.0,7.0,0.733,-0.5313,118.133,0.0571,1,1,1,8.0,0.583,0.125,128.0,120.0,0.9516,0.9256,0.9241,0.955,-0.9516,-0.9256,-0.9537,-0.8757,0.0,0.7131,0.7266,0.9184,60.0,450.0,90.0,120.0,210.0,360.0,360.0,450.0,7.0,17.0,7.0,-5.0,28.5988,0.0526,0.5896,0.1443,0.955,1.8407
478,438,2026-06-30T14:50:00+00:00,2026-06-30T14:54:00+00:00,alimentacion,,9,-0.125,0.3646,0.625,0.5177,-0.5177,-0.0333,0.1404,0.1667,-0.2667,0.1667,0.1443,-0.0005,0.008,0.0067,-0.0133,0.0005,0.008,0.0,0.0005,0.0006,-0.0006,0.0,0.0005,5,6,0.25,0.375,0.001963,0.004139,0.000274,0.001348,0.4473,242.471,60.618,30.309,26.941,1.0097,0.9904,107266.0,0.1667,0.0005,109.172,0.1443,2e-06,2.4194,0.7127,20.7233,1.0,0.6509,2.1133,0.007407,0.007893,0.7359,0.1723,-0.0005,-0.3797,1.8011,109.0,1.0,1.0,-0.381,-0.2777,109.286,0.0333,0,1,0,0.0,0.0,0.0,115.0,109.0,0.5177,0.3781,0.4069,0.5334,-0.5177,-0.3781,-0.5227,-0.2647,0.0,-0.0134,-0.0404,0.6487,60.0,240.0,90.0,210.0,210.0,150.0,150.0,240.0,5.0,8.0,-0.0,-6.0,30.3089,0.0417,20.7233,0.0456,0.6487,2.1133
479,439,2026-06-30T15:05:00+00:00,2026-06-30T15:07:00+00:00,servido,,5,0.25,0.75,0.5,-0.9037,0.9037,0.3833,0.664,1.5333,0.0,2.3511,0.7667,0.0,0.0417,0.0511,-0.0511,0.0052,0.0417,-0.0009,0.0026,0.0017,-0.0034,0.0,0.0027,2,2,0.25,0.0,0.010221,0.025556,0.0,0.008667,1.1499,144.918,72.459,3.15,28.984,1.1276,0.8868,75020.0,2.3511,0.0052,122.491,0.7667,3.1e-05,0.971,-0.0,0.0,1.0,1.0,1.8575,0.006667,0.007515,0.8727,0.4583,-1.0,0.0,0.55,102.0,0.0,46.0,0.4082,-1.8333,117.333,0.1872,0,0,0,0.0,0.0,0.0,148.0,102.0,-0.9037,-0.8113,-0.8345,-0.9037,0.9037,0.8113,0.9263,0.7071,0.0,-0.2887,-0.3638,-0.9449,90.0,0.0,0.0,0.0,90.0,90.0,90.0,90.0,0.0,0.0,-0.0,-0.0,3.1504,1.1756,0.0,0.1875,0.9449,1.8575
480,440,2026-06-30T20:52:00+00:00,2026-06-30T20:59:00+00:00,alimentacion,,15,-0.2143,0.5995,0.7857,0.8579,-0.8579,-0.0405,0.2265,0.4333,-0.6,0.7411,0.2301,-0.0003,0.0134,0.02,-0.0344,0.0023,0.0134,-0.0,0.0008,0.0018,-0.0016,0.0,0.0008,11,11,0.2143,0.4286,0.002726,0.008522,0.0,0.002295,1.1686,430.549,61.507,25.326,28.703,1.0243,0.9763,304302.0,0.7411,0.0023,142.432,0.2301,2e-06,3.0062,0.9105,20.7233,0.953,0.674,2.3441,0.002222,0.006397,0.7695,0.4431,0.0734,0.2746,2.1123,143.0,5.0,8.0,0.3571,-0.4415,142.0,0.0482,1,2,0,6.0,0.75,0.143,143.0,137.0,0.8579,0.7865,0.799,0.8322,-0.8579,-0.7865,-0.8654,-0.7294,0.0,0.4638,0.495,0.8831,180.0,420.0,90.0,210.0,360.0,360.0,360.0,420.0,9.0,17.0,4.0,-3.0,25.3264,0.1059,19.7493,0.1285,0.8831,2.2339
481,441,2026-07-01T09:29:00+00:00,2026-07-01T09:40:00+00:00,ruido,,23,0.0,0.1578,0.1364,0.5808,-0.5808,-0.0015,0.0555,0.1667,-0.2,0.0678,0.0555,-0.0,0.0033,0.0067,-0.0122,0.0002,0.0033,-0.0,0.0002,0.0006,-0.0006,0.0,0.0002,3,3,0.0455,0.0455,0.00035,0.003054,0.0,0.000864,0.1998,661.008,60.092,661.008,28.739,1.0015,0.9985,255293.0,0.0678,0.0002,105.355,0.0555,0.0,0.6784,0.2124,0.1178,1.2891,0.7991,1.5734,0.001449,0.007625,0.5712,0.1319,-0.0119,-0.0219,3.3868,105.0,0.0,0.0,4.137,15.9389,105.053,0.0117,0,0,1,0.0,0.0,0.0,111.0,105.0,0.5808,0.5954,0.5759,0.6061,-0.5808,-0.5954,-0.571,-0.6003,0.0,0.5394,0.5431,0.508,60.0,90.0,0.0,0.0,90.0,90.0,90.0,90.0,5.0,1.0,0.4,-0.0,661.008,0.0062,0.1519,0.0,0.6061,2.0283
482,442,2026-07-01T10:12:00+00:00,2026-07-01T10:30:00+00:00,alimentacion,,37,-0.1111,0.7382,0.3333,0.9521,-0.9521,-0.0139,0.0873,0.2333,-0.2667,0.2811,0.0884,0.0,0.0042,0.0089,-0.01,0.0006,0.0042,0.0,0.0002,0.0005,-0.0006,0.0,0.0002,12,11,0.1111,0.2222,0.00107,0.004714,0.0,0.001294,1.1881,1084.176,60.232,72.278,29.302,1.0038,0.9962,338825.0,0.2811,0.0006,95.694,0.0884,1e-06,2.2175,0.6491,0.1308,0.5742,0.7469,1.408,0.000901,0.001929,0.9488,0.924,0.8151,0.5959,1.7398,90.0,0.0,11.0,0.9967,-0.3185,94.419,0.0742,3,2,1,5.333,0.802,0.167,112.0,93.0,0.9521,0.9476,0.9378,0.9461,-0.9521,-0.9476,-0.9525,-0.9257,0.0,0.8067,0.8164,0.8778,90.0,510.0,270.0,450.0,480.0,180.0,180.0,510.0,7.0,15.0,0.571,0.0,72.2784,0.0156,0.0751,0.082,0.9525,0.8085
483,443,2026-07-01T13:14:00+00:00,2026-07-01T13:29:00+00:00,alimentacion,,31,-0.0333,0.5274,0.3333,0.9223,-0.9223,-0.0078,0.1028,0.2333,-0.2667,0.3189,0.1031,0.0,0.0065,0.0144,-0.0156,0.0012,0.0065,0.0,0.0004,0.001,-0.0009,0.0,0.0004,10,10,0.1333,0.1667,0.000517,0.0025,0.0,0.000837,0.4646,904.722,60.315,129.246,29.185,1.0052,0.9948,224307.0,0.3189,0.0012,85.063,0.1031,1e-06,1.507,0.6058,0.1112,0.9714,0.6433,1.4383,0.001075,0.004825,0.7693,0.5416,0.3768,0.3484,2.5682,83.0,0.0,4.0,1.3088,0.2422,84.4,0.0385,2,2,1,7.0,1.469,0.133,91.0,84.0,0.9223,0.9386,0.9311,0.9213,-0.9223,-0.9386,-0.9122,-0.9219,0.0,0.8253,0.8376,0.8247,90.0,300.0,60.0,120.0,180.0,180.0,180.0,300.0,4.0,7.0,-0.343,0.0,129.246,0.0213,0.108,0.0176,0.9386,1.3972
484,444,2026-07-01T14:42:00+00:00,2026-07-01T14:55:00+00:00,ruido,,27,-0.0385,0.2493,0.3846,-0.1541,0.1541,0.0,0.1169,0.4,-0.2667,0.3556,0.1169,-0.0,0.0072,0.0222,-0.0222,0.0013,0.0072,-0.0,0.0005,0.0011,-0.0015,0.0,0.0005,10,11,0.1154,0.1538,0.000797,0.003889,0.0,0.00118,0.5959,785.202,60.4,785201582.98,29.082,1.0067,0.9934,192219.0,0.3556,0.0013,84.375,0.1169,2e-06,1.6227,0.5858,0.3067,0.9395,0.7039,1.585,0.001235,0.007164,0.5614,0.1635,0.1797,0.071,3.0194,83.0,0.0,2.0,1.75,2.3438,83.957,0.0316,3,0,1,6.0,0.819,0.231,93.0,81.0,-0.1541,-0.2647,-0.275,-0.1361,0.1541,0.2647,0.0878,0.319,0.0,-0.3166,-0.3783,-0.0031,180.0,150.0,780.0,780.0,780.0,0.0,0.0,330.0,10.0,2.0,3.6,-0.0,785.202,0.0274,0.2881,0.0096,0.3783,1.4891
485,445,2026-07-01T18:27:00+00:00,2026-07-01T18:38:00+00:00,servido,,23,0.0455,0.3409,0.0909,-0.9074,0.9074,0.0894,0.4097,1.9667,0.0,3.8678,0.4193,0.0,0.0202,0.0656,-0.0656,0.0086,0.0202,0.0,0.0012,0.0022,-0.0044,0.0,0.0012,2,3,0.0455,0.0,0.001942,0.016389,0.0,0.00476,1.3398,696.189,63.29,11.8,30.269,1.0506,0.9518,423947.0,3.8678,0.0086,135.766,0.4193,9e-06,0.5586,-0.0,0.1243,0.3274,1.0,1.7701,0.001449,0.004366,0.9053,0.6902,-0.0225,-0.0417,2.6179,142.0,0.0,0.0,-2.1947,2.8167,138.895,0.1479,0,0,1,0.0,0.0,0.0,142.0,83.0,-0.9074,-0.9696,-0.9633,-0.9092,0.9074,0.9696,0.8698,0.987,0.0,-0.884,-0.9225,-0.762,90.0,0.0,0.0,0.0,90.0,90.0,90.0,90.0,0.0,0.0,35.4,0.0,11.7998,0.3516,0.0407,0.0155,0.987,0.5795
486,446,2026-07-01T21:20:00+00:00,2026-07-01T21:26:00+00:00,ruido,,13,-0.0833,0.5357,0.1667,0.9303,-0.9303,-0.0139,0.0461,0.0,-0.1667,0.0278,0.0481,0.0,0.0024,0.0056,-0.0056,0.0001,0.0024,0.0,0.0001,0.0004,-0.0002,0.0,0.0001,2,3,0.0,0.0833,0.000425,0.001389,0.0,0.000638,0.1658,360.414,60.069,72.083,27.724,1.0011,0.9989,248182.0,0.0278,0.0001,138.17,0.0481,0.0,0.7793,0.335,0.3228,0.3421,1.0,1.7079,0.002564,0.004841,0.9188,0.6972,-0.09,-0.1875,1.735,137.0,0.0,0.0,1.278,-0.3667,137.909,0.0152,0,0,1,0.0,0.0,0.0,142.0,137.0,0.9303,0.9716,0.9608,0.919,-0.9303,-0.9716,-0.9076,-0.9733,0.0,0.8636,0.8854,0.7971,0.0,90.0,0.0,0.0,90.0,90.0,90.0,90.0,0.0,5.0,-0.0,-0.0,72.0828,0.0046,0.1104,0.0446,0.9733,0.5843
487,447,2026-07-02T07:04:00+00:00,2026-07-02T07:18:00+00:00,alimentacion,,29,-0.0714,0.5412,0.25,0.9167,-0.9167,-0.0107,0.1008,0.3333,-0.3667,0.2878,0.1014,-0.0,0.0058,0.0122,-0.0233,0.0009,0.0058,-0.0,0.0004,0.0012,-0.0011,0.0,0.0004,7,8,0.0714,0.1429,0.000592,0.005831,0.0,0.001272,0.5147,844.207,60.301,93.801,29.111,1.005,0.9951,495663.0,0.2878,0.0009,130.736,0.1014,1e-06,1.477,0.4647,0.1243,0.7087,0.7382,1.5076,0.001149,0.003194,0.874,0.7759,0.614,0.2784,2.2267,128.0,0.0,5.0,1.8415,3.1649,129.96,0.0351,0,0,1,0.0,0.0,0.0,147.0,128.0,0.9167,0.9353,0.9218,0.9149,-0.9167,-0.9353,-0.9051,-0.9265,0.0,0.8334,0.8421,0.816,90.0,270.0,210.0,180.0,240.0,150.0,150.0,270.0,10.0,9.0,1.6,-0.0,93.8008,0.0206,0.0881,0.0386,0.9353,1.0684
488,448,2026-07-02T10:29:00+00:00,2026-07-02T10:43:00+00:00,alimentacion,,29,-0.0714,0.5953,0.3214,0.9432,-0.9432,-0.019,0.1006,0.2,-0.2667,0.2933,0.1024,0.0002,0.0064,0.0133,-0.0156,0.0011,0.0064,-0.0,0.0004,0.001,-0.0009,0.0,0.0004,9,9,0.1071,0.1786,0.00038,0.002164,0.0,0.000631,0.298,844.347,60.31,52.772,29.115,1.005,0.995,384020.0,0.2933,0.0011,115.074,0.1024,1e-06,1.7394,0.5348,0.1178,0.776,0.769,1.5076,0.001149,0.003825,0.8503,0.7195,0.5373,0.2881,2.2963,112.0,0.0,6.0,1.391,0.4113,114.24,0.0435,0,1,1,0.0,0.0,0.0,128.0,120.0,0.9432,0.988,0.9826,0.9301,-0.9432,-0.988,-0.9158,-0.9903,0.0,0.8908,0.9186,0.8136,0.0,270.0,30.0,90.0,150.0,90.0,90.0,270.0,0.0,16.0,-1.6,-0.0,52.7717,0.0209,0.0914,0.0425,0.9903,1.1699
489,449,2026-07-02T14:34:00+00:00,2026-07-02T14:51:00+00:00,alimentacion,,35,-0.0882,0.5613,0.2941,0.941,-0.941,-0.0127,0.0932,0.2333,-0.3667,0.3011,0.0941,-0.0,0.0052,0.0122,-0.0189,0.0009,0.0052,-0.0,0.0003,0.001,-0.0009,0.0,0.0003,10,11,0.0588,0.1471,0.000881,0.004673,0.0,0.001241,0.8746,1024.429,60.261,78.802,29.269,1.0043,0.9958,363266.0,0.3011,0.0009,101.878,0.0941,1e-06,1.7688,0.5119,0.1278,0.6233,0.7763,1.4655,0.000952,0.00335,0.8836,0.7685,0.4887,0.2944,2.7682,99.0,0.0,4.0,1.8268,2.826,100.828,0.0457,1,1,1,6.0,0.964,0.059,105.0,98.0,0.941,0.9814,0.9743,0.9328,-0.941,-0.9814,-0.9151,-0.9824,0.0,0.877,0.9069,0.8168,60.0,330.0,90.0,360.0,210.0,420.0,420.0,420.0,6.0,14.0,-3.214,-0.0,78.8022,0.0177,0.0797,0.0495,0.9824,0.9134
490,450,2026-07-02T22:04:00+00:00,2026-07-02T22:21:00+00:00,alimentacion,,35,-0.0294,0.7199,0.3824,0.9292,-0.9292,-0.0147,0.1449,0.2667,-0.5333,0.7211,0.1456,-0.0,0.0082,0.0211,-0.0244,0.0022,0.0082,-0.0,0.0005,0.0015,-0.0011,0.0,0.0005,13,18,0.1765,0.2059,0.001473,0.006665,0.0,0.001755,1.4884,1030.467,60.616,68.698,29.442,1.0102,0.9899,299715.0,0.7211,0.0022,92.538,0.1456,2e-06,2.2559,0.6591,0.162,0.8296,0.6783,1.9052,0.000952,0.002483,0.9187,0.8493,0.7265,0.5976,1.9623,87.0,1.0,13.0,0.909,-0.7242,91.207,0.0857,4,1,1,7.5,1.038,0.235,108.0,93.0,0.9292,0.9093,0.8993,0.929,-0.9292,-0.9093,-0.9381,-0.8734,0.0,0.7525,0.7594,0.8828,60.0,540.0,240.0,270.0,450.0,270.0,270.0,540.0,7.0,15.0,1.0,-0.0,68.6978,0.0424,0.1344,0.0212,0.9381,1.5806
491,451,2026-07-03T01:43:00+00:00,2026-07-03T01:55:00+00:00,ruido,,25,0.0,0.2513,0.1667,0.6382,-0.6382,-0.0028,0.068,0.2,-0.2667,0.1111,0.068,0.0,0.0033,0.0089,-0.0089,0.0002,0.0033,-0.0,0.0002,0.0006,-0.0004,0.0,0.0002,4,3,0.0417,0.0417,0.000679,0.003831,0.0,0.001279,0.4594,721.642,60.137,360.821,28.866,1.0023,0.9977,179896.0,0.1111,0.0002,84.828,0.068,1e-06,0.7943,0.1985,0.1112,0.8233,0.7916,1.486,0.001333,0.004586,0.8627,0.5986,0.0727,-0.0333,2.9479,84.0,0.0,0.0,2.8116,6.3533,84.19,0.0258,1,0,1,6.0,0.938,0.083,92.0,84.0,0.6382,0.643,0.6199,0.6719,-0.6382,-0.643,-0.6343,-0.6468,0.0,0.5793,0.5747,0.563,60.0,120.0,0.0,0.0,120.0,120.0,120.0,120.0,6.0,2.0,0.4,-0.0,360.821,0.0093,0.0916,0.0,0.6719,1.2234
492,452,2026-07-03T02:52:00+00:00,2026-07-03T03:04:00+00:00,servido,,25,0.0833,0.3943,0.0833,-0.9161,0.9161,0.1472,0.4891,1.8667,0.0,6.2622,0.5108,0.0,0.0174,0.0556,-0.0622,0.007,0.0174,0.0,0.0008,0.0021,-0.0023,0.0,0.0008,2,3,0.0833,0.0,0.00218,0.015556,0.0,0.005007,1.6349,781.839,65.153,7.376,31.274,1.0743,0.9308,797224.0,6.2622,0.007,178.575,0.5108,8e-06,0.7641,-0.0,0.1171,0.1741,1.0,1.8575,0.001333,0.003502,0.9505,0.8059,0.161,-0.0448,2.4307,190.0,0.0,0.0,-2.0479,2.3757,182.286,0.202,0,0,1,0.0,0.0,0.0,190.0,84.0,-0.9161,-0.976,-0.9688,-0.9108,0.9161,0.976,0.8795,0.9911,0.0,-0.8901,-0.9268,-0.7633,120.0,0.0,90.0,90.0,120.0,120.0,120.0,120.0,0.0,0.0,52.4,-0.0,7.3758,0.5219,0.0204,0.0328,0.9911,0.3234
493,453,2026-07-03T10:34:00+00:00,2026-07-03T10:51:00+00:00,alimentacion,,35,-0.1176,0.7362,0.3529,0.964,-0.964,-0.0206,0.0723,0.1333,-0.2333,0.1922,0.0752,-0.0,0.0043,0.0089,-0.0122,0.0006,0.0043,0.0,0.0003,0.0007,-0.0007,0.0,0.0003,12,14,0.0588,0.1765,0.000434,0.001944,0.0,0.000645,0.4309,1022.857,60.168,48.707,29.224,1.0026,0.9974,1063229.0,0.1922,0.0006,174.293,0.0752,0.0,1.9365,0.5711,0.1229,0.363,0.8744,1.319,0.000952,0.002276,0.933,0.9025,0.7672,0.5844,1.9805,169.0,0.0,8.5,1.0381,-0.4641,173.138,0.0415,0,2,1,0.0,0.0,0.0,190.0,173.0,0.964,0.9935,0.9869,0.9554,-0.964,-0.9935,-0.9452,-0.9857,0.0,0.8807,0.9032,0.8523,0.0,420.0,150.0,210.0,360.0,300.0,300.0,420.0,0.0,21.0,-2.5,-0.0,48.7075,0.0113,0.0446,0.0866,0.9935,0.4788
494,454,2026-07-03T14:18:00+00:00,2026-07-03T14:32:00+00:00,alimentacion,,29,-0.1429,0.5709,0.2857,0.9414,-0.9414,-0.0143,0.1044,0.3667,-0.3667,0.3111,0.1054,0.0,0.0062,0.0156,-0.0244,0.001,0.0062,0.0,0.0004,0.0012,-0.0013,0.0,0.0004,8,10,0.0357,0.1786,0.000638,0.005278,0.0,0.001167,0.5301,844.538,60.324,70.378,29.122,1.0053,0.9947,740123.0,0.3111,0.001,159.754,0.1054,0.0,1.6611,0.6278,0.1325,0.7025,0.7638,1.5076,0.001149,0.003692,0.8321,0.7131,0.649,0.2993,2.3894,157.0,0.0,6.0,1.6739,1.8321,158.96,0.0285,1,1,1,11.0,0.5,0.071,174.0,163.0,0.9414,0.9771,0.9693,0.925,-0.9414,-0.9771,-0.9195,-0.975,0.0,0.8762,0.8978,0.8221,120.0,300.0,60.0,90.0,240.0,240.0,240.0,300.0,5.0,12.0,0.8,-0.0,70.3782,0.0222,0.0931,0.0816,0.9771,1.0591
495,455,2026-07-03T21:34:00+00:00,2026-07-03T21:46:00+00:00,alimentacion,,25,-0.0833,0.3629,0.1667,0.9062,-0.9062,-0.0139,0.1182,0.3667,-0.4,0.34,0.119,0.0002,0.0063,0.0122,-0.0256,0.0009,0.0063,-0.0,0.0004,0.0011,-0.0013,0.0,0.0004,4,3,0.0417,0.125,0.000921,0.007775,0.0,0.001968,0.6583,724.943,60.412,72.494,28.998,1.0068,0.9933,553647.0,0.34,0.0009,148.815,0.119,1e-06,1.1063,0.3588,0.1178,0.8424,0.7346,1.486,0.001333,0.004824,0.7519,0.5611,0.4227,-0.0474,2.8117,147.0,0.0,0.0,2.5287,5.9117,147.81,0.0272,0,1,1,0.0,0.0,0.0,164.0,153.0,0.9062,0.9541,0.9466,0.9052,-0.9062,-0.9541,-0.877,-0.9647,0.0,0.8659,0.8936,0.7662,90.0,150.0,30.0,120.0,120.0,150.0,150.0,150.0,7.0,10.0,0.2,-0.0,72.4943,0.0283,0.0992,0.0302,0.9647,1.2518
496,456,2026-07-04T01:12:00+00:00,2026-07-04T01:23:00+00:00,ruido,,23,-0.0455,0.2386,0.0909,0.8927,-0.8927,-0.0106,0.0486,0.0,-0.2333,0.0544,0.0497,0.0,0.0024,0.0078,-0.0078,0.0001,0.0024,0.0,0.0001,0.0005,-0.0003,0.0,0.0001,2,2,0.0,0.0455,0.000419,0.003889,0.0,0.000981,0.231,660.806,60.073,94.401,28.731,1.0012,0.9988,461309.0,0.0544,0.0001,141.622,0.0497,0.0,0.4262,0.2124,0.1112,0.6381,1.0,1.5734,0.001449,0.005405,0.7775,0.5184,-0.0143,-0.0265,3.0029,141.0,0.0,0.0,2.9318,6.5952,141.0,0.0139,0,0,1,0.0,0.0,0.0,148.0,141.0,0.8927,0.9612,0.9595,0.8872,-0.8927,-0.9612,-0.8514,-0.9801,0.0,0.8773,0.9214,0.7436,0.0,60.0,0.0,0.0,60.0,60.0,60.0,60.0,0.0,7.0,-5.6,0.0,94.4009,0.0049,0.071,0.0109,0.9801,1.004
497,457,2026-07-04T03:21:00+00:00,2026-07-04T03:36:00+00:00,alimentacion,,31,-0.0667,0.5833,0.3333,0.9388,-0.9388,-0.0133,0.0949,0.1667,-0.4,0.2756,0.0958,0.0,0.0053,0.0133,-0.0178,0.0008,0.0053,-0.0,0.0003,0.001,-0.0009,0.0,0.0003,10,9,0.1,0.1667,0.000763,0.003611,0.0,0.001133,0.6762,904.035,60.269,75.336,29.162,1.0044,0.9956,542040.0,0.2756,0.0008,132.231,0.0958,1e-06,1.7301,0.6095,0.1243,0.5879,0.7487,1.4383,0.001075,0.002937,0.9174,0.8262,0.5437,0.3189,2.3048,129.0,0.0,4.0,1.528,0.9082,131.04,0.0394,1,1,1,5.0,0.5,0.067,137.0,132.0,0.9388,0.9672,0.956,0.9321,-0.9388,-0.9672,-0.9207,-0.9632,0.0,0.8631,0.8811,0.8215,120.0,330.0,270.0,150.0,210.0,330.0,330.0,330.0,5.0,12.0,-1.314,-0.0,75.3362,0.0184,0.0731,0.0389,0.9672,0.8456
498,458,2026-07-04T12:08:00+00:00,2026-07-04T12:25:00+00:00,alimentacion,,35,-0.1176,0.7345,0.3235,0.9612,-0.9612,-0.0167,0.0991,0.2667,-0.2667,0.3433,0.1005,-0.0,0.0057,0.0156,-0.0178,0.0011,0.0057,0.0,0.0003,0.0008,-0.0009,0.0,0.0003,11,13,0.0882,0.2059,0.000743,0.005,0.0,0.001158,0.7805,1025.084,60.299,60.299,29.288,1.0048,0.9952,467704.0,0.3433,0.0011,115.598,0.1005,1e-06,1.8276,0.6883,0.1459,0.6482,0.7639,1.319,0.000952,0.0022,0.9245,0.8967,0.8161,0.5708,1.8387,110.0,0.0,9.5,1.0408,-0.2013,114.448,0.0627,2,1,1,7.5,0.656,0.118,135.0,110.0,0.9612,0.9712,0.962,0.9555,-0.9612,-0.9712,-0.9533,-0.9543,0.0,0.8423,0.8571,0.8722,90.0,390.0,210.0,270.0,450.0,240.0,240.0,480.0,8.0,17.0,-0.286,-0.0,60.2991,0.0202,0.0946,0.0864,0.9712,0.855
499,459,2026-07-04T14:54:00+00:00,2026-07-04T15:09:00+00:00,alimentacion,,31,-0.1333,0.7146,0.3333,0.9618,-0.9618,-0.0144,0.0787,0.2333,-0.2,0.1922,0.08,0.0,0.0045,0.0111,-0.0144,0.0006,0.0045,0.0,0.0003,0.0005,-0.0009,0.0,0.0003,10,13,0.0667,0.2,0.000616,0.004443,0.0,0.001013,0.5476,902.858,60.191,69.451,29.124,1.0031,0.9969,313729.0,0.1922,0.0006,100.6,0.08,1e-06,2.1722,0.6812,0.1696,0.6238,0.7762,1.4383,0.001075,0.002807,0.8843,0.836,0.7559,0.4527,2.0969,97.0,0.0,6.0,1.2617,0.471,99.6,0.048,2,0,1,5.5,0.563,0.133,114.0,97.0,0.9618,0.9856,0.9787,0.9562,-0.9618,-0.9856,-0.946,-0.9757,0.0,0.8635,0.8859,0.8522,90.0,420.0,60.0,210.0,300.0,300.0,300.0,420.0,4.0,13.0,-2.229,0.0,69.4506,0.0128,0.1058,0.0953,0.9856,0.8972
500,460,2026-07-04T18:07:00+00:00,2026-07-04T18:18:00+00:00,servido,,23,0.0909,0.2538,0.0909,-0.895,0.895,0.1561,0.666,3.2,0.0,10.2944,0.6841,0.0,0.0318,0.1067,-0.0989,0.0212,0.0318,-0.0002,0.0017,0.003,-0.0069,0.0001,0.0017,2,2,0.0909,0.0,0.003945,0.053333,0.0,0.011986,1.9218,731.384,66.489,7.101,31.799,1.0949,0.9133,856067.0,10.2944,0.0212,192.926,0.6841,1.2e-05,0.4262,-0.0,0.1178,0.6125,1.0,1.7701,0.001449,0.005194,0.8007,0.5541,-0.0153,-0.0284,2.9531,200.0,0.0,0.0,-2.9194,6.5497,199.632,0.1518,0,0,1,0.0,0.0,0.0,200.0,97.0,-0.895,-0.9632,-0.9612,-0.89,0.895,0.9632,0.8539,0.9821,0.0,-0.879,-0.9228,-0.746,90.0,0.0,0.0,60.0,60.0,60.0,60.0,90.0,0.0,0.0,81.0,0.0,7.1008,0.9359,0.0722,0.0231,0.9821,1.0842
501,461,2026-07-04T22:22:00+00:00,2026-07-04T22:37:00+00:00,alimentacion,,31,-0.1,0.6441,0.3333,0.9522,-0.9522,-0.0189,0.1231,0.3,-0.3667,0.4656,0.1246,-0.0,0.0077,0.0222,-0.0211,0.0017,0.0077,0.0,0.0005,0.0014,-0.0014,0.0,0.0005,10,10,0.1,0.2,0.000616,0.00305,0.0,0.000949,0.5475,906.832,60.455,53.343,29.253,1.0074,0.9926,1108136.0,0.4656,0.0017,189.067,0.1246,0.0,1.6963,0.6331,0.1178,0.7219,0.7452,1.4383,0.001075,0.003344,0.8613,0.7647,0.6256,0.417,2.3221,185.0,0.0,8.0,1.168,-0.2078,187.84,0.0324,0,1,1,0.0,0.0,0.0,203.0,191.0,0.9522,0.9855,0.9784,0.9482,-0.9522,-0.9855,-0.9313,-0.9813,0.0,0.8781,0.901,0.8312,90.0,330.0,120.0,150.0,210.0,210.0,210.0,330.0,1.0,17.0,-3.2,-0.0,53.3431,0.031,0.085,0.0644,0.9855,1.0383
502,462,2026-07-05T01:43:00+00:00,2026-07-05T01:56:00+00:00,alimentacion,,27,-0.0385,0.492,0.2692,0.9305,-0.9305,-0.0141,0.0892,0.2,-0.3,0.2122,0.0903,-0.0001,0.0051,0.01,-0.0167,0.0006,0.0051,0.0,0.0003,0.0009,-0.0008,0.0,0.0003,7,6,0.0769,0.1154,0.000755,0.005473,0.0,0.00149,0.5293,783.136,60.241,71.194,29.005,1.0039,0.9961,836758.0,0.2122,0.0006,176.043,0.0903,0.0,1.4053,0.4004,0.1178,0.7794,0.7727,1.4089,0.001235,0.004056,0.8682,0.6855,0.4073,0.3476,2.6893,174.0,0.0,1.5,1.8369,2.122,175.261,0.022,0,1,1,0.0,0.0,0.0,188.0,177.0,0.9305,0.9793,0.972,0.9223,-0.9305,-0.9793,-0.9007,-0.9866,0.0,0.8859,0.9158,0.7823,30.0,210.0,180.0,60.0,120.0,30.0,30.0,210.0,3.0,11.0,-4.6,-0.0,71.1942,0.0163,0.0918,0.0189,0.9866,1.0981
503,463,2026-07-05T10:06:00+00:00,2026-07-05T10:21:00+00:00,alimentacion,,31,-0.0333,0.5603,0.3,0.9317,-0.9317,-0.0133,0.1243,0.3,-0.3667,0.4689,0.125,0.0,0.0075,0.0144,-0.0222,0.0016,0.0075,0.0,0.0005,0.0011,-0.0011,0.0,0.0005,9,11,0.1,0.1333,0.000641,0.005546,0.0,0.001214,0.5963,906.886,60.459,75.574,29.254,1.0076,0.9925,826848.0,0.4689,0.0016,163.317,0.125,1e-06,1.4827,0.522,0.1308,0.8271,0.7008,1.4383,0.001075,0.003341,0.857,0.7489,0.6357,0.346,2.3232,160.0,0.0,6.0,1.5659,1.576,162.2,0.0335,1,1,1,7.0,0.5,0.067,167.0,160.0,0.9317,0.9575,0.9459,0.9288,-0.9317,-0.9575,-0.9153,-0.9549,0.0,0.854,0.8697,0.8174,90.0,270.0,120.0,240.0,210.0,90.0,90.0,330.0,9.0,12.0,-0.4,-0.0,75.5738,0.0313,0.1082,0.0187,0.9575,1.1896
504,464,2026-07-05T14:12:00+00:00,2026-07-05T14:23:00+00:00,ruido,,23,-0.0909,0.3569,0.1818,0.9097,-0.9097,-0.0152,0.052,0.0,-0.2333,0.0644,0.0541,0.0,0.0026,0.0078,-0.0078,0.0001,0.0026,0.0,0.0002,0.0005,-0.0004,0.0,0.0002,4,4,0.0,0.0909,0.00042,0.003889,0.0,0.000897,0.2313,660.955,60.087,66.096,28.737,1.0013,0.9987,511706.0,0.0644,0.0001,149.158,0.0541,0.0,0.8405,0.3454,0.1252,0.4313,1.0,1.5734,0.001449,0.004497,0.8465,0.6631,0.1389,-0.0433,2.7731,148.0,0.0,0.0,2.5572,5.0387,148.316,0.0192,0,0,1,0.0,0.0,0.0,158.0,148.0,0.9097,0.9744,0.9704,0.9037,-0.9097,-0.9744,-0.8707,-0.9918,0.0,0.8881,0.9289,0.7624,0.0,120.0,0.0,60.0,60.0,120.0,120.0,120.0,0.0,10.0,-5.6,0.0,66.0955,0.0059,0.054,0.0324,0.9918,0.6786
505,465,2026-07-05T14:37:00+00:00,2026-07-05T14:48:00+00:00,alimentacion,,23,-0.0455,0.6536,0.4091,0.9485,-0.9485,-0.0091,0.0534,0.1,-0.1667,0.0644,0.0541,-0.0,0.0029,0.0056,-0.0089,0.0002,0.0029,-0.0,0.0002,0.0005,-0.0004,0.0,0.0002,9,7,0.0909,0.1364,0.000566,0.002219,0.0,0.000715,0.3657,660.962,60.087,110.16,28.737,1.0014,0.9986,475641.0,0.0644,0.0002,143.806,0.0541,0.0,1.6843,0.4444,0.1974,0.6878,0.7617,1.5734,0.001449,0.003639,0.902,0.7737,0.3998,0.3257,2.1274,142.0,0.0,4.0,1.2559,0.5722,143.368,0.0179,1,1,1,2.0,0.875,0.091,146.0,144.0,0.9485,0.9658,0.9575,0.9553,-0.9485,-0.9658,-0.9373,-0.9482,0.0,0.8373,0.8551,0.8585,60.0,270.0,90.0,90.0,150.0,270.0,270.0,270.0,3.0,6.0,-0.6,0.0,110.1603,0.0059,0.1358,0.0297,0.9658,1.0822
506,466,2026-07-05T20:59:00+00:00,2026-07-05T21:13:00+00:00,alimentacion,,29,-0.0714,0.6877,0.3929,0.9367,-0.9367,-0.0155,0.1056,0.2,-0.4333,0.3189,0.1067,0.0,0.0058,0.0144,-0.0211,0.0009,0.0058,-0.0,0.0003,0.0012,-0.0009,0.0,0.0003,11,13,0.0714,0.1429,0.000935,0.005172,0.0,0.001369,0.772,844.643,60.332,64.973,29.126,1.0054,0.9946,535464.0,0.3189,0.0009,135.883,0.1067,1e-06,2.0955,0.4538,0.2048,0.5039,0.7727,1.5076,0.001149,0.002455,0.9222,0.8797,0.7506,0.4463,1.7463,131.0,0.0,11.0,1.074,-0.4907,135.04,0.0484,1,1,1,5.0,1.429,0.071,149.0,142.0,0.9367,0.9333,0.9216,0.9289,-0.9367,-0.9333,-0.9375,-0.9071,0.0,0.8012,0.8055,0.8653,60.0,420.0,150.0,240.0,240.0,180.0,180.0,420.0,5.0,13.0,3.0,-0.0,64.9725,0.0228,0.1032,0.0491,0.9375,0.7597
507,467,2026-07-06T01:48:00+00:00,2026-07-06T02:01:00+00:00,alimentacion,,27,0.0,0.5723,0.2308,0.9414,-0.9414,-0.0115,0.071,0.1,-0.2,0.1344,0.0719,-0.0001,0.0041,0.0089,-0.01,0.0004,0.0041,0.0,0.0002,0.0006,-0.0006,0.0,0.0002,6,6,0.1538,0.1538,0.000584,0.003863,0.0,0.001099,0.4148,782.004,60.154,86.889,28.963,1.0025,0.9975,435801.0,0.1344,0.0004,127.046,0.0719,0.0,1.6175,0.4879,0.1252,0.8316,0.738,1.4089,0.001235,0.003517,0.883,0.7544,0.5554,0.3821,2.3437,125.0,0.0,3.0,1.4404,0.5516,126.478,0.027,1,1,1,5.0,0.667,0.077,133.0,128.0,0.9414,0.9794,0.9708,0.9351,-0.9414,-0.9794,-0.9183,-0.9814,0.0,0.8792,0.9019,0.8046,30.0,240.0,60.0,150.0,120.0,60.0,60.0,240.0,2.0,9.0,-2.8,-0.0,86.8893,0.0103,0.1041,0.0,0.9814,1.1716
508,468,2026-07-06T03:31:00+00:00,2026-07-06T03:46:00+00:00,alimentacion,,31,-0.1,0.7862,0.3,0.9703,-0.9703,-0.0111,0.0378,0.0667,-0.1333,0.0467,0.0394,0.0,0.0021,0.0067,-0.0044,0.0001,0.0021,0.0,0.0001,0.0004,-0.0003,0.0,0.0001,9,12,0.0333,0.1333,0.000304,0.001664,0.0,0.000425,0.2828,900.698,60.047,90.07,29.055,1.0007,0.9993,433572.0,0.0467,0.0001,118.263,0.0394,0.0,2.142,0.4354,0.26,0.1583,0.957,1.9178,0.001075,0.00209,0.9562,0.9337,0.8085,0.6081,1.5687,117.0,2.0,6.5,0.7364,-1.079,117.84,0.0343,0,0,2,0.0,0.0,0.0,125.0,113.0,0.9703,0.9777,0.9703,0.9591,-0.9703,-0.9777,-0.9641,-0.9581,0.0,0.8395,0.856,0.8808,0.0,480.0,180.0,240.0,330.0,330.0,330.0,510.0,0.0,12.0,-0.0,-0.0,90.0698,0.0031,0.0412,0.0786,0.9777,0.3036
509,469,2026-07-06T10:27:00+00:00,2026-07-06T10:43:00+00:00,alimentacion,,33,-0.1562,0.7221,0.375,0.9605,-0.9605,-0.0198,0.0526,0.0667,-0.2,0.1011,0.0562,0.0001,0.0028,0.0067,-0.0089,0.0002,0.0028,-0.0,0.0002,0.0005,-0.0004,0.0,0.0002,12,12,0.0312,0.1875,0.000385,0.002207,0.0,0.000596,0.3646,961.507,60.094,50.606,29.137,1.0014,0.9986,307111.0,0.1011,0.0002,96.47,0.0562,0.0,1.9551,0.4994,0.1243,0.2118,0.9482,1.3757,0.00101,0.002428,0.9348,0.897,0.7282,0.509,2.0475,92.0,0.0,7.0,1.145,-0.139,95.259,0.064,0,1,1,0.0,0.0,0.0,111.0,96.0,0.9605,0.9955,0.9894,0.9515,-0.9605,-0.9955,-0.9384,-0.993,0.0,0.8866,0.9118,0.8306,0.0,390.0,90.0,150.0,300.0,360.0,360.0,390.0,0.0,19.0,-3.029,-0.0,50.6056,0.0063,0.0263,0.1128,0.9955,0.2914
510,470,2026-07-06T11:21:00+00:00,2026-07-06T11:33:00+00:00,ruido,,25,0.0,0.0649,0.125,0.0429,-0.0429,0.0,0.8853,3.0667,-3.0667,18.8089,0.8853,0.0,0.0522,0.2044,-0.1022,0.0627,0.0522,0.0,0.0032,0.0102,-0.0102,0.0002,0.0032,3,4,0.0417,0.0417,0.004089,0.051111,0.0,0.011833,3.0667,853.536,71.128,853535526.454,34.141,1.1855,0.8435,203136.0,18.8089,0.0627,90.141,0.8853,9.3e-05,0.2423,0.1985,0.2054,1.4663,0.8228,1.6718,0.001333,0.008667,0.5,-0.0451,-0.053,-0.0104,3.585,92.0,0.0,0.0,-4.6949,20.0417,92.0,0.2041,0,1,1,0.0,0.0,0.0,92.0,0.0,0.0429,0.0859,0.1,0.0,-0.0429,-0.0859,-0.0173,-0.0962,0.0,0.0882,0.1223,0.0,0.0,90.0,720.0,720.0,720.0,0.0,0.0,120.0,0.0,92.0,-18.4,-0.0,853.536,1.5674,0.3012,0.0,0.1223,2.4514
511,471,2026-07-06T11:43:00+00:00,2026-07-06T11:54:00+00:00,ruido,,23,0.0,0.2988,0.2727,0.7261,-0.7261,-0.003,0.0594,0.1333,-0.2,0.0778,0.0595,-0.0002,0.0029,0.0067,-0.0067,0.0002,0.0029,0.0,0.0002,0.0004,-0.0003,0.0,0.0002,6,6,0.0909,0.0909,0.00067,0.003863,0.0,0.001072,0.4297,661.159,60.105,330.579,28.746,1.0018,0.9983,189445.0,0.0778,0.0002,90.756,0.0595,0.0,0.9274,0.3823,0.2766,1.0578,0.6934,1.5734,0.001449,0.005181,0.8534,0.5249,-0.0612,0.2302,2.8668,90.0,0.0,0.0,2.3112,3.8662,90.263,0.0196,2,1,1,3.5,0.708,0.182,96.0,90.0,0.7261,0.7398,0.7193,0.7535,-0.7261,-0.7398,-0.7166,-0.7343,0.0,0.6514,0.6612,0.6528,30.0,90.0,0.0,0.0,90.0,90.0,90.0,240.0,4.0,2.0,-1.2,-0.0,330.5795,0.0071,0.2926,0.0,0.7535,1.6643
512,472,2026-07-06T19:15:00+00:00,2026-07-06T19:26:00+00:00,servido,,23,0.0455,0.3409,0.0909,-0.9074,0.9074,0.0712,0.3263,1.5667,0.0,2.4544,0.334,0.0,0.0161,0.0522,-0.0522,0.0055,0.0161,0.0,0.001,0.0017,-0.0035,0.0,0.001,2,3,0.0455,0.0,0.001689,0.013056,0.0,0.003937,1.1655,685.758,62.342,14.591,29.816,1.0364,0.9649,364388.0,2.4544,0.0055,125.869,0.334,7e-06,0.5586,-0.0,0.1243,0.3274,1.0,1.7701,0.001449,0.004366,0.9053,0.6902,-0.0225,-0.0417,2.6179,131.0,0.0,0.0,-2.1947,2.8167,128.526,0.1268,0,0,1,0.0,0.0,0.0,131.0,84.0,-0.9074,-0.9696,-0.9633,-0.9092,0.9074,0.9696,0.8698,0.987,0.0,-0.884,-0.9225,-0.762,90.0,0.0,0.0,0.0,90.0,90.0,90.0,90.0,0.0,0.0,28.2,-0.0,14.5906,0.2231,0.0407,0.0155,0.987,0.5795
513,473,2026-07-06T23:49:00+00:00,2026-07-07T00:00:00+00:00,alimentacion,,23,-0.0455,0.6452,0.2273,0.9515,-0.9515,-0.0136,0.0694,0.1,-0.3,0.11,0.0707,0.0,0.0038,0.01,-0.0133,0.0003,0.0038,-0.0,0.0002,0.0008,-0.0006,0.0,0.0002,5,6,0.0455,0.0909,0.000611,0.003284,0.0,0.000917,0.3965,661.62,60.147,73.513,28.766,1.0024,0.9976,367418.0,0.11,0.0003,126.391,0.0707,0.0,1.5227,0.3454,0.2578,0.4749,0.8599,1.5734,0.001449,0.004058,0.8948,0.7359,0.2843,0.24,2.3662,124.0,0.0,3.0,1.6078,1.7239,125.737,0.0262,0,0,2,0.0,0.0,0.0,136.0,124.0,0.9515,0.9802,0.9748,0.9528,-0.9515,-0.9802,-0.932,-0.9717,0.0,0.8464,0.879,0.8466,60.0,330.0,0.0,90.0,90.0,330.0,330.0,330.0,3.0,9.0,-3.0,-0.0,73.5133,0.01,0.1224,0.0294,0.9802,0.7472
514,474,2026-07-07T02:44:00+00:00,2026-07-07T02:56:00+00:00,alimentacion,,25,-0.0833,0.6384,0.2917,0.9431,-0.9431,-0.0153,0.0833,0.2,-0.3,0.1722,0.0847,0.0,0.0041,0.01,-0.0111,0.0004,0.0041,0.0,0.0002,0.0005,-0.0006,0.0,0.0002,7,9,0.0833,0.1667,0.000786,0.005269,0.0,0.001329,0.5898,722.546,60.212,65.686,28.902,1.0034,0.9966,338878.0,0.1722,0.0004,116.426,0.0847,1e-06,1.7895,0.5599,0.2231,0.4806,0.7819,1.486,0.001333,0.002907,0.9083,0.8525,0.5998,0.2088,1.955,113.0,0.0,4.0,1.3954,0.6467,115.524,0.0428,1,0,1,6.0,0.625,0.083,130.0,113.0,0.9431,0.9591,0.9486,0.9408,-0.9431,-0.9591,-0.9325,-0.9479,0.0,0.8388,0.8525,0.8413,90.0,330.0,0.0,150.0,300.0,270.0,270.0,330.0,6.0,11.0,2.0,-0.0,65.686,0.0143,0.1072,0.0532,0.9591,0.7142
515,475,2026-07-07T09:39:00+00:00,2026-07-07T09:54:00+00:00,alimentacion,,31,-0.1,0.5952,0.3,0.872,-0.872,-0.0189,0.2221,0.5667,-0.9333,1.49,0.2229,-0.0,0.0115,0.0311,-0.0433,0.0038,0.0115,0.0,0.0007,0.0025,-0.0012,0.0,0.0007,9,11,0.1,0.2,0.001801,0.013854,0.0,0.003133,1.6749,919.903,61.327,54.112,29.674,1.0219,0.9785,323318.0,1.49,0.0038,102.125,0.2229,5e-06,2.152,0.6491,0.2085,0.6157,0.7309,1.9178,0.001075,0.002903,0.8808,0.796,0.6596,0.451,2.0838,99.0,5.0,13.0,1.5053,1.8599,99.68,0.1006,2,1,2,17.0,0.732,0.133,135.0,107.0,0.872,0.8369,0.831,0.8606,-0.872,-0.8369,-0.8907,-0.7935,0.0,0.6735,0.6726,0.8444,210.0,480.0,150.0,300.0,330.0,480.0,480.0,480.0,24.0,17.0,-0.457,0.0,54.1119,0.0993,0.1284,0.0595,0.8907,1.1808
516,476,2026-07-07T11:27:00+00:00,2026-07-07T11:39:00+00:00,ruido,,25,0.0,0.0649,0.125,-0.0429,0.0429,0.0,0.0577,0.2,-0.2,0.08,0.0577,0.0,0.0034,0.0067,-0.0133,0.0003,0.0034,0.0,0.0002,0.0007,-0.0007,0.0,0.0002,3,4,0.0417,0.0417,0.000267,0.003333,0.0,0.000772,0.2,721.188,60.099,721188234.163,28.848,1.0016,0.9984,222064.0,0.08,0.0003,94.247,0.0577,0.0,0.2423,0.1985,0.2054,1.4663,0.8228,1.486,0.006667,0.008667,0.5,-0.0451,-0.053,-0.0104,3.585,94.0,0.0,0.0,4.6949,20.0417,94.0,0.0125,1,0,1,6.0,0.5,0.083,100.0,94.0,-0.0429,-0.0859,-0.1,0.0,0.0429,0.0859,0.0173,0.0962,0.0,-0.0882,-0.1223,0.0,90.0,0.0,720.0,720.0,720.0,0.0,0.0,120.0,6.0,0.0,1.2,-0.0,721.188,0.0067,0.3012,0.0,0.1223,2.1789
517,477,2026-07-07T12:34:00+00:00,2026-07-07T12:49:00+00:00,alimentacion,,31,-0.1,0.6641,0.3333,0.947,-0.947,-0.0144,0.0815,0.2333,-0.2333,0.2056,0.0828,0.0,0.0041,0.0111,-0.0111,0.0005,0.0041,-0.0,0.0002,0.0006,-0.0007,0.0,0.0002,10,10,0.0667,0.1667,0.00071,0.004967,0.0,0.001176,0.6605,903.049,60.203,69.465,29.131,1.0033,0.9967,225548.0,0.2056,0.0005,85.298,0.0828,1e-06,1.9036,0.5128,0.1501,0.4879,0.7866,1.4383,0.001075,0.002322,0.9512,0.8967,0.7096,0.5526,1.7302,81.0,0.0,9.5,1.027,-0.5646,84.2,0.0688,1,1,1,7.0,1.188,0.067,98.0,91.0,0.947,0.9542,0.9461,0.933,-0.947,-0.9542,-0.9422,-0.9349,0.0,0.8316,0.8391,0.857,150.0,390.0,90.0,240.0,300.0,300.0,300.0,390.0,4.0,13.0,0.457,-0.0,69.4653,0.0137,0.0732,0.0664,0.9542,0.7017
518,478,2026-07-07T14:00:00+00:00,2026-07-07T14:11:00+00:00,servido,,23,0.0455,0.2386,0.0909,-0.8927,0.8927,0.0803,0.368,1.7667,0.0,3.1211,0.3767,0.0,0.0182,0.0589,-0.0589,0.0069,0.0182,-0.0001,0.001,0.002,-0.0039,0.0,0.001,2,2,0.0455,0.0,0.002459,0.029444,0.0,0.006664,1.2552,690.902,62.809,13.036,30.039,1.0435,0.9583,390198.0,3.1211,0.0069,130.25,0.3767,8e-06,0.4262,-0.0,0.1112,0.6381,1.0,1.7701,0.001449,0.005405,0.7775,0.5184,-0.0143,-0.0265,3.0029,134.0,0.0,0.0,-2.9318,6.5952,134.0,0.1154,0,0,1,0.0,0.0,0.0,134.0,81.0,-0.8927,-0.9612,-0.9595,-0.8872,0.8927,0.9612,0.8514,0.9801,0.0,-0.8773,-0.9214,-0.7436,60.0,0.0,0.0,0.0,60.0,60.0,60.0,60.0,0.0,0.0,42.4,0.0,13.0359,0.2837,0.071,0.0109,0.9801,1.1295
519,479,2026-07-07T20:24:00+00:00,2026-07-07T20:40:00+00:00,alimentacion,,33,-0.0625,0.6951,0.2812,0.9552,-0.9552,-0.0177,0.1328,0.3333,-0.3333,0.5744,0.134,-0.0,0.0078,0.0222,-0.0222,0.0019,0.0078,-0.0,0.0005,0.0013,-0.0015,0.0,0.0005,9,11,0.125,0.1875,0.000884,0.004705,0.0,0.001379,0.875,968.425,60.527,56.966,29.346,1.0086,0.9915,511128.0,0.5744,0.0019,124.454,0.134,1e-06,2.0385,0.6313,0.1308,0.7112,0.7228,1.3757,0.00101,0.002749,0.897,0.8282,0.7212,0.4977,2.0126,119.0,0.0,11.0,0.9704,-0.4936,123.259,0.0583,2,2,1,8.5,0.556,0.125,134.0,124.0,0.9552,0.9662,0.9583,0.9546,-0.9552,-0.9662,-0.9475,-0.9496,0.0,0.8392,0.8528,0.859,90.0,390.0,120.0,210.0,300.0,120.0,120.0,390.0,7.0,17.0,-0.971,0.0,56.9662,0.0359,0.093,0.0434,0.9662,0.9784
520,480,2026-07-08T01:13:00+00:00,2026-07-08T01:27:00+00:00,alimentacion,,29,-0.1071,0.599,0.25,0.9453,-0.9453,-0.0143,0.0945,0.2667,-0.2333,0.2556,0.0955,-0.0,0.0052,0.0156,-0.0133,0.0007,0.0052,0.0,0.0003,0.0007,-0.001,0.0,0.0003,7,7,0.0714,0.1786,0.000832,0.004355,0.0,0.001339,0.7242,843.788,60.271,70.316,29.096,1.0044,0.9956,356818.0,0.2556,0.0007,110.924,0.0955,1e-06,1.8419,0.5971,0.1325,0.7891,0.745,1.5076,0.001149,0.003369,0.8733,0.7658,0.6351,0.302,2.2655,108.0,0.0,3.0,1.3382,0.1493,110.24,0.0417,1,1,1,8.0,0.75,0.071,122.0,111.0,0.9453,0.9784,0.9702,0.932,-0.9453,-0.9784,-0.9248,-0.9731,0.0,0.8745,0.8952,0.8296,120.0,300.0,150.0,90.0,180.0,120.0,120.0,300.0,2.0,12.0,-0.4,-0.0,70.3157,0.0183,0.1046,0.0642,0.9784,1.1896
521,481,2026-07-08T03:06:00+00:00,2026-07-08T03:18:00+00:00,alimentacion,,25,-0.0417,0.4335,0.25,0.9153,-0.9153,-0.0097,0.09,0.2667,-0.2667,0.1967,0.0905,-0.0001,0.0057,0.0156,-0.0178,0.0007,0.0057,0.0,0.0004,0.0009,-0.0011,0.0,0.0004,6,6,0.0833,0.125,0.000509,0.004415,0.0,0.001024,0.3152,722.907,60.242,103.272,28.916,1.004,0.996,262575.0,0.1967,0.0007,102.484,0.0905,1e-06,1.2252,0.5139,0.1252,0.8443,0.7045,1.486,0.001333,0.004862,0.76,0.5581,0.4135,0.0349,2.654,101.0,0.0,0.0,2.1057,3.1949,101.762,0.0294,1,0,1,8.0,0.5,0.083,112.0,101.0,0.9153,0.9592,0.9488,0.9133,-0.9153,-0.9592,-0.8885,-0.9676,0.0,0.8682,0.8931,0.7787,90.0,180.0,0.0,60.0,60.0,180.0,180.0,180.0,4.0,7.0,-1.2,-0.0,103.2724,0.0164,0.1057,0.0181,0.9676,1.2546
522,482,2026-07-08T10:21:00+00:00,2026-07-08T10:37:00+00:00,alimentacion,,33,-0.0625,0.614,0.3438,0.9471,-0.9471,-0.0177,0.1158,0.2333,-0.3667,0.4389,0.1171,0.0001,0.0069,0.0144,-0.02,0.0015,0.0069,0.0,0.0004,0.0011,-0.001,0.0,0.0004,11,12,0.125,0.1875,0.000876,0.003587,0.0,0.00126,0.8594,966.467,60.404,56.851,29.287,1.0066,0.9935,253583.0,0.4389,0.0015,87.66,0.1171,2e-06,2.0385,0.5658,0.1299,0.8842,0.7429,1.3757,0.00101,0.003545,0.8532,0.7314,0.601,0.4473,2.5875,84.0,0.0,7.0,1.4653,0.8924,86.37,0.0634,1,2,1,6.0,0.964,0.062,93.0,86.0,0.9471,0.9873,0.9818,0.9358,-0.9471,-0.9873,-0.9218,-0.9881,0.0,0.8833,0.9116,0.8118,90.0,390.0,60.0,120.0,180.0,240.0,240.0,390.0,2.0,17.0,-2.8,0.0,56.851,0.0274,0.1149,0.0384,0.9881,1.2164
523,483,2026-07-08T14:16:00+00:00,2026-07-08T14:33:00+00:00,servido,,35,-0.0588,0.0003,0.3235,-0.8098,0.8098,0.0206,0.2016,1.1333,-0.2,1.3967,0.2027,0.0,0.0098,0.0378,-0.0378,0.0032,0.0098,0.0,0.0006,0.0013,-0.0025,0.0,0.0006,11,13,0.0588,0.1176,0.001274,0.01,0.0,0.002565,1.3379,1037.013,61.001,49.382,29.629,1.0165,0.9838,394252.0,1.3967,0.0032,106.134,0.2027,4e-06,1.4418,0.4029,0.1286,0.3244,0.8808,1.6121,0.001905,0.004279,0.9099,0.635,-0.1432,-0.2114,3.2445,105.0,0.0,3.5,-1.2289,2.3337,106.828,0.076,1,1,1,13.0,2.971,0.059,118.0,107.0,-0.8098,-0.8963,-0.8974,-0.8003,0.8098,0.8963,0.7566,0.9244,0.0,-0.8388,-0.8932,-0.642,90.0,0.0,0.0,0.0,420.0,420.0,420.0,420.0,13.0,0.0,14.143,0.0,49.3816,0.0822,0.0417,0.0,0.9244,0.523
524,484,2026-07-08T20:37:00+00:00,2026-07-08T20:53:00+00:00,alimentacion,,33,-0.0938,0.5932,0.3125,0.9182,-0.9182,-0.0104,0.1171,0.4,-0.4,0.4422,0.1176,0.0,0.0068,0.0133,-0.0267,0.0014,0.0068,-0.0,0.0004,0.0013,-0.0013,0.0,0.0004,10,10,0.0938,0.1875,0.000888,0.006667,0.0,0.001714,0.7795,966.444,60.403,96.644,29.286,1.0067,0.9934,319824.0,0.4422,0.0014,98.446,0.1176,1e-06,1.5755,0.6219,0.1171,0.8504,0.7101,1.3757,0.00101,0.003044,0.8888,0.7794,0.6773,0.424,2.3179,95.0,0.0,6.0,1.7137,2.6234,97.333,0.054,1,2,1,12.0,0.5,0.062,117.0,97.0,0.9182,0.9281,0.9135,0.9158,-0.9182,-0.9281,-0.9112,-0.9201,0.0,0.818,0.8243,0.8179,60.0,360.0,180.0,210.0,300.0,120.0,120.0,360.0,12.0,10.0,0.457,0.0,96.6444,0.0276,0.0996,0.0556,0.9281,1.1699
525,485,2026-07-09T00:31:00+00:00,2026-07-09T00:44:00+00:00,alimentacion,,27,0.0,0.4492,0.2308,0.9219,-0.9219,-0.0128,0.1009,0.2,-0.3,0.2689,0.1017,-0.0002,0.0064,0.0156,-0.0167,0.001,0.0064,0.0,0.0004,0.001,-0.0011,0.0,0.0004,6,6,0.1154,0.1154,0.000486,0.006493,0.0,0.001335,0.2963,783.973,60.306,78.397,29.036,1.005,0.995,204266.0,0.2689,0.001,86.979,0.1017,1e-06,1.2646,0.4004,0.1112,0.8127,0.7201,1.4089,0.001235,0.00422,0.8253,0.6578,0.3911,0.0891,2.6545,85.0,0.0,0.0,1.9847,2.5597,86.087,0.0456,0,0,1,0.0,0.0,0.0,99.0,85.0,0.9219,0.971,0.961,0.918,-0.9219,-0.971,-0.8918,-0.9817,0.0,0.882,0.9108,0.7719,30.0,180.0,60.0,60.0,120.0,180.0,180.0,180.0,4.0,10.0,-3.2,-0.0,78.3973,0.0207,0.0904,0.0,0.9817,1.145
526,486,2026-07-09T01:02:00+00:00,2026-07-09T01:15:00+00:00,ruido,,27,0.0,0.2,0.1538,-0.0845,0.0845,0.0077,0.814,3.0333,-2.8333,17.2289,0.814,0.0,0.0391,0.1011,-0.1011,0.0383,0.0391,0.0,0.0023,0.0063,-0.0067,0.0001,0.0023,4,6,0.0385,0.0385,0.004269,0.048889,0.0,0.010837,3.458,905.956,69.689,150.993,33.554,1.1614,0.861,195576.0,17.2289,0.0383,85.109,0.814,8.8e-05,0.5033,0.1865,0.1229,0.4735,0.8191,1.7611,0.001235,0.004118,0.91,0.6661,-0.0852,-0.0571,2.8186,91.0,0.0,0.0,-2.4549,4.0658,86.261,0.3543,0,1,1,0.0,0.0,0.0,91.0,0.0,-0.0845,-0.0129,0.0047,-0.0769,0.0845,0.0129,0.128,-0.0054,0.0,0.0167,0.0714,-0.1451,180.0,90.0,0.0,0.0,180.0,180.0,180.0,180.0,0.0,85.0,-51.0,-0.0,150.9927,1.3253,0.0582,0.0,0.1451,0.8339
527,487,2026-07-09T03:29:00+00:00,2026-07-09T03:43:00+00:00,servido,,29,0.0714,0.3056,0.2143,-0.8844,0.8844,0.0155,0.1717,0.7667,-0.4,0.8322,0.1724,0.0,0.0082,0.0256,-0.0222,0.0018,0.0082,-0.0,0.0004,0.001,-0.0016,0.0,0.0004,6,6,0.1429,0.0714,0.001598,0.009106,0.0,0.002823,1.3656,851.368,60.812,65.49,29.358,1.0134,0.9868,294515.0,0.8322,0.0018,100.775,0.1724,3e-06,1.5394,0.2914,0.1112,0.6413,0.7825,1.8427,0.001149,0.004328,0.8718,0.6295,0.27,0.0837,2.9196,103.0,0.0,0.0,-1.5596,1.524,101.28,0.0614,2,1,1,6.5,0.693,0.143,110.0,84.0,-0.8844,-0.9303,-0.9208,-0.8655,0.8844,0.9303,0.856,0.9425,0.0,-0.8478,-0.8734,-0.7531,210.0,120.0,60.0,90.0,240.0,240.0,240.0,240.0,7.0,6.0,-1.2,-0.0,65.4898,0.0594,0.0713,0.0218,0.9425,1.1817
528,488,2026-07-09T07:20:00+00:00,2026-07-09T07:38:00+00:00,ruido,,37,0.0,0.5957,0.2778,0.3027,-0.3027,-0.0028,0.0963,0.2,-0.3,0.3344,0.0964,-0.0001,0.0052,0.01,-0.0167,0.001,0.0052,-0.0,0.0003,0.0009,-0.0008,0.0,0.0003,10,16,0.1389,0.1389,0.000791,0.004151,0.0,0.001159,0.8776,1084.942,60.275,361.647,29.323,1.0046,0.9954,381891.0,0.3344,0.001,101.594,0.0964,1e-06,2.1403,0.4925,0.1426,0.6372,0.7313,1.408,0.000901,0.002391,0.9261,0.8288,0.7013,0.5085,1.9949,98.0,0.0,7.0,1.1612,0.2181,100.806,0.0461,1,2,1,13.0,2.819,0.056,114.0,101.0,0.3027,0.1813,0.1629,0.2972,-0.3027,-0.1813,-0.3723,-0.1189,0.0,0.0426,-0.0077,0.4226,210.0,510.0,0.0,0.0,510.0,510.0,510.0,510.0,13.0,3.0,2.571,-0.0,361.6473,0.0186,0.0909,0.0,0.4226,0.8972
529,489,2026-07-09T11:30:00+00:00,2026-07-09T11:42:00+00:00,ruido,,25,-0.0417,0.2954,0.2083,0.7939,-0.7939,-0.0056,0.107,0.3333,-0.4,0.2756,0.1072,-0.0,0.0063,0.0133,-0.0244,0.0009,0.0063,-0.0,0.0004,0.0013,-0.0012,0.0,0.0004,5,6,0.0417,0.0833,0.000532,0.006101,0.0,0.001363,0.3989,724.0,60.333,181.0,28.96,1.0055,0.9945,226792.0,0.2756,0.0009,95.245,0.1072,1e-06,1.1452,0.3251,0.1325,0.9206,0.7862,1.486,0.001333,0.00567,0.7104,0.4213,0.2424,-0.0093,3.063,94.0,0.0,0.0,3.3567,11.5041,94.571,0.0309,0,0,1,0.0,0.0,0.0,108.0,94.0,0.7939,0.8125,0.7969,0.8103,-0.7939,-0.8125,-0.7822,-0.815,0.0,0.7303,0.7363,0.6929,90.0,180.0,0.0,120.0,120.0,180.0,180.0,180.0,10.0,4.0,1.2,-0.0,181.0,0.023,0.122,0.0123,0.815,1.368
530,490,2026-07-09T22:39:00+00:00,2026-07-09T23:21:00+00:00,ruido,,85,-0.0119,0.6696,0.2976,-0.8231,0.8231,0.0262,0.5641,3.6333,-3.1333,26.7911,0.5647,0.0,0.0269,0.1211,-0.1244,0.0602,0.0269,-0.0,0.0016,0.007,-0.0082,0.0002,0.0016,25,32,0.0833,0.0952,0.002435,0.030278,0.0,0.006291,6.2105,2710.425,64.534,41.067,31.887,1.0752,0.9301,1339656.0,26.7911,0.0602,125.541,0.5647,2e-05,1.6713,0.3887,0.1479,0.2084,0.7865,1.5835,0.000392,0.001691,0.9631,0.9044,0.7118,0.5607,2.9783,108.0,9.0,59.0,-1.0082,2.0672,122.536,0.3198,0,1,6,0.0,0.0,0.0,166.0,0.0,-0.8231,-0.7494,-0.7502,-0.8314,0.8231,0.7494,0.8431,0.6986,0.0,-0.4602,-0.5107,-0.8552,1680.0,90.0,1440.0,1440.0,1650.0,1260.0,1260.0,2100.0,6.0,94.0,7.77,-0.176,41.067,0.6379,0.0308,0.008,0.8552,0.33
531,491,2026-07-09T23:41:00+00:00,2026-07-09T23:52:00+00:00,ruido,,23,-0.0455,0.2386,0.0909,0.8927,-0.8927,-0.0121,0.0555,0.0,-0.2667,0.0711,0.0569,0.0,0.0027,0.0089,-0.0089,0.0002,0.0027,0.0,0.0001,0.0006,-0.0003,0.0,0.0001,2,2,0.0,0.0455,0.000478,0.004444,0.0,0.001119,0.2632,661.048,60.095,82.631,28.741,1.0015,0.9985,529383.0,0.0711,0.0002,151.712,0.0569,0.0,0.4262,0.2124,0.1112,0.6381,1.0,1.5734,0.001449,0.005405,0.7775,0.5184,-0.0143,-0.0265,3.0029,151.0,0.0,0.0,2.9318,6.5952,151.0,0.0149,0,0,1,0.0,0.0,0.0,159.0,151.0,0.8927,0.9612,0.9595,0.8872,-0.8927,-0.9612,-0.8514,-0.9801,0.0,0.8773,0.9214,0.7436,0.0,60.0,0.0,0.0,60.0,60.0,60.0,60.0,0.0,8.0,-6.4,-0.0,82.631,0.0065,0.071,0.0109,0.9801,1.004
532,492,2026-07-10T01:42:00+00:00,2026-07-10T01:47:00+00:00,ruido,,11,-0.1,0.25,0.1,0.8864,-0.8864,-0.0133,0.04,0.0,-0.1333,0.0178,0.0422,0.0005,0.0014,0.0044,0.0,0.0,0.0015,-0.0,0.0,0.0,-0.0001,0.0,0.0001,1,1,0.0,0.1,0.000498,0.002207,0.0,0.000856,0.132,300.265,60.053,75.066,27.297,1.0008,0.9992,245419.0,0.0178,0.0,149.368,0.0422,0.0,0.4395,0.1947,0.2877,1.0,1.0,1.887,0.00303,0.009091,0.4,-0.01,-0.0375,-0.0833,2.3219,149.0,0.0,0.0,2.846,6.1,149.0,0.0077,0,0,1,0.0,0.0,0.0,153.0,149.0,0.8864,0.958,0.9581,0.8696,-0.8864,-0.958,-0.8472,-0.9878,0.0,0.8575,0.9038,0.7483,0.0,30.0,0.0,0.0,30.0,30.0,30.0,30.0,0.0,4.0,-8.0,-0.0,75.0662,0.0036,0.2877,0.025,0.9878,1.887
533,493,2026-07-10T09:01:00+00:00,2026-07-10T09:16:00+00:00,alimentacion,,31,-0.0667,0.6948,0.2667,0.9355,-0.9355,-0.0156,0.086,0.1333,-0.2667,0.2289,0.0873,-0.0002,0.0044,0.0089,-0.0122,0.0006,0.0044,0.0,0.0003,0.0007,-0.0006,0.0,0.0003,8,10,0.1,0.1667,0.000656,0.004165,0.0,0.001026,0.6103,903.397,60.226,64.528,29.142,1.0037,0.9964,663024.0,0.2289,0.0006,146.246,0.0873,0.0,1.8189,0.5561,0.1308,0.4576,0.7747,1.4383,0.001075,0.002016,0.9662,0.9354,0.762,0.5325,1.6002,141.0,0.0,12.0,0.967,-0.6525,144.92,0.0499,1,1,1,8.0,0.9,0.067,163.0,156.0,0.9355,0.9344,0.9204,0.9291,-0.9355,-0.9344,-0.9356,-0.9132,0.0,0.8131,0.8133,0.8551,60.0,330.0,180.0,270.0,330.0,150.0,150.0,330.0,8.0,14.0,0.629,-0.0,64.5284,0.0153,0.0599,0.0463,0.9356,0.6582
534,494,2026-07-10T10:55:00+00:00,2026-07-10T11:20:00+00:00,ruido,,51,-0.02,0.5144,0.3,0.8541,-0.8541,-0.008,0.0886,0.2667,-0.3,0.3956,0.0889,0.0,0.0046,0.01,-0.0178,0.001,0.0046,0.0,0.0003,0.0009,-0.0009,0.0,0.0003,15,17,0.1,0.12,0.000669,0.004437,0.0,0.001067,1.0229,1505.846,60.234,125.487,29.526,1.0039,0.9961,1003838.0,0.3956,0.001,140.296,0.0889,0.0,2.3902,0.4026,0.2045,0.3035,0.7393,1.6684,0.000654,0.001841,0.9528,0.9107,0.7528,0.5367,2.2393,143.0,6.0,9.0,0.4133,-0.5014,139.756,0.0446,1,3,3,18.0,1.625,0.04,158.0,132.0,0.8541,0.7948,0.8082,0.8424,-0.8541,-0.7948,-0.8709,-0.7406,0.0,0.4823,0.5641,0.8744,690.0,930.0,210.0,180.0,900.0,900.0,900.0,1080.0,12.0,14.0,-0.982,-0.0,125.4872,0.0158,0.0621,0.0103,0.8744,0.5064
535,495,2026-07-10T13:14:00+00:00,2026-07-10T13:26:00+00:00,ruido,,25,0.0,0.0685,0.125,0.012,-0.012,0.0014,1.3135,4.5667,-4.5333,41.4056,1.3135,0.0,0.0775,0.3033,-0.1522,0.138,0.0775,0.0,0.0048,0.0151,-0.0152,0.0005,0.0048,3,4,0.0417,0.0417,0.006067,0.075802,0.0,0.017551,4.5501,939.516,78.293,939.516,37.581,1.3049,0.7664,449637.0,41.4056,0.138,134.11,1.3135,9.2e-05,0.2423,0.1985,0.2054,1.4494,0.822,1.8575,0.001333,0.008624,0.5021,-0.0388,-0.0458,-0.0109,3.5848,137.0,0.0,0.0,-4.6937,20.035,136.905,0.2041,0,0,1,0.0,0.0,0.0,137.0,0.0,0.012,0.0532,0.0675,-0.0308,-0.012,-0.0532,0.0125,-0.0629,0.0,0.0584,0.0913,-0.0258,120.0,90.0,0.0,0.0,120.0,120.0,120.0,120.0,0.0,136.0,-26.8,-0.0,939.516,3.4505,0.2977,0.0,0.0913,2.6923
536,496,2026-07-10T15:57:00+00:00,2026-07-10T16:05:00+00:00,alimentacion,,17,-0.1875,0.84,0.6875,0.942,-0.942,-0.0417,0.1446,0.2,-0.2667,0.3622,0.1505,-0.0,0.0074,0.0156,-0.0133,0.0008,0.0074,0.0,0.0004,0.0005,-0.0007,0.0,0.0004,11,9,0.1875,0.375,0.002161,0.006101,0.0,0.001784,1.0855,485.357,60.67,24.268,28.55,1.0103,0.9898,303822.0,0.3622,0.0008,133.686,0.1505,1e-06,2.7719,0.8314,20.7233,0.5818,0.7556,2.164,0.001961,0.003518,0.8545,0.8362,0.6611,0.0827,1.3484,134.0,8.0,18.0,-0.1596,-1.5297,133.4,0.0641,2,1,1,5.5,0.933,0.25,145.0,138.0,0.942,0.8684,0.8794,0.9257,-0.942,-0.8684,-0.9605,-0.7829,0.0,0.5448,0.581,0.9677,90.0,390.0,150.0,300.0,270.0,300.0,300.0,390.0,3.0,20.0,-2.0,0.0,24.2679,0.0453,12.0568,0.1575,0.9677,1.259
537,497,2026-07-10T22:59:00+00:00,2026-07-10T23:10:00+00:00,alimentacion,,23,-0.1818,0.8321,0.5455,0.9728,-0.9728,-0.0909,0.2892,0.1667,-1.2667,2.0222,0.3032,0.0001,0.0146,0.04,-0.0389,0.0045,0.0146,0.0,0.0009,0.0026,-0.0013,0.0,0.0009,12,13,0.1818,0.3636,0.002607,0.011093,0.0,0.003133,1.7492,684.553,62.232,11.409,29.763,1.0329,0.9681,230447.0,2.0222,0.0045,100.097,0.3032,9e-06,2.174,0.7846,0.5341,0.297,0.8828,1.9668,0.001449,0.002561,0.9263,0.9141,0.7465,0.4987,1.2767,80.0,8.0,51.5,0.2842,-1.796,95.632,0.2621,0,0,1,0.0,0.0,0.0,134.0,72.0,0.9728,0.9538,0.9537,0.9675,-0.9728,-0.9538,-0.9801,-0.9046,0.0,0.7581,0.7802,0.9321,0.0,420.0,150.0,210.0,300.0,270.0,270.0,630.0,0.0,62.0,-6.0,1.6,11.4092,0.1838,0.1586,0.1513,0.9801,0.5841
538,498,2026-07-10T23:23:00+00:00,2026-07-10T23:28:00+00:00,ruido,,11,0.1,0.25,0.1,-0.8864,0.8864,0.0133,0.04,0.1333,0.0,0.0178,0.0422,-0.0005,0.0014,0.0,-0.0044,0.0,0.0015,0.0,0.0,0.0001,0.0,0.0,0.0001,1,1,0.1,0.0,0.000498,0.002207,0.0,0.000856,0.132,300.265,60.053,75.066,27.297,1.0008,0.9992,66316.0,0.0178,0.0,77.645,0.0422,0.0,0.4395,-0.0,0.2877,1.0,1.0,1.887,0.012121,0.009091,0.4,-0.01,-0.0375,-0.0833,2.3219,78.0,0.0,0.0,-2.846,6.1,78.0,0.0148,0,0,1,0.0,0.0,0.0,78.0,74.0,-0.8864,-0.958,-0.9581,-0.8696,0.8864,0.958,0.8472,0.9878,0.0,-0.8575,-0.9038,-0.7483,30.0,0.0,0.0,0.0,30.0,30.0,30.0,30.0,0.0,0.0,8.0,-0.0,75.0662,0.0036,0.2877,0.025,0.9878,1.887
539,499,2026-07-11T00:28:00+00:00,2026-07-11T00:41:00+00:00,ruido,,27,0.0769,0.0401,0.2308,0.5079,-0.5079,-0.0013,0.141,0.3667,-0.6,0.5167,0.141,-0.0,0.0085,0.0244,-0.0322,0.0018,0.0085,0.0,0.0005,0.0019,-0.0015,0.0,0.0005,6,8,0.1154,0.0385,0.000805,0.006805,0.0,0.001575,0.6518,787.271,60.559,787.271,29.158,1.0093,0.9908,161857.0,0.5167,0.0018,77.425,0.141,3e-06,1.3713,0.1865,0.2231,0.7515,0.7401,1.585,0.001235,0.008336,0.4605,-0.0168,0.1183,0.0435,3.4992,76.0,0.0,2.0,2.7457,10.4195,77.043,0.0377,0,0,2,0.0,0.0,0.0,90.0,72.0,0.5079,0.5543,0.5348,0.4901,-0.5079,-0.5543,-0.5001,-0.5751,0.0,0.602,0.5875,0.3882,150.0,180.0,0.0,0.0,630.0,630.0,630.0,630.0,11.0,7.0,-0.0,-0.0,787.271,0.0397,0.1677,0.0031,0.602,1.1911
540,500,2026-07-11T03:02:00+00:00,2026-07-11T03:08:00+00:00,servido,,13,0.1667,0.3816,0.5833,-0.8993,0.8993,0.0889,0.3189,1.0333,-0.3333,1.3156,0.3311,0.0,0.0147,0.0344,-0.0256,0.0024,0.0147,-0.0,0.0009,0.0011,-0.002,0.0,0.0009,7,6,0.4167,0.25,0.003562,0.010309,0.0,0.003266,1.364,376.79,62.798,11.775,28.984,1.0425,0.9592,145467.0,1.3156,0.0024,105.782,0.3311,9e-06,2.1997,0.7928,21.8219,0.4654,0.8502,2.2772,0.002564,0.004403,0.9408,0.7336,-0.1672,-0.3994,1.5768,110.0,7.0,10.0,-1.039,-0.5809,105.727,0.1446,1,0,0,13.0,1.656,0.167,120.0,78.0,-0.8993,-0.9562,-0.9412,-0.892,0.8993,0.9562,0.873,0.9653,0.0,-0.8983,-0.9077,-0.7467,150.0,0.0,0.0,270.0,270.0,270.0,270.0,330.0,10.0,0.0,-0.0,-0.0,11.7747,0.2193,10.1559,0.0636,0.9653,1.0598
541,501,2026-07-11T03:44:00+00:00,2026-07-11T03:49:00+00:00,alimentacion,,11,-0.1,0.0455,0.6,-0.274,0.274,-0.0133,0.0792,0.1333,-0.1667,0.0644,0.0803,-0.0002,0.004,0.0044,-0.0078,0.0001,0.004,0.0,0.0003,0.0004,-0.0004,0.0,0.0003,6,7,0.2,0.3,0.000981,0.001944,0.000272,0.000559,0.2823,300.962,60.192,75.241,27.36,1.0031,0.9969,136270.0,0.0644,0.0001,111.302,0.0803,0.0,2.3685,0.7273,1.0986,1.0,0.7097,2.2015,0.00303,0.005371,0.8476,0.4339,-0.38,-0.2704,1.5502,112.0,1.0,2.5,-0.3693,-0.0206,111.333,0.023,1,0,0,6.0,0.875,0.2,116.0,106.0,-0.274,-0.4271,-0.3871,-0.2372,0.274,0.4271,0.278,0.4852,0.0,-0.7432,-0.7468,-0.098,180.0,300.0,0.0,270.0,270.0,300.0,300.0,300.0,6.0,4.0,-0.0,-4.0,75.2405,0.0129,1.0986,0.0046,0.7468,2.2015
542,502,2026-07-11T11:08:00+00:00,2026-07-11T11:15:00+00:00,ruido,,15,-0.0714,0.2727,0.2143,0.4298,-0.4298,-0.0024,0.0479,0.1333,-0.1,0.0322,0.048,-0.0,0.0024,0.0044,-0.0067,0.0001,0.0024,0.0,0.0001,0.0002,-0.0004,0.0,0.0001,3,4,0.0714,0.1429,0.000517,0.002496,0.0,0.000742,0.2325,420.482,60.069,420.482,28.032,1.0011,0.9989,129021.0,0.0322,0.0001,92.744,0.048,0.0,1.3753,0.443,0.3228,0.8568,0.7696,1.5628,0.002222,0.005207,0.7569,0.5232,0.0225,-0.1394,2.2337,92.0,0.0,1.0,2.126,3.4632,92.462,0.015,1,0,1,4.0,0.75,0.143,97.0,92.0,0.4298,0.3495,0.3478,0.4183,-0.4298,-0.3495,-0.4795,-0.2649,0.0,0.2282,0.1814,0.4867,90.0,150.0,0.0,0.0,150.0,150.0,150.0,150.0,4.0,1.0,-0.0,-0.0,420.482,0.0046,0.2766,0.0195,0.4867,1.339
543,503,2026-07-11T12:26:00+00:00,2026-07-11T12:39:00+00:00,ruido,,27,0.0,0.204,0.3077,0.1373,-0.1373,-0.0013,0.1119,0.2,-0.4,0.3256,0.1119,-0.0,0.0061,0.0111,-0.02,0.0009,0.0061,0.0,0.0004,0.001,-0.0007,0.0,0.0004,8,8,0.1538,0.1538,0.000936,0.006568,0.0,0.001609,0.7582,784.776,60.367,784.776,29.066,1.0061,0.9939,220573.0,0.3256,0.0009,90.385,0.1119,1e-06,1.6046,0.5731,0.1651,0.8836,0.7209,1.7611,0.001235,0.005469,0.7019,0.426,0.2055,-0.0027,3.2417,89.0,0.0,1.0,2.5134,5.9669,89.783,0.0337,1,2,1,12.0,0.75,0.077,102.0,88.0,0.1373,0.0524,0.0444,0.1224,-0.1373,-0.0524,-0.1888,-0.0137,0.0,-0.0164,-0.0665,0.2217,180.0,240.0,0.0,0.0,330.0,330.0,330.0,330.0,12.0,2.0,2.0,-0.0,784.776,0.025,0.1459,0.0,0.2217,1.5561
544,504,2026-07-11T15:24:00+00:00,2026-07-11T15:35:00+00:00,ruido,,23,-0.0455,0.2195,0.2273,-0.0936,0.0936,0.0,0.0739,0.2333,-0.1667,0.12,0.0739,-0.0,0.0042,0.0078,-0.0111,0.0004,0.0042,-0.0,0.0003,0.0005,-0.0006,0.0,0.0003,5,6,0.0909,0.1364,0.000613,0.003889,0.0,0.001102,0.3648,661.784,60.162,661784401.881,28.773,1.0027,0.9973,197891.0,0.12,0.0004,92.758,0.0739,1e-06,1.0144,0.5202,0.2766,1.0364,0.7325,1.5734,0.001449,0.006108,0.615,0.3184,0.3808,-0.1047,2.9597,92.0,0.0,0.0,2.415,4.4207,92.263,0.0199,1,1,1,7.0,0.833,0.091,99.0,93.0,-0.0936,-0.1774,-0.1978,-0.0927,0.0936,0.1774,0.0432,0.2232,0.0,-0.1932,-0.2542,0.0,60.0,0.0,660.0,660.0,660.0,0.0,0.0,180.0,7.0,0.0,3.8,-0.0,661.784,0.0109,0.2867,0.01,0.2542,1.6307
545,505,2026-07-11T19:21:00+00:00,2026-07-11T19:32:00+00:00,ruido,,23,0.0,0.1831,0.1364,0.6946,-0.6946,-0.0061,0.1619,0.4667,-0.6,0.5778,0.1621,0.0,0.0095,0.02,-0.0356,0.0019,0.0095,-0.0,0.0006,0.0019,-0.0017,0.0,0.0006,3,3,0.0455,0.0455,0.001027,0.00883,0.0,0.002478,0.5916,668.092,60.736,167.023,29.047,1.0122,0.9879,174936.0,0.5778,0.0019,87.212,0.1621,3e-06,0.6784,0.2124,0.1178,1.2114,0.7914,1.5734,0.001449,0.007236,0.6126,0.198,-0.0135,-0.025,3.3322,86.0,0.0,0.0,3.9155,14.498,86.211,0.0432,0,0,1,0.0,0.0,0.0,104.0,86.0,0.6946,0.7214,0.7038,0.716,-0.6946,-0.7214,-0.6776,-0.7296,0.0,0.6548,0.667,0.6001,60.0,90.0,0.0,0.0,90.0,90.0,90.0,90.0,14.0,4.0,0.4,0.0,167.023,0.0525,0.1427,0.0,0.7296,1.906
546,506,2026-07-11T22:36:00+00:00,2026-07-11T22:50:00+00:00,ruido,,29,-0.0357,0.3874,0.2857,0.4511,-0.4511,-0.0024,0.0868,0.2667,-0.2333,0.2111,0.0868,0.0,0.0049,0.0122,-0.0144,0.0006,0.0049,-0.0,0.0003,0.0007,-0.0009,0.0,0.0003,8,7,0.0714,0.1071,0.000702,0.004444,0.0,0.001227,0.5443,843.128,60.223,421.564,29.073,1.0037,0.9963,183630.0,0.2111,0.0006,79.574,0.0868,1e-06,1.4704,0.4211,0.1112,0.8431,0.7181,1.5076,0.001149,0.003914,0.8625,0.657,0.388,0.2352,2.6213,78.0,0.0,1.0,1.8818,2.0966,78.96,0.0379,1,1,1,8.0,1.25,0.071,88.0,79.0,0.4511,0.3969,0.3703,0.459,-0.4511,-0.3969,-0.4835,-0.3649,0.0,0.3283,0.2858,0.4653,60.0,240.0,0.0,180.0,180.0,240.0,240.0,240.0,8.0,2.0,3.2,-0.0,421.564,0.0151,0.0938,0.0138,0.4835,1.2711
547,507,2026-07-12T02:51:00+00:00,2026-07-12T03:01:00+00:00,ruido,,21,0.0,0.1448,0.2,0.6836,-0.6836,-0.0033,0.0379,0.0667,-0.1,0.0289,0.038,0.0002,0.0015,0.0056,-0.0022,0.0,0.0016,0.0,0.0001,0.0002,-0.0003,0.0,0.0001,4,6,0.1,0.1,0.000263,0.002221,0.0,0.00055,0.166,600.432,60.043,300.216,28.592,1.0007,0.9993,126393.0,0.0289,0.0,77.58,0.038,0.0,1.3753,0.2285,0.1798,0.7642,0.8563,1.8824,0.001587,0.005112,0.7791,0.4721,0.1152,-0.2601,2.7293,78.0,0.0,0.0,-1.2198,2.3503,77.706,0.0152,0,1,1,0.0,0.0,0.0,80.0,74.0,0.6836,0.779,0.7918,0.6698,-0.6836,-0.779,-0.6267,-0.8054,0.0,0.7277,0.7929,0.5141,0.0,60.0,0.0,0.0,180.0,180.0,180.0,180.0,0.0,6.0,-3.0,0.0,300.216,0.0029,0.1374,0.0,0.8054,1.4385
548,508,2026-07-12T11:23:00+00:00,2026-07-12T11:36:00+00:00,ruido,,27,-0.0769,0.5529,0.1923,0.9028,-0.9028,-0.009,0.0567,0.1333,-0.1667,0.0856,0.0574,-0.0002,0.0025,0.0067,-0.0067,0.0002,0.0025,0.0,0.0001,0.0003,-0.0004,0.0,0.0001,5,6,0.0769,0.1538,0.00055,0.003035,0.0,0.000904,0.4132,781.278,60.098,111.611,28.936,1.0016,0.9984,122570.0,0.0856,0.0002,67.377,0.0574,1e-06,1.3033,0.5166,0.1243,0.4465,0.75,1.4089,0.001235,0.00241,0.963,0.9113,0.5725,0.1612,1.8058,65.0,0.0,2.5,1.3408,0.0724,66.696,0.0591,2,1,1,4.0,0.875,0.154,76.0,73.0,0.9028,0.9188,0.9006,0.8929,-0.9028,-0.9188,-0.8927,-0.9197,0.0,0.8211,0.8258,0.7883,30.0,210.0,180.0,180.0,210.0,210.0,210.0,210.0,4.0,7.0,1.0,-0.0,111.6111,0.0066,0.0555,0.0425,0.9197,0.6291
549,509,2026-07-12T13:31:00+00:00,2026-07-12T13:45:00+00:00,alimentacion,,29,0.0357,0.4358,0.3214,0.7661,-0.7661,-0.0071,0.0892,0.2333,-0.3,0.2244,0.0895,0.0,0.0045,0.01,-0.0111,0.0005,0.0045,-0.0,0.0003,0.0007,-0.0006,0.0,0.0003,9,11,0.1071,0.0714,0.000749,0.003889,0.0,0.001101,0.5929,843.308,60.236,140.551,29.08,1.0039,0.9961,110595.0,0.2244,0.0005,61.755,0.0895,2e-06,1.8039,0.2914,0.1582,0.2975,0.7479,1.8427,0.001149,0.002511,0.9539,0.8783,0.5082,0.0829,1.8727,59.0,0.0,6.0,1.3862,0.4677,61.0,0.0812,1,1,1,9.0,1.96,0.071,74.0,57.0,0.7661,0.7551,0.7331,0.7494,-0.7661,-0.7551,-0.7727,-0.742,0.0,0.6717,0.6541,0.7025,150.0,240.0,0.0,0.0,330.0,330.0,330.0,330.0,9.0,8.0,4.2,-0.0,140.5513,0.016,0.0471,0.0156,0.7727,0.5482
550,510,2026-07-12T14:25:00+00:00,2026-07-12T14:32:00+00:00,servido,,15,0.0714,0.4289,0.5,-0.9129,0.9129,0.05,0.1781,0.4667,-0.2333,0.4789,0.1849,-0.0003,0.0073,0.0156,-0.0144,0.0007,0.0074,-0.0,0.0004,0.0007,-0.0007,0.0,0.0004,7,7,0.2857,0.2143,0.002588,0.006386,0.0,0.002323,1.0914,426.958,60.994,20.331,28.464,1.0153,0.9849,94816.0,0.4789,0.0007,79.505,0.1849,5e-06,2.2892,0.5983,0.8473,0.5212,0.8466,2.3441,0.002222,0.004036,0.949,0.771,-0.0628,-0.2802,1.7078,84.0,2.0,6.0,-1.1081,-0.2465,79.385,0.1206,1,1,1,10.0,0.774,0.143,91.0,81.0,-0.9129,-0.9653,-0.9527,-0.8992,0.9129,0.9653,0.8844,0.9798,0.0,-0.8844,-0.9049,-0.7488,150.0,0.0,0.0,90.0,90.0,330.0,330.0,420.0,9.0,0.0,0.0,1.0,20.3313,0.0684,0.4416,0.0306,0.9798,1.2217
551,511,2026-07-12T21:36:00+00:00,2026-07-12T21:48:00+00:00,ruido,,25,0.0,0.0964,0.2917,-0.2189,0.2189,0.0028,0.1027,0.4,-0.2667,0.2533,0.1027,0.0,0.0054,0.0133,-0.0178,0.0007,0.0054,-0.0,0.0003,0.0007,-0.001,0.0,0.0003,7,8,0.0833,0.0833,0.001008,0.006667,0.0,0.001717,0.6558,723.691,60.308,361.846,28.948,1.0051,0.9949,166048.0,0.2533,0.0007,81.498,0.1027,2e-06,1.2415,0.3588,0.2849,0.7622,0.8063,1.486,0.001333,0.005018,0.8534,0.5336,-0.1354,-0.0549,2.9605,80.0,0.0,2.0,2.3272,4.2693,80.762,0.0377,1,1,2,12.0,1.375,0.083,92.0,80.0,-0.2189,-0.2562,-0.2884,-0.1978,0.2189,0.2562,0.1775,0.2569,0.0,-0.1594,-0.221,-0.1767,60.0,0.0,0.0,0.0,630.0,630.0,630.0,630.0,10.0,0.0,4.8,0.8,361.8455,0.0211,0.2172,0.0,0.2884,1.1326
552,512,2026-07-12T23:45:00+00:00,2026-07-12T23:58:00+00:00,ruido,,27,0.0,0.2597,0.1923,0.5255,-0.5255,-0.0013,0.0663,0.2,-0.2,0.1144,0.0663,-0.0,0.0026,0.0067,-0.0067,0.0002,0.0026,-0.0,0.0001,0.0003,-0.0003,0.0,0.0001,5,9,0.1154,0.1154,0.000693,0.004167,0.0,0.001088,0.5616,781.704,60.131,781.704,28.952,1.0022,0.9978,159906.0,0.1144,0.0002,76.957,0.0663,1e-06,1.755,0.3382,0.1418,0.4202,0.7784,1.4089,0.001235,0.00273,0.9715,0.8483,0.2581,-0.0051,2.16,75.0,0.0,2.5,1.8521,2.3553,76.304,0.0422,1,1,2,9.0,1.375,0.077,87.0,75.0,0.5255,0.5052,0.4806,0.5049,-0.5255,-0.5052,-0.5547,-0.498,0.0,0.4916,0.4516,0.4818,120.0,210.0,0.0,0.0,720.0,720.0,720.0,720.0,9.0,3.0,4.8,1.2,781.704,0.0088,0.0596,0.0,0.5547,0.592
553,513,2026-07-13T03:15:00+00:00,2026-07-13T03:26:00+00:00,ruido,,23,-0.0909,0.3248,0.0909,0.9054,-0.9054,-0.0121,0.0383,0.0,-0.1333,0.0356,0.0402,0.0,0.0014,0.0044,-0.0044,0.0,0.0014,0.0,0.0001,0.0001,-0.0001,0.0,0.0001,2,3,0.0,0.0909,0.000337,0.002222,0.0,0.000761,0.1991,660.531,60.048,82.566,28.719,1.0007,0.9993,125631.0,0.0356,0.0,73.907,0.0402,0.0,0.6784,0.3165,0.1178,0.4669,1.0,1.5734,0.001449,0.004322,0.9008,0.7003,-0.0206,-0.0382,2.6831,73.0,0.0,0.0,2.4999,4.5723,73.211,0.0318,0,0,1,0.0,0.0,0.0,81.0,73.0,0.9054,0.9712,0.9672,0.9035,-0.9054,-0.9712,-0.8657,-0.9895,0.0,0.8859,0.9276,0.7573,0.0,90.0,0.0,60.0,60.0,90.0,90.0,90.0,0.0,8.0,-5.6,0.0,82.5664,0.0032,0.055,0.0295,0.9895,0.7346
554,514,2026-07-13T10:57:00+00:00,2026-07-13T11:08:00+00:00,ruido,,23,0.0,0.431,0.2727,0.9132,-0.9132,-0.0061,0.0519,0.1,-0.1667,0.06,0.0522,-0.0001,0.0027,0.0056,-0.0078,0.0002,0.0027,0.0,0.0001,0.0004,-0.0002,0.0,0.0001,6,6,0.0909,0.0909,0.000709,0.003863,0.0,0.001059,0.4315,660.896,60.081,165.224,28.735,1.0013,0.9987,88232.0,0.06,0.0002,61.937,0.0522,1e-06,1.3275,0.3454,0.1651,1.0215,0.7145,1.5734,0.001449,0.005081,0.8413,0.5494,0.108,0.5374,2.5831,61.0,0.0,1.0,1.7833,1.7654,61.579,0.0277,1,1,1,3.0,0.938,0.091,65.0,62.0,0.9132,0.9476,0.9421,0.9078,-0.9132,-0.9476,-0.8928,-0.9348,0.0,0.8404,0.8638,0.8046,30.0,210.0,0.0,60.0,60.0,210.0,210.0,210.0,2.0,4.0,-2.8,0.0,165.224,0.0055,0.1686,0.0,0.9476,1.6072
555,515,2026-07-13T13:46:00+00:00,2026-07-13T13:50:00+00:00,alimentacion,,9,-0.125,0.7501,0.75,0.9513,-0.9513,-0.05,0.1247,0.1,-0.2667,0.1444,0.1344,-0.0006,0.0076,0.0089,-0.0111,0.0004,0.0076,0.0,0.0005,0.0007,-0.0005,0.0,0.0005,6,6,0.25,0.375,0.002203,0.005519,0.000544,0.001512,0.4955,242.137,60.534,20.178,26.904,1.0076,0.9924,30801.0,0.1444,0.0004,58.501,0.1344,5e-06,2.4194,0.6022,20.7233,1.0,0.7838,2.1133,0.007407,0.007132,0.8404,0.4787,-0.1648,-0.1861,1.596,58.0,4.0,7.0,0.3015,-1.0096,58.143,0.0758,0,1,0,0.0,0.0,0.0,66.0,58.0,0.9513,0.9271,0.9312,0.9718,-0.9513,-0.9271,-0.9373,-0.8956,0.0,0.6362,0.6722,0.8879,30.0,240.0,150.0,60.0,180.0,180.0,180.0,240.0,2.0,12.0,4.0,-4.0,20.1781,0.0361,20.7233,0.0938,0.9718,2.1133
556,516,2026-07-13T14:57:00+00:00,2026-07-13T15:08:00+00:00,ruido,,23,0.0455,0.132,0.2273,0.7777,-0.7777,-0.0045,0.119,0.3,-0.4667,0.3122,0.1191,0.0,0.0069,0.0156,-0.0256,0.001,0.0069,-0.0,0.0004,0.0014,-0.0012,0.0,0.0004,5,6,0.0909,0.0455,0.000872,0.006323,0.0,0.00171,0.5267,664.493,60.408,221.498,28.891,1.0068,0.9932,63141.0,0.3122,0.001,52.395,0.1191,5e-06,1.2087,0.2124,0.1335,0.941,0.7542,1.5734,0.001449,0.006089,0.6947,0.3406,-0.0268,-0.0497,3.0932,51.0,0.0,1.0,3.1259,9.6763,51.579,0.059,0,1,2,0.0,0.0,0.0,65.0,51.0,0.7777,0.8423,0.8235,0.7887,-0.7777,-0.8423,-0.751,-0.8654,0.0,0.8213,0.8432,0.6347,60.0,90.0,0.0,0.0,600.0,600.0,600.0,600.0,9.0,5.0,-1.2,1.2,221.4977,0.0284,0.1256,0.006,0.8654,1.4806
557,517,2026-07-13T15:29:00+00:00,2026-07-13T15:35:00+00:00,servido,,13,0.0,0.4719,0.75,-0.9176,0.9176,0.0583,0.2702,0.8333,-0.3,0.9167,0.2764,0.0,0.0153,0.0278,-0.0333,0.0026,0.0153,0.0,0.001,0.0016,-0.002,0.0,0.001,9,9,0.25,0.25,0.00297,0.006944,0.0,0.002064,1.0833,372.336,62.056,17.73,28.641,1.0325,0.9685,68268.0,0.9167,0.0026,72.466,0.2764,1.3e-05,2.1997,0.7893,21.4164,0.699,0.8089,2.2772,0.002564,0.004858,0.8765,0.6429,-0.0588,-0.2733,1.5952,77.0,3.0,5.0,-1.0619,-0.5532,72.364,0.1474,1,0,0,9.0,0.625,0.167,83.0,53.0,-0.9176,-0.964,-0.9514,-0.9055,0.9176,0.964,0.8978,0.9661,0.0,-0.8777,-0.8963,-0.7814,300.0,0.0,0.0,120.0,120.0,120.0,120.0,330.0,9.0,0.0,-0.0,-0.0,17.7303,0.1528,14.9701,0.0,0.9661,1.5918
558,518,2026-07-13T19:06:00+00:00,2026-07-13T19:13:00+00:00,ruido,,15,-0.0714,0.6696,0.1429,0.943,-0.943,-0.0095,0.0343,0.0,-0.1333,0.0178,0.0356,0.0,0.0017,0.0044,-0.0044,0.0,0.0017,0.0,0.0001,0.0003,-0.0001,0.0,0.0001,2,3,0.0,0.0714,0.000295,0.001111,0.0,0.00049,0.1329,420.265,60.038,105.066,28.018,1.0006,0.9994,72160.0,0.0178,0.0,69.359,0.0356,0.0,0.9183,0.2991,0.3483,0.0034,1.0,1.5628,0.002222,0.003747,0.8753,0.8214,0.375,-0.25,1.3794,68.0,0.0,4.0,0.7071,-1.5,69.231,0.0272,0,0,1,0.0,0.0,0.0,72.0,68.0,0.943,0.948,0.9397,0.9316,-0.943,-0.948,-0.9416,-0.9177,0.0,0.8114,0.8148,0.8429,0.0,150.0,0.0,0.0,150.0,150.0,150.0,150.0,0.0,4.0,0.0,0.0,105.0662,0.0025,0.0012,0.0478,0.948,0.0053
559,519,2026-07-13T21:20:00+00:00,2026-07-13T21:32:00+00:00,ruido,,25,0.0,0.5328,0.2917,0.8262,-0.8262,-0.0069,0.0601,0.1,-0.2,0.0878,0.0605,-0.0001,0.0028,0.0067,-0.0067,0.0002,0.0028,0.0,0.0002,0.0004,-0.0004,0.0,0.0002,7,6,0.0833,0.0833,0.00043,0.002491,0.0,0.000775,0.2975,721.307,60.109,144.261,28.852,1.0018,0.9982,106348.0,0.0878,0.0002,65.222,0.0605,1e-06,1.2913,0.3251,0.1335,0.4035,0.7555,1.486,0.001333,0.002501,0.9571,0.8979,0.5352,0.0801,1.6937,63.0,0.0,5.0,1.407,0.4787,64.476,0.056,1,0,1,6.0,1.25,0.083,74.0,63.0,0.8262,0.8146,0.7935,0.827,-0.8262,-0.8146,-0.8332,-0.7988,0.0,0.7138,0.6996,0.7566,90.0,210.0,0.0,0.0,210.0,210.0,210.0,210.0,6.0,5.0,3.0,-0.0,144.2614,0.0073,0.0539,0.0,0.8332,0.5996
560,520,2026-07-14T00:54:00+00:00,2026-07-14T01:06:00+00:00,alimentacion,,25,0.0,0.3816,0.2917,0.79,-0.79,-0.0042,0.0703,0.2333,-0.2,0.1189,0.0704,-0.0,0.0036,0.0078,-0.0144,0.0003,0.0036,0.0,0.0002,0.0006,-0.0007,0.0,0.0002,7,9,0.125,0.125,0.000641,0.00472,0.0,0.001123,0.4807,721.765,60.147,240.588,28.871,1.0024,0.9976,123321.0,0.1189,0.0003,70.234,0.0704,1e-06,1.7035,0.4539,0.3747,0.8278,0.7455,1.486,0.001333,0.004828,0.8066,0.5569,0.175,0.1604,2.95,69.0,0.0,2.0,2.6428,7.6325,69.762,0.0312,2,1,1,4.5,1.146,0.167,79.0,69.0,0.79,0.7802,0.7685,0.7991,-0.79,-0.7802,-0.7934,-0.762,0.0,0.6556,0.6605,0.7331,90.0,150.0,240.0,210.0,210.0,150.0,150.0,330.0,7.0,3.0,1.8,-0.0,240.5883,0.0099,0.3102,0.0,0.7991,1.2301
561,521,2026-07-14T08:42:00+00:00,2026-07-14T08:56:00+00:00,ruido,,29,0.0357,0.1489,0.2857,0.416,-0.416,-0.0012,0.067,0.1333,-0.2,0.1256,0.067,-0.0002,0.0034,0.0111,-0.0067,0.0003,0.0034,0.0,0.0002,0.0006,-0.0005,0.0,0.0002,8,11,0.1071,0.0714,0.000761,0.002778,0.0,0.000972,0.6299,841.869,60.133,841.869,29.03,1.0022,0.9978,116753.0,0.1256,0.0003,63.45,0.067,1e-06,1.8581,0.2914,0.1787,0.6057,0.6581,2.0102,0.002299,0.004487,0.88,0.6004,0.0667,0.0303,2.8878,63.0,0.0,0.0,0.612,0.1956,63.32,0.034,2,1,1,4.0,1.417,0.143,68.0,60.0,0.416,0.4339,0.4015,0.4241,-0.416,-0.4339,-0.4068,-0.457,0.0,0.446,0.4267,0.3325,30.0,240.0,0.0,0.0,360.0,360.0,360.0,360.0,4.0,4.0,-0.8,-0.0,841.869,0.009,0.1082,0.0053,0.457,1.2176
562,522,2026-07-14T11:10:00+00:00,2026-07-14T11:14:00+00:00,alimentacion,,9,-0.25,0.5992,0.75,0.9069,-0.9069,-0.05,0.1374,0.2,-0.2333,0.1711,0.1462,-0.0008,0.0081,0.0144,-0.0078,0.0005,0.0082,0.0,0.0005,0.0007,-0.0007,0.0,0.0005,6,4,0.25,0.5,0.002076,0.003889,0.000272,0.001164,0.4783,242.541,60.635,20.212,26.949,1.0093,0.9908,30999.0,0.1711,0.0005,58.688,0.1462,6e-06,1.7527,0.865,0.0,1.0,0.7217,2.1133,0.011111,0.008597,0.4114,0.199,0.4893,-0.5347,1.433,58.0,4.0,6.0,-0.4052,-0.9637,59.0,0.0674,2,0,0,4.0,0.75,0.5,62.0,51.0,0.9069,0.8635,0.8785,0.8852,-0.9069,-0.8635,-0.891,-0.8331,0.0,0.4988,0.5583,0.8923,0.0,240.0,90.0,60.0,60.0,150.0,150.0,240.0,0.0,12.0,-0.0,-10.0,20.2117,0.0428,0.0,0.1498,0.9069,2.1133
563,523,2026-07-14T13:04:00+00:00,2026-07-14T13:16:00+00:00,alimentacion,,25,0.0,0.1986,0.25,0.7939,-0.7939,-0.0056,0.0657,0.1667,-0.2333,0.1044,0.066,0.0,0.0027,0.0078,-0.0056,0.0002,0.0027,-0.0,0.0001,0.0004,-0.0004,0.0,0.0001,6,6,0.0833,0.0833,0.00076,0.004415,0.0,0.00119,0.5281,721.552,60.129,180.388,28.862,1.0021,0.9979,63663.0,0.1044,0.0002,50.463,0.066,2e-06,1.8205,0.2961,0.2578,0.383,0.7455,2.0433,0.001333,0.003017,0.9628,0.8264,0.1946,-0.1479,2.1858,50.0,2.0,2.0,1.6019,1.5576,49.762,0.064,1,1,2,5.0,1.062,0.083,59.0,48.0,0.7939,0.8525,0.8285,0.7974,-0.7939,-0.8525,-0.767,-0.8796,0.0,0.8505,0.8467,0.6381,60.0,150.0,0.0,0.0,480.0,480.0,480.0,480.0,5.0,6.0,1.4,-0.0,180.388,0.0087,0.0987,0.0,0.8796,0.7826
564,524,2026-07-14T13:24:00+00:00,2026-07-14T13:26:00+00:00,ruido,,5,0.25,0.75,0.5,-0.9487,0.9487,0.2583,0.4474,1.0333,0.0,1.0678,0.5167,0.0,0.0281,0.0344,-0.0344,0.0024,0.0281,-0.0006,0.0017,0.0011,-0.0023,0.0,0.0018,2,2,0.25,0.0,0.007582,0.017222,0.0,0.00559,0.879,133.139,66.57,4.295,26.628,1.0742,0.9309,24683.0,1.0678,0.0024,70.261,0.5167,4.3e-05,0.971,-0.0,0.0,1.0,1.0,2.3219,0.006667,0.007515,0.8727,0.4583,-1.0,0.0,0.55,81.0,0.0,31.0,-0.4082,-1.8333,70.667,0.2214,0,0,1,0.0,0.0,0.0,81.0,50.0,-0.9487,-0.9414,-0.9396,-0.9487,0.9487,0.9414,0.9606,0.866,0.0,-0.7071,-0.6931,-0.9258,60.0,0.0,0.0,0.0,60.0,60.0,60.0,60.0,0.0,0.0,-0.0,-0.0,4.2948,0.5339,0.0,0.1875,0.9606,2.3219
565,525,2026-07-14T18:35:00+00:00,2026-07-14T18:46:00+00:00,ruido,,23,0.0,0.0438,0.1818,0.7252,-0.7252,-0.0045,0.0475,0.1,-0.2,0.05,0.0477,0.0,0.0023,0.0067,-0.0067,0.0001,0.0023,0.0,0.0001,0.0004,-0.0002,0.0,0.0001,4,5,0.0455,0.0455,0.000505,0.003333,0.0,0.000839,0.2983,660.744,60.068,220.248,28.728,1.0011,0.9989,131096.0,0.05,0.0001,75.497,0.0477,0.0,1.2143,0.2124,0.2007,0.3546,0.8855,1.9668,0.002899,0.004435,0.8296,0.5869,0.0063,-0.2927,2.6574,76.0,0.0,1.5,-0.0165,-0.1522,75.368,0.0224,0,1,2,0.0,0.0,0.0,79.0,73.0,0.7252,0.8275,0.8297,0.7218,-0.7252,-0.8275,-0.6634,-0.8804,0.0,0.7886,0.8519,0.5457,0.0,60.0,0.0,0.0,240.0,240.0,240.0,240.0,0.0,6.0,-4.8,0.0,220.248,0.0045,0.0712,0.0,0.8804,0.6974
566,526,2026-07-14T19:33:00+00:00,2026-07-14T19:47:00+00:00,ruido,,29,0.0714,0.4827,0.2143,-0.7413,0.7413,0.0036,0.058,0.1333,-0.2333,0.0944,0.0581,-0.0002,0.0031,0.0078,-0.0122,0.0003,0.0031,0.0,0.0002,0.0007,-0.0003,0.0,0.0002,6,8,0.1071,0.0357,0.000673,0.005952,0.0,0.001314,0.4961,841.403,60.1,280.468,29.014,1.0017,0.9983,160754.0,0.0944,0.0003,74.453,0.0581,1e-06,1.6512,0.176,0.1857,0.4728,0.6994,2.0102,0.001149,0.003136,0.8726,0.7615,0.6082,0.3015,1.9948,76.0,0.0,2.0,-1.0632,-0.5299,74.6,0.0324,0,1,2,0.0,0.0,0.0,77.0,70.0,-0.7413,-0.6841,-0.6759,-0.7301,0.7413,0.6841,0.7754,0.6254,0.0,-0.544,-0.5162,-0.7532,30.0,60.0,240.0,240.0,360.0,360.0,360.0,360.0,1.0,3.0,-2.6,-0.0,280.4677,0.0067,0.0878,0.0345,0.7754,0.9504
567,527,2026-06-15T04:56:00+00:00,2026-06-15T05:07:00+00:00,servido,,23,0.0,0.2336,0.0909,-0.8907,0.8907,0.0394,0.228,1.0667,-0.2,1.1778,0.2314,0.0003,0.012,0.0422,-0.0356,0.003,0.012,-0.0001,0.0006,0.0012,-0.0026,0.0,0.0006,2,2,0.0455,0.0455,0.001878,0.019905,0.0,0.004699,0.9973,674.458,61.314,25.941,29.324,1.0211,0.9793,292535.0,1.1778,0.003,112.778,0.2314,4e-06,0.5132,0.1068,0.1112,0.7991,0.892,1.7701,0.001449,0.005478,0.7703,0.5012,-0.0141,-0.0261,3.0313,115.0,0.0,0.0,-2.9929,7.0971,115.0,0.0731,0,0,1,0.0,0.0,0.0,115.0,83.0,-0.8907,-0.9581,-0.9551,-0.8861,0.8907,0.9581,0.8501,0.9769,0.0,-0.8745,-0.9177,-0.7427,60.0,30.0,0.0,0.0,60.0,60.0,60.0,60.0,0.0,6.0,22.0,0.0,25.9407,0.1071,0.0889,0.0,0.9769,1.4145
568,528,2026-06-15T09:23:00+00:00,2026-06-15T09:34:00+00:00,ruido,,23,0.0,0.0481,0.1364,0.8416,-0.8416,-0.0045,0.0475,0.1,-0.2,0.05,0.0477,0.0,0.0027,0.01,-0.0067,0.0002,0.0027,0.0,0.0002,0.0006,-0.0004,0.0,0.0002,3,3,0.0455,0.0455,0.000361,0.003333,0.0,0.000844,0.1993,660.744,60.068,220.248,28.728,1.0011,0.9989,432536.0,0.05,0.0002,137.135,0.0477,0.0,0.6784,0.2124,0.1178,1.0884,0.8855,1.5734,0.008696,0.008451,0.4557,-0.0007,-0.0022,-0.0041,3.3058,137.0,0.0,0.0,0.5778,4.5251,137.0,0.0078,0,0,1,0.0,0.0,0.0,140.0,134.0,0.8416,0.9131,0.9157,0.8299,-0.8416,-0.9131,-0.7988,-0.9326,0.0,0.8343,0.8816,0.6956,0.0,60.0,0.0,0.0,90.0,90.0,90.0,90.0,0.0,6.0,-3.0,-0.0,220.248,0.0045,0.1282,0.0,0.9326,1.7125
569,530,2026-06-15T11:31:00+00:00,2026-06-15T11:37:00+00:00,alimentacion,,13,-0.3333,0.7067,0.8333,0.938,-0.938,-0.0694,0.1337,0.1333,-0.3667,0.2722,0.1506,-0.0006,0.0067,0.0122,-0.0122,0.0005,0.0067,-0.0,0.0004,0.0008,-0.0007,0.0,0.0004,10,8,0.0833,0.4167,0.001762,0.004394,0.0,0.0015,0.5967,363.988,60.665,14.56,27.999,1.0086,0.9914,273329.0,0.2722,0.0005,145.001,0.1506,1e-06,2.3459,0.6084,21.4164,0.7432,0.9023,2.2772,0.005128,0.006894,0.7541,0.5309,-0.0202,0.0999,2.2584,147.0,3.0,6.0,-1.2049,0.621,145.636,0.0463,1,1,0,4.0,0.841,0.167,148.0,144.0,0.938,0.8853,0.9019,0.9226,-0.938,-0.8853,-0.9197,-0.8331,0.0,0.5524,0.5788,0.9273,0.0,360.0,120.0,180.0,300.0,330.0,330.0,360.0,0.0,25.0,-6.0,-18.0,14.5595,0.0454,15.9167,0.2355,0.938,1.6924
570,531,2026-06-15T14:51:00+00:00,2026-06-15T15:02:00+00:00,ruido,,23,-0.0455,0.3409,0.0909,0.9074,-0.9074,-0.0197,0.0903,0.0,-0.4333,0.1878,0.0924,0.0,0.0045,0.0144,-0.0144,0.0004,0.0045,0.0,0.0003,0.001,-0.0005,0.0,0.0003,2,3,0.0,0.0455,0.000607,0.003611,0.0,0.001324,0.4189,662.696,60.245,50.977,28.813,1.0039,0.9961,319043.0,0.1878,0.0004,117.777,0.0924,1e-06,0.5586,0.2124,0.1243,0.3274,1.0,1.5734,0.001449,0.004366,0.9053,0.6902,-0.0225,-0.0417,2.6179,116.0,0.0,0.0,2.1947,2.8167,116.684,0.0372,0,0,1,0.0,0.0,0.0,129.0,116.0,0.9074,0.9696,0.9633,0.9092,-0.9074,-0.9696,-0.8698,-0.987,0.0,0.884,0.9225,0.762,0.0,90.0,0.0,0.0,90.0,90.0,90.0,90.0,0.0,13.0,-7.8,-0.0,50.9766,0.0171,0.0407,0.0155,0.987,0.5151
571,532,2026-06-15T15:06:00+00:00,2026-06-15T15:10:00+00:00,ruido,,9,0.0,0.0632,0.375,-0.7602,0.7602,0.0083,0.0682,0.1667,-0.1,0.0378,0.0687,-0.0,0.0042,0.0056,-0.0089,0.0001,0.0042,-0.0,0.0003,0.0004,-0.0005,0.0,0.0003,3,3,0.125,0.125,0.00077,0.002778,0.0,0.000978,0.1663,240.563,60.141,120.282,26.729,1.0023,0.9977,125097.0,0.0378,0.0001,117.897,0.0687,0.0,1.2244,0.4444,0.6931,1.0,0.8238,2.1133,0.007407,0.009175,0.5189,-0.1266,-0.0033,-0.0082,1.8898,118.0,0.0,0.0,0.7193,0.7593,117.714,0.0116,0,0,1,0.0,0.0,0.0,121.0,116.0,-0.7602,-0.8407,-0.8299,-0.7582,0.7602,0.8407,0.716,0.9019,0.0,-0.7753,-0.8214,-0.5779,60.0,0.0,0.0,0.0,90.0,90.0,90.0,90.0,3.0,0.0,-0.0,-0.0,120.2815,0.0095,0.6931,0.0,0.9019,2.1133
